{"defaultparams-bench":{"method=\"withoutdefaults\" n=100000000":{"mean":668231138.8253276,"sqsum":977241801766869.2,"variance":33697993164374.805,"size":30},"method=\"withdefaults\" n=100000000":{"mean":674898278.5130335,"sqsum":774522799006536.1,"variance":26707682724363.316,"size":30}},"destructuring-bench":{"method=\"swap\" n=100000000":{"mean":378677122.5770914,"sqsum":42914082814421.61,"variance":1479795959117.9866,"size":30},"method=\"destructure\" n=100000000":{"mean":285820911.32852685,"sqsum":38010178676287.48,"variance":1310695816423.706,"size":30}},"destructuring-object-bench":{"method=\"normal\" n=100000000":{"mean":1663547621.9560118,"sqsum":9250089747491466,"variance":318968611982464.4,"size":30},"method=\"destructureObject\" n=100000000":{"mean":1661122714.3512502,"sqsum":8759096376579910,"variance":302037806088962.44,"size":30}},"foreach-bench":{"count=5 method=\"for\" n=5000000":{"mean":186270226.1023213,"sqsum":12418394904284.572,"variance":428220513940.8473,"size":30},"count=10 method=\"for\" n=5000000":{"mean":119927822.79179592,"sqsum":4196507289718.295,"variance":144707147921.32053,"size":30},"count=20 method=\"for\" n=5000000":{"mean":68926042.82461882,"sqsum":497512727199911.4,"variance":17155611282755.566,"size":30},"count=100 method=\"for\" n=5000000":{"mean":14303180.31445126,"sqsum":66915518054.443306,"variance":2307431657.049769,"size":30},"count=5 method=\"for-of\" n=5000000":{"mean":126293191.8686642,"sqsum":84781144507229.02,"variance":2923487741628.587,"size":30},"count=10 method=\"for-of\" n=5000000":{"mean":77539032.06697622,"sqsum":9342710970306.656,"variance":322162447251.9537,"size":30},"count=20 method=\"for-of\" n=5000000":{"mean":30538808.593588598,"sqsum":176045404305671.28,"variance":6070531182954.183,"size":30},"count=100 method=\"for-of\" n=5000000":{"mean":12638552.945668533,"sqsum":50188277219.489494,"variance":1730630248.9479136,"size":30},"count=5 method=\"for-in\" n=5000000":{"mean":3901204.8019470526,"sqsum":7403692565.762702,"variance":255299743.64698973,"size":30},"count=10 method=\"for-in\" n=5000000":{"mean":2404923.861783658,"sqsum":5469944451.426316,"variance":188618774.18711436,"size":30},"count=20 method=\"for-in\" n=5000000":{"mean":1477776.5345567989,"sqsum":1641023232.3463273,"variance":56587008.01194232,"size":30},"count=100 method=\"for-in\" n=5000000":{"mean":359091.66280120955,"sqsum":22419517.662775934,"variance":773086.8159577908,"size":30},"count=5 method=\"forEach\" n=5000000":{"mean":142266771.4778346,"sqsum":159326407940205.8,"variance":5494014066903.648,"size":30},"count=10 method=\"forEach\" n=5000000":{"mean":115663377.286637,"sqsum":179468711372835.03,"variance":6188576254235.69,"size":30},"count=20 method=\"forEach\" n=5000000":{"mean":80428982.536212,"sqsum":11851711637664.943,"variance":408679711643.6187,"size":30},"count=100 method=\"forEach\" n=5000000":{"mean":23078708.38200141,"sqsum":1124464650990.5876,"variance":38774643137.606476,"size":30}},"map-bench":{"method=\"object\" n=1000000":{"mean":495233.1841266153,"sqsum":1259001253.3212774,"variance":43413836.32142336,"size":30},"method=\"nullProtoObject\" n=1000000":{"mean":512622.38067608787,"sqsum":1021249624.3215187,"variance":35215504.28694892,"size":30},"method=\"nullProtoLiteralObject\" n=1000000":{"mean":512988.2963206825,"sqsum":767314615.5206729,"variance":26459124.67312665,"size":30},"method=\"storageObject\" n=1000000":{"mean":509808.1634110112,"sqsum":516302577.3678373,"variance":17803537.150615077,"size":30},"method=\"fakeMap\" n=1000000":{"mean":452439.45897060324,"sqsum":109895774.17852701,"variance":3789509.454431966,"size":30},"method=\"map\" n=1000000":{"mean":962526.0787029314,"sqsum":774883560.2882936,"variance":26720122.768561848,"size":30}},"restparams-bench":{"method=\"copy\" n=100000000":{"mean":44987424.67485813,"sqsum":488540594449.12506,"variance":16846227394.797417,"size":30},"method=\"rest\" n=100000000":{"mean":191036193.3935749,"sqsum":7591434162768.97,"variance":261773591819.61966,"size":30},"method=\"arguments\" n=100000000":{"mean":191041807.80090314,"sqsum":7660949653944.038,"variance":264170677722.20822,"size":30}},"spread-assign":{"count=5 method=\"spread\" n=1000000":{"mean":34889092.41385559,"sqsum":3488502352447.6006,"variance":120293184567.15865,"size":30},"count=10 method=\"spread\" n=1000000":{"mean":29326494.657795876,"sqsum":548917210301.5518,"variance":18928179665.57075,"size":30},"count=20 method=\"spread\" n=1000000":{"mean":170012.71708315721,"sqsum":232043229.8702054,"variance":8001490.685179497,"size":30},"count=5 method=\"assign\" n=1000000":{"mean":8775041.483363895,"sqsum":253069888767.54413,"variance":8726547888.536005,"size":30},"count=10 method=\"assign\" n=1000000":{"mean":4806786.301260292,"sqsum":38425070221.004845,"variance":1325002421.4139602,"size":30},"count=20 method=\"assign\" n=1000000":{"mean":139430.74662455122,"sqsum":176877588.7387872,"variance":6099227.197889214,"size":30},"count=5 method=\"_extend\" n=1000000":{"mean":4894101.839242116,"sqsum":3803211810.5353765,"variance":131145234.84604748,"size":30},"count=10 method=\"_extend\" n=1000000":{"mean":2579228.531020992,"sqsum":65674168365.88979,"variance":2264626495.37551,"size":30},"count=20 method=\"_extend\" n=1000000":{"mean":438254.90921747906,"sqsum":1082798421.1371408,"variance":37337876.590935886,"size":30}},"spread-bench":{"context=\"context\" count=5 method=\"apply\" n=5000000 rest=0":{"mean":47835032.64575798,"sqsum":5187395429925.516,"variance":178875704480.1902,"size":30},"context=\"context\" count=5 method=\"apply\" n=5000000 rest=1":{"mean":46433826.8371488,"sqsum":8732255043472.585,"variance":301112242878.365,"size":30},"context=\"null\" count=5 method=\"apply\" n=5000000 rest=0":{"mean":48178850.4403358,"sqsum":10938802529923.328,"variance":377200087238.7355,"size":30},"context=\"null\" count=5 method=\"apply\" n=5000000 rest=1":{"mean":46456551.43960319,"sqsum":7636604489638.799,"variance":263331189297.88962,"size":30},"context=\"context\" count=10 method=\"apply\" n=5000000 rest=0":{"mean":39716646.82591072,"sqsum":12079917668105.19,"variance":416548885107.0755,"size":30},"context=\"context\" count=10 method=\"apply\" n=5000000 rest=1":{"mean":38065460.45032567,"sqsum":4691443182637.383,"variance":161773902849.5649,"size":30},"context=\"null\" count=10 method=\"apply\" n=5000000 rest=0":{"mean":39687808.22590045,"sqsum":6550190865280.229,"variance":225868650526.90442,"size":30},"context=\"null\" count=10 method=\"apply\" n=5000000 rest=1":{"mean":38200429.05463858,"sqsum":5178291795415.373,"variance":178561786048.80597,"size":30},"context=\"context\" count=20 method=\"apply\" n=5000000 rest=0":{"mean":31325963.673282858,"sqsum":2950824270871.96,"variance":101752561064.55034,"size":30},"context=\"context\" count=20 method=\"apply\" n=5000000 rest=1":{"mean":30676166.239441846,"sqsum":2643314970632.9395,"variance":91148792090.79102,"size":30},"context=\"null\" count=20 method=\"apply\" n=5000000 rest=0":{"mean":30998277.775877487,"sqsum":61897438057071.14,"variance":2134394415761.0737,"size":30},"context=\"null\" count=20 method=\"apply\" n=5000000 rest=1":{"mean":30709934.60753694,"sqsum":3130695299467.897,"variance":107955010326.4792,"size":30},"context=\"context\" count=5 method=\"spread\" n=5000000 rest=0":{"mean":50641993.128524855,"sqsum":7464351420736.267,"variance":257391428301.25058,"size":30},"context=\"context\" count=5 method=\"spread\" n=5000000 rest=1":{"mean":49682849.46392982,"sqsum":7706246339310.307,"variance":265732632390.0106,"size":30},"context=\"null\" count=5 method=\"spread\" n=5000000 rest=0":{"mean":56932173.93662773,"sqsum":10347465488028.715,"variance":356809154759.6109,"size":30},"context=\"null\" count=5 method=\"spread\" n=5000000 rest=1":{"mean":55969368.99128134,"sqsum":10967303117738.594,"variance":378182866128.917,"size":30},"context=\"context\" count=10 method=\"spread\" n=5000000 rest=0":{"mean":40074142.39414649,"sqsum":593933890011924.9,