{"defaultparams-bench":{"method=\"withoutdefaults\" n=100000000":{"mean":673027448.0180693,"sqsum":926411416518528.1,"variance":31945221259259.59,"size":30},"method=\"withdefaults\" n=100000000":{"mean":668901285.5264589,"sqsum":947590119726534.8,"variance":32675521369880.508,"size":30}},"destructuring-bench":{"method=\"swap\" n=100000000":{"mean":425312198.6938767,"sqsum":73185941932405.62,"variance":2523653170082.9526,"size":30},"method=\"destructure\" n=100000000":{"mean":286215607.74772644,"sqsum":33883651916272.52,"variance":1168401790216.2937,"size":30}},"destructuring-object-bench":{"method=\"normal\" n=100000000":{"mean":1662149485.3784695,"sqsum":8558210389041538,"variance":295110703070397.9,"size":30},"method=\"destructureObject\" n=100000000":{"mean":1664996565.5195355,"sqsum":8021272181721425,"variance":276595592473152.6,"size":30}},"foreach-bench":{"count=5 method=\"for\" n=5000000":{"mean":186644621.34114859,"sqsum":16237734209967.93,"variance":559921869309.239,"size":30},"count=10 method=\"for\" n=5000000":{"mean":120330470.83105049,"sqsum":17360559380551.256,"variance":598639978639.6985,"size":30},"count=20 method=\"for\" n=5000000":{"mean":67917311.57693489,"sqsum":589178443284513.1,"variance":20316498044293.555,"size":30},"count=100 method=\"for\" n=5000000":{"mean":14283789.101932313,"sqsum":71452770846.22801,"variance":2463888649.8699317,"size":30},"count=5 method=\"for-of\" n=5000000":{"mean":123732169.75379562,"sqsum":264248232296340.94,"variance":9112008010218.652,"size":30},"count=10 method=\"for-of\" n=5000000":{"mean":76106875.3456389,"sqsum":12494739865759.035,"variance":430853098819.27704,"size":30},"count=20 method=\"for-of\" n=5000000":{"mean":29490854.631326143,"sqsum":2095923897056.169,"variance":72273237829.52307,"size":30},"count=100 method=\"for-of\" n=5000000":{"mean":12603504.652667826,"sqsum":47080799895.80453,"variance":1623475858.4760182,"size":30},"count=5 method=\"for-in\" n=5000000":{"mean":3548071.6864619968,"sqsum":3552514252.5117407,"variance":122500491.4659221,"size":30},"count=10 method=\"for-in\" n=5000000":{"mean":2218426.5010637385,"sqsum":3568964742.3849325,"variance":123067749.73741147,"size":30},"count=20 method=\"for-in\" n=5000000":{"mean":1319719.5434634194,"sqsum":588780452.8828003,"variance":20302774.237337943,"size":30},"count=100 method=\"for-in\" n=5000000":{"mean":329390.6472140695,"sqsum":18873393.387497533,"variance":650806.6685343977,"size":30},"count=5 method=\"forEach\" n=5000000":{"mean":142890301.31851116,"sqsum":724936713698993.1,"variance":24997817713758.387,"size":30},"count=10 method=\"forEach\" n=5000000":{"mean":106338798.4403091,"sqsum":51099102774722.46,"variance":1762038026714.5676,"size":30},"count=20 method=\"forEach\" n=5000000":{"mean":80350238.60091712,"sqsum":19266459868047.84,"variance":664360685105.0979,"size":30},"count=100 method=\"forEach\" n=5000000":{"mean":22987392.367341686,"sqsum":459180420173.83246,"variance":15833807592.201118,"size":30}},"map-bench":{"method=\"object\" n=1000000":{"mean":490751.439587074,"sqsum":278778281.36754066,"variance":9613044.185087608,"size":30},"method=\"nullProtoObject\" n=1000000":{"mean":509881.68419649475,"sqsum":509347567.7453878,"variance":17563709.23259958,"size":30},"method=\"nullProtoLiteralObject\" n=1000000":{"mean":509718.65596569434,"sqsum":142687277.78954893,"variance":4920250.958260308,"size":30},"method=\"storageObject\" n=1000000":{"mean":506399.1926239686,"sqsum":238153981.3458571,"variance":8212206.253305418,"size":30},"method=\"fakeMap\" n=1000000":{"mean":446989.928343444,"sqsum":103179511.04334892,"variance":3557914.1739085834,"size":30},"method=\"map\" n=1000000":{"mean":902239.1740124119,"sqsum":528775486.76761705,"variance":18233637.474745415,"size":30}},"restparams-bench":{"method=\"copy\" n=100000000":{"mean":41099663.07267135,"sqsum":626243027192.1013,"variance":21594587144.555218,"size":30},"method=\"rest\" n=100000000":{"mean":184005302.9347329,"sqsum":992367354307905.2,"variance":34219563941651.906,"size":30},"method=\"arguments\" n=100000000":{"mean":182292970.69796586,"sqsum":919449203243655.2,"variance":31705144939436.387,"size":30}},"spread-assign":{"count=5 method=\"spread\" n=1000000":{"mean":37383254.421893276,"sqsum":2735578813533.3105,"variance":94330303914.94174,"size":30},"count=10 method=\"spread\" n=1000000":{"mean":29568851.904216506,"sqsum":26034444451051.863,"variance":897739463829.3746,"size":30},"count=20 method=\"spread\" n=1000000":{"mean":164419.01308114664,"sqsum":188742306.33737707,"variance":6508355.390944038,"size":30},"count=5 method=\"assign\" n=1000000":{"mean":7944528.180499874,"sqsum":180567068671.95874,"variance":6226450643.860646,"size":30},"count=10 method=\"assign\" n=1000000":{"mean":3955841.218827874,"sqsum":17547537699.015553,"variance":605087506.8626052,"size":30},"count=20 method=\"assign\" n=1000000":{"mean":135219.13958907506,"sqsum":155110150.3537593,"variance":5348625.874267561,"size":30},"count=5 method=\"_extend\" n=1000000":{"mean":5048912.527899127,"sqsum":6261327833.701766,"variance":215907856.33454365,"size":30},"count=10 method=\"_extend\" n=1000000":{"mean":2591141.749195155,"sqsum":3414865941.393902,"variance":117753997.97910006,"size":30},"count=20 method=\"_extend\" n=1000000":{"mean":425324.4577716937,"sqsum":973995760.0134124,"variance":33586060.690117665,"size":30}},"spread-bench":{"context=\"context\" count=5 method=\"apply\" n=5000000 rest=0":{"mean":47644356.118719116,"sqsum":8824585194640.402,"variance":304296041194.49664,"size":30},"context=\"context\" count=5 method=\"apply\" n=5000000 rest=1":{"mean":47017506.27510864,"sqsum":14981789420765.566,"variance":516613428302.2609,"size":30},"context=\"null\" count=5 method=\"apply\" n=5000000 rest=0":{"mean":47974669.0487389,"sqsum":11748379675851.88,"variance":405116540546.6166,"size":30},"context=\"null\" count=5 method=\"apply\" n=5000000 rest=1":{"mean":47090561.26458012,"sqsum":17807641898600.418,"variance":614056617193.1178,"size":30},"context=\"context\" count=10 method=\"apply\" n=5000000 rest=0":{"mean":39165413.97644082,"sqsum":3423539794847.9497,"variance":118053096374.06723,"size":30},"context=\"context\" count=10 method=\"apply\" n=5000000 rest=1":{"mean":39087288.49670494,"sqsum":56255042100662.74,"variance":1939829037953.8877,"size":30},"context=\"null\" count=10 method=\"apply\" n=5000000 rest=0":{"mean":39075685.38603101,"sqsum":4212546181207.065,"variance":145260213145.0712,"size":30},"context=\"null\" count=10 method=\"apply\" n=5000000 rest=1":{"mean":39210896.87173928,"sqsum":4634934989772.349,"variance":159825344474.90857,"size":30},"context=\"context\" count=20 method=\"apply\" n=5000000 rest=0":{"mean":32160628.40058559,"sqsum":2268389254953.081,"variance":78220319136.31314,"size":30},"context=\"context\" count=20 method=\"apply\" n=5000000 rest=1":{"mean":31987357.131999947,"sqsum":2788361146184.279,"variance":96150384351.18202,"size":30},"context=\"null\" count=20 method=\"apply\" n=5000000 rest=0":{"mean":32232676.88939668,"sqsum":1703788980059.8164,"variance":58751344139.993675,"size":30},"context=\"null\" count=20 method=\"apply\" n=5000000 rest=1":{"mean":31968899.727055438,"sqsum":2181291641978.0486,"variance":75216953171.65685,"size":30},"context=\"context\" count=5 method=\"spread\" n=5000000 rest=0":{"mean":50873722.82971504,"sqsum":8316385001491.73,"variance":286771896603.1631,"size":30},"context=\"context\" count=5 method=\"spread\" n=5000000 rest=1":{"mean":48385310.68676347,"sqsum":6694867046751.326,"variance":230857484370.7354,"size":30},"context=\"null\" count=5 method=\"spread\" n=5000000 rest=0":{"mean":58726120.4703507,"sqsum":13189923967369.564,"variance":454824964392.05396,"size":30},"context=\"null\" count=5 method=\"spread\" n=5000000 rest=1":{"mean":54693961.57036367,"sqsum":7860285410251.046,"variance":271044324491.41537,"size":30},"context=\"context\" count=10 method=\"spread\" n=5000000 rest=0":{"mean":36003863.63549535,