{"querystring-parse":{"n=1000000 type=\"noencode\"":{"mean":2215662.462899526,"sqsum":34113638064.49221,"variance":1176332347.0514555,"size":30},"n=1000000 type=\"multicharsep\"":{"mean":1650225.8580881604,"sqsum":15029940093.234953,"variance":518273796.31844664,"size":30},"n=1000000 type=\"encodefake\"":{"mean":2145302.666094069,"sqsum":24230686750.48699,"variance":835540922.430586,"size":30},"n=1000000 type=\"encodemany\"":{"mean":831520.7409192515,"sqsum":4213641348.163355,"variance":145297977.5228743,"size":30},"n=1000000 type=\"encodelast\"":{"mean":1671640.2747657003,"sqsum":8598280085.296389,"variance":296492416.73435825,"size":30},"n=1000000 type=\"multivalue\"":{"mean":1583670.4827632606,"sqsum":13169238778.585274,"variance":454111682.02018183,"size":30},"n=1000000 type=\"multivaluemany\"":{"mean":604141.3992732887,"sqsum":18406723996.082848,"variance":634714620.5545809,"size":30},"n=1000000 type=\"manypairs\"":{"mean":437181.57990776753,"sqsum":617622344.7233056,"variance":21297322.231838122,"size":30},"n=1000000 type=\"manyblankpairs\"":{"mean":7809414.9644677555,"sqsum":83367339817.91278,"variance":2874735855.7900963,"size":30},"n=1000000 type=\"altspaces\"":{"mean":1129519.9202357305,"sqsum":1597469458.0509374,"variance":55085153.7258944,"size":30}},"querystring-stringify":{"n=1000000 type=\"noencode\"":{"mean":3444065.2332482575,"sqsum":5741141522.91101,"variance":197970397.34175894,"size":30},"n=1000000 type=\"encodemany\"":{"mean":2134459.807818856,"sqsum":1703296671.7719173,"variance":58734367.99213508,"size":30},"n=1000000 type=\"encodelast\"":{"mean":2961887.0330029563,"sqsum":62757364047.46824,"variance":2164047036.1195946,"size":30},"n=1000000 type=\"array\"":{"mean":3006017.9102137317,"sqsum":778632932.1793338,"variance":26849411.454459786,"size":30},"n=1000000 type=\"multiprimitives\"":{"mean":4436518.4737377735,"sqsum":1006908417731.5267,"variance":34720979921.77679,"size":30}},"querystring-unescapebuffer":{"input=\"there is nothing to unescape here\" n=10000000":{"mean":4909425.354908431,"sqsum":3774641273.3913393,"variance":130160043.91004618,"size":30},"input=\"there%20are%20several%20spaces%20that%20need%20to%20be%20unescaped\" n=10000000":{"mean":2321628.688293678,"sqsum":997958450.0663638,"variance":34412360.34711599,"size":30},"input=\"there%2Qare%0-fake%escaped values in%%%%this%9Hstring\" n=10000000":{"mean":2710341.325208754,"sqsum":166033147.12243855,"variance":5725280.935256502,"size":30},"input=\"%20%21%22%23%24%25%26%27%28%29%2A%2B%2C%2D%2E%2F%30%31%32%33%34%35%36%37\" n=10000000":{"mean":2413826.8179963706,"sqsum":102421636.89306968,"variance":3531780.5825196444,"size":30}}}