{"defaultparams-bench":{"method=\"withoutdefaults\" n=100000000":{"mean":670423707.6738447,"sqsum":951969178978748.1,"variance":32826523413060.28,"size":30},"method=\"withdefaults\" n=100000000":{"mean":674569400.0606484,"sqsum":877176324240456.9,"variance":30247459456567.477,"size":30}},"destructuring-bench":{"method=\"swap\" n=100000000":{"mean":378800389.86676097,"sqsum":47873625951126.62,"variance":1650814687969.8833,"size":30},"method=\"destructure\" n=100000000":{"mean":285477505.12529993,"sqsum":36742653474067.27,"variance":1266988050829.906,"size":30}},"destructuring-object-bench":{"method=\"normal\" n=100000000":{"mean":1663675502.5735946,"sqsum":7133780441943555,"variance":245992429032536.4,"size":30},"method=\"destructureObject\" n=100000000":{"mean":1659996740.8417633,"sqsum":6805667139163066,"variance":234678177212519.53,"size":30}},"foreach-bench":{"count=5 method=\"for\" n=5000000":{"mean":186580419.29882315,"sqsum":19976781498426.363,"variance":688854534428.4954,"size":30},"count=10 method=\"for\" n=5000000":{"mean":119998916.55626105,"sqsum":3421365004239.081,"variance":117978103594.45107,"size":30},"count=20 method=\"for\" n=5000000":{"mean":68572433.1470011,"sqsum":588722372759493.2,"variance":20300771474465.285,"size":30},"count=100 method=\"for\" n=5000000":{"mean":14286716.563750448,"sqsum":44545922079.59631,"variance":1536066278.6067693,"size":30},"count=5 method=\"for-of\" n=5000000":{"mean":125451268.19744214,"sqsum":138032107283676.06,"variance":4759727837368.14,"size":30},"count=10 method=\"for-of\" n=5000000":{"mean":77262733.79539724,"sqsum":17124506532107.38,"variance":590500225245.082,"size":30},"count=20 method=\"for-of\" n=5000000":{"mean":29987243.630372483,"sqsum":1685030409755.005,"variance":58104496888.103615,"size":30},"count=100 method=\"for-of\" n=5000000":{"mean":12625355.14637189,"sqsum":42885211551.01895,"variance":1478800398.3109984,"size":30},"count=5 method=\"for-in\" n=5000000":{"mean":3842805.7136420663,"sqsum":483040315164.9408,"variance":16656562591.89451,"size":30},"count=10 method=\"for-in\" n=5000000":{"mean":2436699.3036839287,"sqsum":1246964578.5240507,"variance":42998778.56979485,"size":30},"count=20 method=\"for-in\" n=5000000":{"mean":1505132.793976346,"sqsum":361278236.7065947,"variance":12457870.231261887,"size":30},"count=100 method=\"for-in\" n=5000000":{"mean":369007.63774382876,"sqsum":40410807.54626829,"variance":1393476.1222851134,"size":30},"count=5 method=\"forEach\" n=5000000":{"mean":142151031.46175194,"sqsum":89898343959476.84,"variance":3099942895154.374,"size":30},"count=10 method=\"forEach\" n=5000000":{"mean":114722178.4349751,"sqsum":114027025929126.12,"variance":3931966411349.177,"size":30},"count=20 method=\"forEach\" n=5000000":{"mean":80408784.94323389,"sqsum":18568657210391.266,"variance":640298524496.2506,"size":30},"count=100 method=\"forEach\" n=5000000":{"mean":23107690.093223218,"sqsum":488296477440.85114,"variance":16837809566.925901,"size":30}},"map-bench":{"method=\"object\" n=1000000":{"mean":464317.4230840109,"sqsum":104625839.13552648,"variance":3607787.5563974646,"size":30},"method=\"nullProtoObject\" n=1000000":{"mean":479712.2502371587,"sqsum":114364238.87191245,"variance":3943594.44385905,"size":30},"method=\"nullProtoLiteralObject\" n=1000000":{"mean":480664.7149228936,"sqsum":356454119.9296116,"variance":12291521.376883158,"size":30},"method=\"storageObject\" n=1000000":{"mean":477726.55583815783,"sqsum":104678194.81209876,"variance":3609592.92455513,"size":30},"method=\"fakeMap\" n=1000000":{"mean":425319.41959761677,"sqsum":48493682.683314465,"variance":1672195.9545970506,"size":30},"method=\"map\" n=1000000":{"mean":912682.6127682012,"sqsum":526774957.09202355,"variance":18164653.6928284,"size":30}},"restparams-bench":{"method=\"copy\" n=100000000":{"mean":45691394.028377205,"sqsum":314294894125.5364,"variance":10837754969.84608,"size":30},"method=\"rest\" n=100000000":{"mean":191169850.80129907,"sqsum":7630238969159.457,"variance":263111688591.7054,"size":30},"method=\"arguments\" n=100000000":{"mean":191026478.46304083,"sqsum":6560242361617.269,"variance":226215253848.87134,"size":30}},"spread-assign":{"count=5 method=\"spread\" n=1000000":{"mean":35564767.6809736,"sqsum":3783437791667.276,"variance":130463372126.4578,"size":30},"count=10 method=\"spread\" n=1000000":{"mean":29756376.5115369,"sqsum":335246272800.4822,"variance":11560216303.464903,"size":30},"count=20 method=\"spread\" n=1000000":{"mean":168544.5187237573,"sqsum":362086996.10848707,"variance":12485758.486499555,"size":30},"count=5 method=\"assign\" n=1000000":{"mean":8655527.414567081,"sqsum":7382796110097.703,"variance":254579176210.26562,"size":30},"count=10 method=\"assign\" n=1000000":{"mean":4806799.548894825,"sqsum":30821558269.19947,"variance":1062812354.1103266,"size":30},"count=20 method=\"assign\" n=1000000":{"mean":137850.62928413606,"sqsum":173218417.35019484,"variance":5973048.874144649,"size":30},"count=5 method=\"_extend\" n=1000000":{"mean":4922660.892654422,"sqsum":6088672438.762191,"variance":209954222.02628243,"size":30},"count=10 method=\"_extend\" n=1000000":{"mean":2593915.900262289,"sqsum":2488463774.6675878,"variance":85809095.67819269,"size":30},"count=20 method=\"_extend\" n=1000000":{"mean":445792.7451858459,"sqsum":1136148966.1807642,"variance":39177550.55795738,"size":30}},"spread-bench":{"context=\"context\" count=5 method=\"apply\" n=5000000 rest=0":{"mean":48259778.521979496,"sqsum":8207619164921.081,"variance":283021350514.52,"size":30},"context=\"context\" count=5 method=\"apply\" n=5000000 rest=1":{"mean":48333404.76255216,"sqsum":10994979093736.166,"variance":379137210128.8333,"size":30},"context=\"null\" count=5 method=\"apply\" n=5000000 rest=0":{"mean":49131563.985952504,"sqsum":15128951660808.078,"variance":521687988303.72687,"size":30},"context=\"null\" count=5 method=\"apply\" n=5000000 rest=1":{"mean":48304259.73748379,"sqsum":13656259015153.861,"variance":470905483281.1676,"size":30},"context=\"context\" count=10 method=\"apply\" n=5000000 rest=0":{"mean":39641787.224779256,"sqsum":7926195172008.664,"variance":273317074896.8505,"size":30},"context=\"context\" count=10 method=\"apply\" n=5000000 rest=1":{"mean":40177345.08741055,"sqsum":6580267346723.846,"variance":226905770576.68433,"size":30},"context=\"null\" count=10 method=\"apply\" n=5000000 rest=0":{"mean":39782038.125507794,"sqsum":20464492810502.11,"variance":705672165879.383,"size":30},"context=\"null\" count=10 method=\"apply\" n=5000000 rest=1":{"mean":40231107.13637861,"sqsum":5845243185198.84,"variance":201560109834.44275,"size":30},"context=\"context\" count=20 method=\"apply\" n=5000000 rest=0":{"mean":31908189.468974292,"sqsum":2622108055516.322,"variance":90417519155.73523,"size":30},"context=\"context\" count=20 method=\"apply\" n=5000000 rest=1":{"mean":32009386.14206429,"sqsum":2939843572573.0864,"variance":101373916295.62367,"size":30},"context=\"null\" count=20 method=\"apply\" n=5000000 rest=0":{"mean":31918881.10067835,"sqsum":2146862756698.435,"variance":74029750230.98053,"size":30},"context=\"null\" count=20 method=\"apply\" n=5000000 rest=1":{"mean":31978464.827976402,"sqsum":2222360406082.88,"variance":76633117451.13379,"size":30},"context=\"context\" count=5 method=\"spread\" n=5000000 rest=0":{"mean":50444566.74923163,"sqsum":11267401033488.281,"variance":388531070120.2855,"size":30},"context=\"context\" count=5 method=\"spread\" n=5000000 rest=1":{"mean":49501387.241222605,"sqsum":8345925918691.181,"variance":287790548920.38556,"size":30},"context=\"null\" count=5 method=\"spread\" n=5000000 rest=0":{"mean":56851619.690825805,"sqsum":8878519705854.25,"variance":306155851926.0086,"size":30},"context=\"null\" count=5 method=\"spread\" n=5000000 rest=1":{"mean":56068817.990012504,"sqsum":9138949707702.914,"variance":315136196817.34186,"size":30},"context=\"context\" count=10 method=\"spread\" n=5000000 rest=0":{"mean":37493054.145707324,