{"bench-env":{"n=1000000 operation=\"get\"":{"mean":4365173.298306024,"sqsum":191986241929.06912,"variance":6620215238.933418,"size":30},"n=1000000 operation=\"set\"":{"mean":3373509.3482424025,"sqsum":162070586654.2788,"variance":5588640919.113063,"size":30},"n=1000000 operation=\"enumerate\"":{"mean":31339.75584337837,"sqsum":7069384.084013895,"variance":243771.86496599638,"size":30},"n=1000000 operation=\"query\"":{"mean":4731732.153684926,"sqsum":262633858175.9271,"variance":9056339937.100935,"size":30},"n=1000000 operation=\"delete\"":{"mean":3999977.2547640246,"sqsum":243528312211.69943,"variance":8397528007.299981,"size":30}},"bench-hrtime":{"n=1000000 type=\"raw\"":{"mean":17480683.67197171,"sqsum":1753000484322.5088,"variance":60448292562.84513,"size":30},"n=1000000 type=\"diff\"":{"mean":15866760.891855363,"sqsum":3807251858027.791,"variance":131284546828.54453,"size":30},"n=1000000 type=\"bigint\"":{"mean":18260965.534333985,"sqsum":12184094884786.63,"variance":420141202923.67694,"size":30}},"coverage":{"n=100000":{"mean":464810.6741227417,"sqsum":2968496588.686239,"variance":102361951.33400823,"size":30}},"memoryUsage":{"n=100000":{"mean":188524.09715656695,"sqsum":125652080.46634689,"variance":4332830.360908513,"size":30}},"next-tick-breadth-args":{"n=10000000":{"mean":3307711.2924275477,"sqsum":22542998961.03644,"variance":777344791.7598773,"size":30}},"next-tick-breadth":{"n=10000000":{"mean":4734455.479802367,"sqsum":68424987238.31357,"variance":2359482318.5625367,"size":30}},"next-tick-depth-args":{"n=7000000":{"mean":10210858.689929174,"sqsum":65400791070.98893,"variance":2255199692.1030664,"size":30}},"next-tick-depth":{"n=7000000":{"mean":12036928.716255106,"sqsum":1348830028334.415,"variance":46511380287.39362,"size":30}},"next-tick-exec-args":{"n=4000000":{"mean":32282167.69795104,"sqsum":45967363650678.836,"variance":1585081505195.822,"size":30}},"next-tick-exec":{"n=4000000":{"mean":34877761.95138703,"sqsum":494289010996767.75,"variance":17044448655060.957,"size":30}},"queue-microtask-breadth":{"n=400000":{"mean":2987409.997014303,"sqsum":16735744400.499426,"variance":577094634.4999802,"size":30}},"queue-microtask-depth":{"n=1200000":{"mean":5770223.565846109,"sqsum":390911980363.7149,"variance":13479723460.817757,"size":30}},"resourceUsage":{"n=100000":{"mean":1263130.5976879776,"sqsum":4234056922.48039,"variance":146001962.84415138,"size":30}}}