{"defaultparams-bench":{"method=\"withoutdefaults\" n=100000000":{"mean":561506597.4408344,"sqsum":543213599341934,"variance":18731503425583.93,"size":30},"method=\"withdefaults\" n=100000000":{"mean":565509954.6043206,"sqsum":339137684530316.6,"variance":11694402914838.506,"size":30}},"destructuring-bench":{"method=\"swap\" n=100000000":{"mean":377781249.7602027,"sqsum":44263721604780.984,"variance":1526335227751.0686,"size":30},"method=\"destructure\" n=100000000":{"mean":263715384.33069,"sqsum":27212758959839.773,"variance":938370998615.1646,"size":30}},"destructuring-object-bench":{"method=\"normal\" n=100000000":{"mean":1117469421.2814052,"sqsum":2384935735724745,"variance":82239163300853.27,"size":30},"method=\"destructureObject\" n=100000000":{"mean":1123945267.4468582,"sqsum":3939080216061302,"variance":135830352277975.92,"size":30}},"foreach-bench":{"count=5 method=\"for\" n=5000000":{"mean":176658082.14952773,"sqsum":47174754819588.49,"variance":1626715683434.086,"size":30},"count=10 method=\"for\" n=5000000":{"mean":115820513.60780519,"sqsum":5455154374394.473,"variance":188108771530.84387,"size":30},"count=20 method=\"for\" n=5000000":{"mean":67603677.39751141,"sqsum":387760502375128.94,"variance":13371051806038.93,"size":30},"count=100 method=\"for\" n=5000000":{"mean":14272279.699626558,"sqsum":155023275043.76453,"variance":5345630173.9229145,"size":30},"count=5 method=\"for-of\" n=5000000":{"mean":124983284.22133301,"sqsum":22748078605865.547,"variance":784416503650.5361,"size":30},"count=10 method=\"for-of\" n=5000000":{"mean":84518869.39878511,"sqsum":4233362236777.72,"variance":145978008164.74896,"size":30},"count=20 method=\"for-of\" n=5000000":{"mean":30277519.939115707,"sqsum":3913799029002.7754,"variance":134958587206.99226,"size":30},"count=100 method=\"for-of\" n=5000000":{"mean":12647845.023405762,"sqsum":39771563171.53876,"variance":1371433212.8116813,"size":30},"count=5 method=\"for-in\" n=5000000":{"mean":3701735.0312877903,"sqsum":10990489500.524874,"variance":378982396.56982327,"size":30},"count=10 method=\"for-in\" n=5000000":{"mean":2294881.252798437,"sqsum":4100690064.8880224,"variance":141403105.68579388,"size":30},"count=20 method=\"for-in\" n=5000000":{"mean":1383203.8699072737,"sqsum":3458538402.9440584,"variance":119259944.92910548,"size":30},"count=100 method=\"for-in\" n=5000000":{"mean":330947.4161116087,"sqsum":9560642.458843507,"variance":329677.3261670175,"size":30},"count=5 method=\"forEach\" n=5000000":{"mean":142798368.0752362,"sqsum":18350167040833.77,"variance":632764380718.4059,"size":30},"count=10 method=\"forEach\" n=5000000":{"mean":114416853.0545768,"sqsum":111610349760110.08,"variance":3848632750348.6235,"size":30},"count=20 method=\"forEach\" n=5000000":{"mean":75878185.87771465,"sqsum":9420903639542.062,"variance":324858746191.10565,"size":30},"count=100 method=\"forEach\" n=5000000":{"mean":22835153.91368854,"sqsum":644195160989.6663,"variance":22213626241.022972,"size":30}},"map-bench":{"method=\"object\" n=1000000":{"mean":467642.86102436477,"sqsum":168306559.47568467,"variance":5803674.464678782,"size":30},"method=\"nullProtoObject\" n=1000000":{"mean":482616.34316621406,"sqsum":229902855.80371985,"variance":7927684.682886891,"size":30},"method=\"nullProtoLiteralObject\" n=1000000":{"mean":483257.04961277667,"sqsum":166871438.09890404,"variance":5754187.520651864,"size":30},"method=\"storageObject\" n=1000000":{"mean":479266.31235341006,"sqsum":235075542.6129037,"variance":8106053.193548404,"size":30},"method=\"fakeMap\" n=1000000":{"mean":428972.46126809245,"sqsum":665243258.3194526,"variance":22939422.700670782,"size":30},"method=\"map\" n=1000000":{"mean":912993.5359385774,"sqsum":389721819.78591835,"variance":13438683.440893738,"size":30}},"restparams-bench":{"method=\"copy\" n=100000000":{"mean":41148481.519533604,"sqsum":1339387600353.7026,"variance":46185779322.541466,"size":30},"method=\"rest\" n=100000000":{"mean":170972591.0446999,"sqsum":48642983528038.27,"variance":1677344259587.5269,"size":30},"method=\"arguments\" n=100000000":{"mean":163789606.54829624,"sqsum":4173444943725.126,"variance":143911894611.21124,"size":30}},"spread-assign":{"count=5 method=\"spread\" n=1000000":{"mean":32984457.531286772,"sqsum":3154560868189.957,"variance":108777960972.06749,"size":30},"count=10 method=\"spread\" n=1000000":{"mean":27827756.014551207,"sqsum":428832553578.82196,"variance":14787329433.752481,"size":30},"count=20 method=\"spread\" n=1000000":{"mean":172638.12262276447,"sqsum":157529140.3573004,"variance":5432039.32266553,"size":30},"count=5 method=\"assign\" n=1000000":{"mean":8948283.111924682,"sqsum":326113372862.73785,"variance":11245288719.404753,"size":30},"count=10 method=\"assign\" n=1000000":{"mean":4781954.7299676705,"sqsum":45063425727.475334,"variance":1553911231.981908,"size":30},"count=20 method=\"assign\" n=1000000":{"mean":140664.2054860166,"sqsum":189215415.6442367,"variance":6524669.50497368,"size":30},"count=5 method=\"_extend\" n=1000000":{"mean":4762617.369732729,"sqsum":74674784097.61916,"variance":2574992555.0903153,"size":30},"count=10 method=\"_extend\" n=1000000":{"mean":2464673.5439151693,"sqsum":6382110323.605926,"variance":220072769.77951467,"size":30},"count=20 method=\"_extend\" n=1000000":{"mean":446270.6490190393,"sqsum":1157044747.6694841,"variance":39898094.74722359,"size":30}},"spread-bench":{"context=\"context\" count=5 method=\"apply\" n=5000000 rest=0":{"mean":45117195.50918505,"sqsum":7175588185096.072,"variance":247434075348.14044,"size":30},"context=\"context\" count=5 method=\"apply\" n=5000000 rest=1":{"mean":43429398.80682875,"sqsum":323052753748979.8,"variance":11139750129275.166,"size":30},"context=\"null\" count=5 method=\"apply\" n=5000000 rest=0":{"mean":45858826.59823347,"sqsum":8662871842316.595,"variance":298719718700.57227,"size":30},"context=\"null\" count=5 method=\"apply\" n=5000000 rest=1":{"mean":43913548.50466092,"sqsum":13561079953671.47,"variance":467623446678.3266,"size":30},"context=\"context\" count=10 method=\"apply\" n=5000000 rest=0":{"mean":37676761.01058782,"sqsum":4087199396694.7915,"variance":140937910230.8549,"size":30},"context=\"context\" count=10 method=\"apply\" n=5000000 rest=1":{"mean":36552863.21325545,"sqsum":5621422512769.139,"variance":193842155612.7289,"size":30},"context=\"null\" count=10 method=\"apply\" n=5000000 rest=0":{"mean":37698708.37689123,"sqsum":7216869699672.343,"variance":248857575850.77042,"size":30},"context=\"null\" count=10 method=\"apply\" n=5000000 rest=1":{"mean":36534038.628152,"sqsum":4089030829477.0776,"variance":141001063085.41647,"size":30},"context=\"context\" count=20 method=\"apply\" n=5000000 rest=0":{"mean":27481832.434780627,"sqsum":34494221512368.664,"variance":1189455914219.6091,"size":30},"context=\"context\" count=20 method=\"apply\" n=5000000 rest=1":{"mean":27270387.825081896,"sqsum":2369986799739.2124,"variance":81723682749.62802,"size":30},"context=\"null\" count=20 method=\"apply\" n=5000000 rest=0":{"mean":27302775.387980152,"sqsum":56983872706986.96,"variance":1964961127827.1367,"size":30},"context=\"null\" count=20 method=\"apply\" n=5000000 rest=1":{"mean":27299613.90779066,"sqsum":1855144240815.268,"variance":63970491062.59545,"size":30},"context=\"context\" count=5 method=\"spread\" n=5000000 rest=0":{"mean":48995429.833058394,"sqsum":6864278379402.306,"variance":236699254462.14847,"size":30},"context=\"context\" count=5 method=\"spread\" n=5000000 rest=1":{"mean":46710996.14896874,"sqsum":6414244494797.66,"variance":221180844648.19516,"size":30},"context=\"null\" count=5 method=\"spread\" n=5000000 rest=0":{"mean":55687663.80980691,"sqsum":6499760641474.583,"variance":224129677292.227,"size":30},"context=\"null\" count=5 method=\"spread\" n=5000000 rest=1":{"mean":52540246.74778539,"sqsum":12911086592997.44,"variance":445209882517.1531,"size":30},"context=\"context\" count=10 method=\"spread\" n=5000000 rest=0":{"mean":38049113.37813827,