{"immediate":{"n=5000000 type=\"depth\"":{"mean":385257.8779465966,"sqsum":1785885499.8691792,"variance":61582258.616178595,"size":30},"n=5000000 type=\"depth1\"":{"mean":373773.21315224393,"sqsum":947497726.1790762,"variance":32672335.385485385,"size":30},"n=5000000 type=\"breadth\"":{"mean":2769461.431250385,"sqsum":27626909632.298122,"variance":952652056.2861422,"size":30},"n=5000000 type=\"breadth1\"":{"mean":1774487.1251031312,"sqsum":367981513051.0848,"variance":12689017691.416716,"size":30},"n=5000000 type=\"breadth4\"":{"mean":1252316.3991589285,"sqsum":20641100826.334167,"variance":711762097.4597988,"size":30},"n=5000000 type=\"clear\"":{"mean":9460497.309238523,"sqsum":2165538223722.9622,"variance":74673731852.51595,"size":30}},"set-immediate-breadth-args":{"n=5000000":{"mean":1664043.2720900248,"sqsum":56881616893.31574,"variance":1961435065.2867496,"size":30}},"set-immediate-breadth":{"n=10000000":{"mean":2197003.9119023485,"sqsum":661259643858.0521,"variance":22802056684.760418,"size":30}},"set-immediate-depth-args":{"n=5000000":{"mean":359675.90648076293,"sqsum":1672353044.4707437,"variance":57667346.36106012,"size":30}},"timers-breadth-args":{"n=1000000":{"mean":1225541.655812965,"sqsum":12983384721.06916,"variance":447702921.416178,"size":30}},"timers-breadth":{"n=5000000":{"mean":2145440.060437746,"sqsum":11548926098.843145,"variance":398238830.99459124,"size":30}},"timers-cancel-pooled":{"n=5000000":{"mean":28883930.220357034,"sqsum":5617426778226.08,"variance":193704371662.96826,"size":30}},"timers-cancel-unpooled":{"direction=\"start\" n=1000000":{"mean":1534572.3345538764,"sqsum":6172816905.763131,"variance":212855755.37114245,"size":30},"direction=\"end\" n=1000000":{"mean":6688923.515499434,"sqsum":151486934090.18488,"variance":5223687382.420168,"size":30}},"timers-depth":{"n=1000":{"mean":824.9453270417306,"sqsum":13962.023941038853,"variance":481.4491014151329,"size":30}},"timers-insert-pooled":{"n=5000000":{"mean":1468372.653605715,"sqsum":334287014817.4463,"variance":11527138441.980906,"size":30}},"timers-insert-unpooled":{"direction=\"start\" n=1000000":{"mean":1625404.8946190013,"sqsum":21691742015.72309,"variance":747991103.9904513,"size":30},"direction=\"end\" n=1000000":{"mean":991239.2880011849,"sqsum":6205330730.968705,"variance":213976921.75754157,"size":30}},"timers-timeout-nexttick":{"n=50000":{"mean":664384.1880289977,"sqsum":19273576438.974895,"variance":664606084.1025826,"size":30},"n=5000000":{"mean":4072897.985537408,"sqsum":234789600436.4139,"variance":8096193118.497031,"size":30}},"timers-timeout-pooled":{"n=10000000":{"mean":10726880.537733216,"sqsum":1539955760209.0212,"variance":53101922765.828316,"size":30}},"timers-timeout-unpooled":{"n=1000000":{"mean":8614924.446130825,"sqsum":532586120801.3706,"variance":18365038648.323124,"size":30}}}