{"async-local-storage-run":{"n=10000000":{"mean":2776322.761958516,"sqsum":33327533762.42627,"variance":1149225302.1526299,"size":30}},"async-resource-vs-destroy":{"asyncMethod=\"callbacks\" benchmarker=\"test-double-http\" connections=500 duration=5 n=1000000 path=\"/\" type=\"async-resource\"":{"mean":388.6,"sqsum":39.2,"variance":1.3517241379310345,"size":30},"asyncMethod=\"async\" benchmarker=\"test-double-http\" connections=500 duration=5 n=1000000 path=\"/\" type=\"async-resource\"":{"mean":382.96666666666664,"sqsum":54.96666666666667,"variance":1.8954022988505748,"size":30},"asyncMethod=\"callbacks\" benchmarker=\"test-double-http\" connections=500 duration=5 n=1000000 path=\"/\" type=\"destroy\"":{"mean":387.56666666666666,"sqsum":85.36666666666666,"variance":2.94367816091954,"size":30},"asyncMethod=\"async\" benchmarker=\"test-double-http\" connections=500 duration=5 n=1000000 path=\"/\" type=\"destroy\"":{"mean":383.03333333333336,"sqsum":66.96666666666667,"variance":2.3091954022988506,"size":30},"asyncMethod=\"callbacks\" benchmarker=\"test-double-http\" connections=500 duration=5 n=1000000 path=\"/\" type=\"async-local-storage\"":{"mean":385.5,"sqsum":117.5,"variance":4.051724137931035,"size":30},"asyncMethod=\"async\" benchmarker=\"test-double-http\" connections=500 duration=5 n=1000000 path=\"/\" type=\"async-local-storage\"":{"mean":382.5,"sqsum":71.5,"variance":2.4655172413793105,"size":30}},"gc-tracking":{"method=\"trackingEnabled\" n=1000000":{"mean":67011876.33154183,"sqsum":17645156224270.777,"variance":608453662905.8889,"size":30},"method=\"trackingEnabledWithDestroyHook\" n=1000000":{"mean":1859620.223626858,"sqsum":6096613908.726962,"variance":210228065.8181711,"size":30},"method=\"trackingDisabled\" n=1000000":{"mean":70415393.68118633,"sqsum":20996178632173.844,"variance":724006159730.1326,"size":30}},"http-server":{"asyncHooks=\"init\" benchmarker=\"test-double-http\" connections=50 duration=5":{"mean":27398.466666666667,"sqsum":2065083.4666666666,"variance":71209.77471264367,"size":30},"asyncHooks=\"init\" benchmarker=\"test-double-http\" connections=500 duration=5":{"mean":27364.933333333334,"sqsum":2893215.8666666667,"variance":99766.06436781608,"size":30},"asyncHooks=\"before\" benchmarker=\"test-double-http\" connections=50 duration=5":{"mean":27285.366666666665,"sqsum":2841374.966666667,"variance":97978.44712643679,"size":30},"asyncHooks=\"before\" benchmarker=\"test-double-http\" connections=500 duration=5":{"mean":27322.933333333334,"sqsum":1783757.8666666667,"variance":61508.89195402299,"size":30},"asyncHooks=\"after\" benchmarker=\"test-double-http\" connections=50 duration=5":{"mean":27404.633333333335,"sqsum":1296206.9666666666,"variance":44696.791954022985,"size":30},"asyncHooks=\"after\" benchmarker=\"test-double-http\" connections=500 duration=5":{"mean":27311.5,"sqsum":3869421.5,"variance":133428.3275862069,"size":30},"asyncHooks=\"all\" benchmarker=\"test-double-http\" connections=50 duration=5":{"mean":27398.366666666665,"sqsum":2817386.966666667,"variance":97151.27471264367,"size":30},"asyncHooks=\"all\" benchmarker=\"test-double-http\" connections=500 duration=5":{"mean":27353.5,"sqsum":2763261.5,"variance":95284.87931034483,"size":30},"asyncHooks=\"disabled\" benchmarker=\"test-double-http\" connections=50 duration=5":{"mean":27339.3,"sqsum":2365150.3,"variance":81556.90689655172,"size":30},"asyncHooks=\"disabled\" benchmarker=\"test-double-http\" connections=500 duration=5":{"mean":27423.766666666666,"sqsum":1840567.3666666667,"variance":63467.840229885056,"size":30},"asyncHooks=\"none\" benchmarker=\"test-double-http\" connections=50 duration=5":{"mean":27266.8,"sqsum":2247470.8,"variance":77498.99310344827,"size":30},"asyncHooks=\"none\" benchmarker=\"test-double-http\" connections=500 duration=5":{"mean":27355.733333333334,"sqsum":2421665.8666666667,"variance":83505.71954022988,"size":30}},"promises":{"asyncHooks=\"enabled\" n=1000000":{"mean":912195.2977308846,"sqsum":3953881121.215004,"variance":136340728.31775877,"size":30},"asyncHooks=\"enabledWithDestroy\" n=1000000":{"mean":283762.0852427049,"sqsum":437909164.26377904,"variance":15100316.009095829,"size":30},"asyncHooks=\"enabledWithInitOnly\" n=1000000":{"mean":868801.8048289063,"sqsum":6430970169.4143915,"variance":221757592.04877213,"size":30},"asyncHooks=\"disabled\" n=1000000":{"mean":1470348.3936775583,"sqsum":19115747825.582714,"variance":659163718.123542,"size":30}}}