{"create-context":{"n=100":{"mean":1324.5391862541333,"sqsum":2784.2401601811302,"variance":96.0082813855562,"size":30}},"run-in-context":{"breakOnSigint=0 n=1 withSigintListener=0":{"mean":2214.1151844038654,"sqsum":212849.86458670752,"variance":7339.6505029899145,"size":30},"breakOnSigint=0 n=1 withSigintListener=1":{"mean":2226.9600828557805,"sqsum":591607.7111470178,"variance":20400.265901621304,"size":30},"breakOnSigint=1 n=1 withSigintListener=0":{"mean":1234.1586234270299,"sqsum":507102.4646469727,"variance":17486.29188437837,"size":30},"breakOnSigint=1 n=1 withSigintListener=1":{"mean":898.6665356763184,"sqsum":109019.23630995925,"variance":3759.28401068825,"size":30}},"run-in-this-context":{"breakOnSigint=0 n=1 withSigintListener=0":{"mean":2204.3818316236075,"sqsum":596980.1678122203,"variance":20585.523028007596,"size":30},"breakOnSigint=0 n=1 withSigintListener=1":{"mean":2259.618444379412,"sqsum":305615.7958265689,"variance":10538.475718157548,"size":30},"breakOnSigint=1 n=1 withSigintListener=0":{"mean":1192.4888657898978,"sqsum":685388.4657854164,"variance":23634.085027083325,"size":30},"breakOnSigint=1 n=1 withSigintListener=1":{"mean":887.9910558440595,"sqsum":249181.65029295674,"variance":8592.470699757128,"size":30}}}