{"async-resource-vs-destroy":{"asyncMethod=\"callbacks\" benchmarker=\"test-double-http\" connections=500 duration=5 n=1000000 path=\"/\" type=\"async-resource\"":{"mean":382.1,"sqsum":32.7,"variance":1.1275862068965516,"size":30},"asyncMethod=\"async\" benchmarker=\"test-double-http\" connections=500 duration=5 n=1000000 path=\"/\" type=\"async-resource\"":{"mean":376.03333333333336,"sqsum":22.96666666666667,"variance":0.7919540229885058,"size":30},"asyncMethod=\"callbacks\" benchmarker=\"test-double-http\" connections=500 duration=5 n=1000000 path=\"/\" type=\"destroy\"":{"mean":380.8,"sqsum":58.8,"variance":2.027586206896552,"size":30},"asyncMethod=\"async\" benchmarker=\"test-double-http\" connections=500 duration=5 n=1000000 path=\"/\" type=\"destroy\"":{"mean":376.8333333333333,"sqsum":48.166666666666664,"variance":1.660919540229885,"size":30},"asyncMethod=\"callbacks\" benchmarker=\"test-double-http\" connections=500 duration=5 n=1000000 path=\"/\" type=\"async-local-storage\"":{"mean":379,"sqsum":46,"variance":1.5862068965517242,"size":30},"asyncMethod=\"async\" benchmarker=\"test-double-http\" connections=500 duration=5 n=1000000 path=\"/\" type=\"async-local-storage\"":{"mean":375.6333333333333,"sqsum":46.96666666666667,"variance":1.6195402298850574,"size":30}},"gc-tracking":{"method=\"trackingEnabled\" n=1000000":{"mean":57704857.28739315,"sqsum":5678301308786.718,"variance":195803493406.43854,"size":30},"method=\"trackingEnabledWithDestroyHook\" n=1000000":{"mean":1853373.4753054357,"sqsum":2902393327.839887,"variance":100082528.546203,"size":30},"method=\"trackingDisabled\" n=1000000":{"mean":60445084.30676398,"sqsum":8157563848140.363,"variance":281295305108.2884,"size":30}},"http-server":{"asyncHooks=\"init\" benchmarker=\"test-double-http\" connections=50 duration=5":{"mean":25457.9,"sqsum":3048928.7,"variance":105135.4724137931,"size":30},"asyncHooks=\"init\" benchmarker=\"test-double-http\" connections=500 duration=5":{"mean":25383.5,"sqsum":1758189.5,"variance":60627.224137931036,"size":30},"asyncHooks=\"before\" benchmarker=\"test-double-http\" connections=50 duration=5":{"mean":25293.666666666668,"sqsum":1923146.6666666667,"variance":66315.40229885057,"size":30},"asyncHooks=\"before\" benchmarker=\"test-double-http\" connections=500 duration=5":{"mean":25360.3,"sqsum":2370516.3,"variance":81741.94137931034,"size":30},"asyncHooks=\"after\" benchmarker=\"test-double-http\" connections=50 duration=5":{"mean":25406.133333333335,"sqsum":1906693.4666666666,"variance":65748.05057471264,"size":30},"asyncHooks=\"after\" benchmarker=\"test-double-http\" connections=500 duration=5":{"mean":25371.2,"sqsum":2778814.8,"variance":95821.2,"size":30},"asyncHooks=\"all\" benchmarker=\"test-double-http\" connections=50 duration=5":{"mean":25502.033333333333,"sqsum":2409874.966666667,"variance":83099.1367816092,"size":30},"asyncHooks=\"all\" benchmarker=\"test-double-http\" connections=500 duration=5":{"mean":25484.7,"sqsum":1738624.3,"variance":59952.56206896552,"size":30},"asyncHooks=\"disabled\" benchmarker=\"test-double-http\" connections=50 duration=5":{"mean":25490.633333333335,"sqsum":2666914.966666667,"variance":91962.58505747127,"size":30},"asyncHooks=\"disabled\" benchmarker=\"test-double-http\" connections=500 duration=5":{"mean":25519.833333333332,"sqsum":1794438.1666666667,"variance":61877.17816091954,"size":30},"asyncHooks=\"none\" benchmarker=\"test-double-http\" connections=50 duration=5":{"mean":25416.433333333334,"sqsum":2040929.3666666667,"variance":70376.87471264368,"size":30},"asyncHooks=\"none\" benchmarker=\"test-double-http\" connections=500 duration=5":{"mean":25498.933333333334,"sqsum":1143345.8666666667,"variance":39425.71954022988,"size":30}},"promises":{"asyncHooks=\"enabled\" n=1000000":{"mean":275143.1583113999,"sqsum":625076442.4371799,"variance":21554360.084040686,"size":30},"asyncHooks=\"enabledWithDestroy\" n=1000000":{"mean":186978.2924431271,"sqsum":454513788.37100387,"variance":15672889.254172547,"size":30},"asyncHooks=\"enabledWithInitOnly\" n=1000000":{"mean":320887.37441757123,"sqsum":1530810641.6919806,"variance":52786573.851447605,"size":30},"asyncHooks=\"disabled\" n=1000000":{"mean":1440024.2089529291,"sqsum":42894903574.57945,"variance":1479134606.0199811,"size":30}}}