{"defaultparams-bench":{"method=\"withoutdefaults\" n=100000000":{"mean":554340974.4025489,"sqsum":158227512089061.1,"variance":5456121106519.349,"size":30},"method=\"withdefaults\" n=100000000":{"mean":556061762.7336096,"sqsum":164265632727047.38,"variance":5664332163001.634,"size":30}},"destructuring-bench":{"method=\"swap\" n=100000000":{"mean":336893918.7470502,"sqsum":28906500367950.66,"variance":996775874756.9193,"size":30},"method=\"destructure\" n=100000000":{"mean":281147100.2843138,"sqsum":11223538347175.53,"variance":387018563695.70795,"size":30}},"destructuring-object-bench":{"method=\"normal\" n=100000000":{"mean":1108301487.3310452,"sqsum":2317958296566590.5,"variance":79929596433330.7,"size":30},"method=\"destructureObject\" n=100000000":{"mean":1106376431.7645636,"sqsum":1952870745290248.2,"variance":67340370527249.94,"size":30}},"foreach-bench":{"count=5 method=\"for\" n=5000000":{"mean":121767828.38978197,"sqsum":48057620838502.484,"variance":1657159339258.7063,"size":30},"count=10 method=\"for\" n=5000000":{"mean":79138689.74060991,"sqsum":13141858908345.156,"variance":453167548563.6261,"size":30},"count=20 method=\"for\" n=5000000":{"mean":43906217.45745595,"sqsum":2081930113288.683,"variance":71790693561.67873,"size":30},"count=100 method=\"for\" n=5000000":{"mean":10259418.903421564,"sqsum":9813744637.85745,"variance":338404987.5123259,"size":30},"count=5 method=\"for-of\" n=5000000":{"mean":69368463.10799971,"sqsum":7430538257219.944,"variance":256225457145.51532,"size":30},"count=10 method=\"for-of\" n=5000000":{"mean":43194245.76331603,"sqsum":1570464464887.2695,"variance":54153947065.078255,"size":30},"count=20 method=\"for-of\" n=5000000":{"mean":24683465.752238184,"sqsum":120927266067.24669,"variance":4169905726.4567823,"size":30},"count=100 method=\"for-of\" n=5000000":{"mean":7513152.182983345,"sqsum":2868995662.4080696,"variance":98930884.91062309,"size":30},"count=5 method=\"for-in\" n=5000000":{"mean":2473528.58423643,"sqsum":201176829070.7011,"variance":6937132036.920728,"size":30},"count=10 method=\"for-in\" n=5000000":{"mean":1534555.5632694107,"sqsum":11169847599.317223,"variance":385167158.59714556,"size":30},"count=20 method=\"for-in\" n=5000000":{"mean":855282.4380304038,"sqsum":8507811251.907451,"variance":293372801.7899121,"size":30},"count=100 method=\"for-in\" n=5000000":{"mean":190241.88058179137,"sqsum":288303701.2808913,"variance":9941506.94072039,"size":30},"count=5 method=\"forEach\" n=5000000":{"mean":118257532.189246,"sqsum":27347274392185.277,"variance":943009461799.4923,"size":30},"count=10 method=\"forEach\" n=5000000":{"mean":81445623.46717706,"sqsum":71962000500484.08,"variance":2481448293120.1406,"size":30},"count=20 method=\"forEach\" n=5000000":{"mean":49464856.813952774,"sqsum":10760635861919.938,"variance":371056409031.72205,"size":30},"count=100 method=\"forEach\" n=5000000":{"mean":13875977.562618705,"sqsum":412213083094.44476,"variance":14214244244.636026,"size":30}},"map-bench":{"method=\"object\" n=1000000":{"mean":310861.47276161984,"sqsum":460500516.28203416,"variance":15879328.14765635,"size":30},"method=\"nullProtoObject\" n=1000000":{"mean":323007.25849573594,"sqsum":232512209.75718823,"variance":8017662.405420284,"size":30},"method=\"nullProtoLiteralObject\" n=1000000":{"mean":321608.29145244596,"sqsum":199976092.12113678,"variance":6895727.314521958,"size":30},"method=\"storageObject\" n=1000000":{"mean":318869.93436588004,"sqsum":263019340.27094516,"variance":9069632.42313604,"size":30},"method=\"fakeMap\" n=1000000":{"mean":282738.4296821842,"sqsum":298978182.7865221,"variance":10309592.509880072,"size":30},"method=\"map\" n=1000000":{"mean":671868.3711499642,"sqsum":267684271.92406827,"variance":9230492.135312699,"size":30}},"restparams-bench":{"method=\"copy\" n=100000000":{"mean":24663019.78769464,"sqsum":2094771529671.522,"variance":72233501023.15593,"size":30},"method=\"rest\" n=100000000":{"mean":134744462.91053173,"sqsum":2055535006341796.2,"variance":70880517460061.94,"size":30},"method=\"arguments\" n=100000000":{"mean":136288906.43425554,"sqsum":586141819137.2164,"variance":20211786866.800568,"size":30}},"spread-assign":{"count=5 method=\"spread\" n=1000000":{"mean":23888920.94624296,"sqsum":36254964025886.984,"variance":1250171173306.4478,"size":30},"count=10 method=\"spread\" n=1000000":{"mean":21222232.17551786,"sqsum":30105996812798.887,"variance":1038137821130.9961,"size":30},"count=20 method=\"spread\" n=1000000":{"mean":108189.8016367489,"sqsum":81919835.91589138,"variance":2824821.9281341853,"size":30},"count=5 method=\"assign\" n=1000000":{"mean":5415819.345423886,"sqsum":131832387561.25786,"variance":4545944398.664063,"size":30},"count=10 method=\"assign\" n=1000000":{"mean":2745750.25560293,"sqsum":36941860717.87803,"variance":1273857266.1337252,"size":30},"count=20 method=\"assign\" n=1000000":{"mean":86696.1947708364,"sqsum":45938838.118718415,"variance":1584097.866162704,"size":30},"count=5 method=\"_extend\" n=1000000":{"mean":3332798.786020704,"sqsum":1202010876840.4583,"variance":41448650925.53304,"size":30},"count=10 method=\"_extend\" n=1000000":{"mean":1391828.8891214153,"sqsum":4005988727.1820097,"variance":138137542.31662104,"size":30},"count=20 method=\"_extend\" n=1000000":{"mean":267479.14371272246,"sqsum":2444202477.6473966,"variance":84282844.05680677,"size":30}},"spread-bench":{"context=\"context\" count=5 method=\"apply\" n=5000000 rest=0":{"mean":31500402.511477422,"sqsum":14700374614215.42,"variance":506909469455.7041,"size":30},"context=\"context\" count=5 method=\"apply\" n=5000000 rest=1":{"mean":31670338.37279768,"sqsum":569573778080.0839,"variance":19640475106.20979,"size":30},"context=\"null\" count=5 method=\"apply\" n=5000000 rest=0":{"mean":31504693.499410108,"sqsum":13641051803590.385,"variance":470381096675.5305,"size":30},"context=\"null\" count=5 method=\"apply\" n=5000000 rest=1":{"mean":31407854.59700117,"sqsum":25502605438304.25,"variance":879400187527.7327,"size":30},"context=\"context\" count=10 method=\"apply\" n=5000000 rest=0":{"mean":25102619.73872313,"sqsum":9605353512258.1,"variance":331219086629.5896,"size":30},"context=\"context\" count=10 method=\"apply\" n=5000000 rest=1":{"mean":24725927.970806137,"sqsum":18473811868828.617,"variance":637027995476.8489,"size":30},"context=\"null\" count=10 method=\"apply\" n=5000000 rest=0":{"mean":25143104.931272466,"sqsum":11975283111402.246,"variance":412940796944.905,"size":30},"context=\"null\" count=10 method=\"apply\" n=5000000 rest=1":{"mean":24739233.322941687,"sqsum":15768469204049.867,"variance":543740317381.0299,"size":30},"context=\"context\" count=20 method=\"apply\" n=5000000 rest=0":{"mean":18551178.45855225,"sqsum":28810383324166.383,"variance":993461493936.7719,"size":30},"context=\"context\" count=20 method=\"apply\" n=5000000 rest=1":{"mean":18624590.60943223,"sqsum":2659933831339.131,"variance":91721856253.07347,"size":30},"context=\"null\" count=20 method=\"apply\" n=5000000 rest=0":{"mean":18670116.75816452,"sqsum":1615247995382.6824,"variance":55698206737.33388,"size":30},"context=\"null\" count=20 method=\"apply\" n=5000000 rest=1":{"mean":18524421.185780067,"sqsum":4918373315674.312,"variance":169599079850.83832,"size":30},"context=\"context\" count=5 method=\"spread\" n=5000000 rest=0":{"mean":31466983.651385903,"sqsum":32729760549971.617,"variance":1128612432757.642,"size":30},"context=\"context\" count=5 method=\"spread\" n=5000000 rest=1":{"mean":31487599.818452932,"sqsum":22198992713198.293,"variance":765482507351.6653,"size":30},"context=\"null\" count=5 method=\"spread\" n=5000000 rest=0":{"mean":35819951.574589856,"sqsum":6544347620309.489,"variance":225667159321.01688,"size":30},"context=\"null\" count=5 method=\"spread\" n=5000000 rest=1":{"mean":35445928.516090274,"sqsum":48772061164107.66,"variance":1681795212555.4363,"size":30},"context=\"context\" count=10 method=\"spread\" n=5000000 rest=0":{"mean":25141485.861350454,