{"arguments":{"method=\"restAndSpread\" n=1000000":{"mean":2868256.7753917845,"sqsum":34543571794.77742,"variance":1191157648.0957732,"size":30},"method=\"argumentsAndApply\" n=1000000":{"mean":2872158.6087236707,"sqsum":122106928389.47636,"variance":4210583737.5681505,"size":30},"method=\"restAndApply\" n=1000000":{"mean":2886006.859564982,"sqsum":47630152907.90382,"variance":1642419065.7897868,"size":30},"method=\"predefined\" n=1000000":{"mean":2884427.456703227,"sqsum":56176077905.1978,"variance":1937106134.6619933,"size":30}},"freelist":{"n=100000":{"mean":162749.74715233536,"sqsum":33687539.30852155,"variance":1161639.2865007431,"size":30}},"getstringwidth":{"n=100000 type=\"ascii\"":{"mean":238198.87533806358,"sqsum":7363966.686721058,"variance":253929.885749002,"size":30},"n=100000 type=\"mixed\"":{"mean":128003.82799931568,"sqsum":1049910.8476034638,"variance":36203.822331153926,"size":30},"n=100000 type=\"emojiseq\"":{"mean":203212.23308375868,"sqsum":7169723.713817906,"variance":247231.85220061743,"size":30},"n=100000 type=\"fullwidth\"":{"mean":330262.35551268107,"sqsum":55333006.58325318,"variance":1908034.7097673512,"size":30}},"object-property-bench":{"method=\"property\" n=1000000000":{"mean":1146549921.8926544,"sqsum":34019587184526.613,"variance":1173089213259.5383,"size":30},"method=\"string\" n=1000000000":{"mean":1146836194.2102523,"sqsum":28325366570448.34,"variance":976736778291.3221,"size":30},"method=\"variable\" n=1000000000":{"mean":1145116265.612004,"sqsum":36936042675346.56,"variance":1273656643977.4675,"size":30},"method=\"symbol\" n=1000000000":{"mean":1138780478.7235992,"sqsum":138365503398537.23,"variance":4771224255121.974,"size":30}},"print":{"code=\"1\" dur=1":{"mean":24.606713018434302,"sqsum":1.104173027096228,"variance":0.03807493196883545,"size":30},"code=\"\\\"string\\\"\" dur=1":{"mean":24.64508959995295,"sqsum":1.182694890932937,"variance":0.04078258244596334,"size":30},"code=\"process.versions\" dur=1":{"mean":24.5486900950989,"sqsum":1.0031166691965936,"variance":0.03459022997229633,"size":30},"code=\"process\" dur=1":{"mean":24.540878193754985,"sqsum":1.040650433050433,"variance":0.03588449769139424,"size":30}},"punycode":{"method=\"punycode\" n=1024 val=\"افغانستا.icom.museum\"":{"mean":87997.96223868732,"sqsum":127169837.46005654,"variance":4385166.808967467,"size":30},"method=\"punycode\" n=1024 val=\"الجزائر.icom.museum\"":{"mean":90991.9748352475,"sqsum":98535476.48096885,"variance":3397775.0510678915,"size":30},"method=\"punycode\" n=1024 val=\"österreich.icom.museum\"":{"mean":98207.68452876841,"sqsum":164502069.15684876,"variance":5672485.1433396125,"size":30},"method=\"punycode\" n=1024 val=\"বাংলাদেশ.icom.museum\"":{"mean":87263.67052362954,"sqsum":83011215.98340586,"variance":2862455.723565719,"size":30},"method=\"punycode\" n=1024 val=\"беларусь.icom.museum\"":{"mean":88749.7353503097,"sqsum":175401858.11685887,"variance":6048339.9350641,"size":30},"method=\"punycode\" n=1024 val=\"belgië.icom.museum\"":{"mean":102940.55750715225,"sqsum":198861822.24787867,"variance":6857304.215444092,"size":30},"method=\"punycode\" n=1024 val=\"българия.icom.museum\"":{"mean":88599.1611993875,"sqsum":181475279.4260862,"variance":6257768.256071937,"size":30},"method=\"punycode\" n=1024 val=\"تشادر.icom.museum\"":{"mean":92753.07630056115,"sqsum":78944426.27277909,"variance":2722221.5956130726,"size":30},"method=\"punycode\" n=1024 val=\"中国.icom.museum\"":{"mean":93642.99160395676,"sqsum":79768987.65464057,"variance":2750654.746711744,"size":30},"method=\"punycode\" n=1024 val=\"القمر.icom.museum\"":{"mean":93563.61069924867,"sqsum":116334556.17750366,"variance":4011536.4199139196,"size":30},"method=\"punycode\" n=1024 val=\"κυπρος.icom.museum\"":{"mean":93791.91823951779,"sqsum":92990688.64577222,"variance":3206575.4705438693,"size":30},"method=\"punycode\" n=1024 val=\"českárepublika.icom.museum\"":{"mean":95024.43827528157,"sqsum":273071493.7867485,"variance":9416258.406439604,"size":30},"method=\"punycode\" n=1024 val=\"مصر.icom.museum\"":{"mean":94241.47292714012,"sqsum":156201858.78932187,"variance":5386270.992735237,"size":30},"method=\"punycode\" n=1024 val=\"ελλάδα.icom.museum\"":{"mean":91528.13787968262,"sqsum":85265227.54304881,"variance":2940180.260105131,"size":30},"method=\"punycode\" n=1024 val=\"magyarország.icom.museum\"":{"mean":97298.43330162691,"sqsum":226924423.4762778,"variance":7824980.119871648,"size":30},"method=\"punycode\" n=1024 val=\"ísland.icom.museum\"":{"mean":102868.71039551089,"sqsum":169774457.23454207,"variance":5854291.628777313,"size":30},"method=\"punycode\" n=1024 val=\"भारत.icom.museum\"":{"mean":93623.74290702357,"sqsum":200431949.37003464,"variance":6911446.530001194,"size":30},"method=\"punycode\" n=1024 val=\"ايران.icom.museum\"":{"mean":91407.81926187276,"sqsum":52359598.325602956,"variance":1805503.390538033,"size":30},"method=\"punycode\" n=1024 val=\"éire.icom.museum\"":{"mean":104350.4008415,"sqsum":207533537.766632,"variance":7156328.888504551,"size":30},"method=\"punycode\" n=1024 val=\"איקו״ם.ישראל.museum\"":{"mean":80213.6820403256,"sqsum":71751139.43924856,"variance":2474177.2220430537,"size":30},"method=\"punycode\" n=1024 val=\"日本.icom.museum\"":{"mean":93734.33608053328,"sqsum":58545528.56876084,"variance":2018811.3299572703,"size":30},"method=\"punycode\" n=1024 val=\"الأردن.icom.museum\"":{"mean":91495.0609991005,"sqsum":171826886.6540681,"variance":5925065.057036831,"size":30},"method=\"icu\" n=1024 val=\"افغانستا.icom.museum\"":{"mean":217109.0074405601,"sqsum":854230782.9421268,"variance":29456233.894556098,"size":30},"method=\"icu\" n=1024 val=\"الجزائر.icom.museum\"":{"mean":235178.77532424443,"sqsum":531848038.9875809,"variance":18339587.551295895,"size":30},"method=\"icu\" n=1024 val=\"österreich.icom.museum\"":{"mean":256643.80101407194,"sqsum":713607846.3481966,"variance":24607167.115455057,"size":30},"method=\"icu\" n=1024 val=\"বাংলাদেশ.icom.museum\"":{"mean":193191.10978202795,"sqsum":477391804.5700575,"variance":16461786.364484742,"size":30},"method=\"icu\" n=1024 val=\"беларусь.icom.museum\"":{"mean":219057.83299399744,"sqsum":725438111.4900569,"variance":25015107.292760585,"size":30},"method=\"icu\" n=1024 val=\"belgië.icom.museum\"":{"mean":268236.91011745646,"sqsum":1299702909.9616895,"variance":44817341.72281688,"size":30},"method=\"icu\" n=1024 val=\"българия.icom.museum\"":{"mean":216339.14000328805,"sqsum":711424579.3998369,"variance":24531882.048270237,"size":30},"method=\"icu\" n=1024 val=\"تشادر.icom.museum\"":{"mean":251122.1720309154,"sqsum":742003103.7754968,"variance":25586313.923292994,"size":30},"method=\"icu\" n=1024 val=\"中国.icom.museum\"":{"mean":280499.80620189273,"sqsum":1229792446.7139108,"variance":42406636.09358313,"size":30},"method=\"icu\" n=1024 val=\"القمر.icom.museum\"":{"mean":251044.09666796552,"sqsum":645518818.9086537,"variance":22259269.617539782,"size":30},"method=\"icu\" n=1024 val=\"κυπρος.icom.museum\"":{"mean":245832.85069911534,"sqsum":860069877.1554055,"variance":29657581.97087605,"size":30},"method=\"icu\" n=1024 val=\"českárepublika.icom.museum\"":{"mean":231899.84921862872,"sqsum":696870777.863628,"variance":24030026.822883725,"size":30},"method=\"icu\" n=1024 val=\"مصر.icom.museum\"":{"mean":273587.07764542033,"sqsum":1242558933.871154,"variance":42846859.78866048,"size":30},"method=\"icu\" n=1024 val=\"ελλάδα.icom.museum\"":{"mean":249160.78479714514,"sqsum":825114727.3693691,"variance":28452231.97825411,"size":30},"method=\"icu\" n=1024 val=\"magyarország.icom.museum\"":{"mean":243961.05581475864,"sqsum":809363356.702829,"variance":27909081.265614793,"size":30},"method=\"icu\" n=1024 val=\"ísland.icom.museum\"":{"mean":269909.96730974625,"sqsum":1453049653.4429634,"variance":50105160.46355046,"size":30},"method=\"icu\" n=1024 val=\"भारत.icom.museum\"":{"mean":261833.37882696485,"sqsum":842823399.6317053,"variance":29062875.84936915,"size":30},