{"atomics-wait":{"n=10000000":{"mean":10671474.279392991,"sqsum":609326469905.215,"variance":21011257582.93845,"size":30}},"bench-eventlooputil":{"method=\"ELU_simple\" n=1000000":{"mean":6465528.216909508,"sqsum":293339137438.01526,"variance":10115142670.276388,"size":30},"method=\"ELU_passed\" n=1000000":{"mean":5884515.147309394,"sqsum":329139297495.5667,"variance":11349630948.12299,"size":30}},"echo":{"n=100000 payload=\"string\" sendsPerBroadcast=1 workers=1":{"mean":88658.6297199583,"sqsum":1864370056.4925714,"variance":64288622.637674876,"size":30},"n=100000 payload=\"string\" sendsPerBroadcast=10 workers=1":{"mean":50556.45152652254,"sqsum":39180966.30298567,"variance":1351067.8035512299,"size":30},"n=100000 payload=\"object\" sendsPerBroadcast=1 workers=1":{"mean":65475.60759468156,"sqsum":485194914.85217315,"variance":16730859.132833557,"size":30},"n=100000 payload=\"object\" sendsPerBroadcast=10 workers=1":{"mean":30322.588992834015,"sqsum":24024527.4520213,"variance":828431.9811041828,"size":30}},"messageport":{"n=1000000 payload=\"string\" style=\"eventtarget\"":{"mean":682520.6183666936,"sqsum":5099710561.617458,"variance":175852088.3316365,"size":30},"n=1000000 payload=\"string\" style=\"eventemitter\"":{"mean":1157060.7220248766,"sqsum":16462945569.520908,"variance":567687778.2593417,"size":30},"n=1000000 payload=\"object\" style=\"eventtarget\"":{"mean":371527.47985341254,"sqsum":2909761056.576493,"variance":100336588.15781009,"size":30},"n=1000000 payload=\"object\" style=\"eventemitter\"":{"mean":513857.1618411842,"sqsum":4895887821.133803,"variance":168823717.97013116,"size":30}}}