{"echo":{"n=100000 payload=\"string\" sendsPerBroadcast=1 serialization=\"json\" workers=1":{"mean":17069.977644028597,"sqsum":7609047.195844479,"variance":262380.93778774067,"size":30},"n=100000 payload=\"string\" sendsPerBroadcast=1 serialization=\"advanced\" workers=1":{"mean":12624.1246627276,"sqsum":2711488.993154336,"variance":93499.6204535978,"size":30},"n=100000 payload=\"string\" sendsPerBroadcast=10 serialization=\"json\" workers=1":{"mean":7357.841374160552,"sqsum":953318.4684910829,"variance":32873.05063762355,"size":30},"n=100000 payload=\"string\" sendsPerBroadcast=10 serialization=\"advanced\" workers=1":{"mean":3743.57939271266,"sqsum":160572.7299423743,"variance":5536.99068766808,"size":30},"n=100000 payload=\"object\" sendsPerBroadcast=1 serialization=\"json\" workers=1":{"mean":14871.537597439568,"sqsum":6973353.962838735,"variance":240460.48147719778,"size":30},"n=100000 payload=\"object\" sendsPerBroadcast=1 serialization=\"advanced\" workers=1":{"mean":9997.785230568757,"sqsum":2431059.709019612,"variance":83829.64513860732,"size":30},"n=100000 payload=\"object\" sendsPerBroadcast=10 serialization=\"json\" workers=1":{"mean":5181.006156397632,"sqsum":87491.57995481513,"variance":3016.9510329246596,"size":30},"n=100000 payload=\"object\" sendsPerBroadcast=10 serialization=\"advanced\" workers=1":{"mean":2853.972732425103,"sqsum":57919.55501430775,"variance":1997.2260349761293,"size":30}}}