{"defaultparams-bench":{"method=\"withoutdefaults\" n=100000000":{"mean":552265032.1931062,"sqsum":117069787701929.56,"variance":4036889231101.0195,"size":30},"method=\"withdefaults\" n=100000000":{"mean":553069193.538776,"sqsum":90603485413072.4,"variance":3124258117692.152,"size":30}},"destructuring-bench":{"method=\"swap\" n=100000000":{"mean":373089886.7806975,"sqsum":37823976658682.96,"variance":1304275057195.964,"size":30},"method=\"destructure\" n=100000000":{"mean":281136992.248016,"sqsum":9690659336262.46,"variance":334160666767.6711,"size":30}},"destructuring-object-bench":{"method=\"normal\" n=100000000":{"mean":1106500247.6679544,"sqsum":2396552154438934.5,"variance":82639729463411.53,"size":30},"method=\"destructureObject\" n=100000000":{"mean":1105357293.6330268,"sqsum":1932892401982755.5,"variance":66651462137336.4,"size":30}},"foreach-bench":{"count=5 method=\"for\" n=5000000":{"mean":126621011.1873835,"sqsum":35646565466118.734,"variance":1229191912624.784,"size":30},"count=10 method=\"for\" n=5000000":{"mean":81236378.4928359,"sqsum":14793739379938.031,"variance":510128944135.7942,"size":30},"count=20 method=\"for\" n=5000000":{"mean":47536041.62992168,"sqsum":2938800514869.3677,"variance":101337948788.59889,"size":30},"count=100 method=\"for\" n=5000000":{"mean":10387442.854799937,"sqsum":6979590528.0288925,"variance":240675535.44927216,"size":30},"count=5 method=\"for-of\" n=5000000":{"mean":75331794.32869376,"sqsum":9690200728861.098,"variance":334144852719.3482,"size":30},"count=10 method=\"for-of\" n=5000000":{"mean":46297002.31970442,"sqsum":1567011089359.1677,"variance":54034865150.316124,"size":30},"count=20 method=\"for-of\" n=5000000":{"mean":27749786.138942678,"sqsum":358177377076.6815,"variance":12350944037.12695,"size":30},"count=100 method=\"for-of\" n=5000000":{"mean":9584781.890199497,"sqsum":6713143755.124684,"variance":231487715.69395462,"size":30},"count=5 method=\"for-in\" n=5000000":{"mean":2587807.9095879793,"sqsum":36103498230.81931,"variance":1244948214.8558383,"size":30},"count=10 method=\"for-in\" n=5000000":{"mean":1703383.6557497552,"sqsum":898929112.6819799,"variance":30997555.609723445,"size":30},"count=20 method=\"for-in\" n=5000000":{"mean":999425.7304303225,"sqsum":3328005368.0303645,"variance":114758805.7941505,"size":30},"count=100 method=\"for-in\" n=5000000":{"mean":231494.33355194025,"sqsum":647004985.1827987,"variance":22310516.730441336,"size":30},"count=5 method=\"forEach\" n=5000000":{"mean":98143827.25795919,"sqsum":20368324049965.934,"variance":702356001722.9633,"size":30},"count=10 method=\"forEach\" n=5000000":{"mean":64650174.09230725,"sqsum":11198675627369.912,"variance":386161228529.99695,"size":30},"count=20 method=\"forEach\" n=5000000":{"mean":46500068.83328649,"sqsum":4037175656816.2603,"variance":139212953683.3193,"size":30},"count=100 method=\"forEach\" n=5000000":{"mean":13681894.018799923,"sqsum":74516310147.94925,"variance":2569527936.136181,"size":30}},"map-bench":{"method=\"object\" n=1000000":{"mean":326676.2604661634,"sqsum":865380786.9081355,"variance":29840716.789935708,"size":30},"method=\"nullProtoObject\" n=1000000":{"mean":340280.2526460825,"sqsum":898058213.0339937,"variance":30967524.587379094,"size":30},"method=\"nullProtoLiteralObject\" n=1000000":{"mean":338864.4211313416,"sqsum":1412749702.7742155,"variance":48715506.99221433,"size":30},"method=\"storageObject\" n=1000000":{"mean":335520.8314003682,"sqsum":785260112.1522088,"variance":27077934.9018003,"size":30},"method=\"fakeMap\" n=1000000":{"mean":277279.5540281691,"sqsum":128087878.06618024,"variance":4416823.381592423,"size":30},"method=\"map\" n=1000000":{"mean":631338.1604930855,"sqsum":112052304.60235,"variance":3863872.5724948277,"size":30}},"restparams-bench":{"method=\"copy\" n=100000000":{"mean":30115913.312971096,"sqsum":80619447164350.73,"variance":2779980936701.7495,"size":30},"method=\"rest\" n=100000000":{"mean":135428170.001975,"sqsum":7575699175181620,"variance":261231006040745.53,"size":30},"method=\"arguments\" n=100000000":{"mean":141661110.83241567,"sqsum":1097947427609.7485,"variance":37860256124.47409,"size":30}},"spread-assign":{"count=5 method=\"spread\" n=1000000":{"mean":23151633.6538256,"sqsum":2609982233278.976,"variance":89999387354.44745,"size":30},"count=10 method=\"spread\" n=1000000":{"mean":19519241.802330434,"sqsum":2266656869293.3433,"variance":78160581699.77046,"size":30},"count=20 method=\"spread\" n=1000000":{"mean":109812.98449264128,"sqsum":67624446.77321054,"variance":2331877.474938295,"size":30},"count=5 method=\"assign\" n=1000000":{"mean":5493477.891672261,"sqsum":61230329465.61966,"variance":2111390671.228264,"size":30},"count=10 method=\"assign\" n=1000000":{"mean":2736176.6763322055,"sqsum":19102120156.19611,"variance":658693798.489521,"size":30},"count=20 method=\"assign\" n=1000000":{"mean":89458.2490527173,"sqsum":90923732.67274298,"variance":3135301.1266463096,"size":30},"count=5 method=\"_extend\" n=1000000":{"mean":3335803.5503006545,"sqsum":253819291162.12375,"variance":8752389350.41806,"size":30},"count=10 method=\"_extend\" n=1000000":{"mean":1599508.1775072103,"sqsum":10513510608.19546,"variance":362534848.55846417,"size":30},"count=20 method=\"_extend\" n=1000000":{"mean":267024.9417499825,"sqsum":911938026.1156707,"variance":31446138.83157485,"size":30}},"spread-bench":{"context=\"context\" count=5 method=\"apply\" n=5000000 rest=0":{"mean":29998098.81322392,"sqsum":6316130589858.704,"variance":217797606546.85187,"size":30},"context=\"context\" count=5 method=\"apply\" n=5000000 rest=1":{"mean":29460660.538175978,"sqsum":7082137871258.336,"variance":244211650733.04605,"size":30},"context=\"null\" count=5 method=\"apply\" n=5000000 rest=0":{"mean":29975970.036976475,"sqsum":18719940335013.094,"variance":645515183965.9688,"size":30},"context=\"null\" count=5 method=\"apply\" n=5000000 rest=1":{"mean":28722685.088222865,"sqsum":269176087284602.4,"variance":9281934044296.635,"size":30},"context=\"context\" count=10 method=\"apply\" n=5000000 rest=0":{"mean":23255353.058341864,"sqsum":18813646352353.566,"variance":648746425943.2264,"size":30},"context=\"context\" count=10 method=\"apply\" n=5000000 rest=1":{"mean":22464054.924974497,"sqsum":15562617792474.77,"variance":536641992843.9576,"size":30},"context=\"null\" count=10 method=\"apply\" n=5000000 rest=0":{"mean":23189463.045363408,"sqsum":20082528605410.05,"variance":692500986393.4501,"size":30},"context=\"null\" count=10 method=\"apply\" n=5000000 rest=1":{"mean":22339727.641635925,"sqsum":15299447983451.14,"variance":527567171843.14276,"size":30},"context=\"context\" count=20 method=\"apply\" n=5000000 rest=0":{"mean":18057568.85960417,"sqsum":3099850160946.4805,"variance":106891384860.22346,"size":30},"context=\"context\" count=20 method=\"apply\" n=5000000 rest=1":{"mean":17417513.048624318,"sqsum":28585400338842.934,"variance":985703459960.1012,"size":30},"context=\"null\" count=20 method=\"apply\" n=5000000 rest=0":{"mean":18046441.830028236,"sqsum":3071306594125.1377,"variance":105907123935.34956,"size":30},"context=\"null\" count=20 method=\"apply\" n=5000000 rest=1":{"mean":17465487.784042038,"sqsum":51914718791894.01,"variance":1790162716961.8623,"size":30},"context=\"context\" count=5 method=\"spread\" n=5000000 rest=0":{"mean":30170667.476892803,"sqsum":30414862910295.816,"variance":1048788376217.0972,"size":30},"context=\"context\" count=5 method=\"spread\" n=5000000 rest=1":{"mean":29430443.904540498,"sqsum":38119985105539.695,"variance":1314482245018.61,"size":30},"context=\"null\" count=5 method=\"spread\" n=5000000 rest=0":{"mean":33806352.59727363,"sqsum":24524385118596.973,"variance":845668452365.413,"size":30},"context=\"null\" count=5 method=\"spread\" n=5000000 rest=1":{"mean":33144553.740587313,"sqsum":34095628166898.05,"variance":1175711316099.9329,"size":30},"context=\"context\" count=10 method=\"spread\" n=5000000 rest=0":{"mean":24279065.30854075,