{"async-resource-vs-destroy":{"asyncMethod=\"callbacks\" benchmarker=\"test-double-http\" connections=500 duration=5 n=1000000 path=\"/\" type=\"async-resource\"":{"mean":420.03333333333336,"sqsum":168.96666666666667,"variance":5.826436781609195,"size":30},"asyncMethod=\"async\" benchmarker=\"test-double-http\" connections=500 duration=5 n=1000000 path=\"/\" type=\"async-resource\"":{"mean":420.26666666666665,"sqsum":221.86666666666665,"variance":7.650574712643678,"size":30},"asyncMethod=\"callbacks\" benchmarker=\"test-double-http\" connections=500 duration=5 n=1000000 path=\"/\" type=\"destroy\"":{"mean":420.46666666666664,"sqsum":211.46666666666667,"variance":7.291954022988506,"size":30},"asyncMethod=\"async\" benchmarker=\"test-double-http\" connections=500 duration=5 n=1000000 path=\"/\" type=\"destroy\"":{"mean":419.4,"sqsum":147.2,"variance":5.075862068965517,"size":30},"asyncMethod=\"callbacks\" benchmarker=\"test-double-http\" connections=500 duration=5 n=1000000 path=\"/\" type=\"async-local-storage\"":{"mean":419.76666666666665,"sqsum":305.3666666666667,"variance":10.529885057471265,"size":30},"asyncMethod=\"async\" benchmarker=\"test-double-http\" connections=500 duration=5 n=1000000 path=\"/\" type=\"async-local-storage\"":{"mean":418.1,"sqsum":100.7,"variance":3.472413793103448,"size":30}},"gc-tracking":{"method=\"trackingEnabled\" n=1000000":{"mean":48733389.52152705,"sqsum":29658245356984.105,"variance":1022698115758.0726,"size":30},"method=\"trackingEnabledWithDestroyHook\" n=1000000":{"mean":1191881.2019196178,"sqsum":12506180330.810244,"variance":431247597.61414635,"size":30},"method=\"trackingDisabled\" n=1000000":{"mean":52829515.24545625,"sqsum":59399950347596.31,"variance":2048274149917.1143,"size":30}},"http-server":{"asyncHooks=\"init\" benchmarker=\"test-double-http\" connections=50 duration=5":{"mean":13013.1,"sqsum":138170.7,"variance":4764.506896551724,"size":30},"asyncHooks=\"init\" benchmarker=\"test-double-http\" connections=500 duration=5":{"mean":12925,"sqsum":198152,"variance":6832.827586206897,"size":30},"asyncHooks=\"before\" benchmarker=\"test-double-http\" connections=50 duration=5":{"mean":12975.666666666666,"sqsum":169924.66666666666,"variance":5859.471264367816,"size":30},"asyncHooks=\"before\" benchmarker=\"test-double-http\" connections=500 duration=5":{"mean":12988.633333333333,"sqsum":171470.96666666667,"variance":5912.791954022989,"size":30},"asyncHooks=\"after\" benchmarker=\"test-double-http\" connections=50 duration=5":{"mean":13052.1,"sqsum":192298.7,"variance":6630.989655172414,"size":30},"asyncHooks=\"after\" benchmarker=\"test-double-http\" connections=500 duration=5":{"mean":13023.133333333333,"sqsum":137509.46666666667,"variance":4741.705747126437,"size":30},"asyncHooks=\"all\" benchmarker=\"test-double-http\" connections=50 duration=5":{"mean":12941.4,"sqsum":147597.2,"variance":5089.558620689655,"size":30},"asyncHooks=\"all\" benchmarker=\"test-double-http\" connections=500 duration=5":{"mean":12958.133333333333,"sqsum":174609.46666666665,"variance":6021.016091954023,"size":30},"asyncHooks=\"disabled\" benchmarker=\"test-double-http\" connections=50 duration=5":{"mean":12929.3,"sqsum":265412.3,"variance":9152.14827586207,"size":30},"asyncHooks=\"disabled\" benchmarker=\"test-double-http\" connections=500 duration=5":{"mean":12933.466666666667,"sqsum":209021.46666666667,"variance":7207.636781609195,"size":30},"asyncHooks=\"none\" benchmarker=\"test-double-http\" connections=50 duration=5":{"mean":12927.6,"sqsum":180715.2,"variance":6231.558620689655,"size":30},"asyncHooks=\"none\" benchmarker=\"test-double-http\" connections=500 duration=5":{"mean":12942.366666666667,"sqsum":157872.96666666667,"variance":5443.895402298851,"size":30}},"promises":{"asyncHooks=\"enabled\" n=1000000":{"mean":86102.89836182128,"sqsum":73275805.99166922,"variance":2526751.9307472147,"size":30},"asyncHooks=\"enabledWithDestroy\" n=1000000":{"mean":60312.56037992095,"sqsum":6835265.31131297,"variance":235698.80383837828,"size":30},"asyncHooks=\"disabled\" n=1000000":{"mean":184989.73398712112,"sqsum":217956851.29410377,"variance":7515753.49290013,"size":30}}}