{"creation":{"kind=\"duplex\" n=50000000":{"mean":1999454.5434637254,"sqsum":33273479126.36496,"variance":1147361349.1849985,"size":30},"kind=\"readable\" n=50000000":{"mean":3737580.35512,"sqsum":283757485480.73047,"variance":9784740878.645878,"size":30},"kind=\"transform\" n=50000000":{"mean":2388080.6711919717,"sqsum":425850595077.85077,"variance":14684503278.54658,"size":30},"kind=\"writable\" n=50000000":{"mean":4688082.340877687,"sqsum":2725636108354.5415,"variance":93987452012.22557,"size":30}},"pipe-object-mode":{"n=5000000":{"mean":7753114.673471048,"sqsum":759461022786.906,"variance":26188311130.582966,"size":30}},"pipe":{"n=5000000":{"mean":6738938.673052193,"sqsum":114366144313.46748,"variance":3943660148.740258,"size":30}},"readable-bigread":{"n=1000":{"mean":823.213487137359,"sqsum":27290.11636062203,"variance":941.038495193863,"size":30}},"readable-bigunevenread":{"n=1000":{"mean":569.256723405595,"sqsum":2968.4950089477966,"variance":102.36189686026886,"size":30}},"readable-boundaryread":{"n=2000 type=\"string\"":{"mean":204.747865767208,"sqsum":1465.8886264057815,"variance":50.547883669164875,"size":30},"n=2000 type=\"buffer\"":{"mean":1010.6314149038966,"sqsum":6835.237448379249,"variance":235.6978430475603,"size":30}},"readable-readall":{"n=5000":{"mean":1451.2923132231556,"sqsum":51582.397806806155,"variance":1778.703372648488,"size":30}},"readable-unevenread":{"n=1000":{"mean":164.20499839105722,"sqsum":387.90103880347175,"variance":13.375897889774889,"size":30}},"writable-manywrites":{"callback=\"yes\" len=1024 n=2000000 sync=\"yes\" writev=\"yes\"":{"mean":19711879.095924422,"sqsum":3974708964522.9165,"variance":137058929811.13506,"size":30},"callback=\"yes\" len=32768 n=2000000 sync=\"yes\" writev=\"yes\"":{"mean":19727155.061133653,"sqsum":889453228994.009,"variance":30670800999.793415,"size":30},"callback=\"no\" len=1024 n=2000000 sync=\"yes\" writev=\"yes\"":{"mean":19000790.27065709,"sqsum":2256719094608.807,"variance":77817899814.0968,"size":30},"callback=\"no\" len=32768 n=2000000 sync=\"yes\" writev=\"yes\"":{"mean":18934337.04887591,"sqsum":1426337088422.7288,"variance":49184037531.81824,"size":30},"callback=\"yes\" len=1024 n=2000000 sync=\"yes\" writev=\"no\"":{"mean":22153677.3882137,"sqsum":807549378094.7257,"variance":27846530279.12847,"size":30},"callback=\"yes\" len=32768 n=2000000 sync=\"yes\" writev=\"no\"":{"mean":22131186.973563045,"sqsum":765436925271.1096,"variance":26394376733.48654,"size":30},"callback=\"no\" len=1024 n=2000000 sync=\"yes\" writev=\"no\"":{"mean":21299179.477151264,"sqsum":918394988402.6002,"variance":31668792703.53794,"size":30},"callback=\"no\" len=32768 n=2000000 sync=\"yes\" writev=\"no\"":{"mean":21310192.899247993,"sqsum":597871113789.8416,"variance":20616245303.097984,"size":30},"callback=\"yes\" len=1024 n=2000000 sync=\"no\" writev=\"yes\"":{"mean":11070476.457642533,"sqsum":809051223512.7424,"variance":27898318052.163532,"size":30},"callback=\"yes\" len=32768 n=2000000 sync=\"no\" writev=\"yes\"":{"mean":4540596.952133039,"sqsum":709843641444.0706,"variance":24477366946.34726,"size":30},"callback=\"no\" len=1024 n=2000000 sync=\"no\" writev=\"yes\"":{"mean":12987305.340998229,"sqsum":3161574980479.5586,"variance":109019826913.08823,"size":30},"callback=\"no\" len=32768 n=2000000 sync=\"no\" writev=\"yes\"":{"mean":4552648.307531701,"sqsum":541514377220.7228,"variance":18672909559.335266,"size":30},"callback=\"yes\" len=1024 n=2000000 sync=\"no\" writev=\"no\"":{"mean":4757833.122047224,"sqsum":261912437423.6267,"variance":9031463359.435404,"size":30},"callback=\"yes\" len=32768 n=2000000 sync=\"no\" writev=\"no\"":{"mean":4687296.819229576,"sqsum":219343944704.10202,"variance":7563584300.141449,"size":30},"callback=\"no\" len=1024 n=2000000 sync=\"no\" writev=\"no\"":{"mean":4726057.419370535,"sqsum":422739123006.80963,"variance":14577211138.16585,"size":30},"callback=\"no\" len=32768 n=2000000 sync=\"no\" writev=\"no\"":{"mean":4727045.06164832,"sqsum":360543505933.4567,"variance":12432534687.360577,"size":30}}}