{"module-loader-circular":{"n=10000":{"mean":6315.506774466658,"sqsum":203609.7273413696,"variance":7021.025080736883,"size":30}},"module-loader-deep":{"cache=\"true\" ext=\"\" files=1000":{"mean":828655.8144574843,"sqsum":26526875608.281948,"variance":914719848.5614465,"size":30},"cache=\"false\" ext=\"\" files=1000":{"mean":5678.27471145571,"sqsum":163352.36456554092,"variance":5632.840157432445,"size":30},"cache=\"true\" ext=\".js\" files=1000":{"mean":835495.0839247281,"sqsum":43047033386.30723,"variance":1484380461.596801,"size":30},"cache=\"false\" ext=\".js\" files=1000":{"mean":5766.7772259805915,"sqsum":160824.47797354846,"variance":5545.671654260292,"size":30}},"module-loader":{"cache=\"true\" dir=\"rel\" files=500 n=1 name=\"\"":{"mean":18638.423520416407,"sqsum":1605326.4089384198,"variance":55356.08306684206,"size":30},"cache=\"false\" dir=\"rel\" files=500 n=1 name=\"\"":{"mean":4551.719175342646,"sqsum":55504.563700117724,"variance":1913.9504724178526,"size":30},"cache=\"true\" dir=\"rel\" files=500 n=1000 name=\"\"":{"mean":1932504.9078978826,"sqsum":8453955505.253504,"variance":291515707.07770705,"size":30},"cache=\"false\" dir=\"rel\" files=500 n=1000 name=\"\"":{"mean":1442874.81895994,"sqsum":3922036565.337845,"variance":135242640.1840636,"size":30},"cache=\"true\" dir=\"abs\" files=500 n=1 name=\"\"":{"mean":18608.76792638135,"sqsum":2555007.391772097,"variance":88103.70316455506,"size":30},"cache=\"false\" dir=\"abs\" files=500 n=1 name=\"\"":{"mean":4617.793280761051,"sqsum":76311.52697391232,"variance":2631.431964617666,"size":30},"cache=\"true\" dir=\"abs\" files=500 n=1000 name=\"\"":{"mean":1925505.9208286898,"sqsum":4735423055.564309,"variance":163290450.19187275,"size":30},"cache=\"false\" dir=\"abs\" files=500 n=1000 name=\"\"":{"mean":1443558.868698859,"sqsum":3742013731.4002466,"variance":129034956.25518093,"size":30},"cache=\"true\" dir=\"rel\" files=500 n=1 name=\"/\"":{"mean":18688.27743389788,"sqsum":792742.0489363001,"variance":27335.932721941383,"size":30},"cache=\"false\" dir=\"rel\" files=500 n=1 name=\"/\"":{"mean":4732.064712175941,"sqsum":87634.16161566153,"variance":3021.8676419193635,"size":30},"cache=\"true\" dir=\"rel\" files=500 n=1000 name=\"/\"":{"mean":1886781.8086422796,"sqsum":9406874583.891306,"variance":324374985.65142435,"size":30},"cache=\"false\" dir=\"rel\" files=500 n=1000 name=\"/\"":{"mean":1429769.4251369191,"sqsum":1747100409.2786136,"variance":60244841.69926254,"size":30},"cache=\"true\" dir=\"abs\" files=500 n=1 name=\"/\"":{"mean":18678.845344864243,"sqsum":1332148.04797534,"variance":45936.13958535655,"size":30},"cache=\"false\" dir=\"abs\" files=500 n=1 name=\"/\"":{"mean":4776.567135737062,"sqsum":70805.44747418833,"variance":2441.5671542823566,"size":30},"cache=\"true\" dir=\"abs\" files=500 n=1000 name=\"/\"":{"mean":1876660.5711515532,"sqsum":8848432568.036562,"variance":305118364.41505384,"size":30},"cache=\"false\" dir=\"abs\" files=500 n=1000 name=\"/\"":{"mean":1430024.298232635,"sqsum":3163516264.5647216,"variance":109086767.74361108,"size":30},"cache=\"true\" dir=\"rel\" files=500 n=1 name=\"/index.js\"":{"mean":18706.655720388193,"sqsum":348953.950503377,"variance":12032.894844944034,"size":30},"cache=\"false\" dir=\"rel\" files=500 n=1 name=\"/index.js\"":{"mean":4929.857878273301,"sqsum":68815.34847287308,"variance":2372.943050788727,"size":30},"cache=\"true\" dir=\"rel\" files=500 n=1000 name=\"/index.js\"":{"mean":1822795.6674975343,"sqsum":96226671400.72678,"variance":3318161082.783682,"size":30},"cache=\"false\" dir=\"rel\" files=500 n=1000 name=\"/index.js\"":{"mean":1417126.4569243856,"sqsum":2980807313.408611,"variance":102786459.08305554,"size":30},"cache=\"true\" dir=\"abs\" files=500 n=1 name=\"/index.js\"":{"mean":18958.72688767635,"sqsum":2972577.18832687,"variance":102502.66166644379,"size":30},"cache=\"false\" dir=\"abs\" files=500 n=1 name=\"/index.js\"":{"mean":4973.616954950298,"sqsum":95742.9541751024,"variance":3301.481178451807,"size":30},"cache=\"true\" dir=\"abs\" files=500 n=1000 name=\"/index.js\"":{"mean":1828979.630918128,"sqsum":1613128291.9187489,"variance":55625113.51443961,"size":30},"cache=\"false\" dir=\"abs\" files=500 n=1000 name=\"/index.js\"":{"mean":1406690.1275246048,"sqsum":9445437351.280392,"variance":325704736.25104797,"size":30}},"module-require":{"n=10000 type=\".js\"":{"mean":10475.854526981295,"sqsum":504320.54600767826,"variance":17390.36365543718,"size":30},"n=10000 type=\".json\"":{"mean":21257.77275292713,"sqsum":2359530.003599904,"variance":81363.10357241049,"size":30},"n=10000 type=\"dir\"":{"mean":8812.800729510354,"sqsum":272720.41613588785,"variance":9404.152280547858,"size":30}}}