{"basename-posix":{"n=100000 pathext=\"\"":{"mean":11351760.383358013,"sqsum":345784550576.4152,"variance":11923605192.29018,"size":30},"n=100000 pathext=\"/\"":{"mean":10268733.838694843,"sqsum":232303341295.69275,"variance":8010460044.679061,"size":30},"n=100000 pathext=\"/foo\"":{"mean":8813452.436895238,"sqsum":93445367132.51169,"variance":3222254039.0521274,"size":30},"n=100000 pathext=\"/foo/.bar.baz\"":{"mean":6088288.613803542,"sqsum":57858876217.84357,"variance":1995133662.684261,"size":30},"n=100000 pathext=\"/foo/.bar.baz|.baz\"":{"mean":5020254.406190786,"sqsum":141331584018.15747,"variance":4873502897.177843,"size":30},"n=100000 pathext=\"foo\"":{"mean":10157520.644307159,"sqsum":183325098538.95325,"variance":6321555122.032871,"size":30},"n=100000 pathext=\"foo/bar.\"":{"mean":7099669.574824222,"sqsum":52963438788.92094,"variance":1826325475.4800322,"size":30},"n=100000 pathext=\"foo/bar.|.\"":{"mean":5972982.93695045,"sqsum":28990304872.530704,"variance":999665685.2596794,"size":30},"n=100000 pathext=\"/foo/bar/baz/asdf/quux.html\"":{"mean":5950753.93969252,"sqsum":27791468781.766136,"variance":958326509.7160736,"size":30},"n=100000 pathext=\"/foo/bar/baz/asdf/quux.html|.html\"":{"mean":4794397.790477926,"sqsum":19625639716.867496,"variance":676746197.1333619,"size":30}},"basename-win32":{"n=100000 pathext=\"\"":{"mean":10036137.299243918,"sqsum":146488967813.97885,"variance":5051343717.723409,"size":30},"n=100000 pathext=\"C:\\\\\"":{"mean":8011173.253957076,"sqsum":332771081951.02515,"variance":11474864894.862936,"size":30},"n=100000 pathext=\"C:\\\\foo\"":{"mean":7157312.586019828,"sqsum":38471666473.72803,"variance":1326609188.7492423,"size":30},"n=100000 pathext=\"D:\\\\foo\\\\.bar.baz\"":{"mean":5141830.733110199,"sqsum":17181705259.01551,"variance":592472595.1384659,"size":30},"n=100000 pathext=\"E:\\\\foo\\\\.bar.baz|.baz\"":{"mean":4395278.739430497,"sqsum":9753321523.916796,"variance":336321431.8591998,"size":30},"n=100000 pathext=\"foo\"":{"mean":8203366.004598947,"sqsum":111751118129.36035,"variance":3853486832.046909,"size":30},"n=100000 pathext=\"foo\\\\bar.\"":{"mean":5902852.227984554,"sqsum":31919504011.834187,"variance":1100672552.1322134,"size":30},"n=100000 pathext=\"foo\\\\bar.|.\"":{"mean":5200686.421719052,"sqsum":35984707964.927574,"variance":1240851998.790606,"size":30},"n=100000 pathext=\"\\\\foo\\\\bar\\\\baz\\\\asdf\\\\quux.html\"":{"mean":5399806.798340423,"sqsum":44010549421.97962,"variance":1517605152.482056,"size":30},"n=100000 pathext=\"\\\\foo\\\\bar\\\\baz\\\\asdf\\\\quux.html|.html\"":{"mean":4408345.056619266,"sqsum":12860525156.709957,"variance":443466384.7141365,"size":30}},"dirname-posix":{"n=100000 path=\"\"":{"mean":11355869.897507375,"sqsum":379053584790.38086,"variance":13070813268.633821,"size":30},"n=100000 path=\"/\"":{"mean":10610576.657414133,"sqsum":188022008100.55173,"variance":6483517520.708681,"size":30},"n=100000 path=\"/foo\"":{"mean":8810337.274913155,"sqsum":105808857051.22266,"variance":3648581277.6283674,"size":30},"n=100000 path=\"/foo/bar\"":{"mean":7191297.238130287,"sqsum":72851164946.01225,"variance":2512109136.069388,"size":30},"n=100000 path=\"foo\"":{"mean":9675486.109793242,"sqsum":183907177840.66235,"variance":6341626822.091805,"size":30},"n=100000 path=\"foo/bar\"":{"mean":8628134.259568386,"sqsum":67241360637.69846,"variance":2318667608.196499,"size":30},"n=100000 path=\"/foo/bar/baz/asdf/quux\"":{"mean":6660639.497635719,"sqsum":226205907779.54794,"variance":7800203716.536137,"size":30}},"dirname-win32":{"n=100000 path=\"\"":{"mean":10170447.907084357,"sqsum":180833653769.50677,"variance":6235643233.431268,"size":30},"n=100000 path=\"\\\\\"":{"mean":9316945.280114893,"sqsum":137979159418.46155,"variance":4757902048.912467,"size":30},"n=100000 path=\"\\\\foo\"":{"mean":7599327.257178168,"sqsum":86783884677.79585,"variance":2992547747.510202,"size":30},"n=100000 path=\"C:\\\\foo\\\\bar\"":{"mean":5793923.513605561,"sqsum":26713497766.606907,"variance":921155095.4002382,"size":30},"n=100000 path=\"foo\"":{"mean":7920622.65643817,"sqsum":162962000590.35126,"variance":5619379330.701768,"size":30},"n=100000 path=\"foo\\\\bar\"":{"mean":7221144.237577859,"sqsum":79933972429.99896,"variance":2756343876.8965163,"size":30},"n=100000 path=\"D:\\\\foo\\\\bar\\\\baz\\\\asdf\\\\quux\"":{"mean":5452307.841523901,"sqsum":20602789832.33921,"variance":710441028.7013521,"size":30}},"extname-posix":{"n=100000 path=\"\"":{"mean":11961530.76621977,"sqsum":188942349077.24335,"variance":6515253416.456667,"size":30},"n=100000 path=\"/\"":{"mean":11461461.239420613,"sqsum":452628224218.2275,"variance":15607869800.628532,"size":30},"n=100000 path=\"/foo\"":{"mean":9595634.21278551,"sqsum":118869076149.44739,"variance":4098933660.325772,"size":30},"n=100000 path=\"foo/.bar.baz\"":{"mean":5965729.821259316,"sqsum":81966177056.26219,"variance":2826419898.4918,"size":30},"n=100000 path=\"index.html\"":{"mean":6053102.081070406,"sqsum":24660904676.25778,"variance":850376023.3192338,"size":30},"n=100000 path=\"index\"":{"mean":9197497.376091897,"sqsum":220884163915.30585,"variance":7616695307.42434,"size":30},"n=100000 path=\"foo/bar/..baz.quux\"":{"mean":5329620.062962251,"sqsum":35381146873.75193,"variance":1220039547.3707561,"size":30},"n=100000 path=\"foo/bar/...baz.quux\"":{"mean":5079465.424585789,"sqsum":28049336827.896103,"variance":967218511.3067621,"size":30},"n=100000 path=\"/foo/bar/baz/asdf/quux\"":{"mean":7311621.436192589,"sqsum":112340842826.23503,"variance":3873822166.4218974,"size":30},"n=100000 path=\"/foo/bar/baz/asdf/quux.foobarbazasdfquux\"":{"mean":3958951.96221112,"sqsum":14722211571.199492,"variance":507662467.97239625,"size":30}},"extname-win32":{"n=100000 path=\"\"":{"mean":10725560.031929312,"sqsum":199236411525.46918,"variance":6870221087.085144,"size":30},"n=100000 path=\"\\\\\"":{"mean":10006812.771019077,"sqsum":228049973269.98013,"variance":7863792181.723453,"size":30},"n=100000 path=\"C:\\\\foo\"":{"mean":7952050.23182561,"sqsum":84933167965.90268,"variance":2928729929.858713,"size":30},"n=100000 path=\"foo\\\\.bar.baz\"":{"mean":5403948.344011847,"sqsum":34125026023.37014,"variance":1176725035.2886255,"size":30},"n=100000 path=\"index.html\"":{"mean":5459681.6447066935,"sqsum":27406031981.838997,"variance":945035585.5806551,"size":30},"n=100000 path=\"index\"":{"mean":8076574.031886239,"sqsum":307491720092.4953,"variance":10603162761.810184,"size":30},"n=100000 path=\"foo\\\\bar\\\\..baz.quux\"":{"mean":4753776.864714657,"sqsum":21009995446.58143,"variance":724482601.6062562,"size":30},"n=100000 path=\"foo\\\\bar\\\\...baz.quux\"":{"mean":4646165.755960367,"sqsum":36191323414.25001,"variance":1247976669.4568968,"size":30},"n=100000 path=\"D:\\\\foo\\\\bar\\\\baz\\\\asdf\\\\quux\"":{"mean":6243211.202073104,"sqsum":47257133784.71946,"variance":1629556337.4041193,"size":30},"n=100000 path=\"\\\\foo\\\\bar\\\\baz\\\\asdf\\\\quux.foobarbazasdfquux\"":{"mean":3599776.7707936727,"sqsum":17218510324.13668,"variance":593741735.315058,"size":30}},"format-posix":{"n=1000000 props=\"/|/home/user/dir|index.html|.html|index\"":{"mean":6775623.372111903,"sqsum":14115299889.752487,"variance":486734478.9569823,"size":30}},"format-win32":{"n=1000000 props=\"C:\\\\|C:\\\\path\\\\dir|index.html|.html|index\"":{"mean":6410231.296099395,"sqsum":21993099963.894527,"variance":758382757.3756733,"size":30}},"isAbsolute-posix":{"n=100000 path=\"\"":{"mean":14783033.279744513,"sqsum":635512799549.988,"variance":21914234467.240967,"size":30},"n=100000 path=\".\"":{"mean":14534755.55837232,"sqsum":512794470028.0812,"variance":17682567932.0028,"size":30},"n=100000 path=\"/foo/bar\"":{"mean":11278139.243784137,"sqsum":246855183637.53366,"variance":8512247711.6390915,"size":30},"n=100000 path=\"/baz/..\"":{"mean":13072837.064749343,"sqsum":434077772803.487,"variance":14968199062.189207,"size":30},"n=100000 path=\"bar/baz\"":{"mean":13067045.345400378,"sqsum":688636088997.0647,