{"creation":{"kind=\"duplex\" n=50000000":{"mean":2762773.60028336,"sqsum":45505343208.2394,"variance":1569149765.8013587,"size":30},"kind=\"readable\" n=50000000":{"mean":7202305.1861788435,"sqsum":106661099776.34659,"variance":3677968957.805055,"size":30},"kind=\"transform\" n=50000000":{"mean":3126510.3235511333,"sqsum":2988091224864.6772,"variance":103037628443.60957,"size":30},"kind=\"writable\" n=50000000":{"mean":6863389.339566224,"sqsum":182462449324.0812,"variance":6291808597.382111,"size":30}},"pipe-object-mode":{"n=5000000":{"mean":9177396.677533831,"sqsum":651565089535.5178,"variance":22467761708.121304,"size":30}},"pipe":{"n=5000000":{"mean":4628912.717917181,"sqsum":88371142727.61386,"variance":3047280783.7108226,"size":30}},"readable-async-iterator":{"n=100000 sync=\"yes\"":{"mean":2355683.865965782,"sqsum":30344736723.243397,"variance":1046370231.8359792,"size":30},"n=100000 sync=\"no\"":{"mean":1062445.3886721204,"sqsum":2425245033.8860903,"variance":83629139.09952036,"size":30}},"readable-bigread":{"n=1000":{"mean":684.0814212069768,"sqsum":731.66080097368,"variance":25.22968279219586,"size":30}},"readable-bigunevenread":{"n=1000":{"mean":383.6488496818093,"sqsum":1596.2801800510983,"variance":55.044144139693046,"size":30}},"readable-boundaryread":{"n=2000 type=\"string\"":{"mean":241.4995430107223,"sqsum":1783.6928570053522,"variance":61.50665024156386,"size":30},"n=2000 type=\"buffer\"":{"mean":764.8736598390327,"sqsum":298.89754253948524,"variance":10.306811811706389,"size":30}},"readable-from":{"n=10000000":{"mean":8802167.494598458,"sqsum":331787655064.4864,"variance":11440953622.913324,"size":30}},"readable-readall":{"n=5000":{"mean":980.9361197275748,"sqsum":2191.999489680214,"variance":75.58618929931774,"size":30}},"readable-unevenread":{"n=1000":{"mean":127.51152611450614,"sqsum":71.9049297865982,"variance":2.4794803374689036,"size":30}},"writable-manywrites":{"callback=\"yes\" len=1024 n=2000000 sync=\"yes\" writev=\"yes\"":{"mean":26062758.397402525,"sqsum":1034087217988.0016,"variance":35658179930.62074,"size":30},"callback=\"yes\" len=32768 n=2000000 sync=\"yes\" writev=\"yes\"":{"mean":5701152.121608127,"sqsum":987387205371.6284,"variance":34047834667.987186,"size":30},"callback=\"no\" len=1024 n=2000000 sync=\"yes\" writev=\"yes\"":{"mean":24800133.873998035,"sqsum":34251618195547.375,"variance":1181090282605.0818,"size":30},"callback=\"no\" len=32768 n=2000000 sync=\"yes\" writev=\"yes\"":{"mean":5695060.449463994,"sqsum":611670054941.451,"variance":21092070860.050037,"size":30},"callback=\"yes\" len=1024 n=2000000 sync=\"yes\" writev=\"no\"":{"mean":24363197.41692424,"sqsum":173434094890662.7,"variance":5980486030712.507,"size":30},"callback=\"yes\" len=32768 n=2000000 sync=\"yes\" writev=\"no\"":{"mean":5495460.7679640865,"sqsum":212451846480.50577,"variance":7325925740.707095,"size":30},"callback=\"no\" len=1024 n=2000000 sync=\"yes\" writev=\"no\"":{"mean":23205335.6550889,"sqsum":168713921206496.4,"variance":5817721420913.669,"size":30},"callback=\"no\" len=32768 n=2000000 sync=\"yes\" writev=\"no\"":{"mean":5403822.659052514,"sqsum":703330139431.952,"variance":24252763428.688,"size":30},"callback=\"yes\" len=1024 n=2000000 sync=\"no\" writev=\"yes\"":{"mean":14970066.525117971,"sqsum":202103305006.1336,"variance":6969079482.970124,"size":30},"callback=\"yes\" len=32768 n=2000000 sync=\"no\" writev=\"yes\"":{"mean":5567580.625238554,"sqsum":129785580858.57484,"variance":4475364857.192236,"size":30},"callback=\"no\" len=1024 n=2000000 sync=\"no\" writev=\"yes\"":{"mean":17007801.581760798,"sqsum":8622221598334.029,"variance":297317986149.4493,"size":30},"callback=\"no\" len=32768 n=2000000 sync=\"no\" writev=\"yes\"":{"mean":5534361.244915301,"sqsum":655138863271.8878,"variance":22590995285.23751,"size":30},"callback=\"yes\" len=1024 n=2000000 sync=\"no\" writev=\"no\"":{"mean":5067504.707649272,"sqsum":118065538762.35281,"variance":4071225474.5638905,"size":30},"callback=\"yes\" len=32768 n=2000000 sync=\"no\" writev=\"no\"":{"mean":5746709.8553372985,"sqsum":143089294204.11517,"variance":4934113593.245352,"size":30},"callback=\"no\" len=1024 n=2000000 sync=\"no\" writev=\"no\"":{"mean":5088441.783729313,"sqsum":196637677777.27682,"variance":6780609578.526787,"size":30},"callback=\"no\" len=32768 n=2000000 sync=\"no\" writev=\"no\"":{"mean":5699502.993393775,"sqsum":2197266931075.5286,"variance":75767825209.50099,"size":30}}}