{"bench-env":{"n=1000000 operation=\"get\"":{"mean":4277148.861616993,"sqsum":645327184015.4644,"variance":22252661517.77463,"size":30},"n=1000000 operation=\"set\"":{"mean":3345055.9667639514,"sqsum":290419670263.485,"variance":10014471388.396034,"size":30},"n=1000000 operation=\"enumerate\"":{"mean":31397.25003002932,"sqsum":15406980.40523142,"variance":531275.1863872904,"size":30},"n=1000000 operation=\"query\"":{"mean":4687702.42547136,"sqsum":258553564840.7727,"variance":8915640166.923197,"size":30},"n=1000000 operation=\"delete\"":{"mean":3943603.6260973965,"sqsum":265263903102.6194,"variance":9147031141.469633,"size":30}},"bench-hrtime":{"n=1000000 type=\"raw\"":{"mean":17960333.089241058,"sqsum":924354026178.9604,"variance":31874276764.79174,"size":30},"n=1000000 type=\"diff\"":{"mean":16438188.63105954,"sqsum":4033327718468.1533,"variance":139080266154.07425,"size":30},"n=1000000 type=\"bigint\"":{"mean":18219663.958088554,"sqsum":14695589679759.71,"variance":506744471715.85205,"size":30}},"coverage":{"n=100000":{"mean":478877.5190900045,"sqsum":2017344820.6958888,"variance":69563614.50675479,"size":30}},"memoryUsage":{"n=100000":{"mean":190925.1552801693,"sqsum":62018463.82474352,"variance":2138567.718094604,"size":30}},"next-tick-breadth-args":{"n=10000000":{"mean":3342499.3474339275,"sqsum":25785260002.47965,"variance":889146896.6372292,"size":30}},"next-tick-breadth":{"n=10000000":{"mean":4686917.070450014,"sqsum":284316961183.43256,"variance":9804033144.256294,"size":30}},"next-tick-depth-args":{"n=7000000":{"mean":10253541.212329123,"sqsum":519343646888.50555,"variance":17908401616.84502,"size":30}},"next-tick-depth":{"n=7000000":{"mean":12295279.199211035,"sqsum":343445976674.3502,"variance":11842964712.908628,"size":30}},"next-tick-exec-args":{"n=4000000":{"mean":32571780.218030192,"sqsum":26906336873225.35,"variance":927804719766.3915,"size":30}},"next-tick-exec":{"n=4000000":{"mean":38553345.59777887,"sqsum":143456202386.47113,"variance":4946765599.533487,"size":30}},"queue-microtask-breadth":{"n=400000":{"mean":2992029.3426804696,"sqsum":5827897663.969627,"variance":200961988.41274577,"size":30}},"queue-microtask-depth":{"n=1200000":{"mean":5919793.255507126,"sqsum":227155060909.64874,"variance":7832933134.8154745,"size":30}},"resourceUsage":{"n=100000":{"mean":1259119.2415146688,"sqsum":2778072781.1597276,"variance":95795613.14343889,"size":30}}}