{"format":{"n=100000 type=\"string\"":{"mean":5910221.2170314,"sqsum":33440456076.665997,"variance":1153119175.0574481,"size":30},"n=100000 type=\"string-2\"":{"mean":4925568.978328036,"sqsum":76959859927.91228,"variance":2653788273.3762856,"size":30},"n=100000 type=\"number\"":{"mean":5909666.814050424,"sqsum":128340904477.5483,"variance":4425548430.260286,"size":30},"n=100000 type=\"replace-object\"":{"mean":2604883.887955899,"sqsum":180051087056.3767,"variance":6208658174.357818,"size":30},"n=100000 type=\"unknown\"":{"mean":8376240.676732123,"sqsum":268256521141.35455,"variance":9250224866.94326,"size":30},"n=100000 type=\"no-replace\"":{"mean":5090668.501472884,"sqsum":44023859761.793365,"variance":1518064129.7170126,"size":30},"n=100000 type=\"no-replace-2\"":{"mean":8654413.208890174,"sqsum":261275087479.08856,"variance":9009485775.140985,"size":30},"n=100000 type=\"only-objects\"":{"mean":490340.7408378703,"sqsum":3863722806.95776,"variance":133231820.92957793,"size":30},"n=100000 type=\"many-%\"":{"mean":3343986.741201826,"sqsum":6810006095.7950735,"variance":234827796.40672666,"size":30},"n=100000 type=\"object-to-string\"":{"mean":4084931.77020687,"sqsum":27558969100.48357,"variance":950309279.3270196,"size":30},"n=100000 type=\"object-%s\"":{"mean":630747.78203387,"sqsum":5729348050.590293,"variance":197563725.8824239,"size":30}},"inspect-array":{"len=100 n=500 type=\"denseArray\"":{"mean":17206.471956956746,"sqsum":3026969.0430349545,"variance":104378.2428632743,"size":30},"len=100 n=500 type=\"sparseArray\"":{"mean":113706.75509400463,"sqsum":186664706.44170073,"variance":6436714.015231059,"size":30},"len=100 n=500 type=\"mixedArray\"":{"mean":18679.726361075125,"sqsum":1224088.2417144314,"variance":42209.93936946316,"size":30},"len=100 n=500 type=\"denseArray_showHidden\"":{"mean":16775.93384861674,"sqsum":1711705.8334087557,"variance":59024.33908306054,"size":30},"len=100000 n=500 type=\"denseArray\"":{"mean":17062.17006345299,"sqsum":580377.4153997255,"variance":20013.014324128468,"size":30},"len=100000 n=500 type=\"sparseArray\"":{"mean":3076.686502785458,"sqsum":7097.765643762142,"variance":244.75053944007385,"size":30},"len=100000 n=500 type=\"mixedArray\"":{"mean":2702.675890619709,"sqsum":9323.702467989991,"variance":321.50698165482726,"size":30},"len=100000 n=500 type=\"denseArray_showHidden\"":{"mean":16173.246799168337,"sqsum":578852.0322051222,"variance":19960.4149036249,"size":30}},"inspect-proxy":{"isProxy=0 n=100000 showProxy=0":{"mean":448997.7785961132,"sqsum":4192253149.4092684,"variance":144560453.4279058,"size":30},"isProxy=1 n=100000 showProxy=0":{"mean":438512.6453100605,"sqsum":7608047305.891107,"variance":262346458.82383126,"size":30},"isProxy=0 n=100000 showProxy=1":{"mean":449045.57374992076,"sqsum":2983417688.7891955,"variance":102876472.02721363,"size":30},"isProxy=1 n=100000 showProxy=1":{"mean":235192.88599668344,"sqsum":1984147494.9395864,"variance":68418879.1358478,"size":30}},"inspect":{"method=\"Object\" n=20000 option=\"showHidden\"":{"mean":403771.36397074535,"sqsum":739542467.9062847,"variance":25501464.410561543,"size":30},"method=\"Object\" n=20000 option=\"colors\"":{"mean":227597.43428112337,"sqsum":242952912.00361952,"variance":8377686.620814467,"size":30},"method=\"Object\" n=20000 option=\"none\"":{"mean":432626.307212823,"sqsum":1079384944.2671287,"variance":37220170.49196996,"size":30},"method=\"Object_empty\" n=20000 option=\"showHidden\"":{"mean":998263.3585862725,"sqsum":7403626851.55397,"variance":255297477.63979208,"size":30},"method=\"Object_empty\" n=20000 option=\"colors\"":{"mean":1111514.5117527072,"sqsum":5026401568.678984,"variance":173324192.02341324,"size":30},"method=\"Object_empty\" n=20000 option=\"none\"":{"mean":1257165.251803507,"sqsum":11922589846.534222,"variance":411123787.8115249,"size":30},"method=\"Object_deep_ln\" n=20000 option=\"showHidden\"":{"mean":187291.17477104292,"sqsum":126956883.86254953,"variance":4377823.581467225,"size":30},"method=\"Object_deep_ln\" n=20000 option=\"colors\"":{"mean":91189.06188331319,"sqsum":94483660.97296144,"variance":3258057.274929705,"size":30},"method=\"Object_deep_ln\" n=20000 option=\"none\"":{"mean":195851.8387126937,"sqsum":424654144.27564424,"variance":14643246.35433256,"size":30},"method=\"String\" n=20000 option=\"showHidden\"":{"mean":1632073.9237811996,"sqsum":5812450208.865035,"variance":200429317.54707018,"size":30},"method=\"String\" n=20000 option=\"colors\"":{"mean":1360179.432301567,"sqsum":6539758789.755814,"variance":225508923.78468323,"size":30},"method=\"String\" n=20000 option=\"none\"":{"mean":1906522.7497560142,"sqsum":12943906187.276056,"variance":446341592.6646916,"size":30},"method=\"String_complex\" n=20000 option=\"showHidden\"":{"mean":1145504.6830427516,"sqsum":4004048882.674565,"variance":138070651.12670913,"size":30},"method=\"String_complex\" n=20000 option=\"colors\"":{"mean":994324.1510383241,"sqsum":2137671489.6167438,"variance":73712809.98678428,"size":30},"method=\"String_complex\" n=20000 option=\"none\"":{"mean":1263832.5451506227,"sqsum":26616971947.170147,"variance":917826618.8679361,"size":30},"method=\"String_boxed\" n=20000 option=\"showHidden\"":{"mean":298747.07488496864,"sqsum":1151911655.2331102,"variance":39721091.559762426,"size":30},"method=\"String_boxed\" n=20000 option=\"colors\"":{"mean":432707.61289570463,"sqsum":1657246028.6048806,"variance":57146414.77947864,"size":30},"method=\"String_boxed\" n=20000 option=\"none\"":{"mean":506397.3322800696,"sqsum":2647154909.327964,"variance":91281203.7699298,"size":30},"method=\"Date\" n=20000 option=\"showHidden\"":{"mean":676026.1903068639,"sqsum":2889168883.741237,"variance":99626513.23245645,"size":30},"method=\"Date\" n=20000 option=\"colors\"":{"mean":669197.5797777433,"sqsum":6023871317.071375,"variance":207719700.58866808,"size":30},"method=\"Date\" n=20000 option=\"none\"":{"mean":792014.5700242695,"sqsum":2294168672.195411,"variance":79109264.55846246,"size":30},"method=\"Set\" n=20000 option=\"showHidden\"":{"mean":545572.3388603705,"sqsum":2907587386.4348497,"variance":100261634.01499481,"size":30},"method=\"Set\" n=20000 option=\"colors\"":{"mean":426564.3039834402,"sqsum":1312939103.1397712,"variance":45273762.17723349,"size":30},"method=\"Set\" n=20000 option=\"none\"":{"mean":601602.8929349602,"sqsum":3080843528.63095,"variance":106235983.74589483,"size":30},"method=\"Error\" n=20000 option=\"showHidden\"":{"mean":123892.76296175527,"sqsum":168917429.7019134,"variance":5824738.955238393,"size":30},"method=\"Error\" n=20000 option=\"colors\"":{"mean":343311.5544851349,"sqsum":809697036.5739396,"variance":27920587.468066882,"size":30},"method=\"Error\" n=20000 option=\"none\"":{"mean":478083.68642802926,"sqsum":5827050189.897497,"variance":200932765.1688792,"size":30},"method=\"Array\" n=20000 option=\"showHidden\"":{"mean":74136.38514223488,"sqsum":7395718.307760746,"variance":255024.76923312916,"size":30},"method=\"Array\" n=20000 option=\"colors\"":{"mean":35647.200024464306,"sqsum":1881784.5990680489,"variance":64889.124105794785,"size":30},"method=\"Array\" n=20000 option=\"none\"":{"mean":83993.07171739305,"sqsum":5988897.385529089,"variance":206513.70294927893,"size":30},"method=\"TypedArray\" n=20000 option=\"showHidden\"":{"mean":157769.34881838213,"sqsum":118275619.55988564,"variance":4078469.6399960564,"size":30},"method=\"TypedArray\" n=20000 option=\"colors\"":{"mean":47344.2409127374,"sqsum":1907783.4549980294,"variance":65785.6363792424,"size":30},"method=\"TypedArray\" n=20000 option=\"none\"":{"mean":199374.56437799492,"sqsum":176191029.87254262,"variance":6075552.754225607,"size":30},"method=\"TypedArray_extra\" n=20000 option=\"showHidden\"":{"mean":121499.40220311067,"sqsum":93784383.68762502,"variance":3233944.265090518,"size":30},"method=\"TypedArray_extra\" n=20000 option=\"colors\"":{"mean":38825.63685691114,"sqsum":14287450.432185467,"variance":492670.7045581195,"size":30},