{"async-resource-vs-destroy":{"asyncMethod=\"callbacks\" benchmarker=\"test-double-http\" connections=500 duration=5 n=1000000 path=\"/\" type=\"async-resource\"":{"mean":382.73333333333335,"sqsum":45.86666666666667,"variance":1.5816091954022988,"size":30},"asyncMethod=\"async\" benchmarker=\"test-double-http\" connections=500 duration=5 n=1000000 path=\"/\" type=\"async-resource\"":{"mean":378.1666666666667,"sqsum":22.166666666666668,"variance":0.764367816091954,"size":30},"asyncMethod=\"callbacks\" benchmarker=\"test-double-http\" connections=500 duration=5 n=1000000 path=\"/\" type=\"destroy\"":{"mean":382.23333333333335,"sqsum":25.366666666666667,"variance":0.8747126436781609,"size":30},"asyncMethod=\"async\" benchmarker=\"test-double-http\" connections=500 duration=5 n=1000000 path=\"/\" type=\"destroy\"":{"mean":377.4,"sqsum":19.2,"variance":0.6620689655172414,"size":30},"asyncMethod=\"callbacks\" benchmarker=\"test-double-http\" connections=500 duration=5 n=1000000 path=\"/\" type=\"async-local-storage\"":{"mean":379.96666666666664,"sqsum":32.96666666666667,"variance":1.1367816091954024,"size":30},"asyncMethod=\"async\" benchmarker=\"test-double-http\" connections=500 duration=5 n=1000000 path=\"/\" type=\"async-local-storage\"":{"mean":377.06666666666666,"sqsum":41.86666666666667,"variance":1.4436781609195404,"size":30}},"gc-tracking":{"method=\"trackingEnabled\" n=1000000":{"mean":57410153.30707495,"sqsum":3152896372010.1094,"variance":108720564552.07272,"size":30},"method=\"trackingEnabledWithDestroyHook\" n=1000000":{"mean":1843699.568936015,"sqsum":3608044568.940243,"variance":124415329.96345665,"size":30},"method=\"trackingDisabled\" n=1000000":{"mean":60121642.36226842,"sqsum":8901810620911.17,"variance":306958986927.9714,"size":30}},"http-server":{"asyncHooks=\"init\" benchmarker=\"test-double-http\" connections=50 duration=5":{"mean":25994.733333333334,"sqsum":1994123.8666666667,"variance":68762.89195402298,"size":30},"asyncHooks=\"init\" benchmarker=\"test-double-http\" connections=500 duration=5":{"mean":26040.366666666665,"sqsum":1826022.9666666666,"variance":62966.3091954023,"size":30},"asyncHooks=\"before\" benchmarker=\"test-double-http\" connections=50 duration=5":{"mean":25958.433333333334,"sqsum":2490421.3666666667,"variance":85876.59885057471,"size":30},"asyncHooks=\"before\" benchmarker=\"test-double-http\" connections=500 duration=5":{"mean":25909.833333333332,"sqsum":2762596.1666666665,"variance":95261.9367816092,"size":30},"asyncHooks=\"after\" benchmarker=\"test-double-http\" connections=50 duration=5":{"mean":26009.833333333332,"sqsum":2186266.1666666665,"variance":75388.48850574713,"size":30},"asyncHooks=\"after\" benchmarker=\"test-double-http\" connections=500 duration=5":{"mean":25890.3,"sqsum":1604732.3,"variance":55335.596551724135,"size":30},"asyncHooks=\"all\" benchmarker=\"test-double-http\" connections=50 duration=5":{"mean":25979.6,"sqsum":3014069.2,"variance":103933.42068965518,"size":30},"asyncHooks=\"all\" benchmarker=\"test-double-http\" connections=500 duration=5":{"mean":25958,"sqsum":2676318,"variance":92286.8275862069,"size":30},"asyncHooks=\"disabled\" benchmarker=\"test-double-http\" connections=50 duration=5":{"mean":26044.366666666665,"sqsum":3697994.966666667,"variance":127517.06781609195,"size":30},"asyncHooks=\"disabled\" benchmarker=\"test-double-http\" connections=500 duration=5":{"mean":26051.5,"sqsum":1908209.5,"variance":65800.3275862069,"size":30},"asyncHooks=\"none\" benchmarker=\"test-double-http\" connections=50 duration=5":{"mean":25923.9,"sqsum":2488540.7,"variance":85811.74827586208,"size":30},"asyncHooks=\"none\" benchmarker=\"test-double-http\" connections=500 duration=5":{"mean":25997.233333333334,"sqsum":2464849.3666666667,"variance":84994.80574712643,"size":30}},"promises":{"asyncHooks=\"enabled\" n=1000000":{"mean":987622.6085565632,"sqsum":2710472217.0858855,"variance":93464559.20985812,"size":30},"asyncHooks=\"enabledWithDestroy\" n=1000000":{"mean":191324.10945563018,"sqsum":286984597.6688984,"variance":9896020.609272359,"size":30},"asyncHooks=\"enabledWithInitOnly\" n=1000000":{"mean":924110.1570246946,"sqsum":34724490735.46719,"variance":1197396232.2574894,"size":30},"asyncHooks=\"disabled\" n=1000000":{"mean":1518658.9932284597,"sqsum":11593841247.378521,"variance":399787629.219949,"size":30}}}