{"ee-add-remove":{"n=1000000 newListener=0 removeListener=0":{"mean":1263899.2895249682,"sqsum":12846300457.19844,"variance":442975877.83442897,"size":30},"n=1000000 newListener=0 removeListener=1":{"mean":891165.5581343623,"sqsum":4233802600.565128,"variance":145993193.12293544,"size":30},"n=1000000 newListener=1 removeListener=0":{"mean":919348.5588086244,"sqsum":3626413513.1614466,"variance":125048741.83315332,"size":30},"n=1000000 newListener=1 removeListener=1":{"mean":720404.1286794522,"sqsum":3311992970.377009,"variance":114206654.15093134,"size":30}},"ee-emit":{"argc=0 listeners=1 n=2000000":{"mean":48323252.92028541,"sqsum":11551727195950.646,"variance":398335420550.02234,"size":30},"argc=0 listeners=5 n=2000000":{"mean":16735527.311659155,"sqsum":189103238947.08585,"variance":6520801343.00296,"size":30},"argc=0 listeners=10 n=2000000":{"mean":9195970.360079894,"sqsum":118443472214.23064,"variance":4084257662.559677,"size":30},"argc=2 listeners=1 n=2000000":{"mean":49460008.1265372,"sqsum":2285252979842.4355,"variance":78801826891.11847,"size":30},"argc=2 listeners=5 n=2000000":{"mean":16382449.673933983,"sqsum":203211043353.03387,"variance":7007277357.001168,"size":30},"argc=2 listeners=10 n=2000000":{"mean":8430235.320296654,"sqsum":82566833972.9336,"variance":2847132205.9632277,"size":30},"argc=4 listeners=1 n=2000000":{"mean":47857343.80742207,"sqsum":7832790546345.465,"variance":270096225736.05054,"size":30},"argc=4 listeners=5 n=2000000":{"mean":15803513.176462088,"sqsum":2145915478253.0786,"variance":73997085457.00272,"size":30},"argc=4 listeners=10 n=2000000":{"mean":8080691.531229254,"sqsum":281199856629.1184,"variance":9696546780.314428,"size":30},"argc=10 listeners=1 n=2000000":{"mean":46632669.62289763,"sqsum":5293621197924.486,"variance":182538661997.39606,"size":30},"argc=10 listeners=5 n=2000000":{"mean":15156753.905945621,"sqsum":224229320786.89944,"variance":7732045544.375843,"size":30},"argc=10 listeners=10 n=2000000":{"mean":7559763.438259598,"sqsum":92354198550.87369,"variance":3184627536.2370234,"size":30}},"ee-listener-count-on-prototype":{"n=50000000":{"mean":77004599.30685271,"sqsum":51897845739939.445,"variance":1789580887584.119,"size":30}},"ee-listeners":{"listeners=5 n=5000000 raw=\"true\"":{"mean":57855637.16812399,"sqsum":62906340007655.13,"variance":2169184138195.0046,"size":30},"listeners=5 n=5000000 raw=\"false\"":{"mean":32124728.853065543,"sqsum":5297116297034.012,"variance":182659182656.34525,"size":30},"listeners=50 n=5000000 raw=\"true\"":{"mean":20317383.41606405,"sqsum":2080749336434.077,"variance":71749977118.41644,"size":30},"listeners=50 n=5000000 raw=\"false\"":{"mean":5665142.239247733,"sqsum":20774439133.696888,"variance":716359970.127479,"size":30}},"ee-once":{"argc=0 n=20000000":{"mean":7844054.7196179265,"sqsum":80204063083.46231,"variance":2765657347.705597,"size":30},"argc=1 n=20000000":{"mean":7650051.760273962,"sqsum":32165707327.41374,"variance":1109162321.6349566,"size":30},"argc=4 n=20000000":{"mean":7534655.865827253,"sqsum":119888390084.28711,"variance":4134082416.6995554,"size":30},"argc=5 n=20000000":{"mean":7461174.753366171,"sqsum":953081864074.8463,"variance":32864891864.649876,"size":30}},"eventtarget":{"listeners=1 n=1000000":{"mean":2649278.1117315115,"sqsum":15088273841.635408,"variance":520285304.8839796,"size":30},"listeners=5 n=1000000":{"mean":2398744.863624073,"sqsum":21719229561.42894,"variance":748938950.3941014,"size":30},"listeners=10 n=1000000":{"mean":2080486.0537085242,"sqsum":143224191225.93713,"variance":4938765214.687488,"size":30}}}