{"create-context":{"n=100":{"mean":1363.0340310619736,"sqsum":1880.0460563240565,"variance":64.82917435600194,"size":30}},"run-in-context":{"breakOnSigint=0 n=1 withSigintListener=0":{"mean":1940.6492378622306,"sqsum":780658.7395982833,"variance":26919.266882699423,"size":30},"breakOnSigint=0 n=1 withSigintListener=1":{"mean":1953.97582726304,"sqsum":826530.3518058847,"variance":28501.046613996023,"size":30},"breakOnSigint=1 n=1 withSigintListener=0":{"mean":1127.4545777506444,"sqsum":548868.0012404558,"variance":18926.48280139503,"size":30},"breakOnSigint=1 n=1 withSigintListener=1":{"mean":840.6107134855729,"sqsum":194665.43304417943,"variance":6712.601139454463,"size":30}},"run-in-this-context":{"breakOnSigint=0 n=1 withSigintListener=0":{"mean":2081.237185837366,"sqsum":467662.8247743832,"variance":16126.304302564939,"size":30},"breakOnSigint=0 n=1 withSigintListener=1":{"mean":2088.087176294678,"sqsum":237524.19961375682,"variance":8190.489641853684,"size":30},"breakOnSigint=1 n=1 withSigintListener=0":{"mean":1191.201688740438,"sqsum":572971.5560954708,"variance":19757.63986536106,"size":30},"breakOnSigint=1 n=1 withSigintListener=1":{"mean":862.9057136352781,"sqsum":144101.25345146286,"variance":4969.008739705616,"size":30}}}