{"creation":{"kind=\"duplex\" n=50000000":{"mean":2255716.63826297,"sqsum":98030510435.87436,"variance":3380362428.823254,"size":30},"kind=\"readable\" n=50000000":{"mean":3363459.5322036226,"sqsum":76807732136.37807,"variance":2648542487.461313,"size":30},"kind=\"transform\" n=50000000":{"mean":2613614.1852648836,"sqsum":21544925268.97236,"variance":742928457.550771,"size":30},"kind=\"writable\" n=50000000":{"mean":4255416.664747221,"sqsum":90145558460.28564,"variance":3108467533.113298,"size":30}},"pipe-object-mode":{"n=5000000":{"mean":6875780.374618522,"sqsum":440428989083.5713,"variance":15187206520.123148,"size":30}},"pipe":{"n=5000000":{"mean":5925862.03192003,"sqsum":2399890700473.22,"variance":82754851740.45586,"size":30}},"readable-async-iterator":{"n=100000 sync=\"yes\"":{"mean":1310644.3712906018,"sqsum":70309457328.23065,"variance":2424464045.801057,"size":30},"n=100000 sync=\"no\"":{"mean":563556.6008245675,"sqsum":2358943537.2862897,"variance":81342880.59607895,"size":30}},"readable-bigread":{"n=1000":{"mean":816.0808348882147,"sqsum":1477.425289861551,"variance":50.94569965039831,"size":30}},"readable-bigunevenread":{"n=1000":{"mean":430.4559713359997,"sqsum":62626.09842539232,"variance":2159.520635358356,"size":30}},"readable-boundaryread":{"n=2000 type=\"string\"":{"mean":204.1406835304937,"sqsum":735.276669965675,"variance":25.354367929850863,"size":30},"n=2000 type=\"buffer\"":{"mean":981.7732100402902,"sqsum":5128.628464348686,"variance":176.849257391334,"size":30}},"readable-readall":{"n=5000":{"mean":1208.8268655373631,"sqsum":7186.635918542726,"variance":247.8150316738871,"size":30}},"readable-unevenread":{"n=1000":{"mean":165.21286376952364,"sqsum":522.379178396657,"variance":18.013075117126103,"size":30}},"writable-manywrites":{"callback=\"yes\" len=1024 n=2000000 sync=\"yes\" writev=\"yes\"":{"mean":20324004.086938314,"sqsum":595068079471.6782,"variance":20519588947.299248,"size":30},"callback=\"yes\" len=32768 n=2000000 sync=\"yes\" writev=\"yes\"":{"mean":20278833.375955626,"sqsum":688953590302.8856,"variance":23757020355.271915,"size":30},"callback=\"no\" len=1024 n=2000000 sync=\"yes\" writev=\"yes\"":{"mean":19894142.141123142,"sqsum":706231825623.7556,"variance":24352821573.232952,"size":30},"callback=\"no\" len=32768 n=2000000 sync=\"yes\" writev=\"yes\"":{"mean":19955670.956168246,"sqsum":392892954561.51434,"variance":13548032915.914288,"size":30},"callback=\"yes\" len=1024 n=2000000 sync=\"yes\" writev=\"no\"":{"mean":21694304.086712856,"sqsum":877187185410.4666,"variance":30247833979.67126,"size":30},"callback=\"yes\" len=32768 n=2000000 sync=\"yes\" writev=\"no\"":{"mean":21679732.941702873,"sqsum":800615427318.116,"variance":27607428528.210896,"size":30},"callback=\"no\" len=1024 n=2000000 sync=\"yes\" writev=\"no\"":{"mean":21261881.373243846,"sqsum":579035410495.318,"variance":19966738292.942,"size":30},"callback=\"no\" len=32768 n=2000000 sync=\"yes\" writev=\"no\"":{"mean":21238700.125596553,"sqsum":1063594697426.8998,"variance":36675679221.61723,"size":30},"callback=\"yes\" len=1024 n=2000000 sync=\"no\" writev=\"yes\"":{"mean":12346592.591463057,"sqsum":737279395916.5774,"variance":25423427445.399223,"size":30},"callback=\"yes\" len=32768 n=2000000 sync=\"no\" writev=\"yes\"":{"mean":5143920.950089265,"sqsum":260359457788.01242,"variance":8977912337.51767,"size":30},"callback=\"no\" len=1024 n=2000000 sync=\"no\" writev=\"yes\"":{"mean":14371496.393539043,"sqsum":1471379344722.0205,"variance":50737218783.517944,"size":30},"callback=\"no\" len=32768 n=2000000 sync=\"no\" writev=\"yes\"":{"mean":5178071.829579585,"sqsum":303356019197.2095,"variance":10460552386.110672,"size":30},"callback=\"yes\" len=1024 n=2000000 sync=\"no\" writev=\"no\"":{"mean":5038929.937965647,"sqsum":187086808160.8709,"variance":6451269246.926583,"size":30},"callback=\"yes\" len=32768 n=2000000 sync=\"no\" writev=\"no\"":{"mean":5222576.735491719,"sqsum":913774734993.1665,"variance":31509473620.454018,"size":30},"callback=\"no\" len=1024 n=2000000 sync=\"no\" writev=\"no\"":{"mean":4953426.634551785,"sqsum":257146617563.2449,"variance":8867124743.56017,"size":30},"callback=\"no\" len=32768 n=2000000 sync=\"no\" writev=\"no\"":{"mean":5253769.95992437,"sqsum":100512639434.76349,"variance":3465953083.9573617,"size":30}}}