{"module-loader-circular":{"n=10000":{"mean":3264.4325050406424,"sqsum":24450.45523803585,"variance":843.1191461391672,"size":30}},"module-loader-deep":{"cache=\"true\" ext=\"\" files=1000":{"mean":408475.1955483496,"sqsum":3188326676.8615932,"variance":109942299.20212391,"size":30},"cache=\"false\" ext=\"\" files=1000":{"mean":2867.049200001182,"sqsum":18838.89709870922,"variance":649.6171413348007,"size":30},"cache=\"true\" ext=\".js\" files=1000":{"mean":414449.59560773405,"sqsum":2379457885.874863,"variance":82050271.92671941,"size":30},"cache=\"false\" ext=\".js\" files=1000":{"mean":2904.73005606018,"sqsum":19636.575702168568,"variance":677.1233000747782,"size":30}},"module-loader":{"cache=\"true\" dir=\"rel\" files=500 n=1 name=\"\"":{"mean":11246.500842428617,"sqsum":767088.914246887,"variance":26451.34187058231,"size":30},"cache=\"false\" dir=\"rel\" files=500 n=1 name=\"\"":{"mean":2430.245455425411,"sqsum":11956.949828467215,"variance":412.30861477473155,"size":30},"cache=\"true\" dir=\"rel\" files=500 n=1000 name=\"\"":{"mean":1328012.8544017118,"sqsum":9714278541.73842,"variance":334975122.1289111,"size":30},"cache=\"false\" dir=\"rel\" files=500 n=1000 name=\"\"":{"mean":901580.8736415177,"sqsum":7136156611.834175,"variance":246074365.92531636,"size":30},"cache=\"true\" dir=\"abs\" files=500 n=1 name=\"\"":{"mean":11308.742853678788,"sqsum":449273.7674256117,"variance":15492.19887674523,"size":30},"cache=\"false\" dir=\"abs\" files=500 n=1 name=\"\"":{"mean":2467.12023438817,"sqsum":19230.64184824853,"variance":663.1255809740873,"size":30},"cache=\"true\" dir=\"abs\" files=500 n=1000 name=\"\"":{"mean":1318265.7453330306,"sqsum":9151444427.910362,"variance":315567049.23828834,"size":30},"cache=\"false\" dir=\"abs\" files=500 n=1000 name=\"\"":{"mean":903828.7411997871,"sqsum":8180254421.164402,"variance":282077738.66084146,"size":30},"cache=\"true\" dir=\"rel\" files=500 n=1 name=\"/\"":{"mean":11261.021516954153,"sqsum":556197.3513862278,"variance":19179.219013318198,"size":30},"cache=\"false\" dir=\"rel\" files=500 n=1 name=\"/\"":{"mean":2509.246426783738,"sqsum":19692.4582581782,"variance":679.0502847647655,"size":30},"cache=\"true\" dir=\"rel\" files=500 n=1000 name=\"/\"":{"mean":1260498.838658128,"sqsum":2863441530.2149434,"variance":98739363.11086012,"size":30},"cache=\"false\" dir=\"rel\" files=500 n=1000 name=\"/\"":{"mean":885448.28024627,"sqsum":5065017042.715028,"variance":174655760.09362164,"size":30},"cache=\"true\" dir=\"abs\" files=500 n=1 name=\"/\"":{"mean":11372.989778912479,"sqsum":340755.6015747449,"variance":11750.193157749824,"size":30},"cache=\"false\" dir=\"abs\" files=500 n=1 name=\"/\"":{"mean":2563.7562825100663,"sqsum":30344.9131443043,"variance":1046.3763153208379,"size":30},"cache=\"true\" dir=\"abs\" files=500 n=1000 name=\"/\"":{"mean":1235175.442791811,"sqsum":1742027145.0236707,"variance":60069901.55254037,"size":30},"cache=\"false\" dir=\"abs\" files=500 n=1000 name=\"/\"":{"mean":879739.8863974528,"sqsum":12344425318.7852,"variance":425669838.5788,"size":30},"cache=\"true\" dir=\"rel\" files=500 n=1 name=\"/index.js\"":{"mean":11113.499141014909,"sqsum":426970.7026666708,"variance":14723.127678161061,"size":30},"cache=\"false\" dir=\"rel\" files=500 n=1 name=\"/index.js\"":{"mean":2621.3117403761357,"sqsum":8597.229712018005,"variance":296.45619696613807,"size":30},"cache=\"true\" dir=\"rel\" files=500 n=1000 name=\"/index.js\"":{"mean":1265029.2597836193,"sqsum":1994692570.0853145,"variance":68782502.416735,"size":30},"cache=\"false\" dir=\"rel\" files=500 n=1000 name=\"/index.js\"":{"mean":897416.4992788648,"sqsum":6618622509.150275,"variance":228228362.38449225,"size":30},"cache=\"true\" dir=\"abs\" files=500 n=1 name=\"/index.js\"":{"mean":11080.294415216746,"sqsum":436113.666046177,"variance":15038.40227745438,"size":30},"cache=\"false\" dir=\"abs\" files=500 n=1 name=\"/index.js\"":{"mean":2679.3039137761457,"sqsum":14794.87224051446,"variance":510.1680082936021,"size":30},"cache=\"true\" dir=\"abs\" files=500 n=1000 name=\"/index.js\"":{"mean":1258551.6835808598,"sqsum":5352177442.846186,"variance":184557842.85676503,"size":30},"cache=\"false\" dir=\"abs\" files=500 n=1000 name=\"/index.js\"":{"mean":900876.0457001093,"sqsum":6361374912.616091,"variance":219357755.6074514,"size":30}}}