{"creation":{"kind=\"duplex\" n=50000000":{"mean":3800951.5741326907,"sqsum":91574688791.81555,"variance":3157747889.37295,"size":30},"kind=\"readable\" n=50000000":{"mean":7791734.133667871,"sqsum":200698847680.5041,"variance":6920649920.017382,"size":30},"kind=\"transform\" n=50000000":{"mean":3650326.470057057,"sqsum":348458103565.70776,"variance":12015796674.679577,"size":30},"kind=\"writable\" n=50000000":{"mean":7162897.181654323,"sqsum":226959896572.5554,"variance":7826203330.088117,"size":30}},"pipe-object-mode":{"n=5000000":{"mean":9952633.460841931,"sqsum":3834368888910.8325,"variance":132219616858.99422,"size":30}},"pipe":{"n=5000000":{"mean":8794354.180127231,"sqsum":67573529668.627106,"variance":2330121712.7112794,"size":30}},"readable-async-iterator":{"n=100000 sync=\"yes\"":{"mean":2272828.403118496,"sqsum":10325971281.94316,"variance":356067975.2394193,"size":30},"n=100000 sync=\"no\"":{"mean":944362.1658788379,"sqsum":4406537388.158683,"variance":151949565.1089201,"size":30}},"readable-bigread":{"n=1000":{"mean":1255.691862375374,"sqsum":472.87527253462616,"variance":16.30604388050435,"size":30}},"readable-bigunevenread":{"n=1000":{"mean":824.4440981776394,"sqsum":9679.539939324923,"variance":333.77723928706627,"size":30}},"readable-boundaryread":{"n=2000 type=\"string\"":{"mean":269.9257100954799,"sqsum":539.5426981346767,"variance":18.60492062533368,"size":30},"n=2000 type=\"buffer\"":{"mean":1301.848003599183,"sqsum":254.43797395916692,"variance":8.773723239971273,"size":30}},"readable-from":{"n=10000000":{"mean":8326693.859588782,"sqsum":22129974005.34241,"variance":763102551.908359,"size":30}},"readable-readall":{"n=5000":{"mean":1871.049083496449,"sqsum":99795.4333321231,"variance":3441.2218390387275,"size":30}},"readable-unevenread":{"n=1000":{"mean":246.80056245717864,"sqsum":168.18568164274217,"variance":5.799506263542834,"size":30}},"writable-manywrites":{"callback=\"yes\" len=1024 n=2000000 sync=\"yes\" writev=\"yes\"":{"mean":24207703.86537758,"sqsum":160794041335.8487,"variance":5544622115.029264,"size":30},"callback=\"yes\" len=32768 n=2000000 sync=\"yes\" writev=\"yes\"":{"mean":6427612.64747193,"sqsum":837530147154.6681,"variance":28880349901.885105,"size":30},"callback=\"no\" len=1024 n=2000000 sync=\"yes\" writev=\"yes\"":{"mean":23907078.42328474,"sqsum":223042573896.63348,"variance":7691123237.814948,"size":30},"callback=\"no\" len=32768 n=2000000 sync=\"yes\" writev=\"yes\"":{"mean":6061114.150346449,"sqsum":19984362279.53857,"variance":689115940.6737438,"size":30},"callback=\"yes\" len=1024 n=2000000 sync=\"yes\" writev=\"no\"":{"mean":26154063.627917003,"sqsum":920967347496.194,"variance":31757494741.24807,"size":30},"callback=\"yes\" len=32768 n=2000000 sync=\"yes\" writev=\"no\"":{"mean":6467673.048638403,"sqsum":123082756184.04608,"variance":4244232971.863658,"size":30},"callback=\"no\" len=1024 n=2000000 sync=\"yes\" writev=\"no\"":{"mean":25778480.162826218,"sqsum":1894378457615.3464,"variance":65323395090.18436,"size":30},"callback=\"no\" len=32768 n=2000000 sync=\"yes\" writev=\"no\"":{"mean":6150565.086641511,"sqsum":672952506391.8756,"variance":23205258841.09916,"size":30},"callback=\"yes\" len=1024 n=2000000 sync=\"no\" writev=\"yes\"":{"mean":17872148.89091736,"sqsum":787223569218.9891,"variance":27145640317.896175,"size":30},"callback=\"yes\" len=32768 n=2000000 sync=\"no\" writev=\"yes\"":{"mean":7206545.718602621,"sqsum":104366552097.67397,"variance":3598846624.057723,"size":30},"callback=\"no\" len=1024 n=2000000 sync=\"no\" writev=\"yes\"":{"mean":21414560.049455937,"sqsum":922950898841.6356,"variance":31825893063.504677,"size":30},"callback=\"no\" len=32768 n=2000000 sync=\"no\" writev=\"yes\"":{"mean":7073748.391979433,"sqsum":55978055181.47757,"variance":1930277764.878537,"size":30},"callback=\"yes\" len=1024 n=2000000 sync=\"no\" writev=\"no\"":{"mean":6665790.122553906,"sqsum":53156318535.410645,"variance":1832976501.2210567,"size":30},"callback=\"yes\" len=32768 n=2000000 sync=\"no\" writev=\"no\"":{"mean":7115044.380645861,"sqsum":48048288287.86065,"variance":1656837527.1676087,"size":30},"callback=\"no\" len=1024 n=2000000 sync=\"no\" writev=\"no\"":{"mean":6646856.541824482,"sqsum":70613335482.20741,"variance":2434942602.8347387,"size":30},"callback=\"no\" len=32768 n=2000000 sync=\"no\" writev=\"no\"":{"mean":7186795.224295795,"sqsum":57271073964.06327,"variance":1974864619.4504578,"size":30}}}