{"bench-env":{"n=1000000 operation=\"get\"":{"mean":4244458.287163009,"sqsum":448517877384.4712,"variance":15466133702.9128,"size":30},"n=1000000 operation=\"set\"":{"mean":3307330.335911101,"sqsum":181671124579.19666,"variance":6264521537.213677,"size":30},"n=1000000 operation=\"enumerate\"":{"mean":31723.6983992674,"sqsum":8114775.249833514,"variance":279819.8362011557,"size":30},"n=1000000 operation=\"query\"":{"mean":4857783.2156040855,"sqsum":189461013967.40457,"variance":6533138412.669123,"size":30},"n=1000000 operation=\"delete\"":{"mean":4009533.106686126,"sqsum":201290425766.54407,"variance":6941049164.363588,"size":30}},"bench-hrtime":{"n=1000000 type=\"raw\"":{"mean":22660964.57114081,"sqsum":5567025454055.599,"variance":191966394967.43442,"size":30},"n=1000000 type=\"diff\"":{"mean":20165781.366205223,"sqsum":8695043047021.673,"variance":299829070586.9542,"size":30},"n=1000000 type=\"bigint\"":{"mean":21805076.74718054,"sqsum":1243124162873.9966,"variance":42866350443.930916,"size":30}},"coverage":{"n=100000":{"mean":484595.4294538037,"sqsum":1744149304.7515001,"variance":60143079.47418966,"size":30}},"memoryUsage":{"n=100000":{"mean":192215.70792527223,"sqsum":174593398.9034598,"variance":6020462.031153786,"size":30}},"next-tick-breadth-args":{"n=10000000":{"mean":2554864.4838140267,"sqsum":63124736771.556946,"variance":2176715061.0881705,"size":30}},"next-tick-breadth":{"n=10000000":{"mean":5448057.1596929915,"sqsum":91107347903.65698,"variance":3141632686.332999,"size":30}},"next-tick-depth-args":{"n=7000000":{"mean":9651868.096321436,"sqsum":908464147833.3246,"variance":31326349925.287056,"size":30}},"next-tick-depth":{"n=7000000":{"mean":11877408.17177188,"sqsum":684184537769.7281,"variance":23592570267.92166,"size":30}},"next-tick-exec-args":{"n=4000000":{"mean":32688372.568295818,"sqsum":13381189822242.146,"variance":461420338698.005,"size":30}},"next-tick-exec":{"n=4000000":{"mean":34507560.54803143,"sqsum":46590276973695.49,"variance":1606561274955.0168,"size":30}},"queue-microtask-breadth":{"n=400000":{"mean":3059881.9849770637,"sqsum":20608701443.340492,"variance":710644877.3565687,"size":30}},"queue-microtask-depth":{"n=1200000":{"mean":6228529.743908109,"sqsum":247823709776.00916,"variance":8545645164.689971,"size":30}},"resourceUsage":{"n=100000":{"mean":1241812.8080504506,"sqsum":2758897033.895806,"variance":95134380.47916572,"size":30}}}