{"creation":{"kind=\"duplex\" n=50000000":{"mean":2537380.5697995424,"sqsum":359161993860.7358,"variance":12384896340.025372,"size":30},"kind=\"readable\" n=50000000":{"mean":6830338.936284721,"sqsum":143028750025.12424,"variance":4932025862.935318,"size":30},"kind=\"transform\" n=50000000":{"mean":2895216.745151961,"sqsum":2303491723412.867,"variance":79430749083.20232,"size":30},"kind=\"writable\" n=50000000":{"mean":6423916.009658458,"sqsum":97965783267.73882,"variance":3378130457.508235,"size":30}},"pipe-object-mode":{"n=5000000":{"mean":9350262.116824128,"sqsum":1202445394448.493,"variance":41463634291.32735,"size":30}},"pipe":{"n=5000000":{"mean":4671311.463462012,"sqsum":56564359775.553825,"variance":1950495164.6742697,"size":30}},"readable-async-iterator":{"n=100000 sync=\"yes\"":{"mean":2376822.285544763,"sqsum":24683401032.466064,"variance":851151759.7402091,"size":30},"n=100000 sync=\"no\"":{"mean":1088471.1599008455,"sqsum":709076036.5474478,"variance":24450897.81198096,"size":30}},"readable-bigread":{"n=1000":{"mean":689.1074650971716,"sqsum":594.0654243087662,"variance":20.485014631336764,"size":30}},"readable-bigunevenread":{"n=1000":{"mean":394.23318385028944,"sqsum":383.5316021610973,"variance":13.225227660727493,"size":30}},"readable-boundaryread":{"n=2000 type=\"string\"":{"mean":247.52872433973607,"sqsum":68.67670911735848,"variance":2.368162383357189,"size":30},"n=2000 type=\"buffer\"":{"mean":766.9933514978076,"sqsum":179.1791857005552,"variance":6.178592610363972,"size":30}},"readable-from":{"n=10000000":{"mean":8818987.71535619,"sqsum":455127492884.6175,"variance":15694051478.779915,"size":30}},"readable-readall":{"n=5000":{"mean":994.7026144505061,"sqsum":802.8280550312265,"variance":27.683726035559538,"size":30}},"readable-unevenread":{"n=1000":{"mean":129.0759079752986,"sqsum":9.30293017181303,"variance":0.32079069557975964,"size":30}},"writable-manywrites":{"callback=\"yes\" len=1024 n=2000000 sync=\"yes\" writev=\"yes\"":{"mean":24710943.629792843,"sqsum":332256706444.5524,"variance":11457127808.432842,"size":30},"callback=\"yes\" len=32768 n=2000000 sync=\"yes\" writev=\"yes\"":{"mean":5635160.202736213,"sqsum":306123437182.1058,"variance":10555980592.486404,"size":30},"callback=\"no\" len=1024 n=2000000 sync=\"yes\" writev=\"yes\"":{"mean":22785958.134471416,"sqsum":104506773702070.44,"variance":3603681851795.532,"size":30},"callback=\"no\" len=32768 n=2000000 sync=\"yes\" writev=\"yes\"":{"mean":5541308.9548482355,"sqsum":777213185377.7728,"variance":26800454668.199066,"size":30},"callback=\"yes\" len=1024 n=2000000 sync=\"yes\" writev=\"no\"":{"mean":21420411.072588287,"sqsum":243292044175541.94,"variance":8389380833639.378,"size":30},"callback=\"yes\" len=32768 n=2000000 sync=\"yes\" writev=\"no\"":{"mean":5463962.781048955,"sqsum":95945288142.5923,"variance":3308458211.813528,"size":30},"callback=\"no\" len=1024 n=2000000 sync=\"yes\" writev=\"no\"":{"mean":21439530.849550292,"sqsum":174531010603394.44,"variance":6018310710461.878,"size":30},"callback=\"no\" len=32768 n=2000000 sync=\"yes\" writev=\"no\"":{"mean":5392524.0378112,"sqsum":104910663966.79552,"variance":3617609102.3032937,"size":30},"callback=\"yes\" len=1024 n=2000000 sync=\"no\" writev=\"yes\"":{"mean":14936795.563557513,"sqsum":53216826806.83183,"variance":1835062993.3390286,"size":30},"callback=\"yes\" len=32768 n=2000000 sync=\"no\" writev=\"yes\"":{"mean":5677481.571051923,"sqsum":30886874003.22004,"variance":1065064620.800691,"size":30},"callback=\"no\" len=1024 n=2000000 sync=\"no\" writev=\"yes\"":{"mean":16752502.66328884,"sqsum":58549924534.62443,"variance":2018962914.987049,"size":30},"callback=\"no\" len=32768 n=2000000 sync=\"no\" writev=\"yes\"":{"mean":5624788.618589037,"sqsum":22095762582.030342,"variance":761922847.6562186,"size":30},"callback=\"yes\" len=1024 n=2000000 sync=\"no\" writev=\"no\"":{"mean":5106091.267217184,"sqsum":6464287623.876369,"variance":222906469.78884032,"size":30},"callback=\"yes\" len=32768 n=2000000 sync=\"no\" writev=\"no\"":{"mean":5746474.286193885,"sqsum":10006459828.244625,"variance":345050338.9049871,"size":30},"callback=\"no\" len=1024 n=2000000 sync=\"no\" writev=\"no\"":{"mean":5110976.99528084,"sqsum":274308377058.61652,"variance":9458909553.745396,"size":30},"callback=\"no\" len=32768 n=2000000 sync=\"no\" writev=\"no\"":{"mean":5739184.490920279,"sqsum":15965881650.316021,"variance":550547643.1143456,"size":30}}}