{"convertprotocols":{"n=1":{"mean":3892.154239694046,"sqsum":610414.6725669692,"variance":21048.78181265411,"size":30},"n=50000":{"mean":1064374.1486915245,"sqsum":1792562665.625058,"variance":61812505.711208895,"size":30}},"secure-pair":{"dur=5 securing=\"SecurePair\" size=100":{"mean":1853.8091739428464,"sqsum":23321.89630121245,"variance":804.2033207314638,"size":30},"dur=5 securing=\"SecurePair\" size=1024":{"mean":2683.13933564438,"sqsum":30722.02871176076,"variance":1059.3803004055435,"size":30},"dur=5 securing=\"SecurePair\" size=1048576":{"mean":3901.4443390002352,"sqsum":48965.22517246125,"variance":1688.4560404296983,"size":30},"dur=5 securing=\"TLSSocket\" size=100":{"mean":1870.9873799286527,"sqsum":20630.009067699066,"variance":711.3796230241057,"size":30},"dur=5 securing=\"TLSSocket\" size=1024":{"mean":2748.416637823586,"sqsum":84604.36676639094,"variance":2917.3919574617566,"size":30},"dur=5 securing=\"TLSSocket\" size=1048576":{"mean":4219.841462595007,"sqsum":89894.94421778026,"variance":3099.8256626820776,"size":30},"dur=5 securing=\"clear\" size=100":{"mean":621.3276302918829,"sqsum":4465.809118681916,"variance":153.9934178855833,"size":30},"dur=5 securing=\"clear\" size=1024":{"mean":4171.64146741685,"sqsum":2871118.476893687,"variance":99004.08541012714,"size":30},"dur=5 securing=\"clear\" size=1048576":{"mean":8927.866874083044,"sqsum":3053021.69383143,"variance":105276.61013211827,"size":30}},"throughput-c2s":{"dur=5 size=100 type=\"buf\"":{"mean":2189.4976494303723,"sqsum":16968.513635118325,"variance":585.1211598316664,"size":30},"dur=5 size=1024 type=\"buf\"":{"mean":3740.8580273092107,"sqsum":86246.78485163688,"variance":2974.0270638495476,"size":30},"dur=5 size=1048576 type=\"buf\"":{"mean":6440.1532319813805,"sqsum":77653.55271865765,"variance":2677.708714436471,"size":30},"dur=5 size=4194304 type=\"buf\"":{"mean":6017.037838176487,"sqsum":49106.33204729343,"variance":1693.3217947342562,"size":30},"dur=5 size=16777216 type=\"buf\"":{"mean":5876.556664129678,"sqsum":46439.07028300524,"variance":1601.3472511381117,"size":30},"dur=5 size=100 type=\"asc\"":{"mean":1181.4950639359852,"sqsum":6763.853843571592,"variance":233.2363394335032,"size":30},"dur=5 size=1024 type=\"asc\"":{"mean":3152.0638641946466,"sqsum":33664.48847087853,"variance":1160.8444300302942,"size":30},"dur=5 size=1048576 type=\"asc\"":{"mean":6072.542941030234,"sqsum":109409.66654108051,"variance":3772.7471221062247,"size":30},"dur=5 size=4194304 type=\"asc\"":{"mean":5322.24402859247,"sqsum":34590.77774635344,"variance":1192.785439529429,"size":30},"dur=5 size=16777216 type=\"asc\"":{"mean":5432.346190235555,"sqsum":36189.565830526415,"variance":1247.9160631216007,"size":30},"dur=5 size=100 type=\"utf\"":{"mean":1185.891024475463,"sqsum":2629.296785412282,"variance":90.66540639352696,"size":30},"dur=5 size=1024 type=\"utf\"":{"mean":2764.9941849511133,"sqsum":6819.763527932083,"variance":235.16425958386492,"size":30},"dur=5 size=1048576 type=\"utf\"":{"mean":3820.9435808530416,"sqsum":8115.434512258402,"variance":279.84256938822074,"size":30},"dur=5 size=4194304 type=\"utf\"":{"mean":3663.1103448659132,"sqsum":7241.062827247939,"variance":249.69182162923926,"size":30},"dur=5 size=16777216 type=\"utf\"":{"mean":3594.774646187076,"sqsum":12089.603594650263,"variance":416.882882574147,"size":30}},"throughput-s2c":{"dur=5 recvbufgenfn=\"true\" recvbuflen=0 sendchunklen=256 type=\"buf\"":{"mean":3081.008591144299,"sqsum":72808.66626949118,"variance":2510.643664465213,"size":30},"dur=5 recvbufgenfn=\"false\" recvbuflen=0 sendchunklen=256 type=\"buf\"":{"mean":3092.035720916658,"sqsum":51049.01372902019,"variance":1760.3108182420754,"size":30},"dur=5 recvbufgenfn=\"true\" recvbuflen=65536 sendchunklen=256 type=\"buf\"":{"mean":3503.362490417296,"sqsum":53058.7867427092,"variance":1829.6133359554897,"size":30},"dur=5 recvbufgenfn=\"false\" recvbuflen=65536 sendchunklen=256 type=\"buf\"":{"mean":3528.516765402521,"sqsum":41633.58112380232,"variance":1435.6407284069767,"size":30},"dur=5 recvbufgenfn=\"true\" recvbuflen=1048576 sendchunklen=256 type=\"buf\"":{"mean":3508.804127976037,"sqsum":61349.345698748,"variance":2115.4946792671726,"size":30},"dur=5 recvbufgenfn=\"false\" recvbuflen=1048576 sendchunklen=256 type=\"buf\"":{"mean":3529.1635708778877,"sqsum":54028.17154733811,"variance":1863.040398184073,"size":30},"dur=5 recvbufgenfn=\"true\" recvbuflen=0 sendchunklen=32768 type=\"buf\"":{"mean":5904.963158475347,"sqsum":78494.96666837353,"variance":2706.7229885646043,"size":30},"dur=5 recvbufgenfn=\"false\" recvbuflen=0 sendchunklen=32768 type=\"buf\"":{"mean":5917.569440593641,"sqsum":88196.82960635496,"variance":3041.269986426033,"size":30},"dur=5 recvbufgenfn=\"true\" recvbuflen=65536 sendchunklen=32768 type=\"buf\"":{"mean":7111.355297721002,"sqsum":167269.42271426952,"variance":5767.911128078259,"size":30},"dur=5 recvbufgenfn=\"false\" recvbuflen=65536 sendchunklen=32768 type=\"buf\"":{"mean":7164.649567598947,"sqsum":87856.27496182927,"variance":3029.526722821699,"size":30},"dur=5 recvbufgenfn=\"true\" recvbuflen=1048576 sendchunklen=32768 type=\"buf\"":{"mean":7117.8769395800455,"sqsum":123571.98312190348,"variance":4261.102866272534,"size":30},"dur=5 recvbufgenfn=\"false\" recvbuflen=1048576 sendchunklen=32768 type=\"buf\"":{"mean":7170.923034481686,"sqsum":150379.12506401734,"variance":5185.487071173012,"size":30},"dur=5 recvbufgenfn=\"true\" recvbuflen=0 sendchunklen=131072 type=\"buf\"":{"mean":6342.277010179288,"sqsum":71617.24301694352,"variance":2469.5601040325355,"size":30},"dur=5 recvbufgenfn=\"false\" recvbuflen=0 sendchunklen=131072 type=\"buf\"":{"mean":6364.558176076489,"sqsum":63835.67476279164,"variance":2201.2301642341945,"size":30},"dur=5 recvbufgenfn=\"true\" recvbuflen=65536 sendchunklen=131072 type=\"buf\"":{"mean":7821.448149260098,"sqsum":117818.0911800561,"variance":4062.692799312279,"size":30},"dur=5 recvbufgenfn=\"false\" recvbuflen=65536 sendchunklen=131072 type=\"buf\"":{"mean":7871.812291344521,"sqsum":106674.12878652426,"variance":3678.4182340180782,"size":30},"dur=5 recvbufgenfn=\"true\" recvbuflen=1048576 sendchunklen=131072 type=\"buf\"":{"mean":7827.243883197313,"sqsum":129616.3206562113,"variance":4469.528298490045,"size":30},"dur=5 recvbufgenfn=\"false\" recvbuflen=1048576 sendchunklen=131072 type=\"buf\"":{"mean":7889.688396166612,"sqsum":89691.44132642765,"variance":3092.8083216009536,"size":30},"dur=5 recvbufgenfn=\"true\" recvbuflen=0 sendchunklen=16777216 type=\"buf\"":{"mean":5888.039142578305,"sqsum":44810.30155271498,"variance":1545.1828121625854,"size":30},"dur=5 recvbufgenfn=\"false\" recvbuflen=0 sendchunklen=16777216 type=\"buf\"":{"mean":5907.326472487992,"sqsum":32409.79344610655,"variance":1117.5790843485017,"size":30},"dur=5 recvbufgenfn=\"true\" recvbuflen=65536 sendchunklen=16777216 type=\"buf\"":{"mean":6983.24558273527,"sqsum":61274.16913043404,"variance":2112.9023838080707,"size":30},"dur=5 recvbufgenfn=\"false\" recvbuflen=65536 sendchunklen=16777216 type=\"buf\"":{"mean":7025.515723617375,"sqsum":33670.96239316273,"variance":1161.0676687297494,"size":30},"dur=5 recvbufgenfn=\"true\" recvbuflen=1048576 sendchunklen=16777216 type=\"buf\"":{"mean":6971.713165938711,"sqsum":64217.174755643806,"variance":2214.385336401511,"size":30},"dur=5 recvbufgenfn=\"false\" recvbuflen=1048576 sendchunklen=16777216 type=\"buf\"":{"mean":7022.7467967774655,"sqsum":34747.98619127871,"variance":1198.206420388921,"size":30},"dur=5 recvbufgenfn=\"true\" recvbuflen=0 sendchunklen=256 type=\"asc\"":{"mean":2073.3080879916733,"sqsum":23578.622043347554,"variance":813.055932529226,"size":30},"dur=5 recvbufgenfn=\"false\" recvbuflen=0 sendchunklen=256 type=\"asc\"":{"mean":2078.415265340974,"sqsum":8156.527533623358,"variance":281.25957012494337,"size":30},"dur=5 recvbufgenfn=\"true\" recvbuflen=65536 sendchunklen=256 type=\"asc\"":{"mean":2249.926657922067,"sqsum":12094.619224671509,"variance":417.05583533350034,