{"atomics-wait":{"n=10000000":{"mean":9745047.887526704,"sqsum":4505867087584.35,"variance":155374727158.08102,"size":30}},"echo":{"n=100000 payload=\"string\" sendsPerBroadcast=1 workers=1":{"mean":55249.69493632343,"sqsum":14120468.954349583,"variance":486912.7225637787,"size":30},"n=100000 payload=\"string\" sendsPerBroadcast=10 workers=1":{"mean":20970.04955432183,"sqsum":4481876.749868541,"variance":154547.47413339798,"size":30},"n=100000 payload=\"object\" sendsPerBroadcast=1 workers=1":{"mean":35046.08042838454,"sqsum":6790010.636599527,"variance":234138.2978137768,"size":30},"n=100000 payload=\"object\" sendsPerBroadcast=10 workers=1":{"mean":13085.08434156099,"sqsum":1687340.9702743613,"variance":58184.17138877108,"size":30}},"messageport":{"n=1000000 payload=\"string\" style=\"eventtarget\"":{"mean":279339.17598297034,"sqsum":664512762.8874738,"variance":22914233.203016337,"size":30},"n=1000000 payload=\"string\" style=\"eventemitter\"":{"mean":508744.9511235222,"sqsum":7088454271.1325245,"variance":244429457.6252595,"size":30},"n=1000000 payload=\"object\" style=\"eventtarget\"":{"mean":144865.86809044666,"sqsum":257793987.61560068,"variance":8889447.848813815,"size":30},"n=1000000 payload=\"object\" style=\"eventemitter\"":{"mean":208944.2093116943,"sqsum":422107599.3307696,"variance":14555434.45968171,"size":30}}}