{"createInflate":{"chunkLen=1024 inputLen=16777216 n=100":{"mean":32.82486694412772,"sqsum":2848.4074976142524,"variance":98.22094819359491,"size":30}},"creation":{"n=500000 options=\"true\" type=\"Deflate\"":{"mean":187928.5769726473,"sqsum":441592383.2177394,"variance":15227323.559232391,"size":30},"n=500000 options=\"false\" type=\"Deflate\"":{"mean":207272.4912356125,"sqsum":543273920.9811229,"variance":18733583.482107684,"size":30},"n=500000 options=\"true\" type=\"DeflateRaw\"":{"mean":185394.56496338,"sqsum":166335232.06074953,"variance":5735697.657267225,"size":30},"n=500000 options=\"false\" type=\"DeflateRaw\"":{"mean":208179.56453273498,"sqsum":288637522.67634386,"variance":9953018.023322202,"size":30},"n=500000 options=\"true\" type=\"Inflate\"":{"mean":184081.96342219712,"sqsum":452843317.393253,"variance":15615286.806663899,"size":30},"n=500000 options=\"false\" type=\"Inflate\"":{"mean":208312.9704158951,"sqsum":433493076.99961716,"variance":14948037.137917832,"size":30},"n=500000 options=\"true\" type=\"InflateRaw\"":{"mean":186388.051785484,"sqsum":495183768.23844373,"variance":17075302.353049785,"size":30},"n=500000 options=\"false\" type=\"InflateRaw\"":{"mean":205108.27197328178,"sqsum":661337985.0281045,"variance":22804758.1044174,"size":30},"n=500000 options=\"true\" type=\"Gzip\"":{"mean":185732.84383522952,"sqsum":493117490.7300729,"variance":17004051.404485274,"size":30},"n=500000 options=\"false\" type=\"Gzip\"":{"mean":206734.57816251056,"sqsum":546150536.7205021,"variance":18832777.128293175,"size":30},"n=500000 options=\"true\" type=\"Gunzip\"":{"mean":184142.65809910925,"sqsum":334181892.37622535,"variance":11523513.530214667,"size":30},"n=500000 options=\"false\" type=\"Gunzip\"":{"mean":204857.92767512423,"sqsum":369721081.23692656,"variance":12749002.80127333,"size":30},"n=500000 options=\"true\" type=\"Unzip\"":{"mean":186145.71908031407,"sqsum":429863345.0032529,"variance":14822873.96562941,"size":30},"n=500000 options=\"false\" type=\"Unzip\"":{"mean":206583.14806508715,"sqsum":868384625.4415721,"variance":29944297.429019727,"size":30},"n=500000 options=\"true\" type=\"BrotliCompress\"":{"mean":172582.9808014279,"sqsum":261034534.13065538,"variance":9001190.832091564,"size":30},"n=500000 options=\"false\" type=\"BrotliCompress\"":{"mean":187569.8247164984,"sqsum":233271893.3918804,"variance":8043858.392823461,"size":30},"n=500000 options=\"true\" type=\"BrotliDecompress\"":{"mean":170435.80787857354,"sqsum":340204047.8999008,"variance":11731174.065513821,"size":30},"n=500000 options=\"false\" type=\"BrotliDecompress\"":{"mean":185972.5930349438,"sqsum":276334477.6490188,"variance":9528775.091345476,"size":30}},"deflate":{"inputLen=1024 method=\"createDeflate\" n=400000":{"mean":32237.908569569845,"sqsum":2237014822.9316697,"variance":77138442.17005756,"size":30},"inputLen=1024 method=\"deflate\" n=400000":{"mean":10088.818895937013,"sqsum":109486512.33826084,"variance":3775396.977181408,"size":30},"inputLen=1024 method=\"deflateSync\" n=400000":{"mean":46890.03000450914,"sqsum":7891852.840320812,"variance":272132.8565627866,"size":30}},"inflate":{"inputLen=1024 method=\"inflate\" n=400000":{"mean":17053.03782783628,"sqsum":180747548.74700767,"variance":6232674.094724402,"size":30},"inputLen=1024 method=\"inflateSync\" n=400000":{"mean":132191.6345465565,"sqsum":322066832.060407,"variance":11105752.829669205,"size":30}},"pipe":{"algorithm=\"gzip\" duration=5 inputLen=1024 type=\"string\"":{"mean":0.051853784777077055,"sqsum":0.0005217002588607605,"variance":0.00001798966409864691,"size":30},"algorithm=\"brotli\" duration=5 inputLen=1024 type=\"string\"":{"mean":0.13017199619643077,"sqsum":0.0084412392728632,"variance":0.0002910772163056276,"size":30},"algorithm=\"gzip\" duration=5 inputLen=1024 type=\"buffer\"":{"mean":0.07538481970298205,"sqsum":0.015383727108781822,"variance":0.0005304733485786836,"size":30},"algorithm=\"brotli\" duration=5 inputLen=1024 type=\"buffer\"":{"mean":0.13186181847823902,"sqsum":0.010363692529038718,"variance":0.00035736870789788685,"size":30}}}