{"arguments":{"method=\"restAndSpread\" n=1000000":{"mean":4974360.733999609,"sqsum":104072290225.10194,"variance":3588699662.93455,"size":30},"method=\"argumentsAndApply\" n=1000000":{"mean":5005302.865077478,"sqsum":16829363001.554672,"variance":580322862.1225749,"size":30},"method=\"restAndApply\" n=1000000":{"mean":4993857.933099594,"sqsum":28544117577.88495,"variance":984279916.4787914,"size":30},"method=\"predefined\" n=1000000":{"mean":5044730.823625434,"sqsum":31648118637.834656,"variance":1091314435.787402,"size":30}},"freelist":{"n=100000":{"mean":179853.58710970107,"sqsum":22837914.695799507,"variance":787514.2998551554,"size":30}},"getstringwidth":{"n=100000 type=\"ascii\"":{"mean":298717.80142149195,"sqsum":1576472272.4755728,"variance":54361112.843985274,"size":30},"n=100000 type=\"mixed\"":{"mean":172906.64272758743,"sqsum":5538849.008575058,"variance":190994.79339913992,"size":30},"n=100000 type=\"emojiseq\"":{"mean":221624.1003069416,"sqsum":13491983.30801705,"variance":465240.8037247259,"size":30},"n=100000 type=\"fullwidth\"":{"mean":321694.9852216442,"sqsum":65953477.986235105,"variance":2274257.8615943138,"size":30}},"hidestackframes":{"n=100000 type=\"hide-stackframes-throw\"":{"mean":55692.434640053136,"sqsum":24511466.445934962,"variance":845222.980894309,"size":30},"n=100000 type=\"direct-call-throw\"":{"mean":51678.63279318262,"sqsum":27909014.02710462,"variance":962379.7940380904,"size":30},"n=100000 type=\"hide-stackframes-noerr\"":{"mean":47017479.61817129,"sqsum":17559440478046.842,"variance":605497947518.8566,"size":30},"n=100000 type=\"direct-call-noerr\"":{"mean":46835909.52792853,"sqsum":20981512358480.21,"variance":723500426154.49,"size":30}},"object-property-bench":{"method=\"property\" n=1000000000":{"mean":1155691276.091733,"sqsum":78406194642401.66,"variance":2703661884220.7466,"size":30},"method=\"string\" n=1000000000":{"mean":1157965747.973132,"sqsum":110704597438494.34,"variance":3817399911672.2188,"size":30},"method=\"variable\" n=1000000000":{"mean":1732000390.1019497,"sqsum":463874842716305.06,"variance":15995684231596.725,"size":30},"method=\"symbol\" n=1000000000":{"mean":1732947043.195196,"sqsum":475525789521294.94,"variance":16397441017975.688,"size":30}},"print":{"code=\"1\" dur=1":{"mean":35.26505705483631,"sqsum":1.2947843917779647,"variance":0.04464773764751602,"size":30},"code=\"\\\"string\\\"\" dur=1":{"mean":35.25839632028217,"sqsum":1.6512844416834358,"variance":0.056940842816670195,"size":30},"code=\"process.versions\" dur=1":{"mean":35.25612645799316,"sqsum":1.6378922964226301,"variance":0.056479044704228626,"size":30},"code=\"process\" dur=1":{"mean":35.1657289007522,"sqsum":1.39604792113773,"variance":0.04813958348750792,"size":30}},"punycode":{"method=\"punycode\" n=1024 val=\"افغانستا.icom.museum\"":{"mean":159311.9537844599,"sqsum":302579579.31097,"variance":10433778.59693,"size":30},"method=\"punycode\" n=1024 val=\"الجزائر.icom.museum\"":{"mean":167067.823576833,"sqsum":124286683.63909428,"variance":4285747.711692906,"size":30},"method=\"punycode\" n=1024 val=\"österreich.icom.museum\"":{"mean":184039.87615187856,"sqsum":278863662.06518555,"variance":9615988.347075364,"size":30},"method=\"punycode\" n=1024 val=\"বাংলাদেশ.icom.museum\"":{"mean":159529.49364729275,"sqsum":113269296.59617256,"variance":3905837.8136611227,"size":30},"method=\"punycode\" n=1024 val=\"беларусь.icom.museum\"":{"mean":155805.5614092883,"sqsum":233715873.59585372,"variance":8059168.055029439,"size":30},"method=\"punycode\" n=1024 val=\"belgië.icom.museum\"":{"mean":165163.68139781218,"sqsum":181135721.8224363,"variance":6246059.373187458,"size":30},"method=\"punycode\" n=1024 val=\"българия.icom.museum\"":{"mean":154412.00398599767,"sqsum":548237387.4932654,"variance":18904737.499767773,"size":30},"method=\"punycode\" n=1024 val=\"تشادر.icom.museum\"":{"mean":174953.07294946548,"sqsum":221603093.00167984,"variance":7641485.965575166,"size":30},"method=\"punycode\" n=1024 val=\"中国.icom.museum\"":{"mean":166216.1696150095,"sqsum":191763985.93693548,"variance":6612551.239204672,"size":30},"method=\"punycode\" n=1024 val=\"القمر.icom.museum\"":{"mean":174419.4324734726,"sqsum":419942888.7998071,"variance":14480789.268958865,"size":30},"method=\"punycode\" n=1024 val=\"κυπρος.icom.museum\"":{"mean":172991.99578043248,"sqsum":406648696.3127095,"variance":14022368.838369293,"size":30},"method=\"punycode\" n=1024 val=\"českárepublika.icom.museum\"":{"mean":170432.89518195705,"sqsum":435308371.0467934,"variance":15010633.484372187,"size":30},"method=\"punycode\" n=1024 val=\"مصر.icom.museum\"":{"mean":188652.87638643658,"sqsum":512227443.63908976,"variance":17663015.297899645,"size":30},"method=\"punycode\" n=1024 val=\"ελλάδα.icom.museum\"":{"mean":171685.95316221137,"sqsum":493837857.8569347,"variance":17028891.65023913,"size":30},"method=\"punycode\" n=1024 val=\"magyarország.icom.museum\"":{"mean":192354.83317362296,"sqsum":218939013.70663893,"variance":7549621.162297894,"size":30},"method=\"punycode\" n=1024 val=\"ísland.icom.museum\"":{"mean":161063.40584645316,"sqsum":151658678.96688145,"variance":5229609.619547636,"size":30},"method=\"punycode\" n=1024 val=\"भारत.icom.museum\"":{"mean":183213.20251658375,"sqsum":176545406.51458102,"variance":6087772.638433829,"size":30},"method=\"punycode\" n=1024 val=\"ايران.icom.museum\"":{"mean":173012.16814812974,"sqsum":323700931.7923166,"variance":11162101.096286781,"size":30},"method=\"punycode\" n=1024 val=\"éire.icom.museum\"":{"mean":165116.4564301388,"sqsum":107556660.66630079,"variance":3708850.3678034754,"size":30},"method=\"punycode\" n=1024 val=\"איקו״ם.ישראל.museum\"":{"mean":136247.66515926848,"sqsum":137294559.2989301,"variance":4734295.148238969,"size":30},"method=\"punycode\" n=1024 val=\"日本.icom.museum\"":{"mean":166602.4207522001,"sqsum":304789441.515427,"variance":10509980.741911275,"size":30},"method=\"punycode\" n=1024 val=\"الأردن.icom.museum\"":{"mean":169741.4075838392,"sqsum":274538508.62491184,"variance":9466845.12499696,"size":30},"method=\"icu\" n=1024 val=\"افغانستا.icom.museum\"":{"mean":389899.64834088366,"sqsum":1528953026.9669876,"variance":52722518.17127544,"size":30},"method=\"icu\" n=1024 val=\"الجزائر.icom.museum\"":{"mean":423814.22309395316,"sqsum":1435436550.9479282,"variance":49497812.10165269,"size":30},"method=\"icu\" n=1024 val=\"österreich.icom.museum\"":{"mean":479669.1251385572,"sqsum":5557241001.77821,"variance":191629000.06131756,"size":30},"method=\"icu\" n=1024 val=\"বাংলাদেশ.icom.museum\"":{"mean":349385.48543550196,"sqsum":1917092419.6439173,"variance":66106635.160135075,"size":30},"method=\"icu\" n=1024 val=\"беларусь.icom.museum\"":{"mean":389522.7204213066,"sqsum":3038961235.4086156,"variance":104791766.73822813,"size":30},"method=\"icu\" n=1024 val=\"belgië.icom.museum\"":{"mean":505643.5198683767,"sqsum":5528178781.785679,"variance":190626854.54433376,"size":30},"method=\"icu\" n=1024 val=\"българия.icom.museum\"":{"mean":383030.29454111884,"sqsum":2002962574.0918424,"variance":69067674.96868423,"size":30},"method=\"icu\" n=1024 val=\"تشادر.icom.museum\"":{"mean":464748.14463382825,"sqsum":2597548816.2535977,"variance":89570648.83633097,"size":30},"method=\"icu\" n=1024 val=\"中国.icom.museum\"":{"mean":522910.41579647776,"sqsum":3734390940.9767547,"variance":128772101.41299154,"size":30},"method=\"icu\" n=1024 val=\"القمر.icom.museum\"":{"mean":462733.5790778683,"sqsum":4009519782.543397,"variance":138259302.84632403,"size":30},"method=\"icu\" n=1024 val=\"κυπρος.icom.museum\"":{"mean":447567.10029232374,"sqsum":2338397224.2736554,"variance":80634387.04391916,"size":30},"method=\"icu\" n=1024 val=\"českárepublika.icom.museum\"":{"mean":428760.3125929744,"sqsum":2823818732.265122,"variance":97373059.73328008,"size":30},"method=\"icu\" n=1024 val=\"مصر.icom.museum\"":{"mean":503578.2426567261,"sqsum":3431413855.723948,"variance":118324615.71461889,"size":30},