{"atomics-wait":{"n=10000000":{"mean":10403053.314866249,"sqsum":667462846235.0394,"variance":23015960215.001358,"size":30}},"bench-eventlooputil":{"method=\"ELU_simple\" n=1000000":{"mean":6385240.914367915,"sqsum":477403830275.1646,"variance":16462201043.971193,"size":30},"method=\"ELU_passed\" n=1000000":{"mean":5862658.03835942,"sqsum":279099241309.3636,"variance":9624111769.288399,"size":30}},"echo":{"n=100000 payload=\"string\" sendsPerBroadcast=1 workers=1":{"mean":85871.53381087453,"sqsum":629256148.5919373,"variance":21698487.882480595,"size":30},"n=100000 payload=\"string\" sendsPerBroadcast=10 workers=1":{"mean":49163.79406855222,"sqsum":40846703.30702133,"variance":1408507.0105869425,"size":30},"n=100000 payload=\"object\" sendsPerBroadcast=1 workers=1":{"mean":67067.04232724418,"sqsum":264093904.8837662,"variance":9106686.375302283,"size":30},"n=100000 payload=\"object\" sendsPerBroadcast=10 workers=1":{"mean":29973.77122197125,"sqsum":26846571.044144657,"variance":925743.8291084365,"size":30}},"messageport":{"n=1000000 payload=\"string\" style=\"eventtarget\"":{"mean":666402.9884384633,"sqsum":9272032264.065363,"variance":319725250.48501253,"size":30},"n=1000000 payload=\"string\" style=\"eventemitter\"":{"mean":1071876.1761394108,"sqsum":9278785312.318085,"variance":319958114.217865,"size":30},"n=1000000 payload=\"object\" style=\"eventtarget\"":{"mean":370494.7552341017,"sqsum":4196087731.917382,"variance":144692680.4109442,"size":30},"n=1000000 payload=\"object\" style=\"eventemitter\"":{"mean":507686.0386551849,"sqsum":7048794193.018157,"variance":243061868.72476402,"size":30}}}