{"cpus":{"n=30000":{"mean":6168.561476335679,"sqsum":192647.8969586396,"variance":6643.030929608262,"size":30}},"loadavg":{"n=5000000":{"mean":1322527.3435253452,"sqsum":10493952306.077784,"variance":361860424.34750974,"size":30}},"networkInterfaces":{"n=10000":{"mean":15436.02221575828,"sqsum":870325.2985183347,"variance":30011.217190287407,"size":30}}}