{"lookup-promises":{"all=\"true\" n=5000000 name=\"127.0.0.1\"":{"mean":15726985224.482706,"sqsum":16921985934996664000,"variance":583516756379195400,"size":30},"all=\"false\" n=5000000 name=\"127.0.0.1\"":{"mean":16183626617.819736,"sqsum":7865544082386683000,"variance":271225658013333900,"size":30},"all=\"true\" n=5000000 name=\"::1\"":{"mean":4646961991.469011,"sqsum":198168953636378660,"variance":6833412194357884,"size":30},"all=\"false\" n=5000000 name=\"::1\"":{"mean":4746476264.423257,"sqsum":337216254151583170,"variance":11628146694882178,"size":30}},"lookup":{"all=\"true\" n=5000000 name=\"127.0.0.1\"":{"mean":6064862.195585431,"sqsum":2513425249830.641,"variance":86669836201.0566,"size":30},"all=\"false\" n=5000000 name=\"127.0.0.1\"":{"mean":6854976.370922959,"sqsum":852548976626.7188,"variance":29398240573.33513,"size":30},"all=\"true\" n=5000000 name=\"::1\"":{"mean":3658383.866504799,"sqsum":155847485080.50342,"variance":5374051209.672532,"size":30},"all=\"false\" n=5000000 name=\"::1\"":{"mean":3932767.824326065,"sqsum":4810268995.178228,"variance":165871344.6613182,"size":30}}}