{"createInflate":{"chunkLen=1024 inputLen=16777216 n=100":{"mean":69.33233178258749,"sqsum":249.78968693252764,"variance":8.613437480431987,"size":30}},"creation":{"n=500000 options=\"true\" type=\"Deflate\"":{"mean":324968.1761887834,"sqsum":2869779500.9100504,"variance":98957913.8244845,"size":30},"n=500000 options=\"false\" type=\"Deflate\"":{"mean":334742.7764639099,"sqsum":1953842947.2092142,"variance":67373894.73135221,"size":30},"n=500000 options=\"true\" type=\"DeflateRaw\"":{"mean":326798.99042954255,"sqsum":2524022176.357513,"variance":87035247.4606039,"size":30},"n=500000 options=\"false\" type=\"DeflateRaw\"":{"mean":332691.58425616875,"sqsum":3018594303.3190312,"variance":104089458.73513901,"size":30},"n=500000 options=\"true\" type=\"Inflate\"":{"mean":327205.5080238283,"sqsum":2075642855.4840994,"variance":71573891.56841722,"size":30},"n=500000 options=\"false\" type=\"Inflate\"":{"mean":333061.9513245192,"sqsum":2574394841.909328,"variance":88772235.92790787,"size":30},"n=500000 options=\"true\" type=\"InflateRaw\"":{"mean":327517.8318287761,"sqsum":1520666141.196168,"variance":52436763.48952303,"size":30},"n=500000 options=\"false\" type=\"InflateRaw\"":{"mean":335587.28362380306,"sqsum":2890036247.057399,"variance":99656422.31232409,"size":30},"n=500000 options=\"true\" type=\"Gzip\"":{"mean":326015.34610462945,"sqsum":3341180517.0777745,"variance":115213121.27854396,"size":30},"n=500000 options=\"false\" type=\"Gzip\"":{"mean":332335.48572200554,"sqsum":2016955107.1932833,"variance":69550176.11011322,"size":30},"n=500000 options=\"true\" type=\"Gunzip\"":{"mean":325971.44543740404,"sqsum":2087865861.0113707,"variance":71995374.51763347,"size":30},"n=500000 options=\"false\" type=\"Gunzip\"":{"mean":332959.53471547825,"sqsum":3597027723.127277,"variance":124035438.72852679,"size":30},"n=500000 options=\"true\" type=\"Unzip\"":{"mean":325057.01307699067,"sqsum":4882483319.875948,"variance":168361493.7888258,"size":30},"n=500000 options=\"false\" type=\"Unzip\"":{"mean":336162.43743227655,"sqsum":2414322115.695546,"variance":83252486.74812229,"size":30},"n=500000 options=\"true\" type=\"BrotliCompress\"":{"mean":244955.31497783246,"sqsum":1196328273.0493689,"variance":41252699.07066789,"size":30},"n=500000 options=\"false\" type=\"BrotliCompress\"":{"mean":242747.96543219898,"sqsum":1113780342.6887324,"variance":38406218.713404566,"size":30},"n=500000 options=\"true\" type=\"BrotliDecompress\"":{"mean":247204.63961233545,"sqsum":2888803982.379249,"variance":99613930.42687064,"size":30},"n=500000 options=\"false\" type=\"BrotliDecompress\"":{"mean":248941.3628487088,"sqsum":2706299029.238777,"variance":93320656.18064749,"size":30}},"deflate":{"inputLen=1024 method=\"createDeflate\" n=400000":{"mean":82619.45149783055,"sqsum":74785677.70883535,"variance":2578816.4727184605,"size":30},"inputLen=1024 method=\"deflate\" n=400000":{"mean":31589.343238167476,"sqsum":5481880.263197348,"variance":189030.35390335685,"size":30},"inputLen=1024 method=\"deflateSync\" n=400000":{"mean":88855.61360232739,"sqsum":17664213.78945105,"variance":609110.8203258982,"size":30}},"inflate":{"inputLen=1024 method=\"inflate\" n=400000":{"mean":49489.92589065592,"sqsum":20233968.109596394,"variance":697723.0382619447,"size":30},"inputLen=1024 method=\"inflateSync\" n=400000":{"mean":255608.49495174547,"sqsum":371987341.9177515,"variance":12827149.721301777,"size":30}},"pipe":{"algorithm=\"gzip\" duration=5 inputLen=1024 type=\"string\"":{"mean":0.3441102500120922,"sqsum":0.008518041332805624,"variance":0.00029372556320019394,"size":30},"algorithm=\"brotli\" duration=5 inputLen=1024 type=\"string\"":{"mean":0.275163077459232,"sqsum":0.0009750160537653278,"variance":0.00003362124323328717,"size":30},"algorithm=\"gzip\" duration=5 inputLen=1024 type=\"buffer\"":{"mean":0.37307830397692976,"sqsum":0.003091265943189994,"variance":0.0001065953773513791,"size":30},"algorithm=\"brotli\" duration=5 inputLen=1024 type=\"buffer\"":{"mean":0.2872651013198668,"sqsum":0.000028526970718439767,"variance":9.8368864546344e-7,"size":30}}}