{"ee-add-remove":{"n=1000000 newListener=0 removeListener=0":{"mean":1127289.1577668479,"sqsum":561911770.6316123,"variance":19376267.952814218,"size":30},"n=1000000 newListener=0 removeListener=1":{"mean":778924.0614322475,"sqsum":1768650880.4806015,"variance":60987961.39588281,"size":30},"n=1000000 newListener=1 removeListener=0":{"mean":890912.2856914215,"sqsum":51975062099.835945,"variance":1792243520.683998,"size":30},"n=1000000 newListener=1 removeListener=1":{"mean":659050.644561063,"sqsum":2042086209.453012,"variance":70416765.84320731,"size":30}},"ee-emit":{"argc=0 listeners=1 n=2000000":{"mean":65313906.849444695,"sqsum":11719958266176.678,"variance":404136491937.12683,"size":30},"argc=0 listeners=5 n=2000000":{"mean":17178665.63958154,"sqsum":226125540799.5099,"variance":7797432441.36241,"size":30},"argc=0 listeners=10 n=2000000":{"mean":9809881.23833213,"sqsum":147948998012.00876,"variance":5101689586.620992,"size":30},"argc=2 listeners=1 n=2000000":{"mean":65949655.76877685,"sqsum":7587203505712.533,"variance":261627707093.5356,"size":30},"argc=2 listeners=5 n=2000000":{"mean":16795182.03300338,"sqsum":196608018796.14093,"variance":6779586855.039343,"size":30},"argc=2 listeners=10 n=2000000":{"mean":8115920.520111259,"sqsum":79102534603.4629,"variance":2727673607.0159626,"size":30},"argc=4 listeners=1 n=2000000":{"mean":66190208.07882536,"sqsum":4635215171641.334,"variance":159835005918.6667,"size":30},"argc=4 listeners=5 n=2000000":{"mean":16418675.47466757,"sqsum":273974357569.2891,"variance":9447391640.320312,"size":30},"argc=4 listeners=10 n=2000000":{"mean":7806955.526635824,"sqsum":86419173881.8639,"variance":2979971513.167721,"size":30},"argc=10 listeners=1 n=2000000":{"mean":65096708.16808302,"sqsum":8116183693330.327,"variance":279868403218.2871,"size":30},"argc=10 listeners=5 n=2000000":{"mean":14741302.889348406,"sqsum":137306608735.32259,"variance":4734710646.045607,"size":30},"argc=10 listeners=10 n=2000000":{"mean":7188297.297582516,"sqsum":43439090654.953865,"variance":1497899677.7570298,"size":30}},"ee-listener-count-on-prototype":{"n=50000000":{"mean":70131830.15323506,"sqsum":48938601124264.35,"variance":1687537969802.2192,"size":30}},"ee-listeners":{"listeners=5 n=5000000 raw=\"true\"":{"mean":48001058.8744922,"sqsum":12978373420556.334,"variance":447530117950.2184,"size":30},"listeners=5 n=5000000 raw=\"false\"":{"mean":26672953.97307435,"sqsum":2337817475521.306,"variance":80614395707.63126,"size":30},"listeners=50 n=5000000 raw=\"true\"":{"mean":18494938.528055526,"sqsum":401892938610.93097,"variance":13858377193.480377,"size":30},"listeners=50 n=5000000 raw=\"false\"":{"mean":5701900.644781619,"sqsum":14506623029.171164,"variance":500228380.31624705,"size":30}},"ee-once":{"argc=0 n=20000000":{"mean":7304538.1683285255,"sqsum":44932739219.34672,"variance":1549404800.667128,"size":30},"argc=1 n=20000000":{"mean":7121267.105267675,"sqsum":31612093652.920685,"variance":1090072194.9282994,"size":30},"argc=4 n=20000000":{"mean":7000608.034711658,"sqsum":21230199981.914204,"variance":732075861.4453174,"size":30},"argc=5 n=20000000":{"mean":6965571.376550755,"sqsum":11134378411.994703,"variance":383944083.17223114,"size":30}},"eventtarget":{"listeners=1 n=1000000":{"mean":2868521.6518441634,"sqsum":279632059726.75055,"variance":9642484818.16381,"size":30},"listeners=5 n=1000000":{"mean":2458891.1615543314,"sqsum":38445692741.74443,"variance":1325713542.8187735,"size":30},"listeners=10 n=1000000":{"mean":2089820.5685787408,"sqsum":5498475774.638067,"variance":189602612.91855404,"size":30}}}