{"immediate":{"n=5000000 type=\"depth\"":{"mean":739336.1109506328,"sqsum":7283661607.277084,"variance":251160745.07852015,"size":30},"n=5000000 type=\"depth1\"":{"mean":723718.9891155331,"sqsum":12447059771.742235,"variance":429208957.646284,"size":30},"n=5000000 type=\"breadth\"":{"mean":3086093.349084452,"sqsum":44083507120.90035,"variance":1520120935.2034605,"size":30},"n=5000000 type=\"breadth1\"":{"mean":2176823.273076348,"sqsum":210081612582.6971,"variance":7244193537.334383,"size":30},"n=5000000 type=\"breadth4\"":{"mean":1522931.1426694803,"sqsum":304493536853.9882,"variance":10499777132.896145,"size":30},"n=5000000 type=\"clear\"":{"mean":12198382.845694788,"sqsum":5784643808772.364,"variance":199470476164.5643,"size":30}},"set-immediate-breadth-args":{"n=5000000":{"mean":2171653.8993884264,"sqsum":223651123893.8712,"variance":7712107720.478317,"size":30}},"set-immediate-breadth":{"n=10000000":{"mean":2867896.8108774447,"sqsum":106857308453.27162,"variance":3684734774.250746,"size":30}},"set-immediate-depth-args":{"n=5000000":{"mean":694658.6319030689,"sqsum":8998645590.3086,"variance":310298123.8037448,"size":30}},"timers-breadth-args":{"n=1000000":{"mean":1637678.6664424175,"sqsum":68810581278.00484,"variance":2372778664.758787,"size":30}},"timers-breadth":{"n=5000000":{"mean":2030930.0937384684,"sqsum":12975124884.622597,"variance":447418099.46974474,"size":30}},"timers-cancel-pooled":{"n=5000000":{"mean":29058073.704412285,"sqsum":1502980084302.4343,"variance":51826899458.704636,"size":30}},"timers-cancel-unpooled":{"direction=\"start\" n=1000000":{"mean":2410074.407047573,"sqsum":13459561184.848566,"variance":464122799.47753674,"size":30},"direction=\"end\" n=1000000":{"mean":9044828.547151092,"sqsum":634896963001.3998,"variance":21892998724.1862,"size":30}},"timers-depth":{"n=1000":{"mean":841.8728166380135,"sqsum":1484.2213094122412,"variance":51.18004515214625,"size":30}},"timers-insert-pooled":{"n=5000000":{"mean":1653037.3504066558,"sqsum":328004103670.3229,"variance":11310486333.459408,"size":30}},"timers-insert-unpooled":{"direction=\"start\" n=1000000":{"mean":1912908.4878929835,"sqsum":52040566453.446304,"variance":1794502291.4981484,"size":30},"direction=\"end\" n=1000000":{"mean":1291957.9947085956,"sqsum":15589812749.780472,"variance":537579749.9924301,"size":30}},"timers-timeout-nexttick":{"n=50000":{"mean":1564469.388553966,"sqsum":337009655880.6615,"variance":11621022616.574533,"size":30},"n=5000000":{"mean":4804727.591484283,"sqsum":59653870615.144905,"variance":2057030021.2118933,"size":30}},"timers-timeout-pooled":{"n=10000000":{"mean":10521588.089737982,"sqsum":2341450695763.458,"variance":80739679164.25717,"size":30}},"timers-timeout-unpooled":{"n=1000000":{"mean":8956450.970574597,"sqsum":2105897917788.97,"variance":72617169578.93,"size":30}}}