{"module-loader-circular":{"n=10000":{"mean":3380.069823464264,"sqsum":26093.646453030986,"variance":899.7809121734822,"size":30}},"module-loader-deep":{"cache=\"true\" ext=\"\" files=1000":{"mean":401075.302065121,"sqsum":3003913449.116884,"variance":103583222.38334084,"size":30},"cache=\"false\" ext=\"\" files=1000":{"mean":3008.8635539358243,"sqsum":19598.281240057655,"variance":675.8028013812984,"size":30},"cache=\"true\" ext=\".js\" files=1000":{"mean":399531.0674698801,"sqsum":2742215526.0416293,"variance":94559156.07040101,"size":30},"cache=\"false\" ext=\".js\" files=1000":{"mean":3059.1242097143263,"sqsum":24209.74856983847,"variance":834.8189162013265,"size":30}},"module-loader":{"cache=\"true\" dir=\"rel\" files=500 n=1 name=\"\"":{"mean":13565.312641910954,"sqsum":614979.0408526023,"variance":21206.17382250353,"size":30},"cache=\"false\" dir=\"rel\" files=500 n=1 name=\"\"":{"mean":2632.668619789671,"sqsum":18890.78977451055,"variance":651.4065439486396,"size":30},"cache=\"true\" dir=\"rel\" files=500 n=1000 name=\"\"":{"mean":1356742.3636880226,"sqsum":5294717367.343905,"variance":182576460.94289327,"size":30},"cache=\"false\" dir=\"rel\" files=500 n=1000 name=\"\"":{"mean":949213.0329602216,"sqsum":5809243904.81789,"variance":200318755.33854792,"size":30},"cache=\"true\" dir=\"abs\" files=500 n=1 name=\"\"":{"mean":13412.567263547353,"sqsum":1926206.060202355,"variance":66420.89862766741,"size":30},"cache=\"false\" dir=\"abs\" files=500 n=1 name=\"\"":{"mean":2684.5839187681167,"sqsum":24991.47705543647,"variance":861.7750708771196,"size":30},"cache=\"true\" dir=\"abs\" files=500 n=1000 name=\"\"":{"mean":1350128.7123197634,"sqsum":10028118947.141884,"variance":345797205.0738581,"size":30},"cache=\"false\" dir=\"abs\" files=500 n=1000 name=\"\"":{"mean":953204.536557653,"sqsum":3385024322.2000127,"variance":116724976.62758665,"size":30},"cache=\"true\" dir=\"rel\" files=500 n=1 name=\"/\"":{"mean":13572.92619686099,"sqsum":502551.71899388457,"variance":17329.369620478778,"size":30},"cache=\"false\" dir=\"rel\" files=500 n=1 name=\"/\"":{"mean":2731.6884529955705,"sqsum":21101.499405461727,"variance":727.637910533163,"size":30},"cache=\"true\" dir=\"rel\" files=500 n=1000 name=\"/\"":{"mean":1295110.6075917312,"sqsum":1208239458.4036264,"variance":41663429.600125045,"size":30},"cache=\"false\" dir=\"rel\" files=500 n=1000 name=\"/\"":{"mean":924587.709284318,"sqsum":3556674177.3909006,"variance":122643937.15141036,"size":30},"cache=\"true\" dir=\"abs\" files=500 n=1 name=\"/\"":{"mean":13493.88414970817,"sqsum":605134.0790555843,"variance":20866.692381227043,"size":30},"cache=\"false\" dir=\"abs\" files=500 n=1 name=\"/\"":{"mean":2790.8013128673037,"sqsum":19612.27919498201,"variance":676.2854894821382,"size":30},"cache=\"true\" dir=\"abs\" files=500 n=1000 name=\"/\"":{"mean":1283952.3265790401,"sqsum":26235526068.924446,"variance":904673312.7215327,"size":30},"cache=\"false\" dir=\"abs\" files=500 n=1000 name=\"/\"":{"mean":924728.8993928344,"sqsum":2677574068.3762307,"variance":92330140.28883554,"size":30},"cache=\"true\" dir=\"rel\" files=500 n=1 name=\"/index.js\"":{"mean":13478.3178663284,"sqsum":230940.5931483913,"variance":7963.4687292548715,"size":30},"cache=\"false\" dir=\"rel\" files=500 n=1 name=\"/index.js\"":{"mean":2835.9483357316044,"sqsum":48092.25283125301,"variance":1658.3535459052762,"size":30},"cache=\"true\" dir=\"rel\" files=500 n=1000 name=\"/index.js\"":{"mean":1299549.6021774276,"sqsum":3712757018.868855,"variance":128026104.09892604,"size":30},"cache=\"false\" dir=\"rel\" files=500 n=1000 name=\"/index.js\"":{"mean":938815.782539873,"sqsum":3816248562.5190973,"variance":131594778.0178999,"size":30},"cache=\"true\" dir=\"abs\" files=500 n=1 name=\"/index.js\"":{"mean":13492.9893606425,"sqsum":492638.22562110604,"variance":16987.525021417452,"size":30},"cache=\"false\" dir=\"abs\" files=500 n=1 name=\"/index.js\"":{"mean":2916.6456001427227,"sqsum":10849.198390102445,"variance":374.1102893138774,"size":30},"cache=\"true\" dir=\"abs\" files=500 n=1000 name=\"/index.js\"":{"mean":1294241.887602834,"sqsum":2526700255.4547606,"variance":87127595.0156814,"size":30},"cache=\"false\" dir=\"abs\" files=500 n=1000 name=\"/index.js\"":{"mean":950526.7369784797,"sqsum":1363522055.8507187,"variance":47018001.925886855,"size":30}}}