{"basename-posix":{"n=100000 pathext=\"\"":{"mean":7791538.46664748,"sqsum":997091913063.605,"variance":34382479760.813965,"size":30},"n=100000 pathext=\"/\"":{"mean":6730104.695932624,"sqsum":1796338067997.9495,"variance":61942691999.92929,"size":30},"n=100000 pathext=\"/foo\"":{"mean":5792328.2271350855,"sqsum":731882882751.8507,"variance":25237340784.546574,"size":30},"n=100000 pathext=\"/foo/.bar.baz\"":{"mean":4106931.299753029,"sqsum":199064916881.01254,"variance":6864307478.655605,"size":30},"n=100000 pathext=\"/foo/.bar.baz|.baz\"":{"mean":3014216.915590799,"sqsum":351011394322.6356,"variance":12103841183.53916,"size":30},"n=100000 pathext=\"foo\"":{"mean":6375973.747516283,"sqsum":345775332881.7182,"variance":11923287340.748903,"size":30},"n=100000 pathext=\"foo/bar.\"":{"mean":4862547.088133466,"sqsum":384796841300.92413,"variance":13268856596.583591,"size":30},"n=100000 pathext=\"foo/bar.|.\"":{"mean":3513695.67368487,"sqsum":650642605263.922,"variance":22435951905.65248,"size":30},"n=100000 pathext=\"/foo/bar/baz/asdf/quux.html\"":{"mean":4040396.439935333,"sqsum":161739871747.90698,"variance":5577236956.824379,"size":30},"n=100000 pathext=\"/foo/bar/baz/asdf/quux.html|.html\"":{"mean":2965819.214541717,"sqsum":185969107423.9397,"variance":6412727842.204817,"size":30}},"basename-win32":{"n=100000 pathext=\"\"":{"mean":7148832.923384957,"sqsum":1267229354542.5222,"variance":43697563949.74214,"size":30},"n=100000 pathext=\"C:\\\\\"":{"mean":5357522.943597045,"sqsum":2016376817529.186,"variance":69530235087.2133,"size":30},"n=100000 pathext=\"C:\\\\foo\"":{"mean":4882055.424697511,"sqsum":304000046967.2281,"variance":10482760240.249245,"size":30},"n=100000 pathext=\"D:\\\\foo\\\\.bar.baz\"":{"mean":3562005.5208575143,"sqsum":147365454389.6332,"variance":5081567392.745973,"size":30},"n=100000 pathext=\"E:\\\\foo\\\\.bar.baz|.baz\"":{"mean":2933528.283719544,"sqsum":129635995453.51787,"variance":4470206739.776479,"size":30},"n=100000 pathext=\"foo\"":{"mean":5375657.259993377,"sqsum":519168588855.09705,"variance":17902365132.934383,"size":30},"n=100000 pathext=\"foo\\\\bar.\"":{"mean":4118068.0485451207,"sqsum":401972523075.20337,"variance":13861121485.351841,"size":30},"n=100000 pathext=\"foo\\\\bar.|.\"":{"mean":3449569.8566596243,"sqsum":225185936528.7547,"variance":7765032294.09499,"size":30},"n=100000 pathext=\"\\\\foo\\\\bar\\\\baz\\\\asdf\\\\quux.html\"":{"mean":3636018.124112119,"sqsum":68288104625.00953,"variance":2354762228.4486046,"size":30},"n=100000 pathext=\"\\\\foo\\\\bar\\\\baz\\\\asdf\\\\quux.html|.html\"":{"mean":3030161.888850184,"sqsum":128631652784.81575,"variance":4435574233.959164,"size":30}},"dirname-posix":{"n=100000 path=\"\"":{"mean":7859915.799830099,"sqsum":2143514720724.2585,"variance":73914300714.62961,"size":30},"n=100000 path=\"/\"":{"mean":6605295.850622864,"sqsum":1491773875714.5227,"variance":51440478472.91457,"size":30},"n=100000 path=\"/foo\"":{"mean":5839471.203296859,"sqsum":875132072577.3053,"variance":30176968019.907078,"size":30},"n=100000 path=\"/foo/bar\"":{"mean":4881204.156221775,"sqsum":401334937628.48303,"variance":13839135780.292519,"size":30},"n=100000 path=\"foo\"":{"mean":6336278.337473347,"sqsum":1106832351342.827,"variance":38166632804.925064,"size":30},"n=100000 path=\"foo/bar\"":{"mean":5675083.822386783,"sqsum":754064283359.9373,"variance":26002216667.584045,"size":30},"n=100000 path=\"/foo/bar/baz/asdf/quux\"":{"mean":4511878.3242047755,"sqsum":180862203085.25806,"variance":6236627692.595106,"size":30}},"dirname-win32":{"n=100000 path=\"\"":{"mean":7807788.180463599,"sqsum":2306728151395.175,"variance":79542350048.10948,"size":30},"n=100000 path=\"\\\\\"":{"mean":6582513.729263709,"sqsum":2220434190390.3267,"variance":76566696220.3561,"size":30},"n=100000 path=\"\\\\foo\"":{"mean":5507602.811815715,"sqsum":627179783196.36,"variance":21626889075.736553,"size":30},"n=100000 path=\"C:\\\\foo\\\\bar\"":{"mean":4119358.6765240133,"sqsum":512765046136.36035,"variance":17681553315.04691,"size":30},"n=100000 path=\"foo\"":{"mean":5947493.653220287,"sqsum":528058018679.4181,"variance":18208897195.842003,"size":30},"n=100000 path=\"foo\\\\bar\"":{"mean":5072458.663944487,"sqsum":453846459397.5593,"variance":15649877910.260666,"size":30},"n=100000 path=\"D:\\\\foo\\\\bar\\\\baz\\\\asdf\\\\quux\"":{"mean":3852603.5389744285,"sqsum":324548941614.5037,"variance":11191342814.293232,"size":30}},"extname-posix":{"n=100000 path=\"\"":{"mean":8692021.950427314,"sqsum":940532042817.399,"variance":32432139407.49652,"size":30},"n=100000 path=\"/\"":{"mean":7467096.808636991,"sqsum":840227268433.0997,"variance":28973354083.89999,"size":30},"n=100000 path=\"/foo\"":{"mean":6450810.245503394,"sqsum":386206553815.1293,"variance":13317467372.935492,"size":30},"n=100000 path=\"foo/.bar.baz\"":{"mean":3689214.9750205055,"sqsum":196047221856.99826,"variance":6760249029.551664,"size":30},"n=100000 path=\"index.html\"":{"mean":4004788.3462440586,"sqsum":124858065383.43793,"variance":4305450530.463377,"size":30},"n=100000 path=\"index\"":{"mean":6127127.826110858,"sqsum":360583185073.99084,"variance":12433902933.58589,"size":30},"n=100000 path=\"foo/bar/..baz.quux\"":{"mean":3380368.6513066962,"sqsum":442628991794.34814,"variance":15263068682.56373,"size":30},"n=100000 path=\"foo/bar/...baz.quux\"":{"mean":3176985.1618060446,"sqsum":102548376581.3273,"variance":3536150916.5974927,"size":30},"n=100000 path=\"/foo/bar/baz/asdf/quux\"":{"mean":4884286.928935792,"sqsum":117934431049.99881,"variance":4066704518.9654765,"size":30},"n=100000 path=\"/foo/bar/baz/asdf/quux.foobarbazasdfquux\"":{"mean":2784527.81768926,"sqsum":30127244395.05295,"variance":1038870496.3811363,"size":30}},"extname-win32":{"n=100000 path=\"\"":{"mean":7567917.790261626,"sqsum":624021841143.1656,"variance":21517994522.178123,"size":30},"n=100000 path=\"\\\\\"":{"mean":6505307.31996498,"sqsum":812044926299.9933,"variance":28001549182.75839,"size":30},"n=100000 path=\"C:\\\\foo\"":{"mean":5215553.905265396,"sqsum":323624166453.9009,"variance":11159454015.651754,"size":30},"n=100000 path=\"foo\\\\.bar.baz\"":{"mean":3418965.995300116,"sqsum":100944821719.1061,"variance":3480855921.348486,"size":30},"n=100000 path=\"index.html\"":{"mean":3540559.761056249,"sqsum":112770439403.49284,"variance":3888635841.499753,"size":30},"n=100000 path=\"index\"":{"mean":5378444.618707495,"sqsum":344052007762.12555,"variance":11863862336.62502,"size":30},"n=100000 path=\"foo\\\\bar\\\\..baz.quux\"":{"mean":3007080.241280285,"sqsum":160075983465.97537,"variance":5519861498.826737,"size":30},"n=100000 path=\"foo\\\\bar\\\\...baz.quux\"":{"mean":2915153.826856629,"sqsum":118689618723.82523,"variance":4092745473.235353,"size":30},"n=100000 path=\"D:\\\\foo\\\\bar\\\\baz\\\\asdf\\\\quux\"":{"mean":4101285.0027042376,"sqsum":176193718351.19202,"variance":6075645460.385932,"size":30},"n=100000 path=\"\\\\foo\\\\bar\\\\baz\\\\asdf\\\\quux.foobarbazasdfquux\"":{"mean":2661314.505891762,"sqsum":26805018842.63086,"variance":924310994.5734779,"size":30}},"format-posix":{"n=1000000 props=\"/|/home/user/dir|index.html|.html|index\"":{"mean":4803822.591550593,"sqsum":127145417286.24266,"variance":4384324734.008368,"size":30}},"format-win32":{"n=1000000 props=\"C:\\\\|C:\\\\path\\\\dir|index.html|.html|index\"":{"mean":4519696.557656138,"sqsum":108072717619.13478,"variance":3726645435.142579,"size":30}},"isAbsolute-posix":{"n=100000 path=\"\"":{"mean":11544962.505687464,"sqsum":1475569870993.913,"variance":50881719689.445274,"size":30},"n=100000 path=\".\"":{"mean":9916473.6678949,"sqsum":3345919077091.542,"variance":115376519899.70834,"size":30},"n=100000 path=\"/foo/bar\"":{"mean":7419904.455205165,"sqsum":885192210663.276,"variance":30523869333.216415,"size":30},"n=100000 path=\"/baz/..\"":{"mean":9033955.515425771,"sqsum":1618014667202.222,"variance":55793609213.86972,"size":30},"n=100000 path=\"bar/baz\"":{"mean":9064327.425240701,"sqsum":1805783919384.61,