{"create-context":{"n=100":{"mean":1471.196316475005,"sqsum":3072.7364947125525,"variance":105.95643085215698,"size":30}},"run-in-context":{"breakOnSigint=0 n=1 withSigintListener=0":{"mean":1935.695745213798,"sqsum":609687.8722631241,"variance":21023.719733211175,"size":30},"breakOnSigint=0 n=1 withSigintListener=1":{"mean":1985.781911314134,"sqsum":209685.38184388165,"variance":7230.530408409712,"size":30},"breakOnSigint=1 n=1 withSigintListener=0":{"mean":1113.1790362349461,"sqsum":561204.1466628764,"variance":19351.867126306082,"size":30},"breakOnSigint=1 n=1 withSigintListener=1":{"mean":829.5754141354712,"sqsum":255759.88728523118,"variance":8819.30645811142,"size":30}},"run-in-this-context":{"breakOnSigint=0 n=1 withSigintListener=0":{"mean":2002.547576355148,"sqsum":325473.5883828644,"variance":11223.227185616013,"size":30},"breakOnSigint=0 n=1 withSigintListener=1":{"mean":2002.7906602001556,"sqsum":310882.05333379767,"variance":10720.070804613712,"size":30},"breakOnSigint=1 n=1 withSigintListener=0":{"mean":1158.9810601815816,"sqsum":368351.8052939392,"variance":12701.786389446179,"size":30},"breakOnSigint=1 n=1 withSigintListener=1":{"mean":858.2040174483923,"sqsum":217115.87517630425,"variance":7486.754316424285,"size":30}}}