{"echo":{"n=100000 payload=\"string\" sendsPerBroadcast=1 serialization=\"json\" workers=1":{"mean":38959.792169598884,"sqsum":16565956.856208667,"variance":571239.8915934023,"size":30},"n=100000 payload=\"string\" sendsPerBroadcast=1 serialization=\"advanced\" workers=1":{"mean":29055.576503275057,"sqsum":7458183.315480865,"variance":257178.73501658154,"size":30},"n=100000 payload=\"string\" sendsPerBroadcast=10 serialization=\"json\" workers=1":{"mean":17954.963327271736,"sqsum":1609717.6497814117,"variance":55507.50516487627,"size":30},"n=100000 payload=\"string\" sendsPerBroadcast=10 serialization=\"advanced\" workers=1":{"mean":8986.336622203165,"sqsum":346619.79058619024,"variance":11952.406571937594,"size":30},"n=100000 payload=\"object\" sendsPerBroadcast=1 serialization=\"json\" workers=1":{"mean":33606.61646806635,"sqsum":22233261.213403743,"variance":766664.1797725429,"size":30},"n=100000 payload=\"object\" sendsPerBroadcast=1 serialization=\"advanced\" workers=1":{"mean":23228.23145644567,"sqsum":1707499.8641491423,"variance":58879.30566031525,"size":30},"n=100000 payload=\"object\" sendsPerBroadcast=10 serialization=\"json\" workers=1":{"mean":13752.15469531533,"sqsum":2241590.6776549844,"variance":77296.23026396497,"size":30},"n=100000 payload=\"object\" sendsPerBroadcast=10 serialization=\"advanced\" workers=1":{"mean":6692.862015783063,"sqsum":120479.74096964464,"variance":4154.473826539471,"size":30}}}