{"bench-env":{"n=1000000 operation=\"get\"":{"mean":4188975.829596842,"sqsum":199548246023.58923,"variance":6880974000.813422,"size":30},"n=1000000 operation=\"set\"":{"mean":3329663.407330529,"sqsum":125286177415.49574,"variance":4320213014.327439,"size":30},"n=1000000 operation=\"enumerate\"":{"mean":31194.16520845818,"sqsum":2594157.0217257496,"variance":89453.6904043362,"size":30},"n=1000000 operation=\"query\"":{"mean":4760112.254674898,"sqsum":601648543657.4889,"variance":20746501505.430653,"size":30},"n=1000000 operation=\"delete\"":{"mean":3957526.9211677588,"sqsum":164448514270.95776,"variance":5670638423.136475,"size":30}},"bench-hrtime":{"n=1000000 type=\"raw\"":{"mean":22507196.698784895,"sqsum":5101133706114.345,"variance":175901162279.805,"size":30},"n=1000000 type=\"diff\"":{"mean":20611070.71886343,"sqsum":3565336978251.9688,"variance":122942654422.48169,"size":30},"n=1000000 type=\"bigint\"":{"mean":21337084.07293078,"sqsum":2027409151851.42,"variance":69910660408.66965,"size":30}},"coverage":{"n=100000":{"mean":480996.94154818286,"sqsum":842517297.6860263,"variance":29052320.609862976,"size":30}},"memoryUsage":{"n=100000":{"mean":187535.81062232627,"sqsum":198673368.37865975,"variance":6850805.806160682,"size":30}},"next-tick-breadth-args":{"n=10000000":{"mean":2617018.26817063,"sqsum":35846273828.667366,"variance":1236078407.8850815,"size":30}},"next-tick-breadth":{"n=10000000":{"mean":5393607.264879456,"sqsum":1251966715161.102,"variance":43171266040.038,"size":30}},"next-tick-depth-args":{"n=7000000":{"mean":9949666.792330446,"sqsum":988147183926.0398,"variance":34074040825.035854,"size":30}},"next-tick-depth":{"n=7000000":{"mean":12362673.7796099,"sqsum":998808716452.5457,"variance":34441679877.67399,"size":30}},"next-tick-exec-args":{"n=4000000":{"mean":31102736.74690179,"sqsum":39958945978545.31,"variance":1377894688915.3557,"size":30}},"next-tick-exec":{"n=4000000":{"mean":39053036.059882164,"sqsum":2634250316571.2183,"variance":90836217812.80064,"size":30}},"queue-microtask-breadth":{"n=400000":{"mean":3073308.2090596184,"sqsum":19969581935.40379,"variance":688606273.6346134,"size":30}},"queue-microtask-depth":{"n=1200000":{"mean":6288075.189582732,"sqsum":456513274193.93207,"variance":15741837041.17007,"size":30}},"resourceUsage":{"n=100000":{"mean":1252516.9950194643,"sqsum":3607720447.426668,"variance":124404153.35954027,"size":30}}}