{"immediate":{"n=5000000 type=\"depth\"":{"mean":706867.1233133309,"sqsum":7452117943.714085,"variance":256969584.26600292,"size":30},"n=5000000 type=\"depth1\"":{"mean":707090.7347532064,"sqsum":4934005661.896211,"variance":170138126.2722831,"size":30},"n=5000000 type=\"breadth\"":{"mean":2783430.614101395,"sqsum":24036554089.010906,"variance":828846692.724514,"size":30},"n=5000000 type=\"breadth1\"":{"mean":2331718.713774902,"sqsum":8827083429.30314,"variance":304382187.21734965,"size":30},"n=5000000 type=\"breadth4\"":{"mean":1760627.9089658621,"sqsum":11679708105.256514,"variance":402748555.35367286,"size":30},"n=5000000 type=\"clear\"":{"mean":12333794.233526966,"sqsum":2011071009820.7896,"variance":69347276200.71689,"size":30}},"set-immediate-breadth-args":{"n=5000000":{"mean":1427801.2500036713,"sqsum":5366903499.365567,"variance":185065637.90915748,"size":30}},"set-immediate-breadth":{"n=10000000":{"mean":2049021.5555135657,"sqsum":9321922363.040247,"variance":321445598.72552574,"size":30}},"set-immediate-depth-args":{"n=5000000":{"mean":686453.9211645463,"sqsum":3584210880.8789763,"variance":123593478.65099917,"size":30}},"timers-breadth-args":{"n=1000000":{"mean":1396157.4696098696,"sqsum":7835935364.627681,"variance":270204667.7457821,"size":30}},"timers-breadth":{"n=5000000":{"mean":2224263.2341863518,"sqsum":11596904581.068653,"variance":399893261.4161604,"size":30}},"timers-cancel-pooled":{"n=5000000":{"mean":29515514.13133427,"sqsum":1490417495443.714,"variance":51393706739.438416,"size":30}},"timers-cancel-unpooled":{"direction=\"start\" n=1000000":{"mean":2325487.655993036,"sqsum":15072350602.425215,"variance":519736227.66983503,"size":30},"direction=\"end\" n=1000000":{"mean":9251668.891125469,"sqsum":328047930605.75226,"variance":11311997607.094904,"size":30}},"timers-depth":{"n=1000":{"mean":840.5347531670228,"sqsum":575.7682937545705,"variance":19.85407909498519,"size":30}},"timers-insert-pooled":{"n=5000000":{"mean":1958913.8208094952,"sqsum":4124719774.8031273,"variance":142231716.37252164,"size":30}},"timers-insert-unpooled":{"direction=\"start\" n=1000000":{"mean":1208436.2767931349,"sqsum":2580940160.8774257,"variance":88997936.5819802,"size":30},"direction=\"end\" n=1000000":{"mean":877971.1432270735,"sqsum":805368965.504695,"variance":27771343.63809293,"size":30}},"timers-timeout-nexttick":{"n=50000":{"mean":1439497.9583630827,"sqsum":38724632454.76749,"variance":1335332153.612672,"size":30},"n=5000000":{"mean":4968688.99582085,"sqsum":137839919362.35056,"variance":4753100667.66726,"size":30}},"timers-timeout-pooled":{"n=10000000":{"mean":10158040.490401145,"sqsum":5508807148843.774,"variance":189958867201.5095,"size":30}},"timers-timeout-unpooled":{"n=1000000":{"mean":8980183.085493563,"sqsum":3809950910067.253,"variance":131377617588.52597,"size":30}}}