{"creation":{"kind=\"duplex\" n=50000000":{"mean":2265203.630492979,"sqsum":347541081545.41986,"variance":11984175225.704134,"size":30},"kind=\"readable\" n=50000000":{"mean":3816987.432194062,"sqsum":180935015225.92917,"variance":6239138456.066523,"size":30},"kind=\"transform\" n=50000000":{"mean":2258874.916768366,"sqsum":223628591222.8412,"variance":7711330731.82211,"size":30},"kind=\"writable\" n=50000000":{"mean":4833321.701406043,"sqsum":708516092833.33,"variance":24431589408.04586,"size":30}},"pipe-object-mode":{"n=5000000":{"mean":5970020.16979031,"sqsum":153493605288.3994,"variance":5292882940.97929,"size":30}},"pipe":{"n=5000000":{"mean":5321758.370253065,"sqsum":101320130092.41978,"variance":3493797589.3937855,"size":30}},"readable-bigread":{"n=1000":{"mean":831.1500615599712,"sqsum":7737.515394317325,"variance":266.81087566611467,"size":30}},"readable-bigunevenread":{"n=1000":{"mean":564.267669853825,"sqsum":9924.460110733611,"variance":342.22276243909005,"size":30}},"readable-boundaryread":{"n=2000 type=\"string\"":{"mean":200.1177148494141,"sqsum":2107.0310209494137,"variance":72.65624210170392,"size":30},"n=2000 type=\"buffer\"":{"mean":952.0038526020791,"sqsum":8071.481480182071,"variance":278.3269475924852,"size":30}},"readable-readall":{"n=5000":{"mean":1366.6918300938155,"sqsum":116427.25728237788,"variance":4014.7330097371682,"size":30}},"readable-unevenread":{"n=1000":{"mean":160.73839631030177,"sqsum":119.38970206448835,"variance":4.116886278085805,"size":30}},"writable-manywrites":{"callback=\"yes\" len=1024 n=2000000 sync=\"yes\" writev=\"yes\"":{"mean":20610076.729780365,"sqsum":2221318196153.2935,"variance":76597179177.69977,"size":30},"callback=\"yes\" len=32768 n=2000000 sync=\"yes\" writev=\"yes\"":{"mean":20679677.202564158,"sqsum":1223542866568.7317,"variance":42191133329.95626,"size":30},"callback=\"no\" len=1024 n=2000000 sync=\"yes\" writev=\"yes\"":{"mean":20006725.764387425,"sqsum":915189068232.2112,"variance":31558243732.145214,"size":30},"callback=\"no\" len=32768 n=2000000 sync=\"yes\" writev=\"yes\"":{"mean":19947098.672487896,"sqsum":1709130410627.1492,"variance":58935531400.93618,"size":30},"callback=\"yes\" len=1024 n=2000000 sync=\"yes\" writev=\"no\"":{"mean":22678786.640016075,"sqsum":2879148581082.9385,"variance":99280985554.58408,"size":30},"callback=\"yes\" len=32768 n=2000000 sync=\"yes\" writev=\"no\"":{"mean":22617788.57794868,"sqsum":3459008086473.1514,"variance":119276140912.86728,"size":30},"callback=\"no\" len=1024 n=2000000 sync=\"yes\" writev=\"no\"":{"mean":21510932.135892138,"sqsum":1389154879031.843,"variance":47901892380.40838,"size":30},"callback=\"no\" len=32768 n=2000000 sync=\"yes\" writev=\"no\"":{"mean":21558722.721303858,"sqsum":2634471427954.227,"variance":90843842343.24922,"size":30},"callback=\"yes\" len=1024 n=2000000 sync=\"no\" writev=\"yes\"":{"mean":11094059.668346424,"sqsum":1408842440788.1333,"variance":48580773820.280464,"size":30},"callback=\"yes\" len=32768 n=2000000 sync=\"no\" writev=\"yes\"":{"mean":4589286.926553381,"sqsum":751167313143.4104,"variance":25902321142.876225,"size":30},"callback=\"no\" len=1024 n=2000000 sync=\"no\" writev=\"yes\"":{"mean":13005143.510257386,"sqsum":3067979380844.7075,"variance":105792392442.92094,"size":30},"callback=\"no\" len=32768 n=2000000 sync=\"no\" writev=\"yes\"":{"mean":4557311.51008421,"sqsum":1805927284686.4294,"variance":62273354644.359634,"size":30},"callback=\"yes\" len=1024 n=2000000 sync=\"no\" writev=\"no\"":{"mean":4735605.401535269,"sqsum":311400903522.90375,"variance":10737962190.444956,"size":30},"callback=\"yes\" len=32768 n=2000000 sync=\"no\" writev=\"no\"":{"mean":4675852.13046015,"sqsum":294846086214.84814,"variance":10167106421.20166,"size":30},"callback=\"no\" len=1024 n=2000000 sync=\"no\" writev=\"no\"":{"mean":4699874.207900263,"sqsum":575434319681.0303,"variance":19842562747.62173,"size":30},"callback=\"no\" len=32768 n=2000000 sync=\"no\" writev=\"no\"":{"mean":4641438.801818774,"sqsum":751011553138.8495,"variance":25896950108.23619,"size":30}}}