{"createInflate":{"chunkLen=1024 inputLen=16777216 n=100":{"mean":70.83032570832015,"sqsum":122.38598067645405,"variance":4.220206230222554,"size":30}},"creation":{"n=500000 options=\"true\" type=\"Deflate\"":{"mean":314853.4884936077,"sqsum":1304051901.7053294,"variance":44967306.95535618,"size":30},"n=500000 options=\"false\" type=\"Deflate\"":{"mean":312400.92509740294,"sqsum":1566912607.6875153,"variance":54031469.23060397,"size":30},"n=500000 options=\"true\" type=\"DeflateRaw\"":{"mean":312479.588815908,"sqsum":1384506579.3705122,"variance":47741606.18519008,"size":30},"n=500000 options=\"false\" type=\"DeflateRaw\"":{"mean":312546.6949288241,"sqsum":1351905869.0930367,"variance":46617443.761828855,"size":30},"n=500000 options=\"true\" type=\"Inflate\"":{"mean":312909.5955410148,"sqsum":1891244465.9866192,"variance":65215326.413331695,"size":30},"n=500000 options=\"false\" type=\"Inflate\"":{"mean":314853.69761355687,"sqsum":1397838526.0661492,"variance":48201328.48503963,"size":30},"n=500000 options=\"true\" type=\"InflateRaw\"":{"mean":316606.6929004495,"sqsum":1805108052.579018,"variance":62245105.261345446,"size":30},"n=500000 options=\"false\" type=\"InflateRaw\"":{"mean":313447.2626453488,"sqsum":1772143139.525516,"variance":61108384.121569514,"size":30},"n=500000 options=\"true\" type=\"Gzip\"":{"mean":315546.6335748715,"sqsum":1146024853.899864,"variance":39518098.41034014,"size":30},"n=500000 options=\"false\" type=\"Gzip\"":{"mean":311571.3230902881,"sqsum":2650301603.4298983,"variance":91389710.46309994,"size":30},"n=500000 options=\"true\" type=\"Gunzip\"":{"mean":313207.2799042705,"sqsum":1144572252.947658,"variance":39468008.722333044,"size":30},"n=500000 options=\"false\" type=\"Gunzip\"":{"mean":311128.21285651694,"sqsum":2583384980.826805,"variance":89082240.7181657,"size":30},"n=500000 options=\"true\" type=\"Unzip\"":{"mean":315382.87493839505,"sqsum":1645602220.3859227,"variance":56744904.15123871,"size":30},"n=500000 options=\"false\" type=\"Unzip\"":{"mean":312970.29842905933,"sqsum":1500672536.2412417,"variance":51747328.83590489,"size":30},"n=500000 options=\"true\" type=\"BrotliCompress\"":{"mean":276601.0700681506,"sqsum":364161518.70454746,"variance":12557293.748432672,"size":30},"n=500000 options=\"false\" type=\"BrotliCompress\"":{"mean":277049.77761917835,"sqsum":1030035910.6349949,"variance":35518479.677068785,"size":30},"n=500000 options=\"true\" type=\"BrotliDecompress\"":{"mean":281955.780060221,"sqsum":321775864.94690907,"variance":11095719.4809279,"size":30},"n=500000 options=\"false\" type=\"BrotliDecompress\"":{"mean":279550.3794583555,"sqsum":1297911665.0962374,"variance":44755574.65849094,"size":30}},"deflate":{"inputLen=1024 method=\"createDeflate\" n=400000":{"mean":73061.21550942102,"sqsum":190084537.15856966,"variance":6554639.2123644715,"size":30},"inputLen=1024 method=\"deflate\" n=400000":{"mean":28382.595714538056,"sqsum":9333133.505925678,"variance":321832.18985950615,"size":30},"inputLen=1024 method=\"deflateSync\" n=400000":{"mean":78954.86172566004,"sqsum":14091845.509038422,"variance":485925.7072082214,"size":30}},"inflate":{"inputLen=1024 method=\"inflate\" n=400000":{"mean":46824.3970107484,"sqsum":13923233.975724708,"variance":480111.5164043003,"size":30},"inputLen=1024 method=\"inflateSync\" n=400000":{"mean":229993.25147706503,"sqsum":406939960.74043775,"variance":14032412.439325439,"size":30}},"pipe":{"algorithm=\"gzip\" duration=5 inputLen=1024 type=\"string\"":{"mean":0.33509911660483915,"sqsum":0.003283128279583439,"variance":0.00011321131998563583,"size":30},"algorithm=\"brotli\" duration=5 inputLen=1024 type=\"string\"":{"mean":0.2782923298510601,"sqsum":0.0009170392672686413,"variance":0.00003162204369891866,"size":30},"algorithm=\"gzip\" duration=5 inputLen=1024 type=\"buffer\"":{"mean":0.36291702394014147,"sqsum":0.0070641546146253545,"variance":0.00024359153843535707,"size":30},"algorithm=\"brotli\" duration=5 inputLen=1024 type=\"buffer\"":{"mean":0.2889442715681868,"sqsum":0.001079462510828832,"variance":0.0000372228452009942,"size":30}}}