{"cpus":{"n=30000":{"mean":6123.1478945019735,"sqsum":105187.2720379312,"variance":3627.1473116527995,"size":30}},"loadavg":{"n=5000000":{"mean":1269598.8183677667,"sqsum":1793123845.504796,"variance":61831856.74154469,"size":30}},"networkInterfaces":{"n=10000":{"mean":15487.543315721938,"sqsum":602376.9873347272,"variance":20771.620252921628,"size":30}}}