{"module-loader-circular":{"n=10000":{"mean":3568.146173690951,"sqsum":33293.00210493312,"variance":1148.0345553425213,"size":30}},"module-loader-deep":{"cache=\"true\" ext=\"\" files=1000":{"mean":460632.98616083374,"sqsum":4311943919.420842,"variance":148687721.35933936,"size":30},"cache=\"false\" ext=\"\" files=1000":{"mean":3183.883864979717,"sqsum":53487.00247721208,"variance":1844.3793957659339,"size":30},"cache=\"true\" ext=\".js\" files=1000":{"mean":471860.59200000245,"sqsum":3195730974.398741,"variance":110197619.80685313,"size":30},"cache=\"false\" ext=\".js\" files=1000":{"mean":3232.9405595143753,"sqsum":31751.87211656026,"variance":1094.8921419503538,"size":30}},"module-loader":{"cache=\"true\" dir=\"rel\" files=500 n=1 name=\"\"":{"mean":13337.856391417337,"sqsum":195820.0908900222,"variance":6752.416927242145,"size":30},"cache=\"false\" dir=\"rel\" files=500 n=1 name=\"\"":{"mean":2726.5564073639353,"sqsum":18334.291893393474,"variance":632.2169618411543,"size":30},"cache=\"true\" dir=\"rel\" files=500 n=1000 name=\"\"":{"mean":1362201.1420487172,"sqsum":6928029629.313367,"variance":238897573.42459884,"size":30},"cache=\"false\" dir=\"rel\" files=500 n=1000 name=\"\"":{"mean":962317.4720645391,"sqsum":3319042242.2495737,"variance":114449732.4913646,"size":30},"cache=\"true\" dir=\"abs\" files=500 n=1 name=\"\"":{"mean":13329.781393024827,"sqsum":850174.4840863228,"variance":29316.36152021803,"size":30},"cache=\"false\" dir=\"abs\" files=500 n=1 name=\"\"":{"mean":2783.113876454015,"sqsum":17550.578095518653,"variance":605.1923481213328,"size":30},"cache=\"true\" dir=\"abs\" files=500 n=1000 name=\"\"":{"mean":1350379.4782324443,"sqsum":7028684474.690244,"variance":242368430.16173252,"size":30},"cache=\"false\" dir=\"abs\" files=500 n=1000 name=\"\"":{"mean":962015.4544016533,"sqsum":4238136401.678795,"variance":146142634.5406481,"size":30},"cache=\"true\" dir=\"rel\" files=500 n=1 name=\"/\"":{"mean":13312.838301110029,"sqsum":825604.0144127966,"variance":28469.103945268846,"size":30},"cache=\"false\" dir=\"rel\" files=500 n=1 name=\"/\"":{"mean":2840.66479241948,"sqsum":26546.326245815857,"variance":915.3905602005468,"size":30},"cache=\"true\" dir=\"rel\" files=500 n=1000 name=\"/\"":{"mean":1295047.835700504,"sqsum":2586444111.0185194,"variance":89187727.96615584,"size":30},"cache=\"false\" dir=\"rel\" files=500 n=1000 name=\"/\"":{"mean":939637.0032368997,"sqsum":4742488184.67442,"variance":163534075.3336007,"size":30},"cache=\"true\" dir=\"abs\" files=500 n=1 name=\"/\"":{"mean":13663.829649852882,"sqsum":728453.0386111676,"variance":25119.070296936814,"size":30},"cache=\"false\" dir=\"abs\" files=500 n=1 name=\"/\"":{"mean":2889.451732902569,"sqsum":19215.302326439356,"variance":662.5966319461846,"size":30},"cache=\"true\" dir=\"abs\" files=500 n=1000 name=\"/\"":{"mean":1280028.0595564144,"sqsum":3395752066.6166677,"variance":117094898.84885061,"size":30},"cache=\"false\" dir=\"abs\" files=500 n=1000 name=\"/\"":{"mean":938825.9117743458,"sqsum":3002335602.3378606,"variance":103528813.87371932,"size":30},"cache=\"true\" dir=\"rel\" files=500 n=1 name=\"/index.js\"":{"mean":13304.602999424234,"sqsum":1374261.0485075691,"variance":47388.31201750239,"size":30},"cache=\"false\" dir=\"rel\" files=500 n=1 name=\"/index.js\"":{"mean":2945.0982967331365,"sqsum":20509.997212042177,"variance":707.2412831738682,"size":30},"cache=\"true\" dir=\"rel\" files=500 n=1000 name=\"/index.js\"":{"mean":1300282.2855504379,"sqsum":3178458208.779402,"variance":109602007.19928972,"size":30},"cache=\"false\" dir=\"rel\" files=500 n=1000 name=\"/index.js\"":{"mean":950479.3168761578,"sqsum":2456475157.517514,"variance":84706039.91439703,"size":30},"cache=\"true\" dir=\"abs\" files=500 n=1 name=\"/index.js\"":{"mean":13221.838943044067,"sqsum":551862.1193139554,"variance":19029.72825220536,"size":30},"cache=\"false\" dir=\"abs\" files=500 n=1 name=\"/index.js\"":{"mean":2983.7276094181743,"sqsum":18499.59716148437,"variance":637.917143499461,"size":30},"cache=\"true\" dir=\"abs\" files=500 n=1000 name=\"/index.js\"":{"mean":1290827.109432604,"sqsum":3306168290.724934,"variance":114005803.128446,"size":30},"cache=\"false\" dir=\"abs\" files=500 n=1000 name=\"/index.js\"":{"mean":949301.5681901748,"sqsum":7223230538.386341,"variance":249076915.1167704,"size":30}}}