{"immediate":{"n=5000000 type=\"depth\"":{"mean":722246.5012785747,"sqsum":14445875535.705153,"variance":498133639.16224664,"size":30},"n=5000000 type=\"depth1\"":{"mean":715795.6774823056,"sqsum":5222494189.037689,"variance":180086006.518541,"size":30},"n=5000000 type=\"breadth\"":{"mean":2803391.2173222145,"sqsum":26368998669.63651,"variance":909275816.1943624,"size":30},"n=5000000 type=\"breadth1\"":{"mean":2356097.7437738245,"sqsum":20762850916.860184,"variance":715960376.4434546,"size":30},"n=5000000 type=\"breadth4\"":{"mean":1773570.3979611709,"sqsum":6777202105.533275,"variance":233696624.32873362,"size":30},"n=5000000 type=\"clear\"":{"mean":12709750.547281768,"sqsum":823372451650.58,"variance":28392153505.192413,"size":30}},"set-immediate-breadth-args":{"n=5000000":{"mean":1466510.4923403668,"sqsum":6076114521.642708,"variance":209521190.4014727,"size":30}},"set-immediate-breadth":{"n=10000000":{"mean":2073331.9629418643,"sqsum":5556790727.983645,"variance":191613473.3787464,"size":30}},"set-immediate-depth-args":{"n=5000000":{"mean":695396.6724626633,"sqsum":5573487721.61729,"variance":192189231.77990654,"size":30}},"timers-breadth-args":{"n=1000000":{"mean":1390738.0685367717,"sqsum":5851978499.689004,"variance":201792362.05824152,"size":30}},"timers-breadth":{"n=5000000":{"mean":2224239.167409889,"sqsum":7359016032.682349,"variance":253759173.54077065,"size":30}},"timers-cancel-pooled":{"n=5000000":{"mean":29393249.98368277,"sqsum":806527600732.5184,"variance":27811296576.983395,"size":30}},"timers-cancel-unpooled":{"direction=\"start\" n=1000000":{"mean":2356507.8885155055,"sqsum":3118124589.9334583,"variance":107521537.58391236,"size":30},"direction=\"end\" n=1000000":{"mean":9162391.291769244,"sqsum":1965573554479.7769,"variance":67778398430.337135,"size":30}},"timers-depth":{"n=1000":{"mean":834.8432567416537,"sqsum":973.717376876401,"variance":33.57646127160003,"size":30}},"timers-insert-pooled":{"n=5000000":{"mean":2006521.2302671631,"sqsum":5278279138.196229,"variance":182009625.45504236,"size":30}},"timers-insert-unpooled":{"direction=\"start\" n=1000000":{"mean":1247991.8297175597,"sqsum":1677833848.526466,"variance":57856339.60436089,"size":30},"direction=\"end\" n=1000000":{"mean":881817.3046580093,"sqsum":1349562976.1553302,"variance":46536654.3501838,"size":30}},"timers-timeout-nexttick":{"n=50000":{"mean":1304602.1723268598,"sqsum":37157025962.573044,"variance":1281276757.3301048,"size":30},"n=5000000":{"mean":5027364.510989942,"sqsum":54358355832.3924,"variance":1874426063.185945,"size":30}},"timers-timeout-pooled":{"n=10000000":{"mean":10540879.317473652,"sqsum":1883811092809.2563,"variance":64959003200.31919,"size":30}},"timers-timeout-unpooled":{"n=1000000":{"mean":8707506.717485482,"sqsum":4138335469728.5034,"variance":142701223094.08633,"size":30}}}