{"cpus":{"n=30000":{"mean":7364.104314982939,"sqsum":12717.04116895993,"variance":438.51866099861826,"size":30}},"loadavg":{"n=5000000":{"mean":283493.34482536913,"sqsum":119815590.1835341,"variance":4131572.0752942795,"size":30}},"networkInterfaces":{"n=10000":{"mean":7599.124659301333,"sqsum":13518.152144834901,"variance":466.14317740810003,"size":30}}}