{"convertprotocols":{"n=1":{"mean":2576.00252250153,"sqsum":706449.3466729126,"variance":24360.32229906595,"size":30},"n=50000":{"mean":596490.4701509188,"sqsum":22434728833.057346,"variance":773611339.0709429,"size":30}},"secure-pair":{"dur=5 securing=\"SecurePair\" size=100":{"mean":342.3210604583427,"sqsum":101.77505847454421,"variance":3.509484774984283,"size":30},"dur=5 securing=\"SecurePair\" size=1024":{"mean":372.3660616302921,"sqsum":159.65271035196884,"variance":5.505265874205822,"size":30},"dur=5 securing=\"SecurePair\" size=1048576":{"mean":449.97147936549305,"sqsum":42.24070809359408,"variance":1.4565761411584166,"size":30},"dur=5 securing=\"TLSSocket\" size=100":{"mean":339.43100152109633,"sqsum":38.02092219450544,"variance":1.311066282569153,"size":30},"dur=5 securing=\"TLSSocket\" size=1024":{"mean":378.75651796460454,"sqsum":32.67112115280464,"variance":1.1265903845794702,"size":30},"dur=5 securing=\"TLSSocket\" size=1048576":{"mean":452.2275803011342,"sqsum":12.01766025466388,"variance":0.41440207774703036,"size":30},"dur=5 securing=\"clear\" size=100":{"mean":239.97003122614203,"sqsum":351.1914294273133,"variance":12.110049290597011,"size":30},"dur=5 securing=\"clear\" size=1024":{"mean":1787.755238703146,"sqsum":64615.857519008554,"variance":2228.1330178968465,"size":30},"dur=5 securing=\"clear\" size=1048576":{"mean":5752.167527734919,"sqsum":352827.90372047416,"variance":12166.479438637041,"size":30}},"throughput":{"dur=5 size=100 type=\"buf\"":{"mean":376.4520042410241,"sqsum":107.6689016289673,"variance":3.712720745826459,"size":30},"dur=5 size=1024 type=\"buf\"":{"mean":427.05470817379864,"sqsum":34.15367986473229,"variance":1.177713098783872,"size":30},"dur=5 size=1048576 type=\"buf\"":{"mean":499.0977675539662,"sqsum":47.5704166938996,"variance":1.6403591963413655,"size":30},"dur=5 size=4194304 type=\"buf\"":{"mean":493.8753339786969,"sqsum":22.551819255167334,"variance":0.7776489398333564,"size":30},"dur=5 size=16777216 type=\"buf\"":{"mean":491.55571140731865,"sqsum":634.2924091768502,"variance":21.872152040581042,"size":30},"dur=5 size=100 type=\"asc\"":{"mean":300.91122772481646,"sqsum":124.29833152148488,"variance":4.286149362809824,"size":30},"dur=5 size=1024 type=\"asc\"":{"mean":414.4695041963462,"sqsum":31.714608766969466,"variance":1.093607198861016,"size":30},"dur=5 size=1048576 type=\"asc\"":{"mean":494.9394051653587,"sqsum":67.82016236149141,"variance":2.33862628832729,"size":30},"dur=5 size=4194304 type=\"asc\"":{"mean":489.6206082595804,"sqsum":81.43539541753451,"variance":2.8081170833632587,"size":30},"dur=5 size=16777216 type=\"asc\"":{"mean":485.66148312442334,"sqsum":63.240399615016685,"variance":2.1807034350005754,"size":30},"dur=5 size=100 type=\"utf\"":{"mean":308.67509259116866,"sqsum":133.1513574483517,"variance":4.591426118908679,"size":30},"dur=5 size=1024 type=\"utf\"":{"mean":415.80026809710483,"sqsum":24.856364714526098,"variance":0.857116024638831,"size":30},"dur=5 size=1048576 type=\"utf\"":{"mean":463.28372100568225,"sqsum":41.07398610456186,"variance":1.4163443484331677,"size":30},"dur=5 size=4194304 type=\"utf\"":{"mean":458.2301347116035,"sqsum":53.76375264334577,"variance":1.8539225049429575,"size":30},"dur=5 size=16777216 type=\"utf\"":{"mean":448.46928558310145,"sqsum":81.11763460911396,"variance":2.797159814107378,"size":30}},"tls-connect":{"concurrency=1 dur=5":{"mean":288.83940549227515,"sqsum":21.08184323069138,"variance":0.7269601114031511,"size":30},"concurrency=10 dur=5":{"mean":297.1246445802191,"sqsum":49.60878534648514,"variance":1.7106477705684533,"size":30}}}