{"echo":{"n=100000 payload=\"string\" sendsPerBroadcast=1 serialization=\"json\" workers=1":{"mean":38174.3830788241,"sqsum":29509067.06714761,"variance":1017554.0367981934,"size":30},"n=100000 payload=\"string\" sendsPerBroadcast=1 serialization=\"advanced\" workers=1":{"mean":27696.402304092677,"sqsum":12298017.437870055,"variance":424069.5668231054,"size":30},"n=100000 payload=\"string\" sendsPerBroadcast=10 serialization=\"json\" workers=1":{"mean":17423.62142360246,"sqsum":1935104.3614318355,"variance":66727.73660109777,"size":30},"n=100000 payload=\"string\" sendsPerBroadcast=10 serialization=\"advanced\" workers=1":{"mean":7934.602047485814,"sqsum":590282.4018369925,"variance":20354.56558058595,"size":30},"n=100000 payload=\"object\" sendsPerBroadcast=1 serialization=\"json\" workers=1":{"mean":32898.16571490728,"sqsum":9115444.432221534,"variance":314325.6700766046,"size":30},"n=100000 payload=\"object\" sendsPerBroadcast=1 serialization=\"advanced\" workers=1":{"mean":22292.68071854132,"sqsum":2886464.028962062,"variance":99533.24237800215,"size":30},"n=100000 payload=\"object\" sendsPerBroadcast=10 serialization=\"json\" workers=1":{"mean":13891.783075048432,"sqsum":2387166.1637075385,"variance":82316.07461060479,"size":30},"n=100000 payload=\"object\" sendsPerBroadcast=10 serialization=\"advanced\" workers=1":{"mean":5906.904883924617,"sqsum":227725.64529729311,"variance":7852.608458527348,"size":30}}}