{"arguments":{"method=\"restAndSpread\" n=1000000":{"mean":4845504.3332544835,"sqsum":146203232282.34485,"variance":5041490768.356719,"size":30},"method=\"argumentsAndApply\" n=1000000":{"mean":4895461.488706341,"sqsum":20672609197.53707,"variance":712848593.0185196,"size":30},"method=\"restAndApply\" n=1000000":{"mean":4860610.136979532,"sqsum":17800625134.06535,"variance":613814659.7953569,"size":30},"method=\"predefined\" n=1000000":{"mean":4947509.474840917,"sqsum":21787305878.380085,"variance":751286409.5993133,"size":30}},"freelist":{"n=100000":{"mean":171274.50449015302,"sqsum":8351294.370279872,"variance":287975.66794068523,"size":30}},"getstringwidth":{"n=100000 type=\"ascii\"":{"mean":305702.9908357332,"sqsum":1132861567.2428865,"variance":39064191.973892644,"size":30},"n=100000 type=\"mixed\"":{"mean":158108.89844481676,"sqsum":4926930.062806426,"variance":169894.1400967733,"size":30},"n=100000 type=\"emojiseq\"":{"mean":204346.71174298253,"sqsum":13314440.095890246,"variance":459118.6239962154,"size":30},"n=100000 type=\"fullwidth\"":{"mean":283919.4182337056,"sqsum":36440405.65205322,"variance":1256565.7121397662,"size":30}},"hidestackframes":{"n=100000 type=\"hide-stackframes-throw\"":{"mean":117791.8836029385,"sqsum":235485004.5338635,"variance":8120172.570133225,"size":30},"n=100000 type=\"direct-call-throw\"":{"mean":118478.53391019301,"sqsum":132931770.34520322,"variance":4583854.149834594,"size":30},"n=100000 type=\"hide-stackframes-noerr\"":{"mean":47066219.861000314,"sqsum":23093030547300.76,"variance":796311398182.7849,"size":30},"n=100000 type=\"direct-call-noerr\"":{"mean":46896135.86938726,"sqsum":13529281745645.879,"variance":466526956746.4096,"size":30}},"object-property-bench":{"method=\"property\" n=1000000000":{"mean":1156183312.9126236,"sqsum":43038489403167.914,"variance":1484085841488.5488,"size":30},"method=\"string\" n=1000000000":{"mean":1158898561.5050278,"sqsum":82699525957754.11,"variance":2851707791646.6934,"size":30},"method=\"variable\" n=1000000000":{"mean":1732950081.8093445,"sqsum":403293245240581.25,"variance":13906663628985.56,"size":30},"method=\"symbol\" n=1000000000":{"mean":1487272703.9473023,"sqsum":238456739793885.53,"variance":8222646199789.156,"size":30}},"print":{"code=\"1\" dur=1":{"mean":32.73973812234278,"sqsum":1.2465065868169507,"variance":0.04298298575230864,"size":30},"code=\"\\\"string\\\"\" dur=1":{"mean":32.64561724963538,"sqsum":1.4737477086904538,"variance":0.050818886506567365,"size":30},"code=\"process.versions\" dur=1":{"mean":32.56587813606086,"sqsum":1.0279313688856315,"variance":0.03544590927191833,"size":30},"code=\"process\" dur=1":{"mean":32.5609135641307,"sqsum":1.2191469701438424,"variance":0.042039550694615256,"size":30}},"punycode":{"method=\"punycode\" n=1024 val=\"افغانستا.icom.museum\"":{"mean":161019.6469429393,"sqsum":199203264.84315026,"variance":6869078.098039663,"size":30},"method=\"punycode\" n=1024 val=\"الجزائر.icom.museum\"":{"mean":171954.0089121943,"sqsum":237298028.69841516,"variance":8182690.644772937,"size":30},"method=\"punycode\" n=1024 val=\"österreich.icom.museum\"":{"mean":187270.0025342122,"sqsum":388426009.37063783,"variance":13394000.323125442,"size":30},"method=\"punycode\" n=1024 val=\"বাংলাদেশ.icom.museum\"":{"mean":161745.98022935854,"sqsum":177417843.50765276,"variance":6117856.672677682,"size":30},"method=\"punycode\" n=1024 val=\"беларусь.icom.museum\"":{"mean":160371.65511760954,"sqsum":190121147.39783266,"variance":6555901.634408023,"size":30},"method=\"punycode\" n=1024 val=\"belgië.icom.museum\"":{"mean":172580.832825379,"sqsum":316438246.2882159,"variance":10911663.665110894,"size":30},"method=\"punycode\" n=1024 val=\"българия.icom.museum\"":{"mean":161269.67851378754,"sqsum":217021274.2048136,"variance":7483492.2139590895,"size":30},"method=\"punycode\" n=1024 val=\"تشادر.icom.museum\"":{"mean":179666.47692951027,"sqsum":225835432.67872694,"variance":7787428.713059549,"size":30},"method=\"punycode\" n=1024 val=\"中国.icom.museum\"":{"mean":172802.37634218187,"sqsum":332044791.0922729,"variance":11449820.382492168,"size":30},"method=\"punycode\" n=1024 val=\"القمر.icom.museum\"":{"mean":178547.3265071717,"sqsum":106158880.6355904,"variance":3660651.056399669,"size":30},"method=\"punycode\" n=1024 val=\"κυπρος.icom.museum\"":{"mean":173956.06751729027,"sqsum":367542131.3396951,"variance":12673866.59792052,"size":30},"method=\"punycode\" n=1024 val=\"českárepublika.icom.museum\"":{"mean":175049.15811812098,"sqsum":253360004.28714126,"variance":8736551.871970389,"size":30},"method=\"punycode\" n=1024 val=\"مصر.icom.museum\"":{"mean":194575.30210414433,"sqsum":345441482.91232914,"variance":11911775.272838935,"size":30},"method=\"punycode\" n=1024 val=\"ελλάδα.icom.museum\"":{"mean":178102.60405993988,"sqsum":204617813.61744845,"variance":7055786.676463739,"size":30},"method=\"punycode\" n=1024 val=\"magyarország.icom.museum\"":{"mean":194736.2116477107,"sqsum":623877931.5764432,"variance":21513032.123325627,"size":30},"method=\"punycode\" n=1024 val=\"ísland.icom.museum\"":{"mean":174026.0344901228,"sqsum":216910945.74763423,"variance":7479687.784401181,"size":30},"method=\"punycode\" n=1024 val=\"भारत.icom.museum\"":{"mean":184692.24203510687,"sqsum":408595280.56130487,"variance":14089492.433148444,"size":30},"method=\"punycode\" n=1024 val=\"ايران.icom.museum\"":{"mean":177218.6341936897,"sqsum":296938693.710796,"variance":10239265.300372275,"size":30},"method=\"punycode\" n=1024 val=\"éire.icom.museum\"":{"mean":165100.31375655954,"sqsum":200260038.107722,"variance":6905518.555438691,"size":30},"method=\"punycode\" n=1024 val=\"איקו״ם.ישראל.museum\"":{"mean":137087.9468127563,"sqsum":111074143.00168301,"variance":3830142.8621270005,"size":30},"method=\"punycode\" n=1024 val=\"日本.icom.museum\"":{"mean":174127.71333707834,"sqsum":207741047.15362385,"variance":7163484.384607718,"size":30},"method=\"punycode\" n=1024 val=\"الأردن.icom.museum\"":{"mean":172588.18597517777,"sqsum":345282720.9920075,"variance":11906300.723862326,"size":30},"method=\"icu\" n=1024 val=\"افغانستا.icom.museum\"":{"mean":386799.67763362237,"sqsum":914804995.7632147,"variance":31544999.853903957,"size":30},"method=\"icu\" n=1024 val=\"الجزائر.icom.museum\"":{"mean":424986.75672318385,"sqsum":1317665462.5349314,"variance":45436740.087411426,"size":30},"method=\"icu\" n=1024 val=\"österreich.icom.museum\"":{"mean":473867.2408027906,"sqsum":3182047924.8828325,"variance":109725790.51320112,"size":30},"method=\"icu\" n=1024 val=\"বাংলাদেশ.icom.museum\"":{"mean":348201.4754201015,"sqsum":929190846.6728156,"variance":32041063.67837295,"size":30},"method=\"icu\" n=1024 val=\"беларусь.icom.museum\"":{"mean":388694.943378408,"sqsum":1271167443.1253262,"variance":43833360.10776987,"size":30},"method=\"icu\" n=1024 val=\"belgië.icom.museum\"":{"mean":510821.1180478587,"sqsum":3071099104.4205256,"variance":105899969.11794916,"size":30},"method=\"icu\" n=1024 val=\"българия.icom.museum\"":{"mean":385379.17612867785,"sqsum":1599740692.25409,"variance":55163472.14669276,"size":30},"method=\"icu\" n=1024 val=\"تشادر.icom.museum\"":{"mean":466110.12652294827,"sqsum":1539889063.2231119,"variance":53099622.86976248,"size":30},"method=\"icu\" n=1024 val=\"中国.icom.museum\"":{"mean":523231.69623293163,"sqsum":2891168512.398614,"variance":99695465.9447798,"size":30},"method=\"icu\" n=1024 val=\"القمر.icom.museum\"":{"mean":463184.56836366747,"sqsum":1763036864.3266823,"variance":60794374.631954566,"size":30},"method=\"icu\" n=1024 val=\"κυπρος.icom.museum\"":{"mean":449313.07433988916,"sqsum":2414625978.1756625,"variance":83262964.76467802,"size":30},"method=\"icu\" n=1024 val=\"českárepublika.icom.museum\"":{"mean":422715.3904521949,"sqsum":1305791399.850869,"variance":45027289.650029965,"size":30},"method=\"icu\" n=1024 val=\"مصر.icom.museum\"":{"mean":503767.9138754661,"sqsum":2625858538.2221355,"variance":90546846.14559089,"size":30},