{"creation":{"kind=\"duplex\" n=50000000":{"mean":2354728.1750678658,"sqsum":23260901522.152374,"variance":802100052.4880129,"size":30},"kind=\"readable\" n=50000000":{"mean":3595810.716370287,"sqsum":886830667240.5184,"variance":30580367835.879948,"size":30},"kind=\"transform\" n=50000000":{"mean":2621023.34712384,"sqsum":49226975394.41428,"variance":1697481910.1522167,"size":30},"kind=\"writable\" n=50000000":{"mean":4387879.210211021,"sqsum":374366249059.7328,"variance":12909181002.059752,"size":30}},"pipe-object-mode":{"n=5000000":{"mean":6794520.2685112655,"sqsum":217347433766.1229,"variance":7494739095.383549,"size":30}},"pipe":{"n=5000000":{"mean":5871149.530355069,"sqsum":388952479866.36664,"variance":13412154478.150574,"size":30}},"readable-async-iterator":{"n=100000 sync=\"yes\"":{"mean":1335315.8179926958,"sqsum":44990185879.53994,"variance":1551385719.9841359,"size":30},"n=100000 sync=\"no\"":{"mean":572124.3592724752,"sqsum":2946523286.7152886,"variance":101604251.26604442,"size":30}},"readable-bigread":{"n=1000":{"mean":881.4073841003036,"sqsum":3686.9752447299397,"variance":127.13707740448068,"size":30}},"readable-bigunevenread":{"n=1000":{"mean":401.83895261789513,"sqsum":137280.72999052762,"variance":4733.818275535435,"size":30}},"readable-boundaryread":{"n=2000 type=\"string\"":{"mean":209.89077296473607,"sqsum":632.7733688770986,"variance":21.819771340589607,"size":30},"n=2000 type=\"buffer\"":{"mean":1014.8127557670138,"sqsum":8867.85528438271,"variance":305.78811325457616,"size":30}},"readable-readall":{"n=5000":{"mean":1239.8752169164766,"sqsum":23315.523913812056,"variance":803.9835832348984,"size":30}},"readable-unevenread":{"n=1000":{"mean":173.60391366285992,"sqsum":77.98497448799401,"variance":2.689137051310138,"size":30}},"writable-manywrites":{"callback=\"yes\" len=1024 n=2000000 sync=\"yes\" writev=\"yes\"":{"mean":20126705.50596153,"sqsum":831438954955.1648,"variance":28670308791.557407,"size":30},"callback=\"yes\" len=32768 n=2000000 sync=\"yes\" writev=\"yes\"":{"mean":4403986.910139529,"sqsum":743043530418.5139,"variance":25622190704.086685,"size":30},"callback=\"no\" len=1024 n=2000000 sync=\"yes\" writev=\"yes\"":{"mean":19801771.75317728,"sqsum":526472462057.6972,"variance":18154222829.575764,"size":30},"callback=\"no\" len=32768 n=2000000 sync=\"yes\" writev=\"yes\"":{"mean":4380357.750221441,"sqsum":699663194772.7682,"variance":24126317061.129936,"size":30},"callback=\"yes\" len=1024 n=2000000 sync=\"yes\" writev=\"no\"":{"mean":21747727.57928919,"sqsum":891731692088.5719,"variance":30749368692.709377,"size":30},"callback=\"yes\" len=32768 n=2000000 sync=\"yes\" writev=\"no\"":{"mean":4652727.65888616,"sqsum":123262870264.04019,"variance":4250443802.2082825,"size":30},"callback=\"no\" len=1024 n=2000000 sync=\"yes\" writev=\"no\"":{"mean":21365988.794923004,"sqsum":671653573127.7998,"variance":23160468038.88965,"size":30},"callback=\"no\" len=32768 n=2000000 sync=\"yes\" writev=\"no\"":{"mean":4559442.4901445145,"sqsum":1384026612197.6604,"variance":47725055593.02277,"size":30},"callback=\"yes\" len=1024 n=2000000 sync=\"no\" writev=\"yes\"":{"mean":12384547.314520543,"sqsum":1154191007134.878,"variance":39799689901.20269,"size":30},"callback=\"yes\" len=32768 n=2000000 sync=\"no\" writev=\"yes\"":{"mean":5084754.233567286,"sqsum":151758884633.36197,"variance":5233064987.357309,"size":30},"callback=\"no\" len=1024 n=2000000 sync=\"no\" writev=\"yes\"":{"mean":14307214.56608609,"sqsum":939503702945.3938,"variance":32396679411.910133,"size":30},"callback=\"no\" len=32768 n=2000000 sync=\"no\" writev=\"yes\"":{"mean":5114562.445373695,"sqsum":214234330480.19547,"variance":7387390706.213636,"size":30},"callback=\"yes\" len=1024 n=2000000 sync=\"no\" writev=\"no\"":{"mean":4967954.045093686,"sqsum":351983684475.3606,"variance":12137368430.184849,"size":30},"callback=\"yes\" len=32768 n=2000000 sync=\"no\" writev=\"no\"":{"mean":5182115.059609486,"sqsum":177335685925.5086,"variance":6115023652.6037445,"size":30},"callback=\"no\" len=1024 n=2000000 sync=\"no\" writev=\"no\"":{"mean":5018635.332305604,"sqsum":172537033057.6997,"variance":5949552864.05861,"size":30},"callback=\"no\" len=32768 n=2000000 sync=\"no\" writev=\"no\"":{"mean":5209961.794088389,"sqsum":187950962099.78235,"variance":6481067658.613185,"size":30}}}