{"immediate":{"n=5000000 type=\"depth\"":{"mean":287968.69475665165,"sqsum":206992548.47045118,"variance":7137674.085187972,"size":30},"n=5000000 type=\"depth1\"":{"mean":293080.22055587627,"sqsum":232102548.87096307,"variance":8003536.167964244,"size":30},"n=5000000 type=\"breadth\"":{"mean":1934055.281479859,"sqsum":13406184118.442142,"variance":462282210.98076355,"size":30},"n=5000000 type=\"breadth1\"":{"mean":1622909.3267699822,"sqsum":6386257222.493211,"variance":220215766.29286933,"size":30},"n=5000000 type=\"breadth4\"":{"mean":1277347.1823128946,"sqsum":6509056309.006594,"variance":224450217.5519515,"size":30},"n=5000000 type=\"clear\"":{"mean":6404339.445087045,"sqsum":365195052419.55206,"variance":12592932842.05352,"size":30}},"set-immediate-breadth-args":{"n=5000000":{"mean":932847.2247996229,"sqsum":6892944152.0267,"variance":237687729.38023102,"size":30}},"set-immediate-breadth":{"n=10000000":{"mean":1363545.0666180504,"sqsum":2332592478.838762,"variance":80434223.40823317,"size":30}},"set-immediate-depth-args":{"n=5000000":{"mean":283902.2561523241,"sqsum":353508419.41485566,"variance":12189945.497063987,"size":30}},"timers-breadth-args":{"n=1000000":{"mean":926132.039601669,"sqsum":3226472952.0897174,"variance":111257688.00309369,"size":30}},"timers-breadth":{"n=5000000":{"mean":1559672.6328466746,"sqsum":1953405286.2333095,"variance":67358802.9735624,"size":30}},"timers-cancel-pooled":{"n=5000000":{"mean":22538368.68122226,"sqsum":3259527132281.3564,"variance":112397487320.04677,"size":30}},"timers-cancel-unpooled":{"direction=\"start\" n=1000000":{"mean":1626861.1608468983,"sqsum":4854931941.64862,"variance":167411446.26374552,"size":30},"direction=\"end\" n=1000000":{"mean":6458708.631310669,"sqsum":40866101334.34419,"variance":1409175908.0808344,"size":30}},"timers-depth":{"n=1000":{"mean":830.7808904230394,"sqsum":38592.01253611286,"variance":1330.759052969409,"size":30}},"timers-insert-pooled":{"n=5000000":{"mean":1422413.94869195,"sqsum":1948591213.0337615,"variance":67192800.44944005,"size":30}},"timers-insert-unpooled":{"direction=\"start\" n=1000000":{"mean":985853.0771641255,"sqsum":2852810057.037489,"variance":98372760.58749962,"size":30},"direction=\"end\" n=1000000":{"mean":618617.002938925,"sqsum":3725294624.685356,"variance":128458435.33397779,"size":30}},"timers-timeout-nexttick":{"n=50000":{"mean":787055.8584892136,"sqsum":6916734431.731537,"variance":238508083.85281163,"size":30},"n=5000000":{"mean":4096630.5701934816,"sqsum":311162841892.9739,"variance":10729753168.723238,"size":30}},"timers-timeout-pooled":{"n=10000000":{"mean":9994349.130492283,"sqsum":604111716105.8893,"variance":20831438486.409977,"size":30}},"timers-timeout-unpooled":{"n=1000000":{"mean":7953797.599713881,"sqsum":192594938331.42828,"variance":6641204770.049251,"size":30}}}