{"arguments":{"method=\"restAndSpread\" n=1000000":{"mean":4910566.888739801,"sqsum":212535440612.63068,"variance":7328808296.987266,"size":30},"method=\"argumentsAndApply\" n=1000000":{"mean":4953102.914072693,"sqsum":31284250711.998135,"variance":1078767265.9309702,"size":30},"method=\"restAndApply\" n=1000000":{"mean":4952930.275687892,"sqsum":5433619861.346423,"variance":187366202.11539388,"size":30},"method=\"predefined\" n=1000000":{"mean":4967395.33124247,"sqsum":7339298047.510108,"variance":253079243.01758996,"size":30}},"freelist":{"n=100000":{"mean":180784.84147398468,"sqsum":11931322.389440076,"variance":411424.9099806923,"size":30}},"getstringwidth":{"n=100000 type=\"ascii\"":{"mean":283620.95630055654,"sqsum":19159765.96285856,"variance":660681.5849261573,"size":30},"n=100000 type=\"mixed\"":{"mean":156621.87157625216,"sqsum":14461023.871079357,"variance":498655.9955544606,"size":30},"n=100000 type=\"emojiseq\"":{"mean":211779.15869601708,"sqsum":13026932.895054363,"variance":449204.5825880815,"size":30},"n=100000 type=\"fullwidth\"":{"mean":294932.8756934704,"sqsum":48630587.48650039,"variance":1676916.8098793237,"size":30}},"hidestackframes":{"n=100000 type=\"hide-stackframes-throw\"":{"mean":113068.42312038949,"sqsum":188710656.90444493,"variance":6507264.031187757,"size":30},"n=100000 type=\"direct-call-throw\"":{"mean":113047.9185905034,"sqsum":138312367.55448145,"variance":4769391.984637291,"size":30},"n=100000 type=\"hide-stackframes-noerr\"":{"mean":55536965.680229895,"sqsum":11235220096443.41,"variance":387421382635.9797,"size":30},"n=100000 type=\"direct-call-noerr\"":{"mean":54947229.50074158,"sqsum":27046291769779.14,"variance":932630750682.0393,"size":30}},"object-property-bench":{"method=\"property\" n=1000000000":{"mean":1156456645.8725352,"sqsum":50748819702910.7,"variance":1749959300100.3691,"size":30},"method=\"string\" n=1000000000":{"mean":1158889980.5261302,"sqsum":85280752618053.84,"variance":2940715607519.098,"size":30},"method=\"variable\" n=1000000000":{"mean":1157317884.0130556,"sqsum":94457542807450.95,"variance":3257156648532.7915,"size":30},"method=\"symbol\" n=1000000000":{"mean":1157667195.1697633,"sqsum":95538775562101.22,"variance":3294440536624.1797,"size":30}},"print":{"code=\"1\" dur=1":{"mean":28.649333853061975,"sqsum":0.6172096508344649,"variance":0.021283091408084997,"size":30},"code=\"\\\"string\\\"\" dur=1":{"mean":28.660303067129917,"sqsum":0.4514017354699503,"variance":0.015565577085170701,"size":30},"code=\"process.versions\" dur=1":{"mean":28.6036788608184,"sqsum":0.45732564558550154,"variance":0.015769849847775914,"size":30},"code=\"process\" dur=1":{"mean":28.57516680661574,"sqsum":0.3527667154971987,"variance":0.012164369499903403,"size":30}},"punycode":{"method=\"punycode\" n=1024 val=\"افغانستا.icom.museum\"":{"mean":164270.7968816763,"sqsum":275666372.6368684,"variance":9505736.98747822,"size":30},"method=\"punycode\" n=1024 val=\"الجزائر.icom.museum\"":{"mean":176221.4818650985,"sqsum":401276325.35219795,"variance":13837114.66731717,"size":30},"method=\"punycode\" n=1024 val=\"österreich.icom.museum\"":{"mean":171901.689890297,"sqsum":122660081.64044262,"variance":4229657.987601469,"size":30},"method=\"punycode\" n=1024 val=\"বাংলাদেশ.icom.museum\"":{"mean":162968.09267127057,"sqsum":279195007.3209469,"variance":9627414.045549892,"size":30},"method=\"punycode\" n=1024 val=\"беларусь.icom.museum\"":{"mean":162944.72212871176,"sqsum":267860065.95028692,"variance":9236553.998285756,"size":30},"method=\"punycode\" n=1024 val=\"belgië.icom.museum\"":{"mean":164490.5350870154,"sqsum":102185272.58050242,"variance":3523630.088982842,"size":30},"method=\"punycode\" n=1024 val=\"българия.icom.museum\"":{"mean":163710.7527153011,"sqsum":152222815.7062591,"variance":5249062.610560658,"size":30},"method=\"punycode\" n=1024 val=\"تشادر.icom.museum\"":{"mean":182377.50898737795,"sqsum":490051012.8157072,"variance":16898310.786748525,"size":30},"method=\"punycode\" n=1024 val=\"中国.icom.museum\"":{"mean":167124.3200479992,"sqsum":95821462.30326171,"variance":3304188.3552848864,"size":30},"method=\"punycode\" n=1024 val=\"القمر.icom.museum\"":{"mean":182904.85215756114,"sqsum":198923318.36407125,"variance":6859424.771174871,"size":30},"method=\"punycode\" n=1024 val=\"κυπρος.icom.museum\"":{"mean":181340.8529844193,"sqsum":454021098.02258235,"variance":15655899.931813184,"size":30},"method=\"punycode\" n=1024 val=\"českárepublika.icom.museum\"":{"mean":177120.4337743059,"sqsum":360327599.0563272,"variance":12425089.622631973,"size":30},"method=\"punycode\" n=1024 val=\"مصر.icom.museum\"":{"mean":179504.1277654542,"sqsum":275996095.08387274,"variance":9517106.727030095,"size":30},"method=\"punycode\" n=1024 val=\"ελλάδα.icom.museum\"":{"mean":178037.53002615809,"sqsum":477663741.64045936,"variance":16471163.504843427,"size":30},"method=\"punycode\" n=1024 val=\"magyarország.icom.museum\"":{"mean":172044.0615505226,"sqsum":178152594.5278207,"variance":6143192.914752438,"size":30},"method=\"punycode\" n=1024 val=\"ísland.icom.museum\"":{"mean":163714.7335055223,"sqsum":69451790.46710406,"variance":2394889.3264518646,"size":30},"method=\"punycode\" n=1024 val=\"भारत.icom.museum\"":{"mean":192510.7402856943,"sqsum":1052786438.5308487,"variance":36302980.63899478,"size":30},"method=\"punycode\" n=1024 val=\"ايران.icom.museum\"":{"mean":180655.05907937555,"sqsum":197053908.50377795,"variance":6794962.362199239,"size":30},"method=\"punycode\" n=1024 val=\"éire.icom.museum\"":{"mean":165504.53520319145,"sqsum":112586581.21168563,"variance":3882295.9038512288,"size":30},"method=\"punycode\" n=1024 val=\"איקו״ם.ישראל.museum\"":{"mean":138400.1545486358,"sqsum":80320775.41841434,"variance":2769681.910979805,"size":30},"method=\"punycode\" n=1024 val=\"日本.icom.museum\"":{"mean":168130.063389698,"sqsum":146487869.71069613,"variance":5051305.85209297,"size":30},"method=\"punycode\" n=1024 val=\"الأردن.icom.museum\"":{"mean":177821.519994174,"sqsum":361640717.14542997,"variance":12470369.556738965,"size":30},"method=\"icu\" n=1024 val=\"افغانستا.icom.museum\"":{"mean":387708.058151728,"sqsum":1755559810.539698,"variance":60536545.19102407,"size":30},"method=\"icu\" n=1024 val=\"الجزائر.icom.museum\"":{"mean":423837.44351148634,"sqsum":2091807545.299479,"variance":72131294.66549928,"size":30},"method=\"icu\" n=1024 val=\"österreich.icom.museum\"":{"mean":479608.6528156647,"sqsum":3791704872.4309683,"variance":130748443.87692994,"size":30},"method=\"icu\" n=1024 val=\"বাংলাদেশ.icom.museum\"":{"mean":347600.4718912152,"sqsum":1120448701.6017852,"variance":38636162.124199495,"size":30},"method=\"icu\" n=1024 val=\"беларусь.icom.museum\"":{"mean":391134.12582441844,"sqsum":1322935529.7766645,"variance":45618466.54402292,"size":30},"method=\"icu\" n=1024 val=\"belgië.icom.museum\"":{"mean":512217.97543396405,"sqsum":6425069048.193508,"variance":221554105.11012095,"size":30},"method=\"icu\" n=1024 val=\"българия.icom.museum\"":{"mean":385381.74923163897,"sqsum":1512142769.4914544,"variance":52142854.120394975,"size":30},"method=\"icu\" n=1024 val=\"تشادر.icom.museum\"":{"mean":465779.2659239356,"sqsum":3039949781.118094,"variance":104825854.5213136,"size":30},"method=\"icu\" n=1024 val=\"中国.icom.museum\"":{"mean":519785.6935241608,"sqsum":6224428596.331697,"variance":214635468.83902404,"size":30},"method=\"icu\" n=1024 val=\"القمر.icom.museum\"":{"mean":463537.6502205081,"sqsum":4230466702.1040344,"variance":145878162.14151844,"size":30},"method=\"icu\" n=1024 val=\"κυπρος.icom.museum\"":{"mean":450900.71784148505,"sqsum":3783463131.39216,"variance":130464245.91007449,"size":30},"method=\"icu\" n=1024 val=\"českárepublika.icom.museum\"":{"mean":427556.18076513824,"sqsum":3428890403.0457435,"variance":118237600.10502563,"size":30},"method=\"icu\" n=1024 val=\"مصر.icom.museum\"":{"mean":497666.24045520957,"sqsum":4279659835.9350057,"variance":147574477.10120708,"size":30},