{"cpus":{"n=30000":{"mean":7321.818663362111,"sqsum":13556.876164093293,"variance":467.47848841701017,"size":30}},"loadavg":{"n=5000000":{"mean":284408.3058068361,"sqsum":610973656.1681479,"variance":21068057.109246477,"size":30}},"networkInterfaces":{"n=10000":{"mean":7584.708206428495,"sqsum":17724.48331536642,"variance":611.1890798402213,"size":30}}}