{"creation":{"kind=\"duplex\" n=50000000":{"mean":6963646.122056919,"sqsum":27732678280.12129,"variance":956299251.0386652,"size":30},"kind=\"readable\" n=50000000":{"mean":10974624.286967173,"sqsum":522034750338.2659,"variance":18001198287.526413,"size":30},"kind=\"transform\" n=50000000":{"mean":3723599.74560132,"sqsum":567062652997.2236,"variance":19553884586.11116,"size":30},"kind=\"writable\" n=50000000":{"mean":9758690.012609346,"sqsum":724786829520.646,"variance":24992649293.815376,"size":30}},"pipe-object-mode":{"n=5000000":{"mean":9274281.962866606,"sqsum":81142200294.00058,"variance":2798006906.6896753,"size":30}},"pipe":{"n=5000000":{"mean":8805731.739504058,"sqsum":18475972030.966034,"variance":637102483.826415,"size":30}},"readable-async-iterator":{"n=100000 sync=\"yes\"":{"mean":2165762.119837623,"sqsum":15339031635.190561,"variance":528932125.35139865,"size":30},"n=100000 sync=\"no\"":{"mean":970065.8156002326,"sqsum":7322470281.643048,"variance":252498975.22907063,"size":30}},"readable-bigread":{"n=1000":{"mean":1223.8635918830885,"sqsum":1727.7417074490115,"variance":59.577300256862465,"size":30}},"readable-bigunevenread":{"n=1000":{"mean":630.7409259681826,"sqsum":879.0205301980503,"variance":30.311052765450015,"size":30}},"readable-boundaryread":{"n=2000 type=\"string\"":{"mean":290.4664716358324,"sqsum":172.67153735344615,"variance":5.954190943222281,"size":30},"n=2000 type=\"buffer\"":{"mean":1316.6855076321651,"sqsum":767.1816130190933,"variance":26.454538379968735,"size":30}},"readable-from":{"n=10000000":{"mean":8783196.093709819,"sqsum":22303798918.0503,"variance":769096514.4155276,"size":30}},"readable-readall":{"n=5000":{"mean":1384.8610478975643,"sqsum":23233.9634629515,"variance":801.1711538948792,"size":30}},"readable-unevenread":{"n=1000":{"mean":237.6524733465446,"sqsum":498.41321171151003,"variance":17.186662472810692,"size":30}},"writable-manywrites":{"callback=\"yes\" len=1024 n=2000000 sync=\"yes\" writev=\"yes\"":{"mean":24548632.18801449,"sqsum":547664257981.8412,"variance":18884974413.16694,"size":30},"callback=\"yes\" len=32768 n=2000000 sync=\"yes\" writev=\"yes\"":{"mean":6553226.057610184,"sqsum":624582165199.917,"variance":21537316041.37645,"size":30},"callback=\"no\" len=1024 n=2000000 sync=\"yes\" writev=\"yes\"":{"mean":24191021.801221512,"sqsum":322215267346.2985,"variance":11110871287.803398,"size":30},"callback=\"no\" len=32768 n=2000000 sync=\"yes\" writev=\"yes\"":{"mean":6520257.241551092,"sqsum":40104077570.0405,"variance":1382899226.5531206,"size":30},"callback=\"yes\" len=1024 n=2000000 sync=\"yes\" writev=\"no\"":{"mean":26264575.160041694,"sqsum":614527744854.7391,"variance":21190611891.54273,"size":30},"callback=\"yes\" len=32768 n=2000000 sync=\"yes\" writev=\"no\"":{"mean":6489040.128030846,"sqsum":99099510366.01917,"variance":3417224495.379971,"size":30},"callback=\"no\" len=1024 n=2000000 sync=\"yes\" writev=\"no\"":{"mean":25716851.019061815,"sqsum":731733178163.2499,"variance":25232178557.353443,"size":30},"callback=\"no\" len=32768 n=2000000 sync=\"yes\" writev=\"no\"":{"mean":6471023.399299234,"sqsum":338725820693.3627,"variance":11680200713.56423,"size":30},"callback=\"yes\" len=1024 n=2000000 sync=\"no\" writev=\"yes\"":{"mean":18147944.559714936,"sqsum":401812026962.11304,"variance":13855587136.624586,"size":30},"callback=\"yes\" len=32768 n=2000000 sync=\"no\" writev=\"yes\"":{"mean":6504682.698264325,"sqsum":79244338933.50656,"variance":2732563411.500226,"size":30},"callback=\"no\" len=1024 n=2000000 sync=\"no\" writev=\"yes\"":{"mean":21522542.518247142,"sqsum":475422281443.3432,"variance":16393871773.908386,"size":30},"callback=\"no\" len=32768 n=2000000 sync=\"no\" writev=\"yes\"":{"mean":6419419.545390159,"sqsum":1973284688770.261,"variance":68044299612.767624,"size":30},"callback=\"yes\" len=1024 n=2000000 sync=\"no\" writev=\"no\"":{"mean":6543590.13036705,"sqsum":1333630031603.42,"variance":45987242469.08344,"size":30},"callback=\"yes\" len=32768 n=2000000 sync=\"no\" writev=\"no\"":{"mean":6606138.441391692,"sqsum":3075340488807.3857,"variance":106046223751.97882,"size":30},"callback=\"no\" len=1024 n=2000000 sync=\"no\" writev=\"no\"":{"mean":6584231.852803078,"sqsum":1216684505479.228,"variance":41954638119.97338,"size":30},"callback=\"no\" len=32768 n=2000000 sync=\"no\" writev=\"no\"":{"mean":6581105.56272654,"sqsum":94223063231.35992,"variance":3249071145.908963,"size":30}}}