{"immediate":{"n=5000000 type=\"depth\"":{"mean":742018.8066473749,"sqsum":2865985985.7129755,"variance":98827102.95561984,"size":30},"n=5000000 type=\"depth1\"":{"mean":729812.898591979,"sqsum":3486972844.316799,"variance":120240442.90747583,"size":30},"n=5000000 type=\"breadth\"":{"mean":2811212.367245896,"sqsum":99355042487.42706,"variance":3426035947.842313,"size":30},"n=5000000 type=\"breadth1\"":{"mean":2372791.8924419237,"sqsum":10891854344.467655,"variance":375581184.29198813,"size":30},"n=5000000 type=\"breadth4\"":{"mean":1773888.144889909,"sqsum":7513549258.832435,"variance":259087905.4769805,"size":30},"n=5000000 type=\"clear\"":{"mean":12476409.22041077,"sqsum":3990540829195.6123,"variance":137604856179.15903,"size":30}},"set-immediate-breadth-args":{"n=5000000":{"mean":1463633.2164191087,"sqsum":3386220823.803163,"variance":116766235.30355735,"size":30}},"set-immediate-breadth":{"n=10000000":{"mean":2078562.028129523,"sqsum":4871914445.062515,"variance":167997049.8297419,"size":30}},"set-immediate-depth-args":{"n=5000000":{"mean":707393.5625484803,"sqsum":4011907172.5002728,"variance":138341626.63794044,"size":30}},"timers-breadth-args":{"n=1000000":{"mean":1393624.3633542054,"sqsum":6567208039.954554,"variance":226455449.6536053,"size":30}},"timers-breadth":{"n=5000000":{"mean":2237235.7912172754,"sqsum":8027469515.653685,"variance":276809293.6432305,"size":30}},"timers-cancel-pooled":{"n=5000000":{"mean":29361223.780926745,"sqsum":1276909464879.3865,"variance":44031360857.909874,"size":30}},"timers-cancel-unpooled":{"direction=\"start\" n=1000000":{"mean":2351029.3562984774,"sqsum":12897924301.097649,"variance":444756010.3826775,"size":30},"direction=\"end\" n=1000000":{"mean":9054259.55112539,"sqsum":161796162958.4852,"variance":5579178033.051213,"size":30}},"timers-depth":{"n=1000":{"mean":833.3504172117478,"sqsum":1065.0611574722743,"variance":36.72624680938877,"size":30}},"timers-insert-pooled":{"n=5000000":{"mean":2018681.4410741737,"sqsum":8609950550.733477,"variance":296894846.5770164,"size":30}},"timers-insert-unpooled":{"direction=\"start\" n=1000000":{"mean":1246330.0449716216,"sqsum":4184372644.627499,"variance":144288711.88370687,"size":30},"direction=\"end\" n=1000000":{"mean":876826.9978913609,"sqsum":1209677330.4418988,"variance":41713011.39454824,"size":30}},"timers-timeout-nexttick":{"n=50000":{"mean":1320516.5607895087,"sqsum":41959405037.41619,"variance":1446876035.772972,"size":30},"n=5000000":{"mean":4951783.054608579,"sqsum":47726251399.42941,"variance":1645732806.8768764,"size":30}},"timers-timeout-pooled":{"n=10000000":{"mean":10497687.760972757,"sqsum":2028425780378.0679,"variance":69945716564.76096,"size":30}},"timers-timeout-unpooled":{"n=1000000":{"mean":8834493.49372685,"sqsum":4512174130117.456,"variance":155592211383.36053,"size":30}}}