{"arguments":{"method=\"restAndSpread\" n=1000000":{"mean":4230743.759569071,"sqsum":55260228118.19961,"variance":1905525107.5241244,"size":30},"method=\"argumentsAndApply\" n=1000000":{"mean":4261170.823691318,"sqsum":4556338392.9542265,"variance":157115116.9984216,"size":30},"method=\"restAndApply\" n=1000000":{"mean":4262281.941808024,"sqsum":5610569990.672554,"variance":193467930.7128467,"size":30},"method=\"predefined\" n=1000000":{"mean":4246851.091055261,"sqsum":8908524550.721245,"variance":307190501.7490084,"size":30}},"freelist":{"n=100000":{"mean":139069.89055098456,"sqsum":21236746.92604054,"variance":732301.618139329,"size":30}},"getstringwidth":{"n=100000 type=\"ascii\"":{"mean":259355.305003346,"sqsum":468778571.4833382,"variance":16164778.32701166,"size":30},"n=100000 type=\"mixed\"":{"mean":127621.85627462014,"sqsum":1486157.3986167717,"variance":51246.8068488542,"size":30},"n=100000 type=\"emojiseq\"":{"mean":197879.49996137066,"sqsum":12784128.800060792,"variance":440832.0275883032,"size":30},"n=100000 type=\"fullwidth\"":{"mean":282137.940077237,"sqsum":41602496.10734938,"variance":1434568.8312879098,"size":30}},"hidestackframes":{"n=100000 type=\"hide-stackframes-throw\"":{"mean":105192.70128714327,"sqsum":46308353.028517224,"variance":1596839.7596040422,"size":30},"n=100000 type=\"direct-call-throw\"":{"mean":105660.78108769041,"sqsum":34369874.36507595,"variance":1185168.0815543432,"size":30},"n=100000 type=\"hide-stackframes-noerr\"":{"mean":55830635.5833364,"sqsum":23588420825317.312,"variance":813393821562.6659,"size":30},"n=100000 type=\"direct-call-noerr\"":{"mean":55930560.93649965,"sqsum":31164415928621.086,"variance":1074635032021.4167,"size":30}},"object-property-bench":{"method=\"property\" n=1000000000":{"mean":695487105.6270611,"sqsum":5619229996424.797,"variance":193766551600.85507,"size":30},"method=\"string\" n=1000000000":{"mean":696285283.184036,"sqsum":12184058206340.95,"variance":420139938149.6879,"size":30},"method=\"variable\" n=1000000000":{"mean":695875800.4607675,"sqsum":13930209457977.13,"variance":480352050275.0735,"size":30},"method=\"symbol\" n=1000000000":{"mean":696028980.9902091,"sqsum":17329994994051.533,"variance":597586034277.639,"size":30}},"print":{"code=\"1\" dur=1":{"mean":26.044188235712227,"sqsum":0.5883322962495329,"variance":0.02028732056032872,"size":30},"code=\"\\\"string\\\"\" dur=1":{"mean":26.031556070824728,"sqsum":0.4049414985438817,"variance":0.013963499949789022,"size":30},"code=\"process.versions\" dur=1":{"mean":26.050470792331836,"sqsum":0.438157849985037,"variance":0.015108891378794377,"size":30},"code=\"process\" dur=1":{"mean":25.948852800304746,"sqsum":0.421010208254258,"variance":0.014517593388077862,"size":30}},"punycode":{"method=\"punycode\" n=1024 val=\"افغانستا.icom.museum\"":{"mean":168001.81398714954,"sqsum":219106315.32103452,"variance":7555390.183483949,"size":30},"method=\"punycode\" n=1024 val=\"الجزائر.icom.museum\"":{"mean":177003.38773166994,"sqsum":414183217.33201516,"variance":14282179.908000523,"size":30},"method=\"punycode\" n=1024 val=\"österreich.icom.museum\"":{"mean":151616.88330292763,"sqsum":69774196.65364335,"variance":2406006.7811601157,"size":30},"method=\"punycode\" n=1024 val=\"বাংলাদেশ.icom.museum\"":{"mean":167773.60098426376,"sqsum":101579900.91760504,"variance":3502755.2040553465,"size":30},"method=\"punycode\" n=1024 val=\"беларусь.icom.museum\"":{"mean":165954.2700700713,"sqsum":213734327.0820798,"variance":7370149.20972689,"size":30},"method=\"punycode\" n=1024 val=\"belgië.icom.museum\"":{"mean":148453.8025600054,"sqsum":127756765.04361615,"variance":4405405.691159178,"size":30},"method=\"punycode\" n=1024 val=\"българия.icom.museum\"":{"mean":166436.5180001841,"sqsum":339155852.1825295,"variance":11695029.385604465,"size":30},"method=\"punycode\" n=1024 val=\"تشادر.icom.museum\"":{"mean":169628.409574546,"sqsum":224729005.4365127,"variance":7749276.049534921,"size":30},"method=\"punycode\" n=1024 val=\"中国.icom.museum\"":{"mean":155400.840446125,"sqsum":78247414.42299643,"variance":2698186.704241256,"size":30},"method=\"punycode\" n=1024 val=\"القمر.icom.museum\"":{"mean":171773.3130293763,"sqsum":103131426.26339452,"variance":3556256.0780480867,"size":30},"method=\"punycode\" n=1024 val=\"κυπρος.icom.museum\"":{"mean":184286.10789294651,"sqsum":2346484109.5796742,"variance":80913245.1579198,"size":30},"method=\"punycode\" n=1024 val=\"českárepublika.icom.museum\"":{"mean":159015.729921351,"sqsum":161674244.4611424,"variance":5574973.946935944,"size":30},"method=\"punycode\" n=1024 val=\"مصر.icom.museum\"":{"mean":159697.6869909437,"sqsum":140075179.26504615,"variance":4830178.595346419,"size":30},"method=\"punycode\" n=1024 val=\"ελλάδα.icom.museum\"":{"mean":178674.73472853703,"sqsum":344556937.52148455,"variance":11881273.7076374,"size":30},"method=\"punycode\" n=1024 val=\"magyarország.icom.museum\"":{"mean":152793.02132199006,"sqsum":75967927.92560914,"variance":2619583.721572729,"size":30},"method=\"punycode\" n=1024 val=\"ísland.icom.museum\"":{"mean":149466.4320809242,"sqsum":67605810.83643228,"variance":2331234.856428699,"size":30},"method=\"punycode\" n=1024 val=\"भारत.icom.museum\"":{"mean":165962.82902468604,"sqsum":309180985.2673305,"variance":10661413.285080362,"size":30},"method=\"punycode\" n=1024 val=\"ايران.icom.museum\"":{"mean":164341.73712359628,"sqsum":276275101.6567385,"variance":9526727.64333581,"size":30},"method=\"punycode\" n=1024 val=\"éire.icom.museum\"":{"mean":155826.36687532935,"sqsum":167457542.51566753,"variance":5774398.0177816395,"size":30},"method=\"punycode\" n=1024 val=\"איקו״ם.ישראל.museum\"":{"mean":138485.96925885763,"sqsum":94136507.20677985,"variance":3246086.455406202,"size":30},"method=\"punycode\" n=1024 val=\"日本.icom.museum\"":{"mean":156563.04182228303,"sqsum":113467817.6621697,"variance":3912683.367661024,"size":30},"method=\"punycode\" n=1024 val=\"الأردن.icom.museum\"":{"mean":179781.46349057314,"sqsum":135316985.70361134,"variance":4666102.955296943,"size":30},"method=\"icu\" n=1024 val=\"افغانستا.icom.museum\"":{"mean":386362.9791869203,"sqsum":1315173423.3908854,"variance":45350807.70313398,"size":30},"method=\"icu\" n=1024 val=\"الجزائر.icom.museum\"":{"mean":420546.3683818073,"sqsum":1550705950.3143895,"variance":53472618.976358265,"size":30},"method=\"icu\" n=1024 val=\"österreich.icom.museum\"":{"mean":467458.8973815569,"sqsum":1647742862.5918484,"variance":56818719.39971891,"size":30},"method=\"icu\" n=1024 val=\"বাংলাদেশ.icom.museum\"":{"mean":350434.30503139057,"sqsum":630198707.70815,"variance":21730989.92097069,"size":30},"method=\"icu\" n=1024 val=\"беларусь.icom.museum\"":{"mean":389961.9726626718,"sqsum":1037750793.2735175,"variance":35784510.11287991,"size":30},"method=\"icu\" n=1024 val=\"belgië.icom.museum\"":{"mean":505633.5579122428,"sqsum":1922930383.6377082,"variance":66307944.26336925,"size":30},"method=\"icu\" n=1024 val=\"българия.icom.museum\"":{"mean":384673.8968234502,"sqsum":950489172.8463972,"variance":32775488.718841285,"size":30},"method=\"icu\" n=1024 val=\"تشادر.icom.museum\"":{"mean":462259.32266764704,"sqsum":2280862223.3404093,"variance":78650421.49449687,"size":30},"method=\"icu\" n=1024 val=\"中国.icom.museum\"":{"mean":518337.67705396336,"sqsum":2227018453.8567185,"variance":76793739.78816271,"size":30},"method=\"icu\" n=1024 val=\"القمر.icom.museum\"":{"mean":461165.4685727468,"sqsum":1905667542.9488008,"variance":65712673.89478623,"size":30},"method=\"icu\" n=1024 val=\"κυπρος.icom.museum\"":{"mean":444987.9043235611,"sqsum":1727624458.375301,"variance":59573257.1853552,"size":30},"method=\"icu\" n=1024 val=\"českárepublika.icom.museum\"":{"mean":420522.0539841047,"sqsum":1276436749.3349774,"variance":44015060.32189577,"size":30},"method=\"icu\" n=1024 val=\"مصر.icom.museum\"":{"mean":504489.5867998522,"sqsum":2876483726.874,"variance":99189094.03013793,"size":30},"method=\"icu\" n=1024 val=\"ελλάδα.icom.museum\"":{"mean":443289.4432417118,