{"async-resource-vs-destroy":{"asyncMethod=\"callbacks\" benchmarker=\"test-double-http\" connections=500 duration=5 n=1000000 path=\"/\" type=\"async-resource\"":{"mean":379.8,"sqsum":34.8,"variance":1.2,"size":30},"asyncMethod=\"async\" benchmarker=\"test-double-http\" connections=500 duration=5 n=1000000 path=\"/\" type=\"async-resource\"":{"mean":373.3333333333333,"sqsum":48.666666666666664,"variance":1.6781609195402298,"size":30},"asyncMethod=\"callbacks\" benchmarker=\"test-double-http\" connections=500 duration=5 n=1000000 path=\"/\" type=\"destroy\"":{"mean":377.1333333333333,"sqsum":19.466666666666665,"variance":0.671264367816092,"size":30},"asyncMethod=\"async\" benchmarker=\"test-double-http\" connections=500 duration=5 n=1000000 path=\"/\" type=\"destroy\"":{"mean":373.96666666666664,"sqsum":32.96666666666667,"variance":1.1367816091954024,"size":30},"asyncMethod=\"callbacks\" benchmarker=\"test-double-http\" connections=500 duration=5 n=1000000 path=\"/\" type=\"async-local-storage\"":{"mean":376.06666666666666,"sqsum":15.866666666666667,"variance":0.5471264367816092,"size":30},"asyncMethod=\"async\" benchmarker=\"test-double-http\" connections=500 duration=5 n=1000000 path=\"/\" type=\"async-local-storage\"":{"mean":371.56666666666666,"sqsum":29.366666666666667,"variance":1.0126436781609196,"size":30}},"gc-tracking":{"method=\"trackingEnabled\" n=1000000":{"mean":57696572.609858155,"sqsum":3278434386219.897,"variance":113049461593.78955,"size":30},"method=\"trackingEnabledWithDestroyHook\" n=1000000":{"mean":1836630.2126665239,"sqsum":3896708395.759631,"variance":134369255.02619419,"size":30},"method=\"trackingDisabled\" n=1000000":{"mean":60373303.46872435,"sqsum":5152059223865.218,"variance":177657214616.042,"size":30}},"http-server":{"asyncHooks=\"init\" benchmarker=\"test-double-http\" connections=50 duration=5":{"mean":24129.433333333334,"sqsum":1517109.3666666667,"variance":52314.11609195402,"size":30},"asyncHooks=\"init\" benchmarker=\"test-double-http\" connections=500 duration=5":{"mean":24197.8,"sqsum":2474274.8,"variance":85319.82068965517,"size":30},"asyncHooks=\"before\" benchmarker=\"test-double-http\" connections=50 duration=5":{"mean":24082.233333333334,"sqsum":1521675.3666666667,"variance":52471.56436781609,"size":30},"asyncHooks=\"before\" benchmarker=\"test-double-http\" connections=500 duration=5":{"mean":24198.566666666666,"sqsum":1259727.3666666667,"variance":43438.87471264368,"size":30},"asyncHooks=\"after\" benchmarker=\"test-double-http\" connections=50 duration=5":{"mean":24085.266666666666,"sqsum":1989603.8666666667,"variance":68607.02988505748,"size":30},"asyncHooks=\"after\" benchmarker=\"test-double-http\" connections=500 duration=5":{"mean":24104.166666666668,"sqsum":1608768.1666666667,"variance":55474.76436781609,"size":30},"asyncHooks=\"all\" benchmarker=\"test-double-http\" connections=50 duration=5":{"mean":24080.533333333333,"sqsum":2295165.466666667,"variance":79143.6367816092,"size":30},"asyncHooks=\"all\" benchmarker=\"test-double-http\" connections=500 duration=5":{"mean":24123.566666666666,"sqsum":2104963.3666666667,"variance":72584.94367816093,"size":30},"asyncHooks=\"disabled\" benchmarker=\"test-double-http\" connections=50 duration=5":{"mean":24113.366666666665,"sqsum":1461810.9666666666,"variance":50407.27471264368,"size":30},"asyncHooks=\"disabled\" benchmarker=\"test-double-http\" connections=500 duration=5":{"mean":24091.2,"sqsum":1676918.8,"variance":57824.78620689655,"size":30},"asyncHooks=\"none\" benchmarker=\"test-double-http\" connections=50 duration=5":{"mean":24221.8,"sqsum":2717234.8,"variance":93697.75172413792,"size":30},"asyncHooks=\"none\" benchmarker=\"test-double-http\" connections=500 duration=5":{"mean":24129.2,"sqsum":1701314.8,"variance":58666.027586206896,"size":30}},"promises":{"asyncHooks=\"enabled\" n=1000000":{"mean":255558.69269398964,"sqsum":2824406616.477432,"variance":97393331.60267006,"size":30},"asyncHooks=\"enabledWithDestroy\" n=1000000":{"mean":185384.99526102832,"sqsum":748102706.1385528,"variance":25796645.03926044,"size":30},"asyncHooks=\"enabledWithInitOnly\" n=1000000":{"mean":306588.3478358625,"sqsum":1934111017.943736,"variance":66693483.37737021,"size":30},"asyncHooks=\"disabled\" n=1000000":{"mean":1429648.2978556748,"sqsum":41517602649.854836,"variance":1431641470.6846495,"size":30}}}