{"arguments":{"method=\"restAndSpread\" n=1000000":{"mean":4923744.076211556,"sqsum":115305767454.12851,"variance":3976060946.6940866,"size":30},"method=\"argumentsAndApply\" n=1000000":{"mean":4971418.328049035,"sqsum":13275015178.674389,"variance":457759144.0922203,"size":30},"method=\"restAndApply\" n=1000000":{"mean":4967779.090905112,"sqsum":11999731564.693546,"variance":413783847.0583981,"size":30},"method=\"predefined\" n=1000000":{"mean":5012767.974099269,"sqsum":9008491657.399208,"variance":310637643.35859334,"size":30}},"freelist":{"n=100000":{"mean":179575.38975202056,"sqsum":13675883.857874475,"variance":471582.20199567155,"size":30}},"getstringwidth":{"n=100000 type=\"ascii\"":{"mean":294830.4672913046,"sqsum":41140222.36668214,"variance":1418628.3574717978,"size":30},"n=100000 type=\"mixed\"":{"mean":170737.25835728066,"sqsum":33137945.573714577,"variance":1142687.7784039509,"size":30},"n=100000 type=\"emojiseq\"":{"mean":220193.42305184263,"sqsum":15608169.990327604,"variance":538212.7582871588,"size":30},"n=100000 type=\"fullwidth\"":{"mean":312223.4487429686,"sqsum":102468775.66660812,"variance":3533406.0574692455,"size":30}},"hidestackframes":{"n=100000 type=\"hide-stackframes-throw\"":{"mean":54867.54865654969,"sqsum":23419722.613786247,"variance":807576.6418546981,"size":30},"n=100000 type=\"direct-call-throw\"":{"mean":50297.9449801518,"sqsum":16908995.336381264,"variance":583068.8047028022,"size":30},"n=100000 type=\"hide-stackframes-noerr\"":{"mean":47421085.93847951,"sqsum":10521645015846.566,"variance":362815345374.01953,"size":30},"n=100000 type=\"direct-call-noerr\"":{"mean":47085836.640067175,"sqsum":19963866774648.668,"variance":688409199125.8162,"size":30}},"object-property-bench":{"method=\"property\" n=1000000000":{"mean":1155766905.1270895,"sqsum":48594940907542.055,"variance":1675687617501.4502,"size":30},"method=\"string\" n=1000000000":{"mean":1158994920.7035804,"sqsum":63226064885945.09,"variance":2180209133998.1067,"size":30},"method=\"variable\" n=1000000000":{"mean":1732113659.45804,"sqsum":530219485758273.7,"variance":18283430543388.75,"size":30},"method=\"symbol\" n=1000000000":{"mean":1732447127.5651283,"sqsum":495630222056260.2,"variance":17090697312284.834,"size":30}},"print":{"code=\"1\" dur=1":{"mean":35.31038303281246,"sqsum":1.3370596251804627,"variance":0.04610550431656768,"size":30},"code=\"\\\"string\\\"\" dur=1":{"mean":35.23391490344339,"sqsum":1.6208887648427388,"variance":0.055892716029059965,"size":30},"code=\"process.versions\" dur=1":{"mean":35.144640624099075,"sqsum":2.3460190971558035,"variance":0.08089721024675184,"size":30},"code=\"process\" dur=1":{"mean":35.31201568782321,"sqsum":1.747071017407168,"variance":0.060243828186454074,"size":30}},"punycode":{"method=\"punycode\" n=1024 val=\"افغانستا.icom.museum\"":{"mean":161297.09656596664,"sqsum":252246581.12878153,"variance":8698157.969957983,"size":30},"method=\"punycode\" n=1024 val=\"الجزائر.icom.museum\"":{"mean":168570.94172990296,"sqsum":264853910.2699787,"variance":9132893.457585473,"size":30},"method=\"punycode\" n=1024 val=\"österreich.icom.museum\"":{"mean":186090.0961853533,"sqsum":304186652.35953826,"variance":10489194.908949595,"size":30},"method=\"punycode\" n=1024 val=\"বাংলাদেশ.icom.museum\"":{"mean":160400.33060094714,"sqsum":118379939.61888415,"variance":4082066.883409798,"size":30},"method=\"punycode\" n=1024 val=\"беларусь.icom.museum\"":{"mean":157642.33392171777,"sqsum":315930074.1066815,"variance":10894140.486437293,"size":30},"method=\"punycode\" n=1024 val=\"belgië.icom.museum\"":{"mean":165232.01409043337,"sqsum":99152899.87805906,"variance":3419065.5130365193,"size":30},"method=\"punycode\" n=1024 val=\"българия.icom.museum\"":{"mean":158009.54063655087,"sqsum":185434775.4204718,"variance":6394302.6007059235,"size":30},"method=\"punycode\" n=1024 val=\"تشادر.icom.museum\"":{"mean":176925.28397697743,"sqsum":365618007.0812403,"variance":12607517.485560011,"size":30},"method=\"punycode\" n=1024 val=\"中国.icom.museum\"":{"mean":166506.8775595874,"sqsum":176836793.80401084,"variance":6097820.476000374,"size":30},"method=\"punycode\" n=1024 val=\"القمر.icom.museum\"":{"mean":176496.3700216109,"sqsum":378165499.0204524,"variance":13040189.62139491,"size":30},"method=\"punycode\" n=1024 val=\"κυπρος.icom.museum\"":{"mean":173518.25400010013,"sqsum":320896625.58952683,"variance":11065400.882397477,"size":30},"method=\"punycode\" n=1024 val=\"českárepublika.icom.museum\"":{"mean":173735.52574939094,"sqsum":263354477.55940786,"variance":9081188.881358892,"size":30},"method=\"punycode\" n=1024 val=\"مصر.icom.museum\"":{"mean":191246.91633215616,"sqsum":337681178.412014,"variance":11644178.565931516,"size":30},"method=\"punycode\" n=1024 val=\"ελλάδα.icom.museum\"":{"mean":176891.38158590024,"sqsum":277740800.1642601,"variance":9577268.971181383,"size":30},"method=\"punycode\" n=1024 val=\"magyarország.icom.museum\"":{"mean":192311.24857177908,"sqsum":435804169.5830439,"variance":15027729.985622203,"size":30},"method=\"punycode\" n=1024 val=\"ísland.icom.museum\"":{"mean":161240.97488321373,"sqsum":89768560.73948891,"variance":3095467.6117065144,"size":30},"method=\"punycode\" n=1024 val=\"भारत.icom.museum\"":{"mean":184275.8752210284,"sqsum":423909692.1232819,"variance":14617575.590457996,"size":30},"method=\"punycode\" n=1024 val=\"ايران.icom.museum\"":{"mean":175253.97311550225,"sqsum":382864389.0798124,"variance":13202220.31309698,"size":30},"method=\"punycode\" n=1024 val=\"éire.icom.museum\"":{"mean":164834.3873749723,"sqsum":239233963.42743152,"variance":8249447.014739019,"size":30},"method=\"punycode\" n=1024 val=\"איקו״ם.ישראל.museum\"":{"mean":138741.84032849382,"sqsum":41432507.878628366,"variance":1428707.1682285643,"size":30},"method=\"punycode\" n=1024 val=\"日本.icom.museum\"":{"mean":167900.71117379286,"sqsum":263439270.53998998,"variance":9084112.777241033,"size":30},"method=\"punycode\" n=1024 val=\"الأردن.icom.museum\"":{"mean":170952.2441953097,"sqsum":339389977.678429,"variance":11703102.678566517,"size":30},"method=\"icu\" n=1024 val=\"افغانستا.icom.museum\"":{"mean":381646.9665767054,"sqsum":2876003628.6472178,"variance":99172538.91886958,"size":30},"method=\"icu\" n=1024 val=\"الجزائر.icom.museum\"":{"mean":414823.71447164175,"sqsum":2966596811.9922113,"variance":102296441.79283486,"size":30},"method=\"icu\" n=1024 val=\"österreich.icom.museum\"":{"mean":467470.07437074627,"sqsum":4166545328.25541,"variance":143673976.83639345,"size":30},"method=\"icu\" n=1024 val=\"বাংলাদেশ.icom.museum\"":{"mean":343394.0420841488,"sqsum":1080305605.0980623,"variance":37251917.41717456,"size":30},"method=\"icu\" n=1024 val=\"беларусь.icom.museum\"":{"mean":383808.3933194359,"sqsum":1165481442.5740085,"variance":40189015.261172704,"size":30},"method=\"icu\" n=1024 val=\"belgië.icom.museum\"":{"mean":501717.75980746176,"sqsum":7532282526.352853,"variance":259733880.2190639,"size":30},"method=\"icu\" n=1024 val=\"българия.icom.museum\"":{"mean":379192.9863129683,"sqsum":1893841241.656432,"variance":65304870.401945926,"size":30},"method=\"icu\" n=1024 val=\"تشادر.icom.museum\"":{"mean":460494.28493554774,"sqsum":3735804431.0928445,"variance":128820842.45147741,"size":30},"method=\"icu\" n=1024 val=\"中国.icom.museum\"":{"mean":513849.61541945173,"sqsum":6111364099.123233,"variance":210736693.07321492,"size":30},"method=\"icu\" n=1024 val=\"القمر.icom.museum\"":{"mean":455372.15463539946,"sqsum":4025889810.5646048,"variance":138823786.57119328,"size":30},"method=\"icu\" n=1024 val=\"κυπρος.icom.museum\"":{"mean":437411.0207399641,"sqsum":7854271706.057212,"variance":270836955.38128316,"size":30},"method=\"icu\" n=1024 val=\"českárepublika.icom.museum\"":{"mean":414669.9279225984,"sqsum":3018052099.3095913,"variance":104070762.04515831,"size":30},"method=\"icu\" n=1024 val=\"مصر.icom.museum\"":{"mean":501180.0911069048,"sqsum":6618958247.252552,"variance":228239939.56043282,"size":30},