{"ee-add-remove":{"n=1000000 newListener=0 removeListener=0":{"mean":1203018.1770495954,"sqsum":3548635011.8435826,"variance":122366724.54633044,"size":30},"n=1000000 newListener=0 removeListener=1":{"mean":819828.4278166536,"sqsum":1943238093.5582764,"variance":67008210.122699186,"size":30},"n=1000000 newListener=1 removeListener=0":{"mean":930194.1797110155,"sqsum":3132778973.682002,"variance":108026861.16144834,"size":30},"n=1000000 newListener=1 removeListener=1":{"mean":709222.6185448107,"sqsum":3090838092.2313175,"variance":106580623.87004542,"size":30}},"ee-emit":{"argc=0 listeners=1 n=2000000":{"mean":62528993.03778972,"sqsum":412520037070589.8,"variance":14224828864503.098,"size":30},"argc=0 listeners=5 n=2000000":{"mean":15922770.259337237,"sqsum":3135514666692.9023,"variance":108121195403.20352,"size":30},"argc=0 listeners=10 n=2000000":{"mean":9228259.820516123,"sqsum":111223798437.53076,"variance":3835303394.3976126,"size":30},"argc=2 listeners=1 n=2000000":{"mean":62430221.403725535,"sqsum":18399058756087.35,"variance":634450301934.0466,"size":30},"argc=2 listeners=5 n=2000000":{"mean":16007038.546831278,"sqsum":204494563197.72034,"variance":7051536661.990356,"size":30},"argc=2 listeners=10 n=2000000":{"mean":7691222.080940107,"sqsum":152635280868.31332,"variance":5263285547.183218,"size":30},"argc=4 listeners=1 n=2000000":{"mean":62312208.97396946,"sqsum":21300873503208.37,"variance":734512879420.9783,"size":30},"argc=4 listeners=5 n=2000000":{"mean":15898602.049596623,"sqsum":181144081454.699,"variance":6246347636.368931,"size":30},"argc=4 listeners=10 n=2000000":{"mean":7394831.731560812,"sqsum":444635355516.0604,"variance":15332253638.484842,"size":30},"argc=10 listeners=1 n=2000000":{"mean":61670800.2284237,"sqsum":35938333058408.36,"variance":1239252864083.0469,"size":30},"argc=10 listeners=5 n=2000000":{"mean":14147663.30620398,"sqsum":195933086020.76297,"variance":6756313311.060792,"size":30},"argc=10 listeners=10 n=2000000":{"mean":6837487.764421708,"sqsum":49733551157.434395,"variance":1714950039.9115307,"size":30}},"ee-listener-count-on-prototype":{"n=50000000":{"mean":77239006.53212656,"sqsum":101230436289173.1,"variance":3490704699626.658,"size":30}},"ee-listeners":{"listeners=5 n=5000000 raw=\"true\"":{"mean":53728716.15350665,"sqsum":16747853092207.795,"variance":577512175593.3723,"size":30},"listeners=5 n=5000000 raw=\"false\"":{"mean":28408811.077712692,"sqsum":2746750906893.2007,"variance":94715548513.55864,"size":30},"listeners=50 n=5000000 raw=\"true\"":{"mean":19537571.81941309,"sqsum":1179169605978.4001,"variance":40661020895.8069,"size":30},"listeners=50 n=5000000 raw=\"false\"":{"mean":5818166.571354874,"sqsum":23153951424.552456,"variance":798412118.0880158,"size":30}},"ee-once":{"argc=0 n=20000000":{"mean":7889979.626557707,"sqsum":55925619464.903336,"variance":1928469636.7208047,"size":30},"argc=1 n=20000000":{"mean":7740813.205119665,"sqsum":22675236175.131405,"variance":781904695.6941864,"size":30},"argc=4 n=20000000":{"mean":7583758.716151861,"sqsum":15980017855.30088,"variance":551035098.4586511,"size":30},"argc=5 n=20000000":{"mean":7521198.73882425,"sqsum":53530056807.81648,"variance":1845864027.8557408,"size":30}},"eventtarget":{"listeners=1 n=1000000":{"mean":3128747.328923943,"sqsum":30451467881.23048,"variance":1050050616.5941545,"size":30},"listeners=5 n=1000000":{"mean":2673348.7922155983,"sqsum":17588455230.450214,"variance":606498456.2224213,"size":30},"listeners=10 n=1000000":{"mean":2232881.5463230875,"sqsum":5589922903.510009,"variance":192755962.19000033,"size":30}}}