{"array-vs-concat":{"chunks=1 dur=5 len=64 num=100 type=\"concat\"":{"mean":0.12263058338630634,"sqsum":0.00013568654830871073,"variance":0.00000467884649340382,"size":30},"chunks=1 dur=5 len=64 num=100 type=\"multi\"":{"mean":0.12509468326030657,"sqsum":0.0001699503303513024,"variance":0.00000586035621901043,"size":30},"chunks=2 dur=5 len=64 num=100 type=\"concat\"":{"mean":0.1220463037871403,"sqsum":0.00016416369785562433,"variance":0.00000566081716743532,"size":30},"chunks=2 dur=5 len=64 num=100 type=\"multi\"":{"mean":0.1199699925914516,"sqsum":0.00009166182982315845,"variance":0.00000316075275252271,"size":30},"chunks=4 dur=5 len=64 num=100 type=\"concat\"":{"mean":0.1209032635853713,"sqsum":0.00008161449561851005,"variance":0.00000281429295236242,"size":30},"chunks=4 dur=5 len=64 num=100 type=\"multi\"":{"mean":0.10844822536531701,"sqsum":0.00007572593773085602,"variance":0.00000261123923209848,"size":30},"chunks=8 dur=5 len=64 num=100 type=\"concat\"":{"mean":0.11741644902412393,"sqsum":0.00015888304457604703,"variance":0.0000054787256750361,"size":30},"chunks=8 dur=5 len=64 num=100 type=\"multi\"":{"mean":0.09220364771394163,"sqsum":0.00009473074181036561,"variance":0.00000326657730380571,"size":30},"chunks=1 dur=5 len=256 num=100 type=\"concat\"":{"mean":0.48308980521935635,"sqsum":0.0032415719069441165,"variance":0.00011177834161876264,"size":30},"chunks=1 dur=5 len=256 num=100 type=\"multi\"":{"mean":0.49758819714454156,"sqsum":0.0016124963059498609,"variance":0.00005560332089482279,"size":30},"chunks=2 dur=5 len=256 num=100 type=\"concat\"":{"mean":0.4799662873127608,"sqsum":0.0027870265861934212,"variance":0.00009610436504115244,"size":30},"chunks=2 dur=5 len=256 num=100 type=\"multi\"":{"mean":0.47393379748883185,"sqsum":0.001528524646459167,"variance":0.00005270774642962645,"size":30},"chunks=4 dur=5 len=256 num=100 type=\"concat\"":{"mean":0.4753020683450466,"sqsum":0.0035955288690801106,"variance":0.0001239837541062107,"size":30},"chunks=4 dur=5 len=256 num=100 type=\"multi\"":{"mean":0.42813141073613314,"sqsum":0.001688680018970812,"variance":0.00005823034548175214,"size":30},"chunks=8 dur=5 len=256 num=100 type=\"concat\"":{"mean":0.464693800572689,"sqsum":0.002454506136445654,"variance":0.00008463814263605704,"size":30},"chunks=8 dur=5 len=256 num=100 type=\"multi\"":{"mean":0.36484789429645886,"sqsum":0.0009579588348019336,"variance":0.00003303306326903219,"size":30},"chunks=1 dur=5 len=512 num=100 type=\"concat\"":{"mean":0.9575374629716495,"sqsum":0.005245777551671228,"variance":0.0001808888810921113,"size":30},"chunks=1 dur=5 len=512 num=100 type=\"multi\"":{"mean":0.9868730550991365,"sqsum":0.014106784261425184,"variance":0.0004864408366008684,"size":30},"chunks=2 dur=5 len=512 num=100 type=\"concat\"":{"mean":0.9566597761219084,"sqsum":0.008703927558695897,"variance":0.0003001354330584792,"size":30},"chunks=2 dur=5 len=512 num=100 type=\"multi\"":{"mean":0.9407550400075483,"sqsum":0.017228302127312353,"variance":0.000594079383700426,"size":30},"chunks=4 dur=5 len=512 num=100 type=\"concat\"":{"mean":0.9504346902457879,"sqsum":0.004710350826894238,"variance":0.00016242589058255993,"size":30},"chunks=4 dur=5 len=512 num=100 type=\"multi\"":{"mean":0.8578762537034142,"sqsum":0.005716537908016611,"variance":0.000197121996828159,"size":30},"chunks=8 dur=5 len=512 num=100 type=\"concat\"":{"mean":0.9352881376608071,"sqsum":0.005372358865835955,"variance":0.00018525375399434328,"size":30},"chunks=8 dur=5 len=512 num=100 type=\"multi\"":{"mean":0.7208531130108696,"sqsum":0.003802237661199946,"variance":0.0001311116434896533,"size":30},"chunks=1 dur=5 len=1024 num=100 type=\"concat\"":{"mean":1.8199911648015346,"sqsum":0.03798815500214923,"variance":0.0013099363793844562,"size":30},"chunks=1 dur=5 len=1024 num=100 type=\"multi\"":{"mean":1.9358537396645619,"sqsum":0.12462631402438261,"variance":0.004297459104289056,"size":30},"chunks=2 dur=5 len=1024 num=100 type=\"concat\"":{"mean":1.8138864133500716,"sqsum":0.02773446378986737,"variance":0.0009563608203402541,"size":30},"chunks=2 dur=5 len=1024 num=100 type=\"multi\"":{"mean":1.8661030096900864,"sqsum":0.036452384403593566,"variance":0.0012569787725377091,"size":30},"chunks=4 dur=5 len=1024 num=100 type=\"concat\"":{"mean":1.799700742286873,"sqsum":0.027762573847491468,"variance":0.0009573301326721197,"size":30},"chunks=4 dur=5 len=1024 num=100 type=\"multi\"":{"mean":1.7022295509159266,"sqsum":0.015966709311136126,"variance":0.0005505761831426251,"size":30},"chunks=8 dur=5 len=1024 num=100 type=\"concat\"":{"mean":1.7622358988728044,"sqsum":0.023119769393729124,"variance":0.0007972334273699698,"size":30},"chunks=8 dur=5 len=1024 num=100 type=\"multi\"":{"mean":1.4333023285425592,"sqsum":0.015709790219033428,"variance":0.000541716904104601,"size":30}},"bind-params":{"address=\"true\" n=10000 port=\"true\"":{"mean":240764.41226763837,"sqsum":144945519.4988311,"variance":4998121.362028658,"size":30},"address=\"false\" n=10000 port=\"true\"":{"mean":240721.97101776293,"sqsum":323229126.59289414,"variance":11145831.951479107,"size":30},"address=\"false\" n=10000 port=\"false\"":{"mean":244461.13545872993,"sqsum":423810223.66316956,"variance":14614145.643557573,"size":30}},"multi-buffer":{"chunks=1 dur=5 len=64 num=100 type=\"send\"":{"mean":0.123793604362046,"sqsum":0.00020711669545242032,"variance":0.0000071419550156007,"size":30},"chunks=1 dur=5 len=64 num=100 type=\"recv\"":{"mean":0.039912458270766574,"sqsum":0.000009443074911584884,"variance":3.2562327281327e-7,"size":30},"chunks=2 dur=5 len=64 num=100 type=\"send\"":{"mean":0.11844073709401329,"sqsum":0.00009611815635426168,"variance":0.00000331441918462971,"size":30},"chunks=2 dur=5 len=64 num=100 type=\"recv\"":{"mean":0.03818316241045846,"sqsum":0.000019966334943967884,"variance":6.8849430841269e-7,"size":30},"chunks=4 dur=5 len=64 num=100 type=\"send\"":{"mean":0.10844026374723914,"sqsum":0.00013069764509823222,"variance":0.0000045068153482149,"size":30},"chunks=4 dur=5 len=64 num=100 type=\"recv\"":{"mean":0.03484084807860849,"sqsum":0.000009352490852665947,"variance":3.2249968457469e-7,"size":30},"chunks=8 dur=5 len=64 num=100 type=\"send\"":{"mean":0.09219730299662571,"sqsum":0.00010492279683820606,"variance":0.00000361802747717952,"size":30},"chunks=8 dur=5 len=64 num=100 type=\"recv\"":{"mean":0.029375868557712504,"sqsum":0.000007900810491003625,"variance":2.7244174106909e-7,"size":30},"chunks=1 dur=5 len=256 num=100 type=\"send\"":{"mean":0.49267075368127805,"sqsum":0.0024970539855894637,"variance":0.00008610530984791254,"size":30},"chunks=1 dur=5 len=256 num=100 type=\"recv\"":{"mean":0.15980354536231442,"sqsum":0.00023479848925415125,"variance":0.00000809649962945349,"size":30},"chunks=2 dur=5 len=256 num=100 type=\"send\"":{"mean":0.47453456965973184,"sqsum":0.0027158143524547993,"variance":0.00009364877077430341,"size":30},"chunks=2 dur=5 len=256 num=100 type=\"recv\"":{"mean":0.1510860367758009,"sqsum":0.00028126000028121014,"variance":0.00000969862069935207,"size":30},"chunks=4 dur=5 len=256 num=100 type=\"send\"":{"mean":0.4280634753397712,"sqsum":0.001604364546926135,"variance":0.00005532291541124603,"size":30},"chunks=4 dur=5 len=256 num=100 type=\"recv\"":{"mean":0.1383133682707146,"sqsum":0.0001320773320010428,"variance":0.00000455439075865665,"size":30},"chunks=8 dur=5 len=256 num=100 type=\"send\"":{"mean":0.36370463276119114,"sqsum":0.0021447045904851476,"variance":0.0000739553307063844,"size":30},"chunks=8 dur=5 len=256 num=100 type=\"recv\"":{"mean":0.11665523555478981,"sqsum":0.00016125793039542763,"variance":0.0000055606182894975,"size":30},"chunks=1 dur=5 len=1024 num=100 type=\"send\"":{"mean":1.9624396408264584,"sqsum":0.09985032073276799,"variance":0.003443114508026482,"size":30},"chunks=1 dur=5 len=1024 num=100 type=\"recv\"":{"mean":0.6260358532557668,"sqsum":0.008776820369444369,"variance":0.00030264897825670235,"size":30},