{"convertprotocols":{"n=1":{"mean":4079.9825464300134,"sqsum":453793.6527373129,"variance":15648.056990941823,"size":30},"n=50000":{"mean":1166344.4158449934,"sqsum":1846288799.5825186,"variance":63665131.02008685,"size":30}},"secure-pair":{"dur=5 securing=\"SecurePair\" size=100":{"mean":1992.7860760036233,"sqsum":6857.380184039344,"variance":236.4613856565291,"size":30},"dur=5 securing=\"SecurePair\" size=1024":{"mean":2768.470737169513,"sqsum":33409.88510094363,"variance":1152.0650034808148,"size":30},"dur=5 securing=\"SecurePair\" size=1048576":{"mean":3959.3657710045713,"sqsum":56681.89834080543,"variance":1954.548218648463,"size":30},"dur=5 securing=\"TLSSocket\" size=100":{"mean":1942.5675271100915,"sqsum":92829.62304706227,"variance":3201.0214843814574,"size":30},"dur=5 securing=\"TLSSocket\" size=1024":{"mean":2782.4425853393636,"sqsum":106929.56546642512,"variance":3687.2263953939696,"size":30},"dur=5 securing=\"TLSSocket\" size=1048576":{"mean":4344.3410302769435,"sqsum":97407.5749154246,"variance":3358.8818936353314,"size":30},"dur=5 securing=\"clear\" size=100":{"mean":677.3273031347235,"sqsum":5252.543455260486,"variance":181.12218811243054,"size":30},"dur=5 securing=\"clear\" size=1024":{"mean":3895.228017654242,"sqsum":1179002.722089159,"variance":40655.26627893651,"size":30},"dur=5 securing=\"clear\" size=1048576":{"mean":9741.63435169437,"sqsum":31054877.381724536,"variance":1070857.840749122,"size":30}},"throughput-c2s":{"dur=5 size=100 type=\"buf\"":{"mean":2365.9825408780775,"sqsum":20879.176190988,"variance":719.9715927926898,"size":30},"dur=5 size=1024 type=\"buf\"":{"mean":3762.812414036126,"sqsum":54820.977958895346,"variance":1890.378550306736,"size":30},"dur=5 size=1048576 type=\"buf\"":{"mean":6453.557636581665,"sqsum":126549.3302383491,"variance":4363.770008218934,"size":30},"dur=5 size=4194304 type=\"buf\"":{"mean":6029.788518860849,"sqsum":76481.76913112168,"variance":2637.3023838317818,"size":30},"dur=5 size=16777216 type=\"buf\"":{"mean":5896.833020199611,"sqsum":66925.34533555247,"variance":2307.770528812154,"size":30},"dur=5 size=100 type=\"asc\"":{"mean":1191.2955220585984,"sqsum":858.151360654644,"variance":29.591426229470482,"size":30},"dur=5 size=1024 type=\"asc\"":{"mean":3172.9333760323684,"sqsum":49931.632446225274,"variance":1721.7804291801817,"size":30},"dur=5 size=1048576 type=\"asc\"":{"mean":6051.028242401621,"sqsum":157538.06298222143,"variance":5432.346999386945,"size":30},"dur=5 size=4194304 type=\"asc\"":{"mean":5400.241923524104,"sqsum":231559.05519786765,"variance":7984.795006823022,"size":30},"dur=5 size=16777216 type=\"asc\"":{"mean":5246.383551498177,"sqsum":365024.84676500864,"variance":12587.063681552021,"size":30},"dur=5 size=100 type=\"utf\"":{"mean":1241.031798555024,"sqsum":1196.3657600246138,"variance":41.25399172498668,"size":30},"dur=5 size=1024 type=\"utf\"":{"mean":3024.3391626210314,"sqsum":45310.18248738727,"variance":1562.4200857719748,"size":30},"dur=5 size=1048576 type=\"utf\"":{"mean":4450.038377987587,"sqsum":47479.18191370987,"variance":1637.2131694382715,"size":30},"dur=5 size=4194304 type=\"utf\"":{"mean":4239.73365644151,"sqsum":16503.607449512478,"variance":569.0899120521544,"size":30},"dur=5 size=16777216 type=\"utf\"":{"mean":4015.174148628881,"sqsum":14487.172702884074,"variance":499.5576794097957,"size":30}},"throughput-s2c":{"dur=5 recvbufgenfn=\"true\" recvbuflen=0 sendchunklen=256 type=\"buf\"":{"mean":3175.349972676317,"sqsum":72628.8364862784,"variance":2504.4426374578757,"size":30},"dur=5 recvbufgenfn=\"false\" recvbuflen=0 sendchunklen=256 type=\"buf\"":{"mean":3194.6349110111432,"sqsum":40174.30215648267,"variance":1385.3207640166438,"size":30},"dur=5 recvbufgenfn=\"true\" recvbuflen=65536 sendchunklen=256 type=\"buf\"":{"mean":3670.758511778907,"sqsum":31060.473058813914,"variance":1071.0507951315142,"size":30},"dur=5 recvbufgenfn=\"false\" recvbuflen=65536 sendchunklen=256 type=\"buf\"":{"mean":3688.5114416458773,"sqsum":65449.40547229557,"variance":2256.876050768813,"size":30},"dur=5 recvbufgenfn=\"true\" recvbuflen=1048576 sendchunklen=256 type=\"buf\"":{"mean":3683.2851928553173,"sqsum":29496.74610970509,"variance":1017.1291761967273,"size":30},"dur=5 recvbufgenfn=\"false\" recvbuflen=1048576 sendchunklen=256 type=\"buf\"":{"mean":3703.6915993199054,"sqsum":42661.34859610242,"variance":1471.0809860724974,"size":30},"dur=5 recvbufgenfn=\"true\" recvbuflen=0 sendchunklen=32768 type=\"buf\"":{"mean":5909.202963211288,"sqsum":91200.22475214885,"variance":3144.8353362809944,"size":30},"dur=5 recvbufgenfn=\"false\" recvbuflen=0 sendchunklen=32768 type=\"buf\"":{"mean":5919.58403881842,"sqsum":91014.80975537655,"variance":3138.44171570264,"size":30},"dur=5 recvbufgenfn=\"true\" recvbuflen=65536 sendchunklen=32768 type=\"buf\"":{"mean":7148.558983308459,"sqsum":92223.59419363407,"variance":3180.12393771152,"size":30},"dur=5 recvbufgenfn=\"false\" recvbuflen=65536 sendchunklen=32768 type=\"buf\"":{"mean":7223.60323964813,"sqsum":78800.53066009462,"variance":2717.259677934297,"size":30},"dur=5 recvbufgenfn=\"true\" recvbuflen=1048576 sendchunklen=32768 type=\"buf\"":{"mean":7128.443799931151,"sqsum":61219.73782513901,"variance":2111.025442246173,"size":30},"dur=5 recvbufgenfn=\"false\" recvbuflen=1048576 sendchunklen=32768 type=\"buf\"":{"mean":7229.159974741619,"sqsum":89796.96933394097,"variance":3096.447218411758,"size":30},"dur=5 recvbufgenfn=\"true\" recvbuflen=0 sendchunklen=131072 type=\"buf\"":{"mean":6371.089470296729,"sqsum":78326.6675036359,"variance":2700.919569090893,"size":30},"dur=5 recvbufgenfn=\"false\" recvbuflen=0 sendchunklen=131072 type=\"buf\"":{"mean":6352.015161382397,"sqsum":76713.69316133225,"variance":2645.299764183871,"size":30},"dur=5 recvbufgenfn=\"true\" recvbuflen=65536 sendchunklen=131072 type=\"buf\"":{"mean":7894.073145809607,"sqsum":87845.6468111858,"variance":3029.160234868476,"size":30},"dur=5 recvbufgenfn=\"false\" recvbuflen=65536 sendchunklen=131072 type=\"buf\"":{"mean":7957.89263244648,"sqsum":94232.6315745206,"variance":3249.401088776572,"size":30},"dur=5 recvbufgenfn=\"true\" recvbuflen=1048576 sendchunklen=131072 type=\"buf\"":{"mean":7884.365143939516,"sqsum":106941.92204639643,"variance":3687.6524843584975,"size":30},"dur=5 recvbufgenfn=\"false\" recvbuflen=1048576 sendchunklen=131072 type=\"buf\"":{"mean":7970.256365461297,"sqsum":77565.61150448947,"variance":2674.676258775499,"size":30},"dur=5 recvbufgenfn=\"true\" recvbuflen=0 sendchunklen=16777216 type=\"buf\"":{"mean":5882.438949608985,"sqsum":68951.82832548984,"variance":2377.649252603098,"size":30},"dur=5 recvbufgenfn=\"false\" recvbuflen=0 sendchunklen=16777216 type=\"buf\"":{"mean":5893.942622424406,"sqsum":53989.80518359859,"variance":1861.7174201240894,"size":30},"dur=5 recvbufgenfn=\"true\" recvbuflen=65536 sendchunklen=16777216 type=\"buf\"":{"mean":7052.922277268634,"sqsum":47251.82236764859,"variance":1629.3731850913307,"size":30},"dur=5 recvbufgenfn=\"false\" recvbuflen=65536 sendchunklen=16777216 type=\"buf\"":{"mean":7107.304181091662,"sqsum":37765.472629002565,"variance":1302.2576768621573,"size":30},"dur=5 recvbufgenfn=\"true\" recvbuflen=1048576 sendchunklen=16777216 type=\"buf\"":{"mean":7040.217987242732,"sqsum":44383.30451320078,"variance":1530.4587763172683,"size":30},"dur=5 recvbufgenfn=\"false\" recvbuflen=1048576 sendchunklen=16777216 type=\"buf\"":{"mean":7100.555659127543,"sqsum":61150.43681095948,"variance":2108.635752102051,"size":30},"dur=5 recvbufgenfn=\"true\" recvbuflen=0 sendchunklen=256 type=\"asc\"":{"mean":2071.7510315248724,"sqsum":13307.021336370784,"variance":458.8628047024409,"size":30},"dur=5 recvbufgenfn=\"false\" recvbuflen=0 sendchunklen=256 type=\"asc\"":{"mean":2074.134779171973,"sqsum":11517.462212256838,"variance":397.1538693881668,"size":30},"dur=5 recvbufgenfn=\"true\" recvbuflen=65536 sendchunklen=256 type=\"asc\"":{"mean":2276.6475936434135,"sqsum":11136.119503316597,"variance":384.00412080402054,"size":30},