{"format":{"n=100000 type=\"string\"":{"mean":5370655.787754878,"sqsum":18014469253.182842,"variance":621188594.9373394,"size":30},"n=100000 type=\"string-2\"":{"mean":4135675.230631883,"sqsum":1279047037213.043,"variance":44105070248.72562,"size":30},"n=100000 type=\"number\"":{"mean":5531744.220472957,"sqsum":37362280362.74844,"variance":1288354495.2671878,"size":30},"n=100000 type=\"replace-object\"":{"mean":2381905.448790668,"sqsum":7193571150.137469,"variance":248054177.5909472,"size":30},"n=100000 type=\"unknown\"":{"mean":7729362.485495663,"sqsum":93095467510.29616,"variance":3210188534.8377986,"size":30},"n=100000 type=\"no-replace\"":{"mean":6283458.737072515,"sqsum":47427273065.20191,"variance":1635423209.1448934,"size":30},"n=100000 type=\"no-replace-2\"":{"mean":8337025.147426642,"sqsum":106478580588.06914,"variance":3671675192.692039,"size":30},"n=100000 type=\"only-objects\"":{"mean":505149.5579710185,"sqsum":912359168.0776392,"variance":31460660.96819446,"size":30},"n=100000 type=\"many-%\"":{"mean":3059457.154652139,"sqsum":162298821202.92838,"variance":5596511075.963048,"size":30},"n=100000 type=\"object-to-string\"":{"mean":3841979.5148691055,"sqsum":9687527631.409403,"variance":334052676.94515187,"size":30},"n=100000 type=\"object-%s\"":{"mean":627463.5007795746,"sqsum":3578194303.578987,"variance":123386010.46824095,"size":30}},"inspect-array":{"len=100 n=500 type=\"denseArray\"":{"mean":16126.567327010796,"sqsum":578777.0246156455,"variance":19957.82843502226,"size":30},"len=100 n=500 type=\"sparseArray\"":{"mean":122612.37568516847,"sqsum":234837313.45102832,"variance":8097838.394863045,"size":30},"len=100 n=500 type=\"mixedArray\"":{"mean":17407.782354695497,"sqsum":278684.34995757556,"variance":9609.805170950882,"size":30},"len=100 n=500 type=\"denseArray_showHidden\"":{"mean":15402.76599356492,"sqsum":324929.072743654,"variance":11204.450784263932,"size":30},"len=100000 n=500 type=\"denseArray\"":{"mean":15846.865754352391,"sqsum":385347.51207483467,"variance":13287.845243959815,"size":30},"len=100000 n=500 type=\"sparseArray\"":{"mean":4285.528379132447,"sqsum":13794.053389709294,"variance":475.6570134382515,"size":30},"len=100000 n=500 type=\"mixedArray\"":{"mean":3551.0325646895017,"sqsum":34605.65767719149,"variance":1193.29854059281,"size":30},"len=100000 n=500 type=\"denseArray_showHidden\"":{"mean":14828.274403442507,"sqsum":630431.9337714863,"variance":21739.03219901677,"size":30}},"inspect-proxy":{"isProxy=0 n=100000 showProxy=0":{"mean":455035.99785321415,"sqsum":1314209592.549549,"variance":45317572.156881005,"size":30},"isProxy=1 n=100000 showProxy=0":{"mean":450144.05639330467,"sqsum":2152982849.3173523,"variance":74240787.9074949,"size":30},"isProxy=0 n=100000 showProxy=1":{"mean":453188.12028397474,"sqsum":3594496025.157923,"variance":123948138.79854909,"size":30},"isProxy=1 n=100000 showProxy=1":{"mean":228764.90325426043,"sqsum":329842529.77472484,"variance":11373880.337059477,"size":30}},"inspect":{"method=\"Object\" n=20000 option=\"showHidden\"":{"mean":386008.135212714,"sqsum":262190078.10317078,"variance":9041037.175971406,"size":30},"method=\"Object\" n=20000 option=\"colors\"":{"mean":213170.56791175113,"sqsum":306280599.27580285,"variance":10561399.975027686,"size":30},"method=\"Object\" n=20000 option=\"none\"":{"mean":405829.8059687952,"sqsum":254070536.2320421,"variance":8761052.973518694,"size":30},"method=\"Object_empty\" n=20000 option=\"showHidden\"":{"mean":950166.1320277051,"sqsum":2144699515.641256,"variance":73955155.71176745,"size":30},"method=\"Object_empty\" n=20000 option=\"colors\"":{"mean":1072131.905125546,"sqsum":1720540003.8895996,"variance":59328965.6513655,"size":30},"method=\"Object_empty\" n=20000 option=\"none\"":{"mean":1132118.0105217579,"sqsum":2491897933.466135,"variance":85927514.9471081,"size":30},"method=\"Object_deep_ln\" n=20000 option=\"showHidden\"":{"mean":181846.71418928224,"sqsum":117852183.75052164,"variance":4063868.4051904012,"size":30},"method=\"Object_deep_ln\" n=20000 option=\"colors\"":{"mean":87474.1574664831,"sqsum":39601971.02932726,"variance":1365585.2079078367,"size":30},"method=\"Object_deep_ln\" n=20000 option=\"none\"":{"mean":194283.60767204888,"sqsum":37925091.061650395,"variance":1307761.7607465654,"size":30},"method=\"String\" n=20000 option=\"showHidden\"":{"mean":1800141.63216312,"sqsum":23599254081.468113,"variance":813767382.1195902,"size":30},"method=\"String\" n=20000 option=\"colors\"":{"mean":1440950.2642359198,"sqsum":3403320741.8590117,"variance":117355887.65031074,"size":30},"method=\"String\" n=20000 option=\"none\"":{"mean":1998344.119663419,"sqsum":10899257145.437248,"variance":375836453.2909396,"size":30},"method=\"String_complex\" n=20000 option=\"showHidden\"":{"mean":1249116.2008479794,"sqsum":1776290868.7464097,"variance":61251409.267117575,"size":30},"method=\"String_complex\" n=20000 option=\"colors\"":{"mean":1074345.0808994474,"sqsum":5226951183.966375,"variance":180239695.99884054,"size":30},"method=\"String_complex\" n=20000 option=\"none\"":{"mean":1331779.1995449797,"sqsum":4986501271.093803,"variance":171948319.69288978,"size":30},"method=\"String_boxed\" n=20000 option=\"showHidden\"":{"mean":277570.64670579275,"sqsum":1378516226.4513676,"variance":47535042.291426465,"size":30},"method=\"String_boxed\" n=20000 option=\"colors\"":{"mean":411537.3021787246,"sqsum":1612857790.5096066,"variance":55615785.87964161,"size":30},"method=\"String_boxed\" n=20000 option=\"none\"":{"mean":467782.43201232643,"sqsum":815308555.9997351,"variance":28114088.1379219,"size":30},"method=\"Date\" n=20000 option=\"showHidden\"":{"mean":653375.1267872954,"sqsum":3579930161.175369,"variance":123445867.62673685,"size":30},"method=\"Date\" n=20000 option=\"colors\"":{"mean":644146.0082929133,"sqsum":5841526389.032249,"variance":201431944.4493879,"size":30},"method=\"Date\" n=20000 option=\"none\"":{"mean":736680.0496677902,"sqsum":1716569445.2148829,"variance":59192049.83499596,"size":30},"method=\"Set\" n=20000 option=\"showHidden\"":{"mean":514755.6506856654,"sqsum":910892334.545289,"variance":31410080.50156169,"size":30},"method=\"Set\" n=20000 option=\"colors\"":{"mean":396970.8806505132,"sqsum":871174470.1575801,"variance":30040498.97095104,"size":30},"method=\"Set\" n=20000 option=\"none\"":{"mean":553722.919143787,"sqsum":1016015851.1763909,"variance":35035029.35091003,"size":30},"method=\"Error\" n=20000 option=\"showHidden\"":{"mean":131204.0974640701,"sqsum":179757345.23483798,"variance":6198529.146028896,"size":30},"method=\"Error\" n=20000 option=\"colors\"":{"mean":342187.13188863976,"sqsum":1027143086.8275361,"variance":35418727.131984,"size":30},"method=\"Error\" n=20000 option=\"none\"":{"mean":649184.3240854199,"sqsum":1574478363.7210991,"variance":54292357.36969307,"size":30},"method=\"Array\" n=20000 option=\"showHidden\"":{"mean":75276.96526747978,"sqsum":4581466.189010673,"variance":157981.592724506,"size":30},"method=\"Array\" n=20000 option=\"colors\"":{"mean":34646.00970128301,"sqsum":4477164.018309748,"variance":154384.966148612,"size":30},"method=\"Array\" n=20000 option=\"none\"":{"mean":86731.79820062492,"sqsum":2893477.164932639,"variance":99775.07465284962,"size":30},"method=\"TypedArray\" n=20000 option=\"showHidden\"":{"mean":154412.63832776085,"sqsum":93752444.71674834,"variance":3232842.921267184,"size":30},"method=\"TypedArray\" n=20000 option=\"colors\"":{"mean":46536.2496920469,"sqsum":1471181.895769076,"variance":50730.41019893365,"size":30},"method=\"TypedArray\" n=20000 option=\"none\"":{"mean":201197.82891870063,"sqsum":65305948.283134684,"variance":2251929.2511425754,"size":30},"method=\"TypedArray_extra\" n=20000 option=\"showHidden\"":{"mean":114423.946769046,"sqsum":74289712.11315475,"variance":2561714.2107984396,"size":30},"method=\"TypedArray_extra\" n=20000 option=\"colors\"":{"mean":37716.37572135698,"sqsum":2731671.2960870834,"variance":94195.56193403735,"size":30},