{"create-context":{"n=100":{"mean":1908.4451239472487,"sqsum":11543.951621592347,"variance":398.06729729628785,"size":30}},"run-in-context":{"breakOnSigint=0 n=1 withSigintListener=0":{"mean":3271.105674827105,"sqsum":664958.3402755029,"variance":22929.59794053458,"size":30},"breakOnSigint=0 n=1 withSigintListener=1":{"mean":3338.3720041225615,"sqsum":282942.84960303974,"variance":9756.649986311715,"size":30},"breakOnSigint=1 n=1 withSigintListener=0":{"mean":2177.768872407881,"sqsum":1132012.3879448636,"variance":39034.90992913323,"size":30},"breakOnSigint=1 n=1 withSigintListener=1":{"mean":1519.601700111296,"sqsum":346917.56292114704,"variance":11962.67458348783,"size":30}},"run-in-this-context":{"breakOnSigint=0 n=1 withSigintListener=0":{"mean":3423.153192462386,"sqsum":170798.71472756955,"variance":5889.610852674811,"size":30},"breakOnSigint=0 n=1 withSigintListener=1":{"mean":3329.3694828755556,"sqsum":1286742.4314906506,"variance":44370.4286720914,"size":30},"breakOnSigint=1 n=1 withSigintListener=0":{"mean":2251.8740412712204,"sqsum":1442423.4587603654,"variance":49738.73995725397,"size":30},"breakOnSigint=1 n=1 withSigintListener=1":{"mean":1587.2698153598417,"sqsum":296476.8807081316,"variance":10223.340714073502,"size":30}}}