{"ee-add-remove":{"n=1000000":{"mean":822447.2123621412,"sqsum":18188268507.526367,"variance":627181672.6733229,"size":30}},"ee-emit":{"argc=0 listeners=1 n=2000000":{"mean":33727974.941395536,"sqsum":32230619904702.156,"variance":1111400686369.0398,"size":30},"argc=0 listeners=5 n=2000000":{"mean":10007520.863356058,"sqsum":1169941204023.9458,"variance":40342800138.75675,"size":30},"argc=0 listeners=10 n=2000000":{"mean":5920242.017628639,"sqsum":556328480297.7552,"variance":19183740699.922596,"size":30},"argc=2 listeners=1 n=2000000":{"mean":31873395.01946589,"sqsum":17424561377308.95,"variance":600846944045.1361,"size":30},"argc=2 listeners=5 n=2000000":{"mean":8852727.814132312,"sqsum":3303696985992.134,"variance":113920585723.86668,"size":30},"argc=2 listeners=10 n=2000000":{"mean":5210035.627731664,"sqsum":265522426940.8668,"variance":9155945756.581614,"size":30},"argc=4 listeners=1 n=2000000":{"mean":31554244.54569203,"sqsum":22418762938619.617,"variance":773060790986.8834,"size":30},"argc=4 listeners=5 n=2000000":{"mean":8721137.387401158,"sqsum":1729099626786.6772,"variance":59624125061.60956,"size":30},"argc=4 listeners=10 n=2000000":{"mean":5119725.537830501,"sqsum":350510845583.8339,"variance":12086580882.20117,"size":30},"argc=10 listeners=1 n=2000000":{"mean":29982885.92015414,"sqsum":15731837466212.81,"variance":542477154007.3383,"size":30},"argc=10 listeners=5 n=2000000":{"mean":8466002.897259071,"sqsum":427371113395.6435,"variance":14736934944.677362,"size":30},"argc=10 listeners=10 n=2000000":{"mean":4886325.640662979,"sqsum":187404901736.242,"variance":6462237990.904897,"size":30}},"ee-listener-count-on-prototype":{"n=50000000":{"mean":59171129.51429296,"sqsum":52543619385169.81,"variance":1811848944316.2002,"size":30}},"ee-listeners-many":{"n=5000000":{"mean":5069001.92923673,"sqsum":50103053107.00369,"variance":1727691486.4484034,"size":30}},"ee-listeners":{"n=5000000":{"mean":22483264.81181488,"sqsum":14026214509479.447,"variance":483662569292.3948,"size":30}},"ee-once":{"argc=0 n=20000000":{"mean":4931626.8284992855,"sqsum":167236164061.00198,"variance":5766764277.965586,"size":30},"argc=1 n=20000000":{"mean":4677042.105756011,"sqsum":113805114931.52768,"variance":3924314307.983713,"size":30},"argc=4 n=20000000":{"mean":4648546.638656216,"sqsum":87172140489.21025,"variance":3005935878.9382844,"size":30},"argc=5 n=20000000":{"mean":4619476.943823233,"sqsum":129113166850.7829,"variance":4452178167.268375,"size":30}}}