{"lookup-promises":{"all=\"true\" n=5000000 name=\"127.0.0.1\"":{"mean":11839674179.148726,"sqsum":16855581238910771000,"variance":581226939272785200,"size":30},"all=\"false\" n=5000000 name=\"127.0.0.1\"":{"mean":12796582614.273745,"sqsum":15892275199658248000,"variance":548009489643387900,"size":30},"all=\"true\" n=5000000 name=\"::1\"":{"mean":3598918451.8070593,"sqsum":613013885463598300,"variance":21138409843572356,"size":30},"all=\"false\" n=5000000 name=\"::1\"":{"mean":3735548005.992045,"sqsum":359169855470098200,"variance":12385167430003386,"size":30}},"lookup":{"all=\"true\" n=5000000 name=\"127.0.0.1\"":{"mean":4675699.697679833,"sqsum":352585302288.6318,"variance":12158113872.021784,"size":30},"all=\"false\" n=5000000 name=\"127.0.0.1\"":{"mean":5426117.028619541,"sqsum":661250774105.6102,"variance":22801750831.227936,"size":30},"all=\"true\" n=5000000 name=\"::1\"":{"mean":2694410.232339639,"sqsum":143483220356.081,"variance":4947697253.657966,"size":30},"all=\"false\" n=5000000 name=\"::1\"":{"mean":2958339.172475411,"sqsum":60154198665.46525,"variance":2074282712.6022499,"size":30}}}