{"ee-add-remove":{"n=1000000":{"mean":817457.1319822891,"sqsum":5440814637.341204,"variance":187614297.83935186,"size":30}},"ee-emit":{"argc=0 listeners=1 n=2000000":{"mean":34021001.53548275,"sqsum":14313012655216.832,"variance":493552160524.7183,"size":30},"argc=0 listeners=5 n=2000000":{"mean":9889173.209575305,"sqsum":3256836305461.1123,"variance":112304700188.31422,"size":30},"argc=0 listeners=10 n=2000000":{"mean":5829417.477255561,"sqsum":1833613285443.891,"variance":63228044325.65142,"size":30},"argc=2 listeners=1 n=2000000":{"mean":31971054.853991784,"sqsum":19119986986114.63,"variance":659309896072.9182,"size":30},"argc=2 listeners=5 n=2000000":{"mean":8859183.215348078,"sqsum":2817038443512.645,"variance":97139256672.84982,"size":30},"argc=2 listeners=10 n=2000000":{"mean":5172969.874440384,"sqsum":544406355159.4866,"variance":18772632936.53402,"size":30},"argc=4 listeners=1 n=2000000":{"mean":31551821.46438556,"sqsum":21043739778914.066,"variance":725646199272.8989,"size":30},"argc=4 listeners=5 n=2000000":{"mean":8820284.733184563,"sqsum":309508148926.33167,"variance":10672694790.56316,"size":30},"argc=4 listeners=10 n=2000000":{"mean":5095994.872135437,"sqsum":577307516239.0553,"variance":19907155732.381218,"size":30},"argc=10 listeners=1 n=2000000":{"mean":30219008.877250277,"sqsum":11176849471921.47,"variance":385408602480.0507,"size":30},"argc=10 listeners=5 n=2000000":{"mean":8480761.288916737,"sqsum":303110880808.5111,"variance":10452099338.224522,"size":30},"argc=10 listeners=10 n=2000000":{"mean":4908894.661161709,"sqsum":123434500476.7977,"variance":4256362085.406817,"size":30}},"ee-listener-count-on-prototype":{"n=50000000":{"mean":59040343.03246258,"sqsum":55400860620120.81,"variance":1910374504142.0972,"size":30}},"ee-listeners-many":{"n=5000000":{"mean":5065247.711783657,"sqsum":51035698997.65184,"variance":1759851689.5742013,"size":30}},"ee-listeners":{"n=5000000":{"mean":22028292.511234153,"sqsum":17737721365993.85,"variance":611645564344.6156,"size":30}},"ee-once":{"argc=0 n=20000000":{"mean":4909444.669980905,"sqsum":236499552359.92847,"variance":8155156977.928568,"size":30},"argc=1 n=20000000":{"mean":4671092.860935581,"sqsum":146416346005.29007,"variance":5048839517.423796,"size":30},"argc=4 n=20000000":{"mean":4626278.989874375,"sqsum":211937659711.87344,"variance":7308195162.4783945,"size":30},"argc=5 n=20000000":{"mean":4634002.41412569,"sqsum":90062224434.85814,"variance":3105593946.0295906,"size":30}}}