{"lookup-promises":{"all=\"true\" n=5000000 name=\"127.0.0.1\"":{"mean":11994291315.161549,"sqsum":6750551905976218000,"variance":232777651930214400,"size":30},"all=\"false\" n=5000000 name=\"127.0.0.1\"":{"mean":12783431871.260498,"sqsum":17468696112993845000,"variance":602368831482546400,"size":30},"all=\"true\" n=5000000 name=\"::1\"":{"mean":3662465904.328553,"sqsum":618326211821167100,"variance":21321593511074730,"size":30},"all=\"false\" n=5000000 name=\"::1\"":{"mean":3748861489.6404867,"sqsum":586457929766934700,"variance":20222687233342576,"size":30}},"lookup":{"all=\"true\" n=5000000 name=\"127.0.0.1\"":{"mean":4703269.162824658,"sqsum":599540761565.0094,"variance":20673819364.31067,"size":30},"all=\"false\" n=5000000 name=\"127.0.0.1\"":{"mean":5145025.937432096,"sqsum":1437039245396.7854,"variance":49553077427.47536,"size":30},"all=\"true\" n=5000000 name=\"::1\"":{"mean":2687639.5032782457,"sqsum":367332034948.41486,"variance":12666621894.772926,"size":30},"all=\"false\" n=5000000 name=\"::1\"":{"mean":2864254.894363908,"sqsum":341653908632.7291,"variance":11781169263.197556,"size":30}}}