{"ee-add-remove":{"n=1000000 newListener=0 removeListener=0":{"mean":1264517.8812455358,"sqsum":8366039619.503271,"variance":288484124.81045765,"size":30},"n=1000000 newListener=0 removeListener=1":{"mean":891320.0178884692,"sqsum":2619507673.007694,"variance":90327850.79336874,"size":30},"n=1000000 newListener=1 removeListener=0":{"mean":915182.5950087844,"sqsum":3489927461.334997,"variance":120342326.25293094,"size":30},"n=1000000 newListener=1 removeListener=1":{"mean":710330.7975050381,"sqsum":3583229114.5586,"variance":123559624.63995172,"size":30}},"ee-emit":{"argc=0 listeners=1 n=2000000":{"mean":45279519.57565764,"sqsum":7563923898446.258,"variance":260824962015.38818,"size":30},"argc=0 listeners=5 n=2000000":{"mean":15701897.846824443,"sqsum":252458761954.67496,"variance":8705474550.161205,"size":30},"argc=0 listeners=10 n=2000000":{"mean":8871298.817051427,"sqsum":108722813119.10167,"variance":3749062521.3483334,"size":30},"argc=2 listeners=1 n=2000000":{"mean":47179937.458789036,"sqsum":6268727231950.862,"variance":216163007998.3056,"size":30},"argc=2 listeners=5 n=2000000":{"mean":15946068.855641337,"sqsum":224890653869.38602,"variance":7754850133.427104,"size":30},"argc=2 listeners=10 n=2000000":{"mean":8040036.759689359,"sqsum":323937115875.0372,"variance":11170245375.001282,"size":30},"argc=4 listeners=1 n=2000000":{"mean":46114211.91458175,"sqsum":15268290547434.158,"variance":526492777497.72955,"size":30},"argc=4 listeners=5 n=2000000":{"mean":15083626.65977766,"sqsum":415781179630.6661,"variance":14337282056.229864,"size":30},"argc=4 listeners=10 n=2000000":{"mean":7876931.960623324,"sqsum":115631780193.02339,"variance":3987302765.2766685,"size":30},"argc=10 listeners=1 n=2000000":{"mean":45111984.87237006,"sqsum":2911721113168,"variance":100404176316.13794,"size":30},"argc=10 listeners=5 n=2000000":{"mean":14341892.356696622,"sqsum":3493865985689.732,"variance":120478137437.57695,"size":30},"argc=10 listeners=10 n=2000000":{"mean":7157748.490251,"sqsum":57066926556.37447,"variance":1967825053.6680853,"size":30}},"ee-listener-count-on-prototype":{"n=50000000":{"mean":76313722.1208335,"sqsum":107773759309733.92,"variance":3716336527921.8594,"size":30}},"ee-listeners":{"listeners=5 n=5000000 raw=\"true\"":{"mean":57821576.4751337,"sqsum":43745433974189.4,"variance":1508463240489.2898,"size":30},"listeners=5 n=5000000 raw=\"false\"":{"mean":32080925.434182756,"sqsum":4157380198343.442,"variance":143357937873.91177,"size":30},"listeners=50 n=5000000 raw=\"true\"":{"mean":20405838.057865705,"sqsum":2659132783089.5576,"variance":91694233899.63991,"size":30},"listeners=50 n=5000000 raw=\"false\"":{"mean":5648394.708354438,"sqsum":14973294266.812197,"variance":516320491.9590413,"size":30}},"ee-once":{"argc=0 n=20000000":{"mean":7989748.793908712,"sqsum":15536164248.011787,"variance":535729801.65557885,"size":30},"argc=1 n=20000000":{"mean":7790734.814673193,"sqsum":5172402764321.125,"variance":178358716011.0733,"size":30},"argc=4 n=20000000":{"mean":7671926.930966762,"sqsum":1964097082377.0588,"variance":67727485599.20892,"size":30},"argc=5 n=20000000":{"mean":7677671.268992445,"sqsum":20779672656.68322,"variance":716540436.4373523,"size":30}},"eventtarget":{"listeners=1 n=1000000":{"mean":2608612.70667231,"sqsum":220470233962.09003,"variance":7602421860.761725,"size":30},"listeners=5 n=1000000":{"mean":2363088.6394498334,"sqsum":5995674942.217673,"variance":206747411.80060944,"size":30},"listeners=10 n=1000000":{"mean":2082423.2160060613,"sqsum":42395612751.7732,"variance":1461917681.0956278,"size":30}}}