{"convertprotocols":{"n=1":{"mean":2585.1635450807553,"sqsum":1273876.6719505922,"variance":43926.781791399735,"size":30},"n=50000":{"mean":605159.3366703689,"sqsum":3345110134.449245,"variance":115348625.32583603,"size":30}},"secure-pair":{"dur=5 securing=\"SecurePair\" size=100":{"mean":340.24767605478263,"sqsum":94.71209071443121,"variance":3.2659341625665936,"size":30},"dur=5 securing=\"SecurePair\" size=1024":{"mean":371.03143689987076,"sqsum":167.76320213081954,"variance":5.784938004511019,"size":30},"dur=5 securing=\"SecurePair\" size=1048576":{"mean":453.6105115466022,"sqsum":64.27244526565326,"variance":2.216291216057009,"size":30},"dur=5 securing=\"TLSSocket\" size=100":{"mean":338.352219010184,"sqsum":78.21981395976121,"variance":2.697234964129697,"size":30},"dur=5 securing=\"TLSSocket\" size=1024":{"mean":378.15195898255746,"sqsum":63.49933133515272,"variance":2.189632115005266,"size":30},"dur=5 securing=\"TLSSocket\" size=1048576":{"mean":452.3045972381651,"sqsum":29.378406983831844,"variance":1.0130485166838568,"size":30},"dur=5 securing=\"clear\" size=100":{"mean":250.43226841205498,"sqsum":290.399115748849,"variance":10.013762612029277,"size":30},"dur=5 securing=\"clear\" size=1024":{"mean":1897.0447740516709,"sqsum":37462.33998858729,"variance":1291.8048271926655,"size":30},"dur=5 securing=\"clear\" size=1048576":{"mean":6058.549935358552,"sqsum":228477.61186145578,"variance":7878.5383400502,"size":30}},"throughput":{"dur=5 size=100 type=\"buf\"":{"mean":376.04932796079646,"sqsum":86.45767427337552,"variance":2.981299112875018,"size":30},"dur=5 size=1024 type=\"buf\"":{"mean":426.2954201278459,"sqsum":74.19524855497669,"variance":2.558456846723334,"size":30},"dur=5 size=1048576 type=\"buf\"":{"mean":501.7227324883678,"sqsum":68.34265322148883,"variance":2.3566432145340976,"size":30},"dur=5 size=4194304 type=\"buf\"":{"mean":494.84587251595593,"sqsum":70.9322876959982,"variance":2.4459409550344207,"size":30},"dur=5 size=16777216 type=\"buf\"":{"mean":493.0138627609712,"sqsum":699.8656598324749,"variance":24.133298614912928,"size":30},"dur=5 size=100 type=\"asc\"":{"mean":297.91358820403906,"sqsum":336.14619210076955,"variance":11.591248003474814,"size":30},"dur=5 size=1024 type=\"asc\"":{"mean":412.37641805161553,"sqsum":38.673799088629394,"variance":1.333579278918255,"size":30},"dur=5 size=1048576 type=\"asc\"":{"mean":497.9421428775165,"sqsum":28.15456200803114,"variance":0.9708469657941772,"size":30},"dur=5 size=4194304 type=\"asc\"":{"mean":490.5348232164394,"sqsum":54.746345194599186,"variance":1.8878050067103167,"size":30},"dur=5 size=16777216 type=\"asc\"":{"mean":485.7413942709218,"sqsum":99.59118054463306,"variance":3.4341786394701055,"size":30},"dur=5 size=100 type=\"utf\"":{"mean":303.5934534349117,"sqsum":350.60784699717664,"variance":12.089925758523332,"size":30},"dur=5 size=1024 type=\"utf\"":{"mean":413.84611371444737,"sqsum":27.70680160325979,"variance":0.9554069518365444,"size":30},"dur=5 size=1048576 type=\"utf\"":{"mean":465.6427883193665,"sqsum":12.466434226125275,"variance":0.4298770422801819,"size":30},"dur=5 size=4194304 type=\"utf\"":{"mean":459.41967522500477,"sqsum":96.75390468209025,"variance":3.3363415407617327,"size":30},"dur=5 size=16777216 type=\"utf\"":{"mean":447.573096993985,"sqsum":36.04358128669888,"variance":1.2428821133344443,"size":30}},"tls-connect":{"concurrency=1 dur=5":{"mean":288.5707165868082,"sqsum":12.969235745592337,"variance":0.4472150257100806,"size":30},"concurrency=10 dur=5":{"mean":296.4738237391661,"sqsum":49.076028907144995,"variance":1.6922768588670687,"size":30}}}