{"querystring-parse":{"n=1000000 type=\"noencode\"":{"mean":2069984.116683614,"sqsum":16754351746.406885,"variance":577736267.1174788,"size":30},"n=1000000 type=\"multicharsep\"":{"mean":1591813.7573604453,"sqsum":10532605723.369787,"variance":363193300.80585474,"size":30},"n=1000000 type=\"encodefake\"":{"mean":1980921.7524983098,"sqsum":15119513672.48719,"variance":521362540.4305928,"size":30},"n=1000000 type=\"encodemany\"":{"mean":816530.5987267876,"sqsum":7280887521.332387,"variance":251065086.94249612,"size":30},"n=1000000 type=\"encodelast\"":{"mean":1579084.2563078771,"sqsum":7435867868.637738,"variance":256409236.8495772,"size":30},"n=1000000 type=\"multivalue\"":{"mean":1502633.042940813,"sqsum":11249215169.051086,"variance":387903971.34658915,"size":30},"n=1000000 type=\"multivaluemany\"":{"mean":564504.9864700394,"sqsum":711718324.0930142,"variance":24542011.17562118,"size":30},"n=1000000 type=\"manypairs\"":{"mean":428521.00169120537,"sqsum":644902175.5356072,"variance":22238006.052951973,"size":30},"n=1000000 type=\"manyblankpairs\"":{"mean":8093990.065372863,"sqsum":15071950761.799734,"variance":519722440.0620598,"size":30},"n=1000000 type=\"altspaces\"":{"mean":1246053.3071800421,"sqsum":1770452139.2219245,"variance":61050073.76627326,"size":30}},"querystring-stringify":{"n=1000000 type=\"noencode\"":{"mean":3123373.4518897035,"sqsum":934182996.4519745,"variance":32213206.77420602,"size":30},"n=1000000 type=\"encodemany\"":{"mean":2061619.1053858285,"sqsum":1156945159.9867568,"variance":39894660.68919851,"size":30},"n=1000000 type=\"encodelast\"":{"mean":2787838.5827032314,"sqsum":268944413.79211813,"variance":9273945.303176487,"size":30},"n=1000000 type=\"array\"":{"mean":2759889.6165795526,"sqsum":565008983.165624,"variance":19483068.38502152,"size":30},"n=1000000 type=\"multiprimitives\"":{"mean":4029831.969045806,"sqsum":1630783239.0476391,"variance":56233904.794746175,"size":30}},"querystring-unescapebuffer":{"input=\"there is nothing to unescape here\" n=10000000":{"mean":4659139.885325319,"sqsum":3737052860.395478,"variance":128863891.73777509,"size":30},"input=\"there%20are%20several%20spaces%20that%20need%20to%20be%20unescaped\" n=10000000":{"mean":1824525.496617837,"sqsum":4926065620.747059,"variance":169864331.74989858,"size":30},"input=\"there%2Qare%0-fake%escaped values in%%%%this%9Hstring\" n=10000000":{"mean":2612598.846360101,"sqsum":3193710080.8346157,"variance":110127933.8218833,"size":30},"input=\"%20%21%22%23%24%25%26%27%28%29%2A%2B%2C%2D%2E%2F%30%31%32%33%34%35%36%37\" n=10000000":{"mean":2197649.201370424,"sqsum":118875669.37889075,"variance":4099161.0130651984,"size":30}}}