{"immediate":{"n=5000000 type=\"depth\"":{"mean":750621.7596959864,"sqsum":14923304774.65424,"variance":514596716.3673876,"size":30},"n=5000000 type=\"depth1\"":{"mean":743002.2321943691,"sqsum":2733006534.5082064,"variance":94241604.638214,"size":30},"n=5000000 type=\"breadth\"":{"mean":3150492.3782042484,"sqsum":100600666095.08961,"variance":3468988486.037573,"size":30},"n=5000000 type=\"breadth1\"":{"mean":2121466.978735951,"sqsum":397086077105.03406,"variance":13692623348.449451,"size":30},"n=5000000 type=\"breadth4\"":{"mean":1548790.2177065723,"sqsum":313972295594.2726,"variance":10826630882.561123,"size":30},"n=5000000 type=\"clear\"":{"mean":12268706.407061877,"sqsum":8424631003099.83,"variance":290504517348.27,"size":30}},"set-immediate-breadth-args":{"n=5000000":{"mean":2186688.8008496673,"sqsum":107717839951.91588,"variance":3714408274.2039957,"size":30}},"set-immediate-breadth":{"n=10000000":{"mean":2921511.023305232,"sqsum":140517865703.49207,"variance":4845443644.948002,"size":30}},"set-immediate-depth-args":{"n=5000000":{"mean":712570.907433246,"sqsum":4708453526.139137,"variance":162360466.41859096,"size":30}},"timers-breadth-args":{"n=1000000":{"mean":1677844.4720749306,"sqsum":24983599975.34425,"variance":861503447.4256638,"size":30}},"timers-breadth":{"n=5000000":{"mean":2047012.2841501986,"sqsum":10482567084.625883,"variance":361467830.5043408,"size":30}},"timers-cancel-pooled":{"n=5000000":{"mean":28942330.936170958,"sqsum":2813902036103.9634,"variance":97031104693.24011,"size":30}},"timers-cancel-unpooled":{"direction=\"start\" n=1000000":{"mean":2393026.3202712005,"sqsum":49006073709.92128,"variance":1689864610.6869407,"size":30},"direction=\"end\" n=1000000":{"mean":9056404.955435038,"sqsum":525744257065.1466,"variance":18129112312.591263,"size":30}},"timers-depth":{"n=1000":{"mean":844.4209863038376,"sqsum":1545.177650490154,"variance":53.281987947936344,"size":30}},"timers-insert-pooled":{"n=5000000":{"mean":1742486.6516150911,"sqsum":83040571692.71342,"variance":2863467989.403911,"size":30}},"timers-insert-unpooled":{"direction=\"start\" n=1000000":{"mean":1962019.9622345194,"sqsum":28192470731.07798,"variance":972154163.14062,"size":30},"direction=\"end\" n=1000000":{"mean":1306027.834027456,"sqsum":16743080510.187706,"variance":577347603.799576,"size":30}},"timers-timeout-nexttick":{"n=50000":{"mean":1533832.0332646426,"sqsum":546016079851.32465,"variance":18828140684.52844,"size":30},"n=5000000":{"mean":4855018.060322494,"sqsum":323316676592.2729,"variance":11148850916.974926,"size":30}},"timers-timeout-pooled":{"n=10000000":{"mean":10496269.174466245,"sqsum":2340170766546.2876,"variance":80695543674.00992,"size":30}},"timers-timeout-unpooled":{"n=1000000":{"mean":8967671.102351528,"sqsum":4244630898573.5527,"variance":146366582709.43286,"size":30}}}