{"defaultparams-bench":{"method=\"withoutdefaults\" n=100000000":{"mean":554196369.0887101,"sqsum":147225134020428.9,"variance":5076728759325.134,"size":30},"method=\"withdefaults\" n=100000000":{"mean":556648427.0186379,"sqsum":225813863147005.72,"variance":7786684936103.6455,"size":30}},"destructuring-bench":{"method=\"swap\" n=100000000":{"mean":337033516.2862082,"sqsum":20992688191614.02,"variance":723885799710.8282,"size":30},"method=\"destructure\" n=100000000":{"mean":281135416.69400036,"sqsum":11507959077580.082,"variance":396826175088.9684,"size":30}},"destructuring-object-bench":{"method=\"normal\" n=100000000":{"mean":1108714183.2823653,"sqsum":2012499019424293.2,"variance":69396517911182.52,"size":30},"method=\"destructureObject\" n=100000000":{"mean":1103430790.8096733,"sqsum":1258001832244749,"variance":43379373525681,"size":30}},"foreach-bench":{"count=5 method=\"for\" n=5000000":{"mean":121922950.3878357,"sqsum":27342171311150.773,"variance":942833493487.9578,"size":30},"count=10 method=\"for\" n=5000000":{"mean":79497778.75264913,"sqsum":16149618151342.006,"variance":556883384529.0347,"size":30},"count=20 method=\"for\" n=5000000":{"mean":43854428.71355532,"sqsum":2034012790734.3816,"variance":70138372094.28902,"size":30},"count=100 method=\"for\" n=5000000":{"mean":10259759.322280679,"sqsum":10041356656.499502,"variance":346253677.81032765,"size":30},"count=5 method=\"for-of\" n=5000000":{"mean":69274241.90995018,"sqsum":6443740757349.635,"variance":222197957149.98743,"size":30},"count=10 method=\"for-of\" n=5000000":{"mean":43312983.90137633,"sqsum":1890052768844.393,"variance":65174233408.42735,"size":30},"count=20 method=\"for-of\" n=5000000":{"mean":24718131.608976167,"sqsum":217103867188.98312,"variance":7486340247.89597,"size":30},"count=100 method=\"for-of\" n=5000000":{"mean":7516161.387608821,"sqsum":4979922162.390757,"variance":171721453.87554333,"size":30},"count=5 method=\"for-in\" n=5000000":{"mean":2497177.9003789853,"sqsum":31217307784.1437,"variance":1076458889.1084034,"size":30},"count=10 method=\"for-in\" n=5000000":{"mean":1528426.903780183,"sqsum":10442596025.148428,"variance":360089518.10856646,"size":30},"count=20 method=\"for-in\" n=5000000":{"mean":858130.6969666245,"sqsum":5556826916.506668,"variance":191614721.25885063,"size":30},"count=100 method=\"for-in\" n=5000000":{"mean":189728.16476471236,"sqsum":210137416.6043749,"variance":7246117.813943961,"size":30},"count=5 method=\"forEach\" n=5000000":{"mean":118237914.72556107,"sqsum":32970758486911.254,"variance":1136922706445.2156,"size":30},"count=10 method=\"forEach\" n=5000000":{"mean":81818154.93699874,"sqsum":59418077101085.16,"variance":2048899210382.2468,"size":30},"count=20 method=\"forEach\" n=5000000":{"mean":49362307.76935255,"sqsum":16742784159307.707,"variance":577337384803.714,"size":30},"count=100 method=\"forEach\" n=5000000":{"mean":13892049.654945709,"sqsum":437764048499.72577,"variance":15095312017.231922,"size":30}},"map-bench":{"method=\"object\" n=1000000":{"mean":292821.68993190734,"sqsum":333839055.2411398,"variance":11511691.560039304,"size":30},"method=\"nullProtoObject\" n=1000000":{"mean":303592.20823735476,"sqsum":286913002.4395875,"variance":9893551.808261637,"size":30},"method=\"nullProtoLiteralObject\" n=1000000":{"mean":302700.68838103296,"sqsum":281524455.961619,"variance":9707739.860745484,"size":30},"method=\"storageObject\" n=1000000":{"mean":301357.36182599847,"sqsum":394571473.98553425,"variance":13605912.896052904,"size":30},"method=\"fakeMap\" n=1000000":{"mean":263906.28488954756,"sqsum":201847151.35844317,"variance":6960246.598567006,"size":30},"method=\"map\" n=1000000":{"mean":663284.369120151,"sqsum":745648100.7890222,"variance":25712003.475483526,"size":30}},"restparams-bench":{"method=\"copy\" n=100000000":{"mean":24669328.11887512,"sqsum":2278357467046.714,"variance":78564050587.81772,"size":30},"method=\"rest\" n=100000000":{"mean":136288089.0140653,"sqsum":740486536832.1423,"variance":25534018511.453182,"size":30},"method=\"arguments\" n=100000000":{"mean":134758504.7683927,"sqsum":2062664399810127.8,"variance":71126358614142.33,"size":30}},"spread-assign":{"count=5 method=\"spread\" n=1000000":{"mean":23872052.845603235,"sqsum":36258319250652.6,"variance":1250286870712.1587,"size":30},"count=10 method=\"spread\" n=1000000":{"mean":21171083.069816962,"sqsum":25822954101268.703,"variance":890446693147.1967,"size":30},"count=20 method=\"spread\" n=1000000":{"mean":107054.30061359184,"sqsum":76037387.84861353,"variance":2621978.8913315013,"size":30},"count=5 method=\"assign\" n=1000000":{"mean":5429652.977634093,"sqsum":144469802349.26917,"variance":4981717322.388592,"size":30},"count=10 method=\"assign\" n=1000000":{"mean":2720860.611911711,"sqsum":247774211026.68945,"variance":8543938311.265154,"size":30},"count=20 method=\"assign\" n=1000000":{"mean":84962.43532861857,"sqsum":41853016.11363627,"variance":1443207.452194354,"size":30},"count=5 method=\"_extend\" n=1000000":{"mean":3191818.0909733386,"sqsum":202545512229.13214,"variance":6984328007.901109,"size":30},"count=10 method=\"_extend\" n=1000000":{"mean":1475235.9372941123,"sqsum":22814952695.459957,"variance":786722506.7399985,"size":30},"count=20 method=\"_extend\" n=1000000":{"mean":266511.6124264571,"sqsum":1307853399.5607698,"variance":45098393.0883024,"size":30}},"spread-bench":{"context=\"context\" count=5 method=\"apply\" n=5000000 rest=0":{"mean":31671474.489746846,"sqsum":4636530617079.826,"variance":159880366106.2009,"size":30},"context=\"context\" count=5 method=\"apply\" n=5000000 rest=1":{"mean":31550162.848150447,"sqsum":14409613745706.559,"variance":496883232610.571,"size":30},"context=\"null\" count=5 method=\"apply\" n=5000000 rest=0":{"mean":31720000.988044217,"sqsum":2830174910793.206,"variance":97592238303.214,"size":30},"context=\"null\" count=5 method=\"apply\" n=5000000 rest=1":{"mean":31720322.973733798,"sqsum":941355145564.1743,"variance":32460522260.8336,"size":30},"context=\"context\" count=10 method=\"apply\" n=5000000 rest=0":{"mean":25006267.93691336,"sqsum":13757448637616.877,"variance":474394780607.4785,"size":30},"context=\"context\" count=10 method=\"apply\" n=5000000 rest=1":{"mean":25034453.48912336,"sqsum":14943199433720.086,"variance":515282739093.796,"size":30},"context=\"null\" count=10 method=\"apply\" n=5000000 rest=0":{"mean":25041225.65182287,"sqsum":12414470146064.389,"variance":428085177450.49615,"size":30},"context=\"null\" count=10 method=\"apply\" n=5000000 rest=1":{"mean":25168628.00624988,"sqsum":7802745999962.159,"variance":269060206895.24686,"size":30},"context=\"context\" count=20 method=\"apply\" n=5000000 rest=0":{"mean":18645215.025295224,"sqsum":3284959706425.2607,"variance":113274472635.35382,"size":30},"context=\"context\" count=20 method=\"apply\" n=5000000 rest=1":{"mean":18713911.60218739,"sqsum":444920735860.0507,"variance":15342094340.001749,"size":30},"context=\"null\" count=20 method=\"apply\" n=5000000 rest=0":{"mean":18738387.8364506,"sqsum":86208525624.59834,"variance":2972707780.1585636,"size":30},"context=\"null\" count=20 method=\"apply\" n=5000000 rest=1":{"mean":18709062.10753273,"sqsum":1714616593357.706,"variance":59124710115.782974,"size":30},"context=\"context\" count=5 method=\"spread\" n=5000000 rest=0":{"mean":31813019.624395933,"sqsum":2420571897005.813,"variance":83467996448.4763,"size":30},"context=\"context\" count=5 method=\"spread\" n=5000000 rest=1":{"mean":31861933.70119823,"sqsum":845958252481.7708,"variance":29170974223.50934,"size":30},"context=\"null\" count=5 method=\"spread\" n=5000000 rest=0":{"mean":35863182.852528244,"sqsum":911640639259.2947,"variance":31435884112.389473,"size":30},"context=\"null\" count=5 method=\"spread\" n=5000000 rest=1":{"mean":35705908.647167824,"sqsum":23403472476541.816,"variance":807016292294.5454,"size":30},"context=\"context\" count=10 method=\"spread\" n=5000000 rest=0":{"mean":25294087.043696888,