{"async-resource-vs-destroy":{"asyncMethod=\"callbacks\" benchmarker=\"test-double-http\" connections=500 duration=5 n=1000000 path=\"/\" type=\"async-resource\"":{"mean":382.4,"sqsum":55.2,"variance":1.903448275862069,"size":30},"asyncMethod=\"async\" benchmarker=\"test-double-http\" connections=500 duration=5 n=1000000 path=\"/\" type=\"async-resource\"":{"mean":377.76666666666665,"sqsum":29.366666666666667,"variance":1.0126436781609196,"size":30},"asyncMethod=\"callbacks\" benchmarker=\"test-double-http\" connections=500 duration=5 n=1000000 path=\"/\" type=\"destroy\"":{"mean":381.6333333333333,"sqsum":26.96666666666667,"variance":0.9298850574712644,"size":30},"asyncMethod=\"async\" benchmarker=\"test-double-http\" connections=500 duration=5 n=1000000 path=\"/\" type=\"destroy\"":{"mean":377.3666666666667,"sqsum":40.96666666666667,"variance":1.4126436781609195,"size":30},"asyncMethod=\"callbacks\" benchmarker=\"test-double-http\" connections=500 duration=5 n=1000000 path=\"/\" type=\"async-local-storage\"":{"mean":379.56666666666666,"sqsum":25.366666666666667,"variance":0.8747126436781609,"size":30},"asyncMethod=\"async\" benchmarker=\"test-double-http\" connections=500 duration=5 n=1000000 path=\"/\" type=\"async-local-storage\"":{"mean":376.6333333333333,"sqsum":34.96666666666667,"variance":1.2057471264367816,"size":30}},"gc-tracking":{"method=\"trackingEnabled\" n=1000000":{"mean":57730849.12274919,"sqsum":3897538098353.5967,"variance":134397865460.46886,"size":30},"method=\"trackingEnabledWithDestroyHook\" n=1000000":{"mean":1858593.13589172,"sqsum":4599793072.264693,"variance":158613554.2160239,"size":30},"method=\"trackingDisabled\" n=1000000":{"mean":60402594.98859731,"sqsum":7390999486519.279,"variance":254862051259.2855,"size":30}},"http-server":{"asyncHooks=\"init\" benchmarker=\"test-double-http\" connections=50 duration=5":{"mean":25906.3,"sqsum":2531440.3,"variance":87291.0448275862,"size":30},"asyncHooks=\"init\" benchmarker=\"test-double-http\" connections=500 duration=5":{"mean":25937.666666666668,"sqsum":2234876.6666666665,"variance":77064.71264367815,"size":30},"asyncHooks=\"before\" benchmarker=\"test-double-http\" connections=50 duration=5":{"mean":25769.066666666666,"sqsum":2437257.8666666667,"variance":84043.37471264368,"size":30},"asyncHooks=\"before\" benchmarker=\"test-double-http\" connections=500 duration=5":{"mean":25796.933333333334,"sqsum":2461907.8666666667,"variance":84893.37471264368,"size":30},"asyncHooks=\"after\" benchmarker=\"test-double-http\" connections=50 duration=5":{"mean":25835.8,"sqsum":1798468.8,"variance":62016.16551724138,"size":30},"asyncHooks=\"after\" benchmarker=\"test-double-http\" connections=500 duration=5":{"mean":25889.733333333334,"sqsum":1679357.8666666667,"variance":57908.89195402299,"size":30},"asyncHooks=\"all\" benchmarker=\"test-double-http\" connections=50 duration=5":{"mean":25925.066666666666,"sqsum":1371115.8666666667,"variance":47279.85747126437,"size":30},"asyncHooks=\"all\" benchmarker=\"test-double-http\" connections=500 duration=5":{"mean":25916.4,"sqsum":2930517.2,"variance":101052.31724137932,"size":30},"asyncHooks=\"disabled\" benchmarker=\"test-double-http\" connections=50 duration=5":{"mean":25918.433333333334,"sqsum":1336587.3666666667,"variance":46089.21954022988,"size":30},"asyncHooks=\"disabled\" benchmarker=\"test-double-http\" connections=500 duration=5":{"mean":26022.033333333333,"sqsum":2119374.966666667,"variance":73081.89540229885,"size":30},"asyncHooks=\"none\" benchmarker=\"test-double-http\" connections=50 duration=5":{"mean":25910.9,"sqsum":2947678.7,"variance":101644.09310344828,"size":30},"asyncHooks=\"none\" benchmarker=\"test-double-http\" connections=500 duration=5":{"mean":25988.366666666665,"sqsum":2334882.966666667,"variance":80513.20574712644,"size":30}},"promises":{"asyncHooks=\"enabled\" n=1000000":{"mean":846176.0634400483,"sqsum":35802417578.65274,"variance":1234566123.4018185,"size":30},"asyncHooks=\"enabledWithDestroy\" n=1000000":{"mean":179747.44063447916,"sqsum":497987692.1782357,"variance":17171989.3854564,"size":30},"asyncHooks=\"enabledWithInitOnly\" n=1000000":{"mean":809621.4513858472,"sqsum":42758904930.84489,"variance":1474444997.6153407,"size":30},"asyncHooks=\"disabled\" n=1000000":{"mean":1353423.5357655233,"sqsum":87384962660.06845,"variance":3013274574.485119,"size":30}}}