{"bench-env":{"n=1000000 operation=\"get\"":{"mean":2317184.175569103,"sqsum":577677097332.0507,"variance":19919899908.001747,"size":30},"n=1000000 operation=\"set\"":{"mean":1845672.08890551,"sqsum":1062566414364.4791,"variance":36640221184.98204,"size":30},"n=1000000 operation=\"enumerate\"":{"mean":20239.715129512755,"sqsum":13925225.466553932,"variance":480180.1885018597,"size":30},"n=1000000 operation=\"query\"":{"mean":2765093.2427216773,"sqsum":1410925962187.494,"variance":48652619385.77565,"size":30},"n=1000000 operation=\"delete\"":{"mean":2040082.8352901163,"sqsum":871643644919.1371,"variance":30056677411.004726,"size":30}},"bench-hrtime":{"n=1000000 type=\"raw\"":{"mean":16961733.447934914,"sqsum":694967744387.082,"variance":23964404978.8649,"size":30},"n=1000000 type=\"diff\"":{"mean":15605089.762799479,"sqsum":6615260417531.514,"variance":228112428190.74185,"size":30},"n=1000000 type=\"bigint\"":{"mean":17442689.015053853,"sqsum":6140984647540.779,"variance":211758091294.50964,"size":30}},"memoryUsage":{"n=100000":{"mean":110407.38534963319,"sqsum":56597749.41098085,"variance":1951646.5314131328,"size":30}},"next-tick-breadth-args":{"n=10000000":{"mean":2557710.6979950387,"sqsum":77457958565.05092,"variance":2670964088.4500318,"size":30}},"next-tick-breadth":{"n=10000000":{"mean":3791594.3415538995,"sqsum":22774462774.323612,"variance":785326302.5628831,"size":30}},"next-tick-depth-args":{"n=7000000":{"mean":6417200.396934371,"sqsum":1165052312533.2122,"variance":40174217673.559044,"size":30}},"next-tick-depth":{"n=7000000":{"mean":8812671.799423724,"sqsum":3565752818675.271,"variance":122956993747.42314,"size":30}},"next-tick-exec-args":{"n=4000000":{"mean":27499801.727566753,"sqsum":10579897823079.541,"variance":364824062864.81177,"size":30}},"next-tick-exec":{"n=4000000":{"mean":29860531.92366883,"sqsum":261972700631.55292,"variance":9033541401.088032,"size":30}},"queue-microtask-breadth":{"n=400000":{"mean":1533974.3860349602,"sqsum":10213530791.135174,"variance":352190716.93569565,"size":30}},"queue-microtask-depth":{"n=1200000":{"mean":4227919.604787125,"sqsum":101744899702.88977,"variance":3508444817.341027,"size":30}}}