{"immediate":{"n=5000000 type=\"depth\"":{"mean":278280.7884207613,"sqsum":406393737.44703245,"variance":14013577.153345948,"size":30},"n=5000000 type=\"depth1\"":{"mean":284937.4714524158,"sqsum":191996289.50330502,"variance":6620561.707010518,"size":30},"n=5000000 type=\"breadth\"":{"mean":2080135.501985841,"sqsum":109037947410.69151,"variance":3759929221.0583277,"size":30},"n=5000000 type=\"breadth1\"":{"mean":1420002.508475408,"sqsum":11745285769.841078,"variance":405009854.132451,"size":30},"n=5000000 type=\"breadth4\"":{"mean":1121155.5430828936,"sqsum":5104166523.356273,"variance":176005742.18469906,"size":30},"n=5000000 type=\"clear\"":{"mean":6215166.975590222,"sqsum":452409378581.00415,"variance":15600323399.34497,"size":30}},"set-immediate-breadth-args":{"n=5000000":{"mean":1425620.6882023495,"sqsum":7394226344.136082,"variance":254973322.21158904,"size":30}},"set-immediate-breadth":{"n=10000000":{"mean":1876475.674658039,"sqsum":432138833457.7662,"variance":14901339084.750557,"size":30}},"set-immediate-depth-args":{"n=5000000":{"mean":268608.28684966546,"sqsum":329410653.8901641,"variance":11358988.065178072,"size":30}},"timers-breadth-args":{"n=1000000":{"mean":1083030.8583569604,"sqsum":99356572386.52827,"variance":3426088702.9837337,"size":30}},"timers-breadth":{"n=5000000":{"mean":1417492.0977070793,"sqsum":1270182048051.1692,"variance":43799380967.2817,"size":30}},"timers-cancel-pooled":{"n=5000000":{"mean":22623084.49205331,"sqsum":12318349181774.498,"variance":424770661440.49994,"size":30}},"timers-cancel-unpooled":{"direction=\"start\" n=1000000":{"mean":1597397.0380814373,"sqsum":5497985944.517458,"variance":189585722.22473994,"size":30},"direction=\"end\" n=1000000":{"mean":6333908.425210982,"sqsum":224103142471.23148,"variance":7727694567.973499,"size":30}},"timers-depth":{"n=1000":{"mean":824.7254501148504,"sqsum":11175.66054860395,"variance":385.3676051242741,"size":30}},"timers-insert-pooled":{"n=5000000":{"mean":1061832.5842240236,"sqsum":3216550713.034437,"variance":110915541.82877369,"size":30}},"timers-insert-unpooled":{"direction=\"start\" n=1000000":{"mean":1476957.952488049,"sqsum":17926798319.860092,"variance":618165459.3055204,"size":30},"direction=\"end\" n=1000000":{"mean":946845.7083719439,"sqsum":3454118092.290689,"variance":119107520.42381686,"size":30}},"timers-timeout-nexttick":{"n=50000":{"mean":776378.401202119,"sqsum":6902956286.723356,"variance":238032975.40425366,"size":30},"n=5000000":{"mean":3975590.1019612704,"sqsum":8561640853150.438,"variance":295228994936.222,"size":30}},"timers-timeout-pooled":{"n=10000000":{"mean":10273267.209225798,"sqsum":349900832471.458,"variance":12065545947.291655,"size":30}},"timers-timeout-unpooled":{"n=1000000":{"mean":7838586.587457606,"sqsum":7056090839533.807,"variance":243313477225.30368,"size":30}}}