{"atomics-wait":{"n=10000000":{"mean":10502729.61599731,"sqsum":505263879024.65955,"variance":17422892380.16067,"size":30}},"bench-eventlooputil":{"method=\"ELU_simple\" n=1000000":{"mean":6139848.725257021,"sqsum":69973241012.57959,"variance":2412870379.744124,"size":30},"method=\"ELU_passed\" n=1000000":{"mean":5665504.673812497,"sqsum":38178295908.178535,"variance":1316492962.350984,"size":30}},"echo":{"n=100000 payload=\"string\" sendsPerBroadcast=1 workers=1":{"mean":84360.7435009949,"sqsum":786183769.1842084,"variance":27109785.14428305,"size":30},"n=100000 payload=\"string\" sendsPerBroadcast=10 workers=1":{"mean":49671.06739572132,"sqsum":25760567.700294074,"variance":888295.437941175,"size":30},"n=100000 payload=\"object\" sendsPerBroadcast=1 workers=1":{"mean":64942.38334531119,"sqsum":78713497.65525836,"variance":2714258.539836495,"size":30},"n=100000 payload=\"object\" sendsPerBroadcast=10 workers=1":{"mean":27223.797320504655,"sqsum":28217142.45021248,"variance":973004.9120762923,"size":30}},"messageport":{"n=1000000 payload=\"string\" style=\"eventtarget\"":{"mean":700745.5209561952,"sqsum":10097862054.6,"variance":348202139.8137931,"size":30},"n=1000000 payload=\"string\" style=\"eventemitter\"":{"mean":1205313.5922395308,"sqsum":30104704227.635162,"variance":1038093249.2287986,"size":30},"n=1000000 payload=\"object\" style=\"eventtarget\"":{"mean":361504.04220468237,"sqsum":2320122467.675243,"variance":80004223.02328424,"size":30},"n=1000000 payload=\"object\" style=\"eventemitter\"":{"mean":510147.8613034808,"sqsum":7999415011.2742405,"variance":275841896.940491,"size":30}}}