{"immediate":{"n=5000000 type=\"depth\"":{"mean":379693.9470918089,"sqsum":898368440.4073684,"variance":30978222.083012704,"size":30},"n=5000000 type=\"depth1\"":{"mean":373845.4806480967,"sqsum":688273409.426998,"variance":23733565.842310276,"size":30},"n=5000000 type=\"breadth\"":{"mean":2208125.1419619704,"sqsum":180395088245.04462,"variance":6220520284.311883,"size":30},"n=5000000 type=\"breadth1\"":{"mean":1472959.6101903673,"sqsum":62209559402.1174,"variance":2145157220.7626688,"size":30},"n=5000000 type=\"breadth4\"":{"mean":1159290.8329196018,"sqsum":58473318826.148994,"variance":2016321338.832724,"size":30},"n=5000000 type=\"clear\"":{"mean":9242984.641712422,"sqsum":1551735418136.7783,"variance":53508117866.78546,"size":30}},"set-immediate-breadth-args":{"n=5000000":{"mean":1463783.693321821,"sqsum":108362352030.20958,"variance":3736632828.627917,"size":30}},"set-immediate-breadth":{"n=10000000":{"mean":1982268.175960997,"sqsum":150710363524.96103,"variance":5196909087.067621,"size":30}},"set-immediate-depth-args":{"n=5000000":{"mean":351545.6803056474,"sqsum":956796710.4482747,"variance":32992990.01545775,"size":30}},"timers-breadth-args":{"n=1000000":{"mean":1113325.03297924,"sqsum":14710673262.79728,"variance":507264595.2688717,"size":30}},"timers-breadth":{"n=5000000":{"mean":1371175.391885566,"sqsum":278509978637.9689,"variance":9603792366.826511,"size":30}},"timers-cancel-pooled":{"n=5000000":{"mean":22607225.412928212,"sqsum":30948755142733.61,"variance":1067198453197.7107,"size":30}},"timers-cancel-unpooled":{"direction=\"start\" n=1000000":{"mean":1553279.9069997903,"sqsum":9661452287.153582,"variance":333153527.143227,"size":30},"direction=\"end\" n=1000000":{"mean":6499282.870331051,"sqsum":119634923442.93837,"variance":4125342187.68753,"size":30}},"timers-depth":{"n=1000":{"mean":829.7293458665765,"sqsum":12962.949348755554,"variance":446.9982534053639,"size":30}},"timers-insert-pooled":{"n=5000000":{"mean":1209374.0395091735,"sqsum":177881039515.21027,"variance":6133828948.800354,"size":30}},"timers-insert-unpooled":{"direction=\"start\" n=1000000":{"mean":1483420.4175299394,"sqsum":2511931298.3334236,"variance":86618320.63218701,"size":30},"direction=\"end\" n=1000000":{"mean":930793.2842804965,"sqsum":2109046315.136231,"variance":72725735.00469762,"size":30}},"timers-timeout-nexttick":{"n=50000":{"mean":714623.600857417,"sqsum":7180981491.385953,"variance":247620051.42710185,"size":30},"n=5000000":{"mean":3756485.147843066,"sqsum":2791927471546.014,"variance":96273361087.79358,"size":30}},"timers-timeout-pooled":{"n=10000000":{"mean":10235851.284179147,"sqsum":1105463037937.5745,"variance":38119415101.29567,"size":30}},"timers-timeout-unpooled":{"n=1000000":{"mean":8218574.4245892195,"sqsum":686160427384.5563,"variance":23660704392.570904,"size":30}}}