{"convertprotocols":{"n=1":{"mean":2495.984367245893,"sqsum":744082.7176497866,"variance":25658.024746544364,"size":30},"n=50000":{"mean":595388.0974464664,"sqsum":2242263578.053187,"variance":77319433.72597197,"size":30}},"secure-pair":{"dur=5 securing=\"SecurePair\" size=100":{"mean":333.7525271242559,"sqsum":30.43240666854532,"variance":1.0493933333981145,"size":30},"dur=5 securing=\"SecurePair\" size=1024":{"mean":367.3741414444227,"sqsum":103.00110276471021,"variance":3.551762164300352,"size":30},"dur=5 securing=\"SecurePair\" size=1048576":{"mean":438.2097780573793,"sqsum":156.2991380814298,"variance":5.389625451083786,"size":30},"dur=5 securing=\"TLSSocket\" size=100":{"mean":331.96947869232235,"sqsum":67.59841542717936,"variance":2.3309798423165295,"size":30},"dur=5 securing=\"TLSSocket\" size=1024":{"mean":375.5712683023833,"sqsum":61.67011409390278,"variance":2.1265556584104406,"size":30},"dur=5 securing=\"TLSSocket\" size=1048576":{"mean":446.84264528643104,"sqsum":59.441787827581244,"variance":2.0497168216407324,"size":30},"dur=5 securing=\"clear\" size=100":{"mean":240.82408551217412,"sqsum":405.56578331778735,"variance":13.985027010958184,"size":30},"dur=5 securing=\"clear\" size=1024":{"mean":1821.161955899944,"sqsum":28252.420474620685,"variance":974.2213956765754,"size":30},"dur=5 securing=\"clear\" size=1048576":{"mean":5778.975650029776,"sqsum":21136.665242619783,"variance":728.8505256075788,"size":30}},"throughput":{"dur=5 size=100 type=\"buf\"":{"mean":369.52382883943363,"sqsum":73.18483565311274,"variance":2.523615022521129,"size":30},"dur=5 size=1024 type=\"buf\"":{"mean":424.7169026337336,"sqsum":114.74280532088511,"variance":3.956648459340866,"size":30},"dur=5 size=1048576 type=\"buf\"":{"mean":497.63587375901966,"sqsum":77.85600614216058,"variance":2.6846898669710546,"size":30},"dur=5 size=4194304 type=\"buf\"":{"mean":491.9652705319604,"sqsum":55.62859972809127,"variance":1.9182275768307335,"size":30},"dur=5 size=16777216 type=\"buf\"":{"mean":491.50806067254786,"sqsum":132.54645899440163,"variance":4.570567551531091,"size":30},"dur=5 size=100 type=\"asc\"":{"mean":300.517885711316,"sqsum":291.2611983465631,"variance":10.043489598157349,"size":30},"dur=5 size=1024 type=\"asc\"":{"mean":413.1333370890636,"sqsum":98.69911773568543,"variance":3.40341785295467,"size":30},"dur=5 size=1048576 type=\"asc\"":{"mean":494.7858434424389,"sqsum":69.16988363984792,"variance":2.3851684013740666,"size":30},"dur=5 size=4194304 type=\"asc\"":{"mean":488.2599024544687,"sqsum":138.98296531051358,"variance":4.792516045190124,"size":30},"dur=5 size=16777216 type=\"asc\"":{"mean":482.3911523577666,"sqsum":211.15424627519886,"variance":7.28118090604134,"size":30},"dur=5 size=100 type=\"utf\"":{"mean":309.9365704970584,"sqsum":176.8245141393452,"variance":6.097397039287766,"size":30},"dur=5 size=1024 type=\"utf\"":{"mean":413.46040080685924,"sqsum":76.11265516316956,"variance":2.624574315971364,"size":30},"dur=5 size=1048576 type=\"utf\"":{"mean":463.6603842534336,"sqsum":50.14726128875983,"variance":1.7292159065089596,"size":30},"dur=5 size=4194304 type=\"utf\"":{"mean":458.6731181494827,"sqsum":92.40720214016937,"variance":3.186455246212737,"size":30},"dur=5 size=16777216 type=\"utf\"":{"mean":445.6314940327643,"sqsum":39.5734403801141,"variance":1.3646013924177276,"size":30}},"tls-connect":{"concurrency=1 dur=5":{"mean":299.2560790911316,"sqsum":14.00997377756771,"variance":0.48310254405405895,"size":30},"concurrency=10 dur=5":{"mean":306.51367852164617,"sqsum":52.23599431777759,"variance":1.8012411833716409,"size":30}}}