{"module-loader-circular":{"n=10000":{"mean":6205.015956467047,"sqsum":248082.57835218275,"variance":8554.571667316646,"size":30}},"module-loader-deep":{"cache=\"true\" ext=\"\" files=1000":{"mean":785293.1137279454,"sqsum":48054907022.48845,"variance":1657065759.3961535,"size":30},"cache=\"false\" ext=\"\" files=1000":{"mean":5264.700503877647,"sqsum":151015.95883076222,"variance":5207.4468562331795,"size":30},"cache=\"true\" ext=\".js\" files=1000":{"mean":765539.5906852757,"sqsum":51035251785.95256,"variance":1759836268.481123,"size":30},"cache=\"false\" ext=\".js\" files=1000":{"mean":5330.054602313692,"sqsum":78410.12457166983,"variance":2703.7973990230976,"size":30}},"module-loader":{"cache=\"true\" dir=\"rel\" files=500 n=1 name=\"\"":{"mean":17427.522953036714,"sqsum":344426.0492639305,"variance":11876.760319445877,"size":30},"cache=\"false\" dir=\"rel\" files=500 n=1 name=\"\"":{"mean":4183.00355919292,"sqsum":33412.3187630047,"variance":1152.148922862231,"size":30},"cache=\"true\" dir=\"rel\" files=500 n=1000 name=\"\"":{"mean":1880613.5061111052,"sqsum":7314411331.545921,"variance":252221080.39813522,"size":30},"cache=\"false\" dir=\"rel\" files=500 n=1000 name=\"\"":{"mean":1382030.1537149413,"sqsum":6365526262.37659,"variance":219500905.59919274,"size":30},"cache=\"true\" dir=\"abs\" files=500 n=1 name=\"\"":{"mean":17387.191373284226,"sqsum":344556.93140940537,"variance":11881.273496876047,"size":30},"cache=\"false\" dir=\"abs\" files=500 n=1 name=\"\"":{"mean":4237.243932858561,"sqsum":40180.27383682235,"variance":1385.5266840283568,"size":30},"cache=\"true\" dir=\"abs\" files=500 n=1000 name=\"\"":{"mean":1872310.419082778,"sqsum":1999245902.2551591,"variance":68939513.87086757,"size":30},"cache=\"false\" dir=\"abs\" files=500 n=1000 name=\"\"":{"mean":1386388.4452515175,"sqsum":1287604057.303079,"variance":44400139.907002725,"size":30},"cache=\"true\" dir=\"rel\" files=500 n=1 name=\"/\"":{"mean":17408.4033850691,"sqsum":190919.60091682538,"variance":6583.43451437329,"size":30},"cache=\"false\" dir=\"rel\" files=500 n=1 name=\"/\"":{"mean":4331.939464143787,"sqsum":45261.799010464034,"variance":1560.751690016001,"size":30},"cache=\"true\" dir=\"rel\" files=500 n=1000 name=\"/\"":{"mean":1842253.4150268917,"sqsum":5246005221.044822,"variance":180896731.7601663,"size":30},"cache=\"false\" dir=\"rel\" files=500 n=1000 name=\"/\"":{"mean":1374242.031827091,"sqsum":1135192738.6028683,"variance":39144577.193202354,"size":30},"cache=\"true\" dir=\"abs\" files=500 n=1 name=\"/\"":{"mean":17471.24127613767,"sqsum":226157.8574457916,"variance":7798.546808475572,"size":30},"cache=\"false\" dir=\"abs\" files=500 n=1 name=\"/\"":{"mean":4383.7251338913675,"sqsum":53265.148466713355,"variance":1836.7292574728745,"size":30},"cache=\"true\" dir=\"abs\" files=500 n=1000 name=\"/\"":{"mean":1835381.1311516452,"sqsum":2989509453.3243556,"variance":103086532.87325364,"size":30},"cache=\"false\" dir=\"abs\" files=500 n=1000 name=\"/\"":{"mean":1380269.2976244802,"sqsum":1069043466.906252,"variance":36863567.824353516,"size":30},"cache=\"true\" dir=\"rel\" files=500 n=1 name=\"/index.js\"":{"mean":17409.89168007988,"sqsum":181393.377042233,"variance":6254.944035939069,"size":30},"cache=\"false\" dir=\"rel\" files=500 n=1 name=\"/index.js\"":{"mean":4516.226313259276,"sqsum":81016.41629556369,"variance":2793.6695274332305,"size":30},"cache=\"true\" dir=\"rel\" files=500 n=1000 name=\"/index.js\"":{"mean":1795027.8069161032,"sqsum":2741262398.0846777,"variance":94526289.58912683,"size":30},"cache=\"false\" dir=\"rel\" files=500 n=1000 name=\"/index.js\"":{"mean":1366147.19129823,"sqsum":797984664.1137495,"variance":27516712.55564653,"size":30},"cache=\"true\" dir=\"abs\" files=500 n=1 name=\"/index.js\"":{"mean":17777.99483029801,"sqsum":1241157.784321372,"variance":42798.54428694386,"size":30},"cache=\"false\" dir=\"abs\" files=500 n=1 name=\"/index.js\"":{"mean":4569.713235384426,"sqsum":57228.552890245934,"variance":1973.3983755257218,"size":30},"cache=\"true\" dir=\"abs\" files=500 n=1000 name=\"/index.js\"":{"mean":1774441.9314268003,"sqsum":5696077238.709841,"variance":196416456.5072359,"size":30},"cache=\"false\" dir=\"abs\" files=500 n=1000 name=\"/index.js\"":{"mean":1360257.539059106,"sqsum":340066721.47766334,"variance":11726438.671643564,"size":30}},"module-require":{"n=10000 type=\".js\"":{"mean":10336.453979382468,"sqsum":369252.8545371832,"variance":12732.857053006315,"size":30},"n=10000 type=\".json\"":{"mean":20618.467392760645,"sqsum":1822696.0617430492,"variance":62851.58833596721,"size":30},"n=10000 type=\"dir\"":{"mean":8578.86887985028,"sqsum":219761.9061085489,"variance":7577.996762363756,"size":30}}}