{"createInflate":{"chunkLen=1024 inputLen=16777216 n=100":{"mean":67.7908322907205,"sqsum":99.73127119521216,"variance":3.4390093515590396,"size":30}},"creation":{"n=500000 options=\"true\" type=\"Deflate\"":{"mean":329185.848330523,"sqsum":816775492.4137472,"variance":28164672.15219818,"size":30},"n=500000 options=\"false\" type=\"Deflate\"":{"mean":330422.6203134171,"sqsum":617640403.6807547,"variance":21297944.95450878,"size":30},"n=500000 options=\"true\" type=\"DeflateRaw\"":{"mean":326607.700454861,"sqsum":1022272585.5381973,"variance":35250778.81166197,"size":30},"n=500000 options=\"false\" type=\"DeflateRaw\"":{"mean":330003.515669086,"sqsum":545956334.7980555,"variance":18826080.510277778,"size":30},"n=500000 options=\"true\" type=\"Inflate\"":{"mean":327932.7153543597,"sqsum":696660129.8910775,"variance":24022763.099692326,"size":30},"n=500000 options=\"false\" type=\"Inflate\"":{"mean":332114.27530913014,"sqsum":473305150.1574996,"variance":16320867.246810332,"size":30},"n=500000 options=\"true\" type=\"InflateRaw\"":{"mean":328359.49208807625,"sqsum":593361453.4854596,"variance":20460739.775360674,"size":30},"n=500000 options=\"false\" type=\"InflateRaw\"":{"mean":330862.45372966945,"sqsum":783757997.3423724,"variance":27026137.83939215,"size":30},"n=500000 options=\"true\" type=\"Gzip\"":{"mean":328734.2737061617,"sqsum":495133021.7393195,"variance":17073552.47376964,"size":30},"n=500000 options=\"false\" type=\"Gzip\"":{"mean":331435.4422071425,"sqsum":591870213.8644664,"variance":20409317.71946436,"size":30},"n=500000 options=\"true\" type=\"Gunzip\"":{"mean":329419.93505719845,"sqsum":775528063.1906246,"variance":26742347.006573264,"size":30},"n=500000 options=\"false\" type=\"Gunzip\"":{"mean":330545.83828870725,"sqsum":295770666.87140054,"variance":10198988.512806915,"size":30},"n=500000 options=\"true\" type=\"Unzip\"":{"mean":329447.5135504574,"sqsum":475297879.9219908,"variance":16389582.066275546,"size":30},"n=500000 options=\"false\" type=\"Unzip\"":{"mean":329316.9501532506,"sqsum":693420118.1535468,"variance":23911038.557018854,"size":30},"n=500000 options=\"true\" type=\"BrotliCompress\"":{"mean":249559.25349482743,"sqsum":687863919.7631782,"variance":23719445.50907511,"size":30},"n=500000 options=\"false\" type=\"BrotliCompress\"":{"mean":248674.1732124052,"sqsum":592584730.5593306,"variance":20433956.226183813,"size":30},"n=500000 options=\"true\" type=\"BrotliDecompress\"":{"mean":262134.85505606624,"sqsum":2758631248.114143,"variance":95125215.45221183,"size":30},"n=500000 options=\"false\" type=\"BrotliDecompress\"":{"mean":259163.07424488987,"sqsum":2037505675.1428754,"variance":70258816.38423708,"size":30}},"deflate":{"inputLen=1024 method=\"createDeflate\" n=400000":{"mean":82759.67430691974,"sqsum":50051461.82672354,"variance":1725912.4767835704,"size":30},"inputLen=1024 method=\"deflate\" n=400000":{"mean":30409.451138777524,"sqsum":20607031.008040547,"variance":710587.2761393293,"size":30},"inputLen=1024 method=\"deflateSync\" n=400000":{"mean":89961.82277617628,"sqsum":43433460.12851006,"variance":1497705.5216727606,"size":30}},"inflate":{"inputLen=1024 method=\"inflate\" n=400000":{"mean":48342.92181260449,"sqsum":23857767.019074764,"variance":822681.6213474056,"size":30},"inputLen=1024 method=\"inflateSync\" n=400000":{"mean":245498.04750899065,"sqsum":913814917.6399403,"variance":31510859.228963457,"size":30}},"pipe":{"algorithm=\"gzip\" duration=5 inputLen=1024 type=\"string\"":{"mean":0.34074474195334464,"sqsum":0.0064868712766169975,"variance":0.00022368521643506887,"size":30},"algorithm=\"brotli\" duration=5 inputLen=1024 type=\"string\"":{"mean":0.27592486687866274,"sqsum":0.00027760391598642367,"variance":0.00000957254882711806,"size":30},"algorithm=\"gzip\" duration=5 inputLen=1024 type=\"buffer\"":{"mean":0.37099152075195524,"sqsum":0.005962767558497713,"variance":0.00020561267443095562,"size":30},"algorithm=\"brotli\" duration=5 inputLen=1024 type=\"buffer\"":{"mean":0.2884914899493097,"sqsum":0.0003161300796869926,"variance":0.00001090103723058595,"size":30}}}