{"convertprotocols":{"n=1":{"mean":3963.7643218926255,"sqsum":263265.6293559581,"variance":9078.125150205451,"size":30},"n=50000":{"mean":1153561.0179291111,"sqsum":3470831712.344751,"variance":119683852.14981899,"size":30}},"secure-pair":{"dur=5 securing=\"SecurePair\" size=100":{"mean":2007.9533794934505,"sqsum":26149.427555520102,"variance":901.7043984662104,"size":30},"dur=5 securing=\"SecurePair\" size=1024":{"mean":2880.1412601765487,"sqsum":23007.346149981906,"variance":793.3567637924795,"size":30},"dur=5 securing=\"SecurePair\" size=1048576":{"mean":3967.0151634062363,"sqsum":64347.012657469124,"variance":2218.8625054299696,"size":30},"dur=5 securing=\"TLSSocket\" size=100":{"mean":2031.964930030484,"sqsum":12252.716455413847,"variance":422.5074639797878,"size":30},"dur=5 securing=\"TLSSocket\" size=1024":{"mean":2884.8456526026607,"sqsum":61851.63616230766,"variance":2132.8150400795744,"size":30},"dur=5 securing=\"TLSSocket\" size=1048576":{"mean":4362.937282617674,"sqsum":85385.35527886207,"variance":2944.3225958228304,"size":30},"dur=5 securing=\"clear\" size=100":{"mean":650.8070311003818,"sqsum":10135.14115565246,"variance":349.48762605698136,"size":30},"dur=5 securing=\"clear\" size=1024":{"mean":4172.7589234381385,"sqsum":1354057.7031048094,"variance":46691.6449346486,"size":30},"dur=5 securing=\"clear\" size=1048576":{"mean":9148.890749021857,"sqsum":6876803.081725166,"variance":237131.14074914367,"size":30}},"throughput-c2s":{"dur=5 size=100 type=\"buf\"":{"mean":2441.0404312844867,"sqsum":18842.482107979675,"variance":649.7407623441267,"size":30},"dur=5 size=1024 type=\"buf\"":{"mean":3892.6960827541157,"sqsum":83837.535968911,"variance":2890.949516169345,"size":30},"dur=5 size=1048576 type=\"buf\"":{"mean":6565.186531049429,"sqsum":78119.73967041416,"variance":2693.7841265660054,"size":30},"dur=5 size=4194304 type=\"buf\"":{"mean":6111.5600586461715,"sqsum":29395.825334544057,"variance":1013.6491494670364,"size":30},"dur=5 size=16777216 type=\"buf\"":{"mean":5956.657372127717,"sqsum":59517.83091914258,"variance":2052.338997211813,"size":30},"dur=5 size=100 type=\"asc\"":{"mean":1202.5403018514614,"sqsum":1642.670744719417,"variance":56.643818783428166,"size":30},"dur=5 size=1024 type=\"asc\"":{"mean":3252.5880066948566,"sqsum":29615.855311174786,"variance":1021.23639004051,"size":30},"dur=5 size=1048576 type=\"asc\"":{"mean":6108.773407805469,"sqsum":202039.18067732843,"variance":6966.868299218222,"size":30},"dur=5 size=4194304 type=\"asc\"":{"mean":5518.882794661236,"sqsum":56901.42367126429,"variance":1962.118057629803,"size":30},"dur=5 size=16777216 type=\"asc\"":{"mean":5261.740663949383,"sqsum":30803.596456456984,"variance":1062.1929812571373,"size":30},"dur=5 size=100 type=\"utf\"":{"mean":1253.0657266714854,"sqsum":1526.6174867947054,"variance":52.641982303265706,"size":30},"dur=5 size=1024 type=\"utf\"":{"mean":3141.529632235811,"sqsum":25136.231891526462,"variance":866.7666169491885,"size":30},"dur=5 size=1048576 type=\"utf\"":{"mean":4510.922687425992,"sqsum":30513.13375766936,"variance":1052.1770261265297,"size":30},"dur=5 size=4194304 type=\"utf\"":{"mean":4287.582730361623,"sqsum":19530.652384758934,"variance":673.4707718882391,"size":30},"dur=5 size=16777216 type=\"utf\"":{"mean":4066.5543795897283,"sqsum":18782.100520302003,"variance":647.6586386311036,"size":30}},"throughput-s2c":{"dur=5 recvbufgenfn=\"true\" recvbuflen=0 sendchunklen=256 type=\"buf\"":{"mean":3295.8758074328052,"sqsum":49329.96726209889,"variance":1701.033353865479,"size":30},"dur=5 recvbufgenfn=\"false\" recvbuflen=0 sendchunklen=256 type=\"buf\"":{"mean":3311.0947870767145,"sqsum":34099.736727092764,"variance":1175.8529905894056,"size":30},"dur=5 recvbufgenfn=\"true\" recvbuflen=65536 sendchunklen=256 type=\"buf\"":{"mean":3778.956796566742,"sqsum":56267.86946157538,"variance":1940.2713607439787,"size":30},"dur=5 recvbufgenfn=\"false\" recvbuflen=65536 sendchunklen=256 type=\"buf\"":{"mean":3792.701186582629,"sqsum":53639.25167821879,"variance":1849.629368214441,"size":30},"dur=5 recvbufgenfn=\"true\" recvbuflen=1048576 sendchunklen=256 type=\"buf\"":{"mean":3795.802296113026,"sqsum":45683.243019105605,"variance":1575.2842420381244,"size":30},"dur=5 recvbufgenfn=\"false\" recvbuflen=1048576 sendchunklen=256 type=\"buf\"":{"mean":3792.9811152642915,"sqsum":38734.58030811433,"variance":1335.6751830384253,"size":30},"dur=5 recvbufgenfn=\"true\" recvbuflen=0 sendchunklen=32768 type=\"buf\"":{"mean":6051.460054054214,"sqsum":53548.0120425703,"variance":1846.4831738817345,"size":30},"dur=5 recvbufgenfn=\"false\" recvbuflen=0 sendchunklen=32768 type=\"buf\"":{"mean":6047.102664156405,"sqsum":100979.88204278302,"variance":3482.0648980270007,"size":30},"dur=5 recvbufgenfn=\"true\" recvbuflen=65536 sendchunklen=32768 type=\"buf\"":{"mean":7300.863779641066,"sqsum":190232.87749090983,"variance":6559.754396238271,"size":30},"dur=5 recvbufgenfn=\"false\" recvbuflen=65536 sendchunklen=32768 type=\"buf\"":{"mean":7339.301229713569,"sqsum":140731.92988972669,"variance":4852.825168611265,"size":30},"dur=5 recvbufgenfn=\"true\" recvbuflen=1048576 sendchunklen=32768 type=\"buf\"":{"mean":7282.308791532994,"sqsum":61689.15063192282,"variance":2127.2120907559593,"size":30},"dur=5 recvbufgenfn=\"false\" recvbuflen=1048576 sendchunklen=32768 type=\"buf\"":{"mean":7354.41130679201,"sqsum":66100.03310678556,"variance":2279.3114864408813,"size":30},"dur=5 recvbufgenfn=\"true\" recvbuflen=0 sendchunklen=131072 type=\"buf\"":{"mean":6469.782457317444,"sqsum":50386.116954060395,"variance":1737.4523087607033,"size":30},"dur=5 recvbufgenfn=\"false\" recvbuflen=0 sendchunklen=131072 type=\"buf\"":{"mean":6464.141900196044,"sqsum":116040.36072087474,"variance":4001.3917489956807,"size":30},"dur=5 recvbufgenfn=\"true\" recvbuflen=65536 sendchunklen=131072 type=\"buf\"":{"mean":7994.697941024998,"sqsum":82214.78223451278,"variance":2834.992490845268,"size":30},"dur=5 recvbufgenfn=\"false\" recvbuflen=65536 sendchunklen=131072 type=\"buf\"":{"mean":8047.956002940321,"sqsum":88712.04132991674,"variance":3059.0359079281634,"size":30},"dur=5 recvbufgenfn=\"true\" recvbuflen=1048576 sendchunklen=131072 type=\"buf\"":{"mean":7993.710190615153,"sqsum":104735.51100481607,"variance":3611.5693449936575,"size":30},"dur=5 recvbufgenfn=\"false\" recvbuflen=1048576 sendchunklen=131072 type=\"buf\"":{"mean":8041.774353973003,"sqsum":103060.00040656271,"variance":3553.7931174676796,"size":30},"dur=5 recvbufgenfn=\"true\" recvbuflen=0 sendchunklen=16777216 type=\"buf\"":{"mean":5961.021175654243,"sqsum":39792.008175739844,"variance":1372.1382129565463,"size":30},"dur=5 recvbufgenfn=\"false\" recvbuflen=0 sendchunklen=16777216 type=\"buf\"":{"mean":5964.1166296077,"sqsum":39766.82371425376,"variance":1371.2697832501296,"size":30},"dur=5 recvbufgenfn=\"true\" recvbuflen=65536 sendchunklen=16777216 type=\"buf\"":{"mean":7079.271610718194,"sqsum":48691.65205977473,"variance":1679.0224848198184,"size":30},"dur=5 recvbufgenfn=\"false\" recvbuflen=65536 sendchunklen=16777216 type=\"buf\"":{"mean":7141.822880293377,"sqsum":40501.89363212885,"variance":1396.6170217975464,"size":30},"dur=5 recvbufgenfn=\"true\" recvbuflen=1048576 sendchunklen=16777216 type=\"buf\"":{"mean":7072.258330793165,"sqsum":42438.07425538457,"variance":1463.3818708753302,"size":30},"dur=5 recvbufgenfn=\"false\" recvbuflen=1048576 sendchunklen=16777216 type=\"buf\"":{"mean":7139.783724316343,"sqsum":62493.92946568677,"variance":2154.9630850236817,"size":30},"dur=5 recvbufgenfn=\"true\" recvbuflen=0 sendchunklen=256 type=\"asc\"":{"mean":2117.738885268894,"sqsum":10850.315710945511,"variance":374.14881761881077,"size":30},"dur=5 recvbufgenfn=\"false\" recvbuflen=0 sendchunklen=256 type=\"asc\"":{"mean":2126.946871319056,"sqsum":10413.043256208204,"variance":359.07045711062773,"size":30},"dur=5 recvbufgenfn=\"true\" recvbuflen=65536 sendchunklen=256 type=\"asc\"":{"mean":2315.829257678191,"sqsum":7696.120903658113,