{"lookup-promises":{"all=\"true\" n=5000000 name=\"127.0.0.1\"":{"mean":10296467586.067059,"sqsum":18343181041994720000,"variance":632523484206714500,"size":30},"all=\"false\" n=5000000 name=\"127.0.0.1\"":{"mean":11135458051.384708,"sqsum":19215662723726920000,"variance":662609059438859400,"size":30},"all=\"true\" n=5000000 name=\"::1\"":{"mean":3552036528.8368464,"sqsum":567085710661726500,"variance":19554679677990570,"size":30},"all=\"false\" n=5000000 name=\"::1\"":{"mean":3619723186.1017427,"sqsum":585024893743651300,"variance":20173272198056944,"size":30}},"lookup":{"all=\"true\" n=5000000 name=\"127.0.0.1\"":{"mean":4495894.92143369,"sqsum":109851655859.00613,"variance":3787988133.069177,"size":30},"all=\"false\" n=5000000 name=\"127.0.0.1\"":{"mean":5211947.645599474,"sqsum":475113422123.8683,"variance":16383221452.547182,"size":30},"all=\"true\" n=5000000 name=\"::1\"":{"mean":2645877.914583017,"sqsum":120220963013.81342,"variance":4145550448.752187,"size":30},"all=\"false\" n=5000000 name=\"::1\"":{"mean":2907545.7452804223,"sqsum":157332828974.2864,"variance":5425269964.630566,"size":30}}}