{"creation":{"kind=\"duplex\" n=50000000":{"mean":7083222.765346124,"sqsum":28234988026.163628,"variance":973620276.764263,"size":30},"kind=\"readable\" n=50000000":{"mean":11433932.112557929,"sqsum":679603354249.8925,"variance":23434598422.410084,"size":30},"kind=\"transform\" n=50000000":{"mean":3695781.203766983,"sqsum":292479634366.17596,"variance":10085504633.316412,"size":30},"kind=\"writable\" n=50000000":{"mean":10120593.070484482,"sqsum":367400467340.26935,"variance":12668981632.423082,"size":30}},"pipe-object-mode":{"n=5000000":{"mean":10014871.306076376,"sqsum":201396865691.5797,"variance":6944719506.606197,"size":30}},"pipe":{"n=5000000":{"mean":8626217.920529084,"sqsum":66265495079.036736,"variance":2285017071.690922,"size":30}},"readable-async-iterator":{"n=100000 sync=\"yes\"":{"mean":2186673.7110593454,"sqsum":9620450687.59375,"variance":331739678.88254315,"size":30},"n=100000 sync=\"no\"":{"mean":971623.0462820176,"sqsum":3939524275.384443,"variance":135845664.66842908,"size":30}},"readable-bigread":{"n=1000":{"mean":1191.5687248184126,"sqsum":270.0247045148141,"variance":9.311196707407383,"size":30}},"readable-bigunevenread":{"n=1000":{"mean":621.2624628287718,"sqsum":20682.39284069004,"variance":713.1859600237946,"size":30}},"readable-boundaryread":{"n=2000 type=\"string\"":{"mean":289.4012935453104,"sqsum":77.15955006365864,"variance":2.66067414012616,"size":30},"n=2000 type=\"buffer\"":{"mean":1253.2957256289171,"sqsum":3472.5136401829063,"variance":119.74184966147953,"size":30}},"readable-from":{"n=10000000":{"mean":8703528.217838274,"sqsum":554701701961.7715,"variance":19127644895.233498,"size":30}},"readable-readall":{"n=5000":{"mean":1398.993228776151,"sqsum":85974.69630993654,"variance":2964.644700342639,"size":30}},"readable-unevenread":{"n=1000":{"mean":237.053137593841,"sqsum":72.0945339357859,"variance":2.4860184115788244,"size":30}},"writable-manywrites":{"callback=\"yes\" len=1024 n=2000000 sync=\"yes\" writev=\"yes\"":{"mean":24472551.74899773,"sqsum":457073534820.7429,"variance":15761156373.129066,"size":30},"callback=\"yes\" len=32768 n=2000000 sync=\"yes\" writev=\"yes\"":{"mean":6435275.550644139,"sqsum":202873162588.71808,"variance":6995626296.162692,"size":30},"callback=\"no\" len=1024 n=2000000 sync=\"yes\" writev=\"yes\"":{"mean":24162683.25823123,"sqsum":281333034668.0325,"variance":9701139126.483877,"size":30},"callback=\"no\" len=32768 n=2000000 sync=\"yes\" writev=\"yes\"":{"mean":6387323.125257745,"sqsum":144548909095.2449,"variance":4984445141.215342,"size":30},"callback=\"yes\" len=1024 n=2000000 sync=\"yes\" writev=\"no\"":{"mean":26194949.72212886,"sqsum":682257023869.1512,"variance":23526104271.350044,"size":30},"callback=\"yes\" len=32768 n=2000000 sync=\"yes\" writev=\"no\"":{"mean":6429536.227392246,"sqsum":248075867056.43332,"variance":8554340243.325287,"size":30},"callback=\"no\" len=1024 n=2000000 sync=\"yes\" writev=\"no\"":{"mean":25502238.920133453,"sqsum":775447591451.2986,"variance":26739572119.010296,"size":30},"callback=\"no\" len=32768 n=2000000 sync=\"yes\" writev=\"no\"":{"mean":6330215.646518164,"sqsum":111642207081.16551,"variance":3849731278.6608796,"size":30},"callback=\"yes\" len=1024 n=2000000 sync=\"no\" writev=\"yes\"":{"mean":18014718.37050396,"sqsum":1737134692716.3198,"variance":59901196300.56275,"size":30},"callback=\"yes\" len=32768 n=2000000 sync=\"no\" writev=\"yes\"":{"mean":6412132.8404819835,"sqsum":137207342639.86157,"variance":4731287677.236606,"size":30},"callback=\"no\" len=1024 n=2000000 sync=\"no\" writev=\"yes\"":{"mean":21375439.13712323,"sqsum":966783093205.2269,"variance":33337348041.55955,"size":30},"callback=\"no\" len=32768 n=2000000 sync=\"no\" writev=\"yes\"":{"mean":6345328.665399816,"sqsum":859067679760.2219,"variance":29623023440.007656,"size":30},"callback=\"yes\" len=1024 n=2000000 sync=\"no\" writev=\"no\"":{"mean":6575537.378270508,"sqsum":220035485631.1281,"variance":7587430539.004418,"size":30},"callback=\"yes\" len=32768 n=2000000 sync=\"no\" writev=\"no\"":{"mean":6377280.036462156,"sqsum":69720285704.60278,"variance":2404147782.9173374,"size":30},"callback=\"no\" len=1024 n=2000000 sync=\"no\" writev=\"no\"":{"mean":6572526.0784397805,"sqsum":277522683253.65326,"variance":9569747698.401838,"size":30},"callback=\"no\" len=32768 n=2000000 sync=\"no\" writev=\"no\"":{"mean":6329974.834325532,"sqsum":86828499566.47359,"variance":2994086191.9473653,"size":30}}}