{"ee-add-remove":{"n=1000000 newListener=0 removeListener=0":{"mean":1265929.7856990912,"sqsum":1819526074.9109592,"variance":62742278.445205495,"size":30},"n=1000000 newListener=0 removeListener=1":{"mean":900694.17684515,"sqsum":1877999776.042051,"variance":64758612.966967285,"size":30},"n=1000000 newListener=1 removeListener=0":{"mean":955893.4014535848,"sqsum":2884576560.7087893,"variance":99468157.26582032,"size":30},"n=1000000 newListener=1 removeListener=1":{"mean":700263.4729603077,"sqsum":2157271140.189222,"variance":74388660.00652489,"size":30}},"ee-emit":{"argc=0 listeners=1 n=2000000":{"mean":59061880.41156475,"sqsum":14585107702859.03,"variance":502934748374.4493,"size":30},"argc=0 listeners=5 n=2000000":{"mean":15845348.660623742,"sqsum":117706768573.62917,"variance":4058854088.745833,"size":30},"argc=0 listeners=10 n=2000000":{"mean":8727153.378070563,"sqsum":76570427491.9821,"variance":2640359568.689038,"size":30},"argc=2 listeners=1 n=2000000":{"mean":58456055.96825427,"sqsum":8818245943119.54,"variance":304077446314.46686,"size":30},"argc=2 listeners=5 n=2000000":{"mean":16111355.091461811,"sqsum":166104647665.0935,"variance":5727746471.210121,"size":30},"argc=2 listeners=10 n=2000000":{"mean":8000598.535748535,"sqsum":95856211661.39925,"variance":3305386609.0137672,"size":30},"argc=4 listeners=1 n=2000000":{"mean":58474819.81918435,"sqsum":10901626662082.812,"variance":375918160761.47626,"size":30},"argc=4 listeners=5 n=2000000":{"mean":14953918.589235406,"sqsum":340572183878.8697,"variance":11743868409.616196,"size":30},"argc=4 listeners=10 n=2000000":{"mean":7374241.1696251305,"sqsum":70900998304.51036,"variance":2444862010.500357,"size":30},"argc=10 listeners=1 n=2000000":{"mean":58086112.58105316,"sqsum":17545236566556.484,"variance":605008157467.465,"size":30},"argc=10 listeners=5 n=2000000":{"mean":14501382.034336943,"sqsum":136627150799.21268,"variance":4711281062.041816,"size":30},"argc=10 listeners=10 n=2000000":{"mean":7283228.031477478,"sqsum":38831344118.899475,"variance":1339011866.1689475,"size":30}},"ee-listener-count-on-prototype":{"n=50000000":{"mean":76983100.9344885,"sqsum":130516565079030.64,"variance":4500571209621.746,"size":30}},"ee-listeners":{"listeners=5 n=5000000 raw=\"true\"":{"mean":58126391.34980968,"sqsum":52791022792009.06,"variance":1820380096276.1746,"size":30},"listeners=5 n=5000000 raw=\"false\"":{"mean":29342299.19359848,"sqsum":2519947112168.1143,"variance":86894728005.79704,"size":30},"listeners=50 n=5000000 raw=\"true\"":{"mean":20766389.642467637,"sqsum":1308609352957.9866,"variance":45124460446.827126,"size":30},"listeners=50 n=5000000 raw=\"false\"":{"mean":5391398.920360266,"sqsum":7619218145.030306,"variance":262731660.1734588,"size":30}},"ee-once":{"argc=0 n=20000000":{"mean":7718605.163748382,"sqsum":1135152372936.2192,"variance":39143185273.66273,"size":30},"argc=1 n=20000000":{"mean":7623654.637939771,"sqsum":896993634620.5818,"variance":30930814986.91661,"size":30},"argc=4 n=20000000":{"mean":7538963.240547759,"sqsum":24670502882.483967,"variance":850706995.947723,"size":30},"argc=5 n=20000000":{"mean":7512705.828446759,"sqsum":57477495675.03337,"variance":1981982609.4839094,"size":30}},"eventtarget":{"listeners=1 n=1000000":{"mean":2737228.474720603,"sqsum":21861432672.11008,"variance":753842505.9348303,"size":30},"listeners=5 n=1000000":{"mean":2370904.469813404,"sqsum":53666201854.002655,"variance":1850558684.6207814,"size":30},"listeners=10 n=1000000":{"mean":2056010.1139609267,"sqsum":5447395710.739589,"variance":187841231.4048134,"size":30}}}