{"module-loader-circular":{"n=10000":{"mean":3371.2620349485937,"sqsum":38416.17309298047,"variance":1324.695623895878,"size":30}},"module-loader-deep":{"cache=\"true\" ext=\"\" files=1000":{"mean":404179.9866007046,"sqsum":2669256502.0518174,"variance":92043327.65695922,"size":30},"cache=\"false\" ext=\"\" files=1000":{"mean":2986.4227470292717,"sqsum":34793.09129511901,"variance":1199.7617687972072,"size":30},"cache=\"true\" ext=\".js\" files=1000":{"mean":401016.13127704785,"sqsum":4079140116.9423404,"variance":140660004.0324945,"size":30},"cache=\"false\" ext=\".js\" files=1000":{"mean":3050.7451872646093,"sqsum":27503.618181340233,"variance":948.4006269427666,"size":30}},"module-loader":{"cache=\"true\" dir=\"rel\" files=500 n=1 name=\"\"":{"mean":12573.717694967618,"sqsum":620236.5813976894,"variance":21387.468324058256,"size":30},"cache=\"false\" dir=\"rel\" files=500 n=1 name=\"\"":{"mean":2561.5486155431868,"sqsum":23848.469755217364,"variance":822.361026041978,"size":30},"cache=\"true\" dir=\"rel\" files=500 n=1000 name=\"\"":{"mean":1348521.256692141,"sqsum":3834337214.442886,"variance":132218524.63596158,"size":30},"cache=\"false\" dir=\"rel\" files=500 n=1000 name=\"\"":{"mean":939270.1696534081,"sqsum":3993482460.0910687,"variance":137706291.72727823,"size":30},"cache=\"true\" dir=\"abs\" files=500 n=1 name=\"\"":{"mean":12528.413522053215,"sqsum":2679729.778694003,"variance":92404.47512737941,"size":30},"cache=\"false\" dir=\"abs\" files=500 n=1 name=\"\"":{"mean":2626.198619310371,"sqsum":22941.870987067065,"variance":791.0989995540367,"size":30},"cache=\"true\" dir=\"abs\" files=500 n=1000 name=\"\"":{"mean":1332675.9373323966,"sqsum":17206117785.799538,"variance":593314406.4068806,"size":30},"cache=\"false\" dir=\"abs\" files=500 n=1000 name=\"\"":{"mean":946594.1789504415,"sqsum":2714102731.176525,"variance":93589749.35091466,"size":30},"cache=\"true\" dir=\"rel\" files=500 n=1 name=\"/\"":{"mean":12582.204068650188,"sqsum":633307.0482863031,"variance":21838.174078838038,"size":30},"cache=\"false\" dir=\"rel\" files=500 n=1 name=\"/\"":{"mean":2655.0464209619495,"sqsum":15195.065609263222,"variance":523.9677796297663,"size":30},"cache=\"true\" dir=\"rel\" files=500 n=1000 name=\"/\"":{"mean":1283077.580787765,"sqsum":1709696827.946333,"variance":58955063.032632165,"size":30},"cache=\"false\" dir=\"rel\" files=500 n=1000 name=\"/\"":{"mean":917952.090800953,"sqsum":3471787805.312617,"variance":119716820.87284885,"size":30},"cache=\"true\" dir=\"abs\" files=500 n=1 name=\"/\"":{"mean":12519.203072188133,"sqsum":319910.9147377842,"variance":11031.410853027042,"size":30},"cache=\"false\" dir=\"abs\" files=500 n=1 name=\"/\"":{"mean":2729.562407022648,"sqsum":30838.455355572056,"variance":1063.3950122611054,"size":30},"cache=\"true\" dir=\"abs\" files=500 n=1000 name=\"/\"":{"mean":1272105.9799906132,"sqsum":4472538752.516365,"variance":154225474.22470224,"size":30},"cache=\"false\" dir=\"abs\" files=500 n=1000 name=\"/\"":{"mean":920372.8149793943,"sqsum":1839550977.0191982,"variance":63432792.31100684,"size":30},"cache=\"true\" dir=\"rel\" files=500 n=1 name=\"/index.js\"":{"mean":12444.183878047595,"sqsum":663572.581777034,"variance":22881.81316472531,"size":30},"cache=\"false\" dir=\"rel\" files=500 n=1 name=\"/index.js\"":{"mean":2783.391637067917,"sqsum":35010.71215722538,"variance":1207.2659364560477,"size":30},"cache=\"true\" dir=\"rel\" files=500 n=1000 name=\"/index.js\"":{"mean":1279566.9057153547,"sqsum":10552780108.42315,"variance":363888969.25597066,"size":30},"cache=\"false\" dir=\"rel\" files=500 n=1000 name=\"/index.js\"":{"mean":929964.9478356806,"sqsum":6294841674.237713,"variance":217063506.00819698,"size":30},"cache=\"true\" dir=\"abs\" files=500 n=1 name=\"/index.js\"":{"mean":12476.64145744795,"sqsum":465278.9600557447,"variance":16044.102070887748,"size":30},"cache=\"false\" dir=\"abs\" files=500 n=1 name=\"/index.js\"":{"mean":2842.6357474933025,"sqsum":27823.734676071086,"variance":959.439126761072,"size":30},"cache=\"true\" dir=\"abs\" files=500 n=1000 name=\"/index.js\"":{"mean":1272440.3968894933,"sqsum":25910684072.657665,"variance":893471864.5744022,"size":30},"cache=\"false\" dir=\"abs\" files=500 n=1000 name=\"/index.js\"":{"mean":935019.9016933619,"sqsum":3631514911.115151,"variance":125224652.10741898,"size":30}}}