{"array-vs-concat":{"chunks=1 dur=5 len=64 num=100 type=\"concat\"":{"mean":0.12607958233617594,"sqsum":0.00019971259049867744,"variance":0.00000688664105167853,"size":30},"chunks=1 dur=5 len=64 num=100 type=\"multi\"":{"mean":0.12649040525567457,"sqsum":0.00019926803964866193,"variance":0.00000687131171202283,"size":30},"chunks=2 dur=5 len=64 num=100 type=\"concat\"":{"mean":0.12594273534179065,"sqsum":0.00016497782143577952,"variance":0.00000568889039433722,"size":30},"chunks=2 dur=5 len=64 num=100 type=\"multi\"":{"mean":0.1201748356439036,"sqsum":0.00007191916042393465,"variance":0.00000247997104910119,"size":30},"chunks=4 dur=5 len=64 num=100 type=\"concat\"":{"mean":0.12318750265680338,"sqsum":0.00015485946226632865,"variance":0.00000533998145745961,"size":30},"chunks=4 dur=5 len=64 num=100 type=\"multi\"":{"mean":0.1097820812077743,"sqsum":0.0000719225746320299,"variance":0.00000248008878041482,"size":30},"chunks=8 dur=5 len=64 num=100 type=\"concat\"":{"mean":0.1196815568195871,"sqsum":0.00009998252488233629,"variance":0.0000034476732718047,"size":30},"chunks=8 dur=5 len=64 num=100 type=\"multi\"":{"mean":0.09275420774669667,"sqsum":0.00007441076540796032,"variance":0.00000256588846234346,"size":30},"chunks=1 dur=5 len=256 num=100 type=\"concat\"":{"mean":0.496772923047606,"sqsum":0.0016882767909141114,"variance":0.00005821644106600384,"size":30},"chunks=1 dur=5 len=256 num=100 type=\"multi\"":{"mean":0.5055376863756328,"sqsum":0.0036042561629537977,"variance":0.00012428469527426888,"size":30},"chunks=2 dur=5 len=256 num=100 type=\"concat\"":{"mean":0.4941039639288026,"sqsum":0.0014671254816272744,"variance":0.00005059053384921636,"size":30},"chunks=2 dur=5 len=256 num=100 type=\"multi\"":{"mean":0.47731276924016597,"sqsum":0.003179963696047673,"variance":0.00010965392055336803,"size":30},"chunks=4 dur=5 len=256 num=100 type=\"concat\"":{"mean":0.49261203473777077,"sqsum":0.001764796409189065,"variance":0.00006085504859272638,"size":30},"chunks=4 dur=5 len=256 num=100 type=\"multi\"":{"mean":0.43331674127097647,"sqsum":0.0016342791021863447,"variance":0.00005635445179952912,"size":30},"chunks=8 dur=5 len=256 num=100 type=\"concat\"":{"mean":0.4774824350372946,"sqsum":0.001820949480748713,"variance":0.00006279136140512804,"size":30},"chunks=8 dur=5 len=256 num=100 type=\"multi\"":{"mean":0.3694550932521447,"sqsum":0.0007735750217373383,"variance":0.00002667500074956339,"size":30},"chunks=1 dur=5 len=512 num=100 type=\"concat\"":{"mean":0.9477694920751737,"sqsum":0.004764970989155041,"variance":0.0001643093444536221,"size":30},"chunks=1 dur=5 len=512 num=100 type=\"multi\"":{"mean":1.0061244929448656,"sqsum":0.0068804895571797,"variance":0.00023725826059240346,"size":30},"chunks=2 dur=5 len=512 num=100 type=\"concat\"":{"mean":0.9544192592844741,"sqsum":0.004328507027393617,"variance":0.00014925886301357303,"size":30},"chunks=2 dur=5 len=512 num=100 type=\"multi\"":{"mean":0.95284809955521,"sqsum":0.0092608974813503,"variance":0.0003193412924603552,"size":30},"chunks=4 dur=5 len=512 num=100 type=\"concat\"":{"mean":0.9424233232383837,"sqsum":0.004938506326159599,"variance":0.0001702933215917103,"size":30},"chunks=4 dur=5 len=512 num=100 type=\"multi\"":{"mean":0.8633825812693847,"sqsum":0.003816942403034812,"variance":0.00013161870355292454,"size":30},"chunks=8 dur=5 len=512 num=100 type=\"concat\"":{"mean":0.9279713925740497,"sqsum":0.00422998654444573,"variance":0.00014586160498088722,"size":30},"chunks=8 dur=5 len=512 num=100 type=\"multi\"":{"mean":0.7299294754865627,"sqsum":0.0064831443202374725,"variance":0.0002235567006978439,"size":30},"chunks=1 dur=5 len=1024 num=100 type=\"concat\"":{"mean":1.8360342404689698,"sqsum":0.023561093841780636,"variance":0.0008124515117855391,"size":30},"chunks=1 dur=5 len=1024 num=100 type=\"multi\"":{"mean":2.0028388245939936,"sqsum":0.04071343562193233,"variance":0.0014039115731700805,"size":30},"chunks=2 dur=5 len=1024 num=100 type=\"concat\"":{"mean":1.8434586337118615,"sqsum":0.036302421909896146,"variance":0.0012518076520653843,"size":30},"chunks=2 dur=5 len=1024 num=100 type=\"multi\"":{"mean":1.8831745809606064,"sqsum":0.03423723850082071,"variance":0.0011805944310627832,"size":30},"chunks=4 dur=5 len=1024 num=100 type=\"concat\"":{"mean":1.8241971889821793,"sqsum":0.021033396200005126,"variance":0.0007252895241381078,"size":30},"chunks=4 dur=5 len=1024 num=100 type=\"multi\"":{"mean":1.7176708188791039,"sqsum":0.01144291581460968,"variance":0.0003945833039520579,"size":30},"chunks=8 dur=5 len=1024 num=100 type=\"concat\"":{"mean":1.7772382104196678,"sqsum":0.02339036936239678,"variance":0.0008065644607723029,"size":30},"chunks=8 dur=5 len=1024 num=100 type=\"multi\"":{"mean":1.444381110444786,"sqsum":0.011944728029668656,"variance":0.0004118871734368502,"size":30}},"bind-params":{"address=\"true\" n=10000 port=\"true\"":{"mean":268346.3267879883,"sqsum":356653230.5984975,"variance":12298387.262017155,"size":30},"address=\"false\" n=10000 port=\"true\"":{"mean":267712.91553177877,"sqsum":346969005.41085756,"variance":11964448.462443365,"size":30},"address=\"false\" n=10000 port=\"false\"":{"mean":268486.00058345794,"sqsum":477494072.1689548,"variance":16465312.833412236,"size":30}},"multi-buffer":{"chunks=1 dur=5 len=64 num=100 type=\"send\"":{"mean":0.12708251613727878,"sqsum":0.00012329120731238724,"variance":0.00000425142094180646,"size":30},"chunks=1 dur=5 len=64 num=100 type=\"recv\"":{"mean":0.04037073061382057,"sqsum":0.00001296904165760687,"variance":4.4720833302093e-7,"size":30},"chunks=2 dur=5 len=64 num=100 type=\"send\"":{"mean":0.12115029847564117,"sqsum":0.00014353687792530373,"variance":0.00000494954751466565,"size":30},"chunks=2 dur=5 len=64 num=100 type=\"recv\"":{"mean":0.03853781495910404,"sqsum":0.000013183743583979218,"variance":4.5461184772342e-7,"size":30},"chunks=4 dur=5 len=64 num=100 type=\"send\"":{"mean":0.11021729203520095,"sqsum":0.000036742680188141645,"variance":0.00000126698897200488,"size":30},"chunks=4 dur=5 len=64 num=100 type=\"recv\"":{"mean":0.03505906843818769,"sqsum":0.000010227285870629434,"variance":3.526650300217e-7,"size":30},"chunks=8 dur=5 len=64 num=100 type=\"send\"":{"mean":0.09277064595745536,"sqsum":0.00008037174859676713,"variance":0.00000277143960678507,"size":30},"chunks=8 dur=5 len=64 num=100 type=\"recv\"":{"mean":0.029767188846180456,"sqsum":0.000005928676427311094,"variance":2.0443711818314e-7,"size":30},"chunks=1 dur=5 len=256 num=100 type=\"send\"":{"mean":0.503194613276995,"sqsum":0.0021608754174198227,"variance":0.00007451294542826974,"size":30},"chunks=1 dur=5 len=256 num=100 type=\"recv\"":{"mean":0.16157082950088195,"sqsum":0.00026815156605073396,"variance":0.00000924660572588738,"size":30},"chunks=2 dur=5 len=256 num=100 type=\"send\"":{"mean":0.480638788386783,"sqsum":0.0019270200907669038,"variance":0.00006644896864713461,"size":30},"chunks=2 dur=5 len=256 num=100 type=\"recv\"":{"mean":0.15325707701306288,"sqsum":0.00030998096332153215,"variance":0.00001068899873522525,"size":30},"chunks=4 dur=5 len=256 num=100 type=\"send\"":{"mean":0.43431508088587445,"sqsum":0.000873806772761156,"variance":0.00003013126802624676,"size":30},"chunks=4 dur=5 len=256 num=100 type=\"recv\"":{"mean":0.14002169722625582,"sqsum":0.00015633398032808735,"variance":0.00000539082690786508,"size":30},"chunks=8 dur=5 len=256 num=100 type=\"send\"":{"mean":0.36858499375042425,"sqsum":0.0009586591499232874,"variance":0.00003305721206632026,"size":30},"chunks=8 dur=5 len=256 num=100 type=\"recv\"":{"mean":0.1178692930026543,"sqsum":0.00007001630868786592,"variance":0.00000241435547199538,"size":30},"chunks=1 dur=5 len=1024 num=100 type=\"send\"":{"mean":2.0004564217483662,"sqsum":0.05139095686016514,"variance":0.0017721019606953498,"size":30},"chunks=1 dur=5 len=1024 num=100 type=\"recv\"":{"mean":0.6389557605838642,"sqsum":0.00469906105980233,"variance":0.00016203658826904587,"size":30},