{"querystring-parse":{"n=1000000 type=\"noencode\"":{"mean":2238375.704674992,"sqsum":23752865295.859512,"variance":819064320.5468796,"size":30},"n=1000000 type=\"multicharsep\"":{"mean":1605795.3159777643,"sqsum":15041898506.977976,"variance":518686155.4130336,"size":30},"n=1000000 type=\"encodefake\"":{"mean":2114279.3291109656,"sqsum":146408046563.00125,"variance":5048553329.758664,"size":30},"n=1000000 type=\"encodemany\"":{"mean":834171.3828070908,"sqsum":2323481672.305345,"variance":80120057.66570155,"size":30},"n=1000000 type=\"encodelast\"":{"mean":1648401.302751563,"sqsum":83159190183.94002,"variance":2867558282.2048283,"size":30},"n=1000000 type=\"multivalue\"":{"mean":1590353.710599267,"sqsum":6696573985.042106,"variance":230916344.31179672,"size":30},"n=1000000 type=\"multivaluemany\"":{"mean":599949.2599490122,"sqsum":1156133826.827486,"variance":39866683.68370641,"size":30},"n=1000000 type=\"manypairs\"":{"mean":443113.06923472823,"sqsum":631974542.0611055,"variance":21792225.588313982,"size":30},"n=1000000 type=\"manyblankpairs\"":{"mean":7740189.2466664165,"sqsum":21449149042.136585,"variance":739625829.0391926,"size":30},"n=1000000 type=\"altspaces\"":{"mean":1102170.3390192192,"sqsum":54696184682.2224,"variance":1886075333.8697379,"size":30}},"querystring-stringify":{"n=1000000 type=\"noencode\"":{"mean":3446576.9934495417,"sqsum":6955394107.505567,"variance":239841176.12088162,"size":30},"n=1000000 type=\"encodemany\"":{"mean":2129924.8118630764,"sqsum":892429826.3448356,"variance":30773442.287752952,"size":30},"n=1000000 type=\"encodelast\"":{"mean":2969713.506079234,"sqsum":2102098036.8551278,"variance":72486139.20190096,"size":30},"n=1000000 type=\"array\"":{"mean":3000328.0771375974,"sqsum":1120188609.27769,"variance":38627193.42336862,"size":30},"n=1000000 type=\"multiprimitives\"":{"mean":4453146.4791347,"sqsum":9305977835.921339,"variance":320895787.4455634,"size":30}},"querystring-unescapebuffer":{"input=\"there is nothing to unescape here\" n=10000000":{"mean":4920223.056820025,"sqsum":5021724341.604958,"variance":173162908.33120543,"size":30},"input=\"there%20are%20several%20spaces%20that%20need%20to%20be%20unescaped\" n=10000000":{"mean":2335603.466152098,"sqsum":574565472.164252,"variance":19812602.488422483,"size":30},"input=\"there%2Qare%0-fake%escaped values in%%%%this%9Hstring\" n=10000000":{"mean":2709130.6606037617,"sqsum":173403331.87820673,"variance":5979425.237179542,"size":30},"input=\"%20%21%22%23%24%25%26%27%28%29%2A%2B%2C%2D%2E%2F%30%31%32%33%34%35%36%37\" n=10000000":{"mean":2426051.7091494203,"sqsum":328431411.33866084,"variance":11325221.080643477,"size":30}}}