{"defaultparams-bench":{"method=\"withoutdefaults\" n=100000000":{"mean":552568384.7756613,"sqsum":120872326880082.66,"variance":4168011271726.9883,"size":30},"method=\"withdefaults\" n=100000000":{"mean":552859562.9550216,"sqsum":138527701098091.64,"variance":4776817279244.539,"size":30}},"destructuring-bench":{"method=\"swap\" n=100000000":{"mean":372776568.26862234,"sqsum":18113705082823.906,"variance":624610520097.3761,"size":30},"method=\"destructure\" n=100000000":{"mean":280248251.00897,"sqsum":11416645154419.889,"variance":393677419117.9272,"size":30}},"destructuring-object-bench":{"method=\"normal\" n=100000000":{"mean":1109503139.6922216,"sqsum":1513970593044160.8,"variance":52205882518764.164,"size":30},"method=\"destructureObject\" n=100000000":{"mean":1108345226.8844876,"sqsum":1990159143726854,"variance":68626177369891.52,"size":30}},"foreach-bench":{"count=5 method=\"for\" n=5000000":{"mean":126845334.76142977,"sqsum":19619957265404.49,"variance":676550250531.1893,"size":30},"count=10 method=\"for\" n=5000000":{"mean":81151160.00140558,"sqsum":11490019912505.71,"variance":396207583189.8521,"size":30},"count=20 method=\"for\" n=5000000":{"mean":47563881.68113521,"sqsum":3342398522747.3906,"variance":115255121474.04796,"size":30},"count=100 method=\"for\" n=5000000":{"mean":10385042.135953631,"sqsum":9467011559.581472,"variance":326448674.4683266,"size":30},"count=5 method=\"for-of\" n=5000000":{"mean":85301216.06488265,"sqsum":13894485393633.004,"variance":479120185987.345,"size":30},"count=10 method=\"for-of\" n=5000000":{"mean":52604196.97522509,"sqsum":3891472511437.04,"variance":134188707290.93242,"size":30},"count=20 method=\"for-of\" n=5000000":{"mean":32651193.67415032,"sqsum":770275009955.4451,"variance":26561207239.842934,"size":30},"count=100 method=\"for-of\" n=5000000":{"mean":9879559.80689372,"sqsum":6614290339.019855,"variance":228078977.20758116,"size":30},"count=5 method=\"for-in\" n=5000000":{"mean":2403922.0640973486,"sqsum":291559388135.22906,"variance":10053772004.66307,"size":30},"count=10 method=\"for-in\" n=5000000":{"mean":1573534.1859510574,"sqsum":47508151719.46066,"variance":1638212128.2572641,"size":30},"count=20 method=\"for-in\" n=5000000":{"mean":938876.3712539538,"sqsum":21128800140.524097,"variance":728579315.1904861,"size":30},"count=100 method=\"for-in\" n=5000000":{"mean":218573.65979419014,"sqsum":571431550.4590336,"variance":19704536.222725295,"size":30},"count=5 method=\"forEach\" n=5000000":{"mean":100438795.23222473,"sqsum":47183727119226.55,"variance":1627025073076.7776,"size":30},"count=10 method=\"forEach\" n=5000000":{"mean":65412374.1419902,"sqsum":20099713355211.47,"variance":693093563972.8092,"size":30},"count=20 method=\"forEach\" n=5000000":{"mean":46604143.37044942,"sqsum":30468980287226.92,"variance":1050654492662.9973,"size":30},"count=100 method=\"forEach\" n=5000000":{"mean":13644661.718940448,"sqsum":55844282983.356514,"variance":1925664930.4605694,"size":30}},"map-bench":{"method=\"object\" n=1000000":{"mean":307139.6565568085,"sqsum":353548591.14807075,"variance":12191330.729243819,"size":30},"method=\"nullProtoObject\" n=1000000":{"mean":318292.80704631354,"sqsum":1076662756.5391526,"variance":37126301.949625954,"size":30},"method=\"nullProtoLiteralObject\" n=1000000":{"mean":316686.2065727517,"sqsum":854253683.1767765,"variance":29457023.55781988,"size":30},"method=\"storageObject\" n=1000000":{"mean":315843.5744512403,"sqsum":477273940.8649682,"variance":16457722.098792007,"size":30},"method=\"fakeMap\" n=1000000":{"mean":280746.9364346454,"sqsum":404361141.58422565,"variance":13943487.640835367,"size":30},"method=\"map\" n=1000000":{"mean":676061.6814289317,"sqsum":1683402399.695674,"variance":58048358.61019565,"size":30}},"restparams-bench":{"method=\"copy\" n=100000000":{"mean":31700874.25947467,"sqsum":45911007278974.35,"variance":1583138182033.5984,"size":30},"method=\"rest\" n=100000000":{"mean":141594210.63397884,"sqsum":1495047664649.435,"variance":51553367746.53224,"size":30},"method=\"arguments\" n=100000000":{"mean":141631206.15059027,"sqsum":1122868103452.4407,"variance":38719589774.22209,"size":30}},"spread-assign":{"count=5 method=\"spread\" n=1000000":{"mean":23632856.965669394,"sqsum":10462285573384.1,"variance":360768468047.72754,"size":30},"count=10 method=\"spread\" n=1000000":{"mean":19672586.475108817,"sqsum":8827087308991.455,"variance":304382320999.7053,"size":30},"count=20 method=\"spread\" n=1000000":{"mean":115063.63841262566,"sqsum":114398024.50161499,"variance":3944759.465572931,"size":30},"count=5 method=\"assign\" n=1000000":{"mean":5547589.633949161,"sqsum":801991273805.6997,"variance":27654871510.541367,"size":30},"count=10 method=\"assign\" n=1000000":{"mean":2746537.191823364,"sqsum":68700828081.6007,"variance":2368994071.7793345,"size":30},"count=20 method=\"assign\" n=1000000":{"mean":89650.27218183373,"sqsum":75950315.57004389,"variance":2618976.398967031,"size":30},"count=5 method=\"_extend\" n=1000000":{"mean":3398920.3811145094,"sqsum":168087182929.4462,"variance":5796109756.187799,"size":30},"count=10 method=\"_extend\" n=1000000":{"mean":1611602.2635620525,"sqsum":20042090694.619846,"variance":691106575.6765463,"size":30},"count=20 method=\"_extend\" n=1000000":{"mean":265474.4018611152,"sqsum":967781915.5521209,"variance":33371790.191452444,"size":30}},"spread-bench":{"context=\"context\" count=5 method=\"apply\" n=5000000 rest=0":{"mean":31794741.52089778,"sqsum":13647573259316.857,"variance":470605974459.20197,"size":30},"context=\"context\" count=5 method=\"apply\" n=5000000 rest=1":{"mean":31860826.13809394,"sqsum":559260533390.2646,"variance":19284845978.974644,"size":30},"context=\"null\" count=5 method=\"apply\" n=5000000 rest=0":{"mean":31767387.881772406,"sqsum":3178935004310.9204,"variance":109618448424.5145,"size":30},"context=\"null\" count=5 method=\"apply\" n=5000000 rest=1":{"mean":31830432.46786514,"sqsum":685672354634.5627,"variance":23643874297.74354,"size":30},"context=\"context\" count=10 method=\"apply\" n=5000000 rest=0":{"mean":25417363.432299472,"sqsum":9361665137127.645,"variance":322816039211.2981,"size":30},"context=\"context\" count=10 method=\"apply\" n=5000000 rest=1":{"mean":25162368.578834325,"sqsum":27744511857767.348,"variance":956707305440.2534,"size":30},"context=\"null\" count=10 method=\"apply\" n=5000000 rest=0":{"mean":25331722.53187805,"sqsum":18253843641157.938,"variance":629442884177.8599,"size":30},"context=\"null\" count=10 method=\"apply\" n=5000000 rest=1":{"mean":25576885.538421616,"sqsum":4501636995337.294,"variance":155228861908.18253,"size":30},"context=\"context\" count=20 method=\"apply\" n=5000000 rest=0":{"mean":18744763.763669267,"sqsum":592762956918.1552,"variance":20440101962.695004,"size":30},"context=\"context\" count=20 method=\"apply\" n=5000000 rest=1":{"mean":18750116.707452394,"sqsum":2025145428845.4766,"variance":69832600994.6716,"size":30},"context=\"null\" count=20 method=\"apply\" n=5000000 rest=0":{"mean":18766385.216092527,"sqsum":298078595564.254,"variance":10278572260.836346,"size":30},"context=\"null\" count=20 method=\"apply\" n=5000000 rest=1":{"mean":18763194.938985597,"sqsum":1997794414010.156,"variance":68889462552.07434,"size":30},"context=\"context\" count=5 method=\"spread\" n=5000000 rest=0":{"mean":31211660.738424744,"sqsum":14939308432986.68,"variance":515148566654.71313,"size":30},"context=\"context\" count=5 method=\"spread\" n=5000000 rest=1":{"mean":31055676.052065294,"sqsum":25328728933011.81,"variance":873404445965.9244,"size":30},"context=\"null\" count=5 method=\"spread\" n=5000000 rest=0":{"mean":34842887.293269835,"sqsum":42632171703606.8,"variance":1470074886331.2688,"size":30},"context=\"null\" count=5 method=\"spread\" n=5000000 rest=1":{"mean":34848559.27492278,"sqsum":42380151540526.71,"variance":1461384535880.2312,"size":30},"context=\"context\" count=10 method=\"spread\" n=5000000 rest=0":{"mean":24982146.17514851,