{"format":{"n=100000 type=\"string\"":{"mean":4044692.0820221477,"sqsum":289576554523.27625,"variance":9985398431.837112,"size":30},"n=100000 type=\"string-2\"":{"mean":3129832.39869064,"sqsum":50862198115.16517,"variance":1753868900.5229368,"size":30},"n=100000 type=\"number\"":{"mean":4102797.913984844,"sqsum":182332678634.10687,"variance":6287333746.003686,"size":30},"n=100000 type=\"replace-object\"":{"mean":1623273.829456667,"sqsum":105398900757.9533,"variance":3634444853.722527,"size":30},"n=100000 type=\"unknown\"":{"mean":5568461.672581253,"sqsum":928516233081.1345,"variance":32017801140.72878,"size":30},"n=100000 type=\"no-replace\"":{"mean":3074217.222028714,"sqsum":33730818882.913742,"variance":1163131685.6177154,"size":30},"n=100000 type=\"no-replace-2\"":{"mean":6165724.85951691,"sqsum":203020469148.61038,"variance":7000705832.710702,"size":30},"n=100000 type=\"only-objects\"":{"mean":273880.1676703833,"sqsum":3379890658.87358,"variance":116547953.75426137,"size":30},"n=100000 type=\"many-%\"":{"mean":1983372.2503437486,"sqsum":36587064119.90029,"variance":1261622900.686217,"size":30},"n=100000 type=\"object-to-string\"":{"mean":2531520.5011764895,"sqsum":201326578507.1829,"variance":6942295810.592513,"size":30},"n=100000 type=\"object-%s\"":{"mean":337714.6071742629,"sqsum":2397142652.5188003,"variance":82660091.46616553,"size":30}},"inspect-array":{"len=100 n=500 type=\"denseArray\"":{"mean":9583.215249694527,"sqsum":1803974.6191470025,"variance":62206.02134989663,"size":30},"len=100 n=500 type=\"sparseArray\"":{"mean":51251.84815249098,"sqsum":31071521.466588844,"variance":1071431.7747099602,"size":30},"len=100 n=500 type=\"mixedArray\"":{"mean":9896.239488222718,"sqsum":822038.3953824594,"variance":28346.151564912394,"size":30},"len=100 n=500 type=\"denseArray_showHidden\"":{"mean":8908.299591740419,"sqsum":2070412.664595321,"variance":71393.54015845935,"size":30},"len=100000 n=500 type=\"denseArray\"":{"mean":9292.797087223105,"sqsum":1198608.8848080088,"variance":41331.34085544858,"size":30},"len=100000 n=500 type=\"sparseArray\"":{"mean":2548.322261951742,"sqsum":1955.1608345001307,"variance":67.41933912069416,"size":30},"len=100000 n=500 type=\"mixedArray\"":{"mean":2098.4683322530523,"sqsum":4942.02300522936,"variance":170.41458638721932,"size":30},"len=100000 n=500 type=\"denseArray_showHidden\"":{"mean":8550.098276608687,"sqsum":775222.0418398486,"variance":26731.794546201676,"size":30}},"inspect-proxy":{"isProxy=0 n=100000 showProxy=0":{"mean":246102.65781048313,"sqsum":1363202638.2092364,"variance":47006987.52445643,"size":30},"isProxy=1 n=100000 showProxy=0":{"mean":245096.05344525378,"sqsum":1758293700.116737,"variance":60630817.24540472,"size":30},"isProxy=0 n=100000 showProxy=1":{"mean":248180.6597447825,"sqsum":1389138603.2916765,"variance":47901331.14798884,"size":30},"isProxy=1 n=100000 showProxy=1":{"mean":133577.32890877352,"sqsum":371381395.8113814,"variance":12806255.02797867,"size":30}},"inspect":{"method=\"Object\" n=20000 option=\"showHidden\"":{"mean":220246.03401275637,"sqsum":329395961.338109,"variance":11358481.425452035,"size":30},"method=\"Object\" n=20000 option=\"colors\"":{"mean":117389.89491637617,"sqsum":132783522.97241281,"variance":4578742.171462511,"size":30},"method=\"Object\" n=20000 option=\"none\"":{"mean":235890.97429861798,"sqsum":574852593.9614725,"variance":19822503.240050778,"size":30},"method=\"Object_empty\" n=20000 option=\"showHidden\"":{"mean":528571.9669858688,"sqsum":3829805847.5885897,"variance":132062270.6065031,"size":30},"method=\"Object_empty\" n=20000 option=\"colors\"":{"mean":589380.4598344191,"sqsum":3432567625.524372,"variance":118364400.88015077,"size":30},"method=\"Object_empty\" n=20000 option=\"none\"":{"mean":642491.5038776152,"sqsum":3670606968.0020375,"variance":126572654.06903578,"size":30},"method=\"Object_deep_ln\" n=20000 option=\"showHidden\"":{"mean":112190.51607291917,"sqsum":36818519.40548537,"variance":1269604.11743053,"size":30},"method=\"Object_deep_ln\" n=20000 option=\"colors\"":{"mean":54019.97584065614,"sqsum":10743514.044770332,"variance":370466.00154380454,"size":30},"method=\"Object_deep_ln\" n=20000 option=\"none\"":{"mean":121667.27650013169,"sqsum":208648540.79878056,"variance":7194777.268923467,"size":30},"method=\"String\" n=20000 option=\"showHidden\"":{"mean":953177.1258843413,"sqsum":6979863977.668434,"variance":240684964.7471874,"size":30},"method=\"String\" n=20000 option=\"colors\"":{"mean":773350.1987391816,"sqsum":2089007992.2852108,"variance":72034758.35466245,"size":30},"method=\"String\" n=20000 option=\"none\"":{"mean":1081580.0578014927,"sqsum":18275877449.667633,"variance":630202670.6781942,"size":30},"method=\"String_complex\" n=20000 option=\"showHidden\"":{"mean":701057.4258349115,"sqsum":2362568193.6599946,"variance":81467868.74689636,"size":30},"method=\"String_complex\" n=20000 option=\"colors\"":{"mean":617394.7602047764,"sqsum":1440787751.7888186,"variance":49682336.26857995,"size":30},"method=\"String_complex\" n=20000 option=\"none\"":{"mean":753731.0994065888,"sqsum":5108142880.508764,"variance":176142857.9485781,"size":30},"method=\"String_boxed\" n=20000 option=\"showHidden\"":{"mean":117203.71398932017,"sqsum":40358135.11279621,"variance":1391659.8314757315,"size":30},"method=\"String_boxed\" n=20000 option=\"colors\"":{"mean":197816.1881370474,"sqsum":253740340.00109828,"variance":8749666.896589596,"size":30},"method=\"String_boxed\" n=20000 option=\"none\"":{"mean":239792.85910618387,"sqsum":806888363.487108,"variance":27823736.67196924,"size":30},"method=\"Date\" n=20000 option=\"showHidden\"":{"mean":362162.838547246,"sqsum":1443314944.6899838,"variance":49769480.851378754,"size":30},"method=\"Date\" n=20000 option=\"colors\"":{"mean":361456.5094054922,"sqsum":1671503660.760955,"variance":57638057.26761915,"size":30},"method=\"Date\" n=20000 option=\"none\"":{"mean":422149.79388948565,"sqsum":1167142605.9393642,"variance":40246296.7565298,"size":30},"method=\"Set\" n=20000 option=\"showHidden\"":{"mean":268576.0463651363,"sqsum":779525461.5290098,"variance":26880188.328586545,"size":30},"method=\"Set\" n=20000 option=\"colors\"":{"mean":214339.4885870375,"sqsum":403269444.3109643,"variance":13905842.907274632,"size":30},"method=\"Set\" n=20000 option=\"none\"":{"mean":287964.8343969485,"sqsum":835540798.9643974,"variance":28811751.6884275,"size":30},"method=\"Error\" n=20000 option=\"showHidden\"":{"mean":66421.45693986947,"sqsum":46822302.66197761,"variance":1614562.1607578488,"size":30},"method=\"Error\" n=20000 option=\"colors\"":{"mean":162211.2815114475,"sqsum":281912217.0760536,"variance":9721110.93365702,"size":30},"method=\"Error\" n=20000 option=\"none\"":{"mean":334944.7020051264,"sqsum":403024112.19364,"variance":13897383.179091034,"size":30},"method=\"Array\" n=20000 option=\"showHidden\"":{"mean":45031.81412915356,"sqsum":88139020.00218138,"variance":3039276.551799358,"size":30},"method=\"Array\" n=20000 option=\"colors\"":{"mean":22009.163541821985,"sqsum":16543596.85726921,"variance":570468.8571472141,"size":30},"method=\"Array\" n=20000 option=\"none\"":{"mean":50218.419452813665,"sqsum":303061068.8991983,"variance":10450381.68617925,"size":30},"method=\"TypedArray\" n=20000 option=\"showHidden\"":{"mean":90641.40423701734,"sqsum":20345794.53177653,"variance":701579.1217853976,"size":30},"method=\"TypedArray\" n=20000 option=\"colors\"":{"mean":30950.579543309967,"sqsum":6080867.15685049,"variance":209685.07437415482,"size":30},"method=\"TypedArray\" n=20000 option=\"none\"":{"mean":120979.38504214142,"sqsum":33322074.379129373,"variance":1149037.0475561852,"size":30},"method=\"TypedArray_extra\" n=20000 option=\"showHidden\"":{"mean":63176.28840046398,"sqsum":22043646.847992443,"variance":760125.7533790498,"size":30},"method=\"TypedArray_extra\" n=20000 option=\"colors\"":{"mean":23499.554110631703,"sqsum":1423130.0098941186,"variance":49073.44861703857,"size":30},