{"creation":{"kind=\"duplex\" n=50000000":{"mean":2896379.7251753663,"sqsum":182450218942.65448,"variance":6291386860.091534,"size":30},"kind=\"readable\" n=50000000":{"mean":7100616.352591137,"sqsum":335208149428.80023,"variance":11558901704.44139,"size":30},"kind=\"transform\" n=50000000":{"mean":3155878.731728953,"sqsum":3980672655904.0845,"variance":137264574341.52016,"size":30},"kind=\"writable\" n=50000000":{"mean":7141925.057910593,"sqsum":287041167695.281,"variance":9897971299.837275,"size":30}},"pipe-object-mode":{"n=5000000":{"mean":9043174.191729123,"sqsum":2512739964665.745,"variance":86646205678.12915,"size":30}},"pipe":{"n=5000000":{"mean":4620682.286562681,"sqsum":163906592683.7914,"variance":5651951471.8548765,"size":30}},"readable-async-iterator":{"n=100000 sync=\"yes\"":{"mean":2327398.3714027526,"sqsum":23797062700.331135,"variance":820588368.9769357,"size":30},"n=100000 sync=\"no\"":{"mean":1063320.1583160362,"sqsum":1456232280.385993,"variance":50214906.22020666,"size":30}},"readable-bigread":{"n=1000":{"mean":676.2320173420188,"sqsum":1665.2125525268127,"variance":57.421122500924575,"size":30}},"readable-bigunevenread":{"n=1000":{"mean":378.51760381842735,"sqsum":7917.802115460922,"variance":273.0276591538249,"size":30}},"readable-boundaryread":{"n=2000 type=\"string\"":{"mean":241.5362706682037,"sqsum":464.77152379008436,"variance":16.0266042686236,"size":30},"n=2000 type=\"buffer\"":{"mean":760.4626317857557,"sqsum":1235.9408771064332,"variance":42.6186509347046,"size":30}},"readable-from":{"n=10000000":{"mean":8842225.590199482,"sqsum":3774953845681.376,"variance":130170822264.87503,"size":30}},"readable-readall":{"n=5000":{"mean":1004.6700571378652,"sqsum":4232.639646324661,"variance":145.95309125257452,"size":30}},"readable-unevenread":{"n=1000":{"mean":128.1182467526439,"sqsum":261.6986533892875,"variance":9.024091496182326,"size":30}},"writable-manywrites":{"callback=\"yes\" len=1024 n=2000000 sync=\"yes\" writev=\"yes\"":{"mean":26297084.31824494,"sqsum":41547555625478.95,"variance":1432674331913.0671,"size":30},"callback=\"yes\" len=32768 n=2000000 sync=\"yes\" writev=\"yes\"":{"mean":5978304.650850896,"sqsum":247469469179.67325,"variance":8533429971.712871,"size":30},"callback=\"no\" len=1024 n=2000000 sync=\"yes\" writev=\"yes\"":{"mean":25015701.96230776,"sqsum":1409513161691.024,"variance":48603902127.27669,"size":30},"callback=\"no\" len=32768 n=2000000 sync=\"yes\" writev=\"yes\"":{"mean":5878074.064720308,"sqsum":663224392547.1951,"variance":22869806639.558453,"size":30},"callback=\"yes\" len=1024 n=2000000 sync=\"yes\" writev=\"no\"":{"mean":24781905.14506242,"sqsum":129578214804946.36,"variance":4468214303618.84,"size":30},"callback=\"yes\" len=32768 n=2000000 sync=\"yes\" writev=\"no\"":{"mean":5338222.065518581,"sqsum":164619562746.32355,"variance":5676536646.42495,"size":30},"callback=\"no\" len=1024 n=2000000 sync=\"yes\" writev=\"no\"":{"mean":25059728.927401923,"sqsum":22405832920692.453,"variance":772614928299.7397,"size":30},"callback=\"no\" len=32768 n=2000000 sync=\"yes\" writev=\"no\"":{"mean":5315321.598479129,"sqsum":195136748730.2784,"variance":6728853404.492359,"size":30},"callback=\"yes\" len=1024 n=2000000 sync=\"no\" writev=\"yes\"":{"mean":15080234.211505147,"sqsum":164136789939.26474,"variance":5659889308.250508,"size":30},"callback=\"yes\" len=32768 n=2000000 sync=\"no\" writev=\"yes\"":{"mean":5418740.733323286,"sqsum":2635118039366.066,"variance":90866139288.48505,"size":30},"callback=\"no\" len=1024 n=2000000 sync=\"no\" writev=\"yes\"":{"mean":17288310.600696743,"sqsum":173744855699.9618,"variance":5991201920.688338,"size":30},"callback=\"no\" len=32768 n=2000000 sync=\"no\" writev=\"yes\"":{"mean":5444792.96424578,"sqsum":1410223713523.738,"variance":48628403914.61166,"size":30},"callback=\"yes\" len=1024 n=2000000 sync=\"no\" writev=\"no\"":{"mean":5042164.270547861,"sqsum":620842214075.6246,"variance":21408352209.5043,"size":30},"callback=\"yes\" len=32768 n=2000000 sync=\"no\" writev=\"no\"":{"mean":5556789.602137398,"sqsum":810771491048.9929,"variance":27957637622.379066,"size":30},"callback=\"no\" len=1024 n=2000000 sync=\"no\" writev=\"no\"":{"mean":5130571.33301871,"sqsum":1294845725981.953,"variance":44649852620.067345,"size":30},"callback=\"no\" len=32768 n=2000000 sync=\"no\" writev=\"no\"":{"mean":5586123.820188871,"sqsum":391181907913.5086,"variance":13489031307.362366,"size":30}}}