{"ee-add-remove":{"n=1000000 newListener=0 removeListener=0":{"mean":1272054.7937037381,"sqsum":1562387741.9954052,"variance":53875439.3791519,"size":30},"n=1000000 newListener=0 removeListener=1":{"mean":897127.863227439,"sqsum":3083220055.990154,"variance":106317932.96517771,"size":30},"n=1000000 newListener=1 removeListener=0":{"mean":918170.4479153423,"sqsum":3244278818.2860994,"variance":111871683.38917583,"size":30},"n=1000000 newListener=1 removeListener=1":{"mean":720094.0112156004,"sqsum":4287376890.964011,"variance":147840582.44703487,"size":30}},"ee-emit":{"argc=0 listeners=1 n=2000000":{"mean":45291101.63558752,"sqsum":9570645377264.896,"variance":330022254388.4447,"size":30},"argc=0 listeners=5 n=2000000":{"mean":15457672.442356776,"sqsum":117221477547.23068,"variance":4042119915.421747,"size":30},"argc=0 listeners=10 n=2000000":{"mean":8611793.483631844,"sqsum":75868713931.11403,"variance":2616162549.3487597,"size":30},"argc=2 listeners=1 n=2000000":{"mean":46974187.96518473,"sqsum":3087003560543.072,"variance":106448398639.41628,"size":30},"argc=2 listeners=5 n=2000000":{"mean":16057455.900966803,"sqsum":137341560000.75452,"variance":4735915862.094983,"size":30},"argc=2 listeners=10 n=2000000":{"mean":7849869.408328266,"sqsum":85423250605.39932,"variance":2945629331.220666,"size":30},"argc=4 listeners=1 n=2000000":{"mean":45733116.06825871,"sqsum":5818942825321.279,"variance":200653200873.14755,"size":30},"argc=4 listeners=5 n=2000000":{"mean":15102570.782924103,"sqsum":412942367711.11285,"variance":14239391990.038374,"size":30},"argc=4 listeners=10 n=2000000":{"mean":7908204.996200013,"sqsum":65306898900.12902,"variance":2251962031.038932,"size":30},"argc=10 listeners=1 n=2000000":{"mean":44377313.653227516,"sqsum":5160078137152.482,"variance":177933728867.327,"size":30},"argc=10 listeners=5 n=2000000":{"mean":14052877.543539489,"sqsum":142651791790.54294,"variance":4919027303.12217,"size":30},"argc=10 listeners=10 n=2000000":{"mean":7293934.364810429,"sqsum":52271336419.745224,"variance":1802459876.5429387,"size":30}},"ee-listener-count-on-prototype":{"n=50000000":{"mean":76744180.34446666,"sqsum":86150407457345.08,"variance":2970703705425.6924,"size":30}},"ee-listeners":{"listeners=5 n=5000000 raw=\"true\"":{"mean":57396564.57898246,"sqsum":33739762578315.65,"variance":1163440088907.4363,"size":30},"listeners=5 n=5000000 raw=\"false\"":{"mean":32180818.69010643,"sqsum":6737864269372.923,"variance":232340147219.75598,"size":30},"listeners=50 n=5000000 raw=\"true\"":{"mean":20148961.494944207,"sqsum":726557614339.2042,"variance":25053710839.282906,"size":30},"listeners=50 n=5000000 raw=\"false\"":{"mean":5658477.3583380915,"sqsum":8084162542.674395,"variance":278764225.6094619,"size":30}},"ee-once":{"argc=0 n=20000000":{"mean":7937244.642545148,"sqsum":36257570796.879295,"variance":1250261061.961355,"size":30},"argc=1 n=20000000":{"mean":7771472.334768535,"sqsum":13676179899.365675,"variance":471592410.3229543,"size":30},"argc=4 n=20000000":{"mean":7658424.216091145,"sqsum":13672953885.843058,"variance":471481168.4773468,"size":30},"argc=5 n=20000000":{"mean":7605011.922397667,"sqsum":9616589590.512394,"variance":331606537.60387564,"size":30}},"eventtarget":{"listeners=1 n=1000000":{"mean":2641155.5518125836,"sqsum":24831740509.709103,"variance":856266914.1279001,"size":30},"listeners=5 n=1000000":{"mean":2359470.1509965267,"sqsum":11338113519.65164,"variance":390969431.7121255,"size":30},"listeners=10 n=1000000":{"mean":2072143.8596266974,"sqsum":23262362340.16617,"variance":802150425.5229714,"size":30}}}