{"atomics-wait":{"n=10000000":{"mean":10464240.976922035,"sqsum":167056268498.92523,"variance":5760560982.7215605,"size":30}},"bench-eventlooputil":{"method=\"ELU_simple\" n=1000000":{"mean":6472618.041320549,"sqsum":200697882176.19626,"variance":6920616626.7653885,"size":30},"method=\"ELU_passed\" n=1000000":{"mean":5925628.626452147,"sqsum":309715867073.7463,"variance":10679857485.301596,"size":30}},"echo":{"n=100000 payload=\"string\" sendsPerBroadcast=1 workers=1":{"mean":85692.06504969159,"sqsum":1060014380.2247659,"variance":36552220.00775055,"size":30},"n=100000 payload=\"string\" sendsPerBroadcast=10 workers=1":{"mean":50588.09361292348,"sqsum":42561655.97813535,"variance":1467643.309590874,"size":30},"n=100000 payload=\"object\" sendsPerBroadcast=1 workers=1":{"mean":64899.35115863903,"sqsum":441939134.9438701,"variance":15239280.515305866,"size":30},"n=100000 payload=\"object\" sendsPerBroadcast=10 workers=1":{"mean":29766.657333705843,"sqsum":24347039.289696954,"variance":839553.0789550674,"size":30}},"messageport":{"n=1000000 payload=\"string\" style=\"eventtarget\"":{"mean":671534.0804159995,"sqsum":12212981416.05399,"variance":421137290.20875823,"size":30},"n=1000000 payload=\"string\" style=\"eventemitter\"":{"mean":1137818.7547510245,"sqsum":20419174446.124706,"variance":704109463.6594727,"size":30},"n=1000000 payload=\"object\" style=\"eventtarget\"":{"mean":358287.61106135667,"sqsum":3597510474.3770657,"variance":124052085.32334709,"size":30},"n=1000000 payload=\"object\" style=\"eventemitter\"":{"mean":516191.5432053115,"sqsum":6385622828.484949,"variance":220193890.63741204,"size":30}}}