{"async-resource-vs-destroy":{"asyncMethod=\"callbacks\" benchmarker=\"test-double-http\" connections=500 duration=5 n=1000000 path=\"/\" type=\"async-resource\"":{"mean":383.43333333333334,"sqsum":41.36666666666667,"variance":1.4264367816091954,"size":30},"asyncMethod=\"async\" benchmarker=\"test-double-http\" connections=500 duration=5 n=1000000 path=\"/\" type=\"async-resource\"":{"mean":378.1,"sqsum":16.7,"variance":0.5758620689655173,"size":30},"asyncMethod=\"callbacks\" benchmarker=\"test-double-http\" connections=500 duration=5 n=1000000 path=\"/\" type=\"destroy\"":{"mean":381.96666666666664,"sqsum":30.96666666666667,"variance":1.067816091954023,"size":30},"asyncMethod=\"async\" benchmarker=\"test-double-http\" connections=500 duration=5 n=1000000 path=\"/\" type=\"destroy\"":{"mean":377.8666666666667,"sqsum":9.466666666666667,"variance":0.32643678160919537,"size":30},"asyncMethod=\"callbacks\" benchmarker=\"test-double-http\" connections=500 duration=5 n=1000000 path=\"/\" type=\"async-local-storage\"":{"mean":379.6333333333333,"sqsum":36.96666666666667,"variance":1.2747126436781608,"size":30},"asyncMethod=\"async\" benchmarker=\"test-double-http\" connections=500 duration=5 n=1000000 path=\"/\" type=\"async-local-storage\"":{"mean":376.9,"sqsum":32.7,"variance":1.1275862068965516,"size":30}},"gc-tracking":{"method=\"trackingEnabled\" n=1000000":{"mean":57882142.178436354,"sqsum":2801801122034.489,"variance":96613831794.29271,"size":30},"method=\"trackingEnabledWithDestroyHook\" n=1000000":{"mean":1818942.575522419,"sqsum":3317581262.8883977,"variance":114399353.89270337,"size":30},"method=\"trackingDisabled\" n=1000000":{"mean":60701337.17899124,"sqsum":8218718581634.454,"variance":283404089021.8777,"size":30}},"http-server":{"asyncHooks=\"init\" benchmarker=\"test-double-http\" connections=50 duration=5":{"mean":26179.533333333333,"sqsum":2434097.466666667,"variance":83934.39540229885,"size":30},"asyncHooks=\"init\" benchmarker=\"test-double-http\" connections=500 duration=5":{"mean":26089.833333333332,"sqsum":2185308.1666666665,"variance":75355.4540229885,"size":30},"asyncHooks=\"before\" benchmarker=\"test-double-http\" connections=50 duration=5":{"mean":25926.366666666665,"sqsum":2052630.9666666666,"variance":70780.37816091954,"size":30},"asyncHooks=\"before\" benchmarker=\"test-double-http\" connections=500 duration=5":{"mean":25967.9,"sqsum":2045482.7,"variance":70533.88620689655,"size":30},"asyncHooks=\"after\" benchmarker=\"test-double-http\" connections=50 duration=5":{"mean":26083.866666666665,"sqsum":2380149.466666667,"variance":82074.11954022989,"size":30},"asyncHooks=\"after\" benchmarker=\"test-double-http\" connections=500 duration=5":{"mean":26068.233333333334,"sqsum":2849651.3666666667,"variance":98263.84022988506,"size":30},"asyncHooks=\"all\" benchmarker=\"test-double-http\" connections=50 duration=5":{"mean":26075.066666666666,"sqsum":1662551.8666666667,"variance":57329.37471264368,"size":30},"asyncHooks=\"all\" benchmarker=\"test-double-http\" connections=500 duration=5":{"mean":26184.5,"sqsum":1921773.5,"variance":66268.05172413793,"size":30},"asyncHooks=\"disabled\" benchmarker=\"test-double-http\" connections=50 duration=5":{"mean":26162.133333333335,"sqsum":3122199.466666667,"variance":107662.05057471264,"size":30},"asyncHooks=\"disabled\" benchmarker=\"test-double-http\" connections=500 duration=5":{"mean":26001.6,"sqsum":2397627.1999999997,"variance":82676.8,"size":30},"asyncHooks=\"none\" benchmarker=\"test-double-http\" connections=50 duration=5":{"mean":26158.5,"sqsum":2509013.5,"variance":86517.70689655172,"size":30},"asyncHooks=\"none\" benchmarker=\"test-double-http\" connections=500 duration=5":{"mean":26095.733333333334,"sqsum":2572655.8666666667,"variance":88712.27126436781,"size":30}},"promises":{"asyncHooks=\"enabled\" n=1000000":{"mean":947651.6832007761,"sqsum":11984327146.567266,"variance":413252660.2264574,"size":30},"asyncHooks=\"enabledWithDestroy\" n=1000000":{"mean":185889.6687934431,"sqsum":498450399.8009994,"variance":17187944.82072412,"size":30},"asyncHooks=\"enabledWithInitOnly\" n=1000000":{"mean":899148.7526518803,"sqsum":13341043805.800325,"variance":460035993.30345947,"size":30},"asyncHooks=\"disabled\" n=1000000":{"mean":1468690.5145104344,"sqsum":49304899437.87786,"variance":1700168946.1337194,"size":30}}}