{"convertprotocols":{"n=1":{"mean":3939.1043550381382,"sqsum":250564.68854717287,"variance":8640.161674040444,"size":30},"n=50000":{"mean":1016066.5252166903,"sqsum":3428913136.486286,"variance":118238384.01676849,"size":30}},"secure-pair":{"dur=5 securing=\"SecurePair\" size=100":{"mean":1766.4253140066246,"sqsum":14995.431300121136,"variance":517.0838379352116,"size":30},"dur=5 securing=\"SecurePair\" size=1024":{"mean":2709.823338213373,"sqsum":34183.0811405026,"variance":1178.7269358794003,"size":30},"dur=5 securing=\"SecurePair\" size=1048576":{"mean":3887.9521009601995,"sqsum":53287.53019214754,"variance":1837.5010411085357,"size":30},"dur=5 securing=\"TLSSocket\" size=100":{"mean":1744.2718865534468,"sqsum":16079.643679103012,"variance":554.4704716932073,"size":30},"dur=5 securing=\"TLSSocket\" size=1024":{"mean":2748.2965332602935,"sqsum":35339.60555946899,"variance":1218.6070882575514,"size":30},"dur=5 securing=\"TLSSocket\" size=1048576":{"mean":4284.4474845187215,"sqsum":93533.1140090402,"variance":3225.2797934151795,"size":30},"dur=5 securing=\"clear\" size=100":{"mean":623.3287896546415,"sqsum":5204.6054910724315,"variance":179.4691548645666,"size":30},"dur=5 securing=\"clear\" size=1024":{"mean":3932.4846353805897,"sqsum":827291.5182623751,"variance":28527.293733185346,"size":30},"dur=5 securing=\"clear\" size=1048576":{"mean":8766.82140930971,"sqsum":14907807.151522828,"variance":514062.3155697527,"size":30}},"throughput-c2s":{"dur=5 size=100 type=\"buf\"":{"mean":2152.74145002804,"sqsum":14059.035360083331,"variance":484.7943227614942,"size":30},"dur=5 size=1024 type=\"buf\"":{"mean":3804.114339224008,"sqsum":59486.484469237286,"variance":2051.258085146113,"size":30},"dur=5 size=1048576 type=\"buf\"":{"mean":6583.555954038649,"sqsum":69003.53517798132,"variance":2379.4322475165973,"size":30},"dur=5 size=4194304 type=\"buf\"":{"mean":6133.014490013349,"sqsum":42182.36431088147,"variance":1454.5642865821196,"size":30},"dur=5 size=16777216 type=\"buf\"":{"mean":5960.581326684496,"sqsum":55472.63248958838,"variance":1912.8493961927027,"size":30},"dur=5 size=100 type=\"asc\"":{"mean":1176.6424066847387,"sqsum":4120.05367877649,"variance":142.07081650953415,"size":30},"dur=5 size=1024 type=\"asc\"":{"mean":3250.4470320804185,"sqsum":38576.85407265852,"variance":1330.2363473330524,"size":30},"dur=5 size=1048576 type=\"asc\"":{"mean":6121.550592793348,"sqsum":216782.3385790055,"variance":7475.253054448466,"size":30},"dur=5 size=4194304 type=\"asc\"":{"mean":5503.621275891197,"sqsum":64376.3188512095,"variance":2219.87306383481,"size":30},"dur=5 size=16777216 type=\"asc\"":{"mean":5268.386998845258,"sqsum":43443.30048300075,"variance":1498.044844241405,"size":30},"dur=5 size=100 type=\"utf\"":{"mean":1225.965865826363,"sqsum":2968.922865374079,"variance":102.37665053014065,"size":30},"dur=5 size=1024 type=\"utf\"":{"mean":3153.9830906011234,"sqsum":10801.92844932012,"variance":372.4802913558662,"size":30},"dur=5 size=1048576 type=\"utf\"":{"mean":4505.570092150944,"sqsum":40778.66912611,"variance":1406.1610043486207,"size":30},"dur=5 size=4194304 type=\"utf\"":{"mean":4300.4437630174925,"sqsum":9514.090332563708,"variance":328.0720804332313,"size":30},"dur=5 size=16777216 type=\"utf\"":{"mean":4062.6858776467116,"sqsum":11428.586368659679,"variance":394.0891851261958,"size":30}},"throughput-s2c":{"dur=5 recvbufgenfn=\"true\" recvbuflen=0 sendchunklen=256 type=\"buf\"":{"mean":3084.208138623662,"sqsum":35773.959194267925,"variance":1233.5847998023423,"size":30},"dur=5 recvbufgenfn=\"false\" recvbuflen=0 sendchunklen=256 type=\"buf\"":{"mean":3085.842739359426,"sqsum":24194.987907258845,"variance":834.3099278365119,"size":30},"dur=5 recvbufgenfn=\"true\" recvbuflen=65536 sendchunklen=256 type=\"buf\"":{"mean":3454.9761423319583,"sqsum":28575.45159469961,"variance":985.360399817228,"size":30},"dur=5 recvbufgenfn=\"false\" recvbuflen=65536 sendchunklen=256 type=\"buf\"":{"mean":3495.5355365717137,"sqsum":34142.165593648926,"variance":1177.3160549534114,"size":30},"dur=5 recvbufgenfn=\"true\" recvbuflen=1048576 sendchunklen=256 type=\"buf\"":{"mean":3462.9702376852756,"sqsum":33057.36854352388,"variance":1139.9092601215132,"size":30},"dur=5 recvbufgenfn=\"false\" recvbuflen=1048576 sendchunklen=256 type=\"buf\"":{"mean":3495.476765868779,"sqsum":42691.48243385092,"variance":1472.1200839258938,"size":30},"dur=5 recvbufgenfn=\"true\" recvbuflen=0 sendchunklen=32768 type=\"buf\"":{"mean":6013.773826049405,"sqsum":95273.70513600191,"variance":3285.3001771035138,"size":30},"dur=5 recvbufgenfn=\"false\" recvbuflen=0 sendchunklen=32768 type=\"buf\"":{"mean":6006.784636413895,"sqsum":64523.219125541444,"variance":2224.9385905359118,"size":30},"dur=5 recvbufgenfn=\"true\" recvbuflen=65536 sendchunklen=32768 type=\"buf\"":{"mean":7201.461228943108,"sqsum":80822.36893459606,"variance":2786.978239124002,"size":30},"dur=5 recvbufgenfn=\"false\" recvbuflen=65536 sendchunklen=32768 type=\"buf\"":{"mean":7319.746513859326,"sqsum":152594.4474739523,"variance":5261.8774991018045,"size":30},"dur=5 recvbufgenfn=\"true\" recvbuflen=1048576 sendchunklen=32768 type=\"buf\"":{"mean":7190.333677358578,"sqsum":218413.752290293,"variance":7531.508699665275,"size":30},"dur=5 recvbufgenfn=\"false\" recvbuflen=1048576 sendchunklen=32768 type=\"buf\"":{"mean":7288.662554631838,"sqsum":109447.8387494493,"variance":3774.0634051534244,"size":30},"dur=5 recvbufgenfn=\"true\" recvbuflen=0 sendchunklen=131072 type=\"buf\"":{"mean":6475.599077535252,"sqsum":64839.813097574566,"variance":2235.8556240542953,"size":30},"dur=5 recvbufgenfn=\"false\" recvbuflen=0 sendchunklen=131072 type=\"buf\"":{"mean":6480.2893083642375,"sqsum":54881.39111990148,"variance":1892.4617627552234,"size":30},"dur=5 recvbufgenfn=\"true\" recvbuflen=65536 sendchunklen=131072 type=\"buf\"":{"mean":7932.963018883513,"sqsum":119243.53093834847,"variance":4111.845894425809,"size":30},"dur=5 recvbufgenfn=\"false\" recvbuflen=65536 sendchunklen=131072 type=\"buf\"":{"mean":8037.701808752451,"sqsum":131444.43043017108,"variance":4532.566566557623,"size":30},"dur=5 recvbufgenfn=\"true\" recvbuflen=1048576 sendchunklen=131072 type=\"buf\"":{"mean":7921.854458296613,"sqsum":97256.47133962969,"variance":3353.671425504472,"size":30},"dur=5 recvbufgenfn=\"false\" recvbuflen=1048576 sendchunklen=131072 type=\"buf\"":{"mean":8051.257759473372,"sqsum":68014.86448612339,"variance":2345.34015469391,"size":30},"dur=5 recvbufgenfn=\"true\" recvbuflen=0 sendchunklen=16777216 type=\"buf\"":{"mean":5975.119561857469,"sqsum":27489.951357326325,"variance":947.9293571491836,"size":30},"dur=5 recvbufgenfn=\"false\" recvbuflen=0 sendchunklen=16777216 type=\"buf\"":{"mean":5968.908996964422,"sqsum":46004.47136778786,"variance":1586.3610816478572,"size":30},"dur=5 recvbufgenfn=\"true\" recvbuflen=65536 sendchunklen=16777216 type=\"buf\"":{"mean":7064.450166496361,"sqsum":37646.233220715556,"variance":1298.1459731281227,"size":30},"dur=5 recvbufgenfn=\"false\" recvbuflen=65536 sendchunklen=16777216 type=\"buf\"":{"mean":7159.544339820268,"sqsum":27290.707217359097,"variance":941.0588695641068,"size":30},"dur=5 recvbufgenfn=\"true\" recvbuflen=1048576 sendchunklen=16777216 type=\"buf\"":{"mean":7085.691298399842,"sqsum":30012.72863660946,"variance":1034.9216771244642,"size":30},"dur=5 recvbufgenfn=\"false\" recvbuflen=1048576 sendchunklen=16777216 type=\"buf\"":{"mean":7147.844467733909,"sqsum":26287.915941861025,"variance":906.4798600641733,"size":30},"dur=5 recvbufgenfn=\"true\" recvbuflen=0 sendchunklen=256 type=\"asc\"":{"mean":2113.2836087176047,"sqsum":13604.372998516114,"variance":469.1163102936591,"size":30},"dur=5 recvbufgenfn=\"false\" recvbuflen=0 sendchunklen=256 type=\"asc\"":{"mean":2109.691635003932,"sqsum":18066.042215762554,"variance":622.9669729573295,"size":30},"dur=5 recvbufgenfn=\"true\" recvbuflen=65536 sendchunklen=256 type=\"asc\"":{"mean":2285.0382707973527,"sqsum":17883.136418789232,"variance":616.6598765099735,