{"async-resource-vs-destroy":{"asyncMethod=\"callbacks\" benchmarker=\"test-double-http\" connections=500 duration=5 n=1000000 path=\"/\" type=\"async-resource\"":{"mean":420.1666666666667,"sqsum":180.16666666666666,"variance":6.212643678160919,"size":30},"asyncMethod=\"async\" benchmarker=\"test-double-http\" connections=500 duration=5 n=1000000 path=\"/\" type=\"async-resource\"":{"mean":417.73333333333335,"sqsum":201.86666666666667,"variance":6.960919540229885,"size":30},"asyncMethod=\"callbacks\" benchmarker=\"test-double-http\" connections=500 duration=5 n=1000000 path=\"/\" type=\"destroy\"":{"mean":421.3333333333333,"sqsum":168.66666666666666,"variance":5.816091954022989,"size":30},"asyncMethod=\"async\" benchmarker=\"test-double-http\" connections=500 duration=5 n=1000000 path=\"/\" type=\"destroy\"":{"mean":419.8666666666667,"sqsum":129.46666666666667,"variance":4.464367816091954,"size":30},"asyncMethod=\"callbacks\" benchmarker=\"test-double-http\" connections=500 duration=5 n=1000000 path=\"/\" type=\"async-local-storage\"":{"mean":418.3333333333333,"sqsum":172.66666666666666,"variance":5.954022988505748,"size":30},"asyncMethod=\"async\" benchmarker=\"test-double-http\" connections=500 duration=5 n=1000000 path=\"/\" type=\"async-local-storage\"":{"mean":418.26666666666665,"sqsum":215.86666666666667,"variance":7.44367816091954,"size":30}},"gc-tracking":{"method=\"trackingEnabled\" n=1000000":{"mean":47379699.522421114,"sqsum":8154154719666.506,"variance":281177748954.01746,"size":30},"method=\"trackingEnabledWithDestroyHook\" n=1000000":{"mean":1231482.581756568,"sqsum":8829537332.20753,"variance":304466804.5588803,"size":30},"method=\"trackingDisabled\" n=1000000":{"mean":51192121.45328829,"sqsum":6421581674681.415,"variance":221433850851.08328,"size":30}},"http-server":{"asyncHooks=\"init\" benchmarker=\"test-double-http\" connections=50 duration=5":{"mean":13352.2,"sqsum":172564.8,"variance":5950.510344827586,"size":30},"asyncHooks=\"init\" benchmarker=\"test-double-http\" connections=500 duration=5":{"mean":13329.233333333334,"sqsum":214701.36666666667,"variance":7403.49540229885,"size":30},"asyncHooks=\"before\" benchmarker=\"test-double-http\" connections=50 duration=5":{"mean":13397.3,"sqsum":238642.3,"variance":8229.044827586207,"size":30},"asyncHooks=\"before\" benchmarker=\"test-double-http\" connections=500 duration=5":{"mean":13368.166666666666,"sqsum":281070.1666666667,"variance":9692.074712643678,"size":30},"asyncHooks=\"after\" benchmarker=\"test-double-http\" connections=50 duration=5":{"mean":13385.8,"sqsum":273610.8,"variance":9434.855172413792,"size":30},"asyncHooks=\"after\" benchmarker=\"test-double-http\" connections=500 duration=5":{"mean":13378.833333333334,"sqsum":207816.16666666666,"variance":7166.074712643678,"size":30},"asyncHooks=\"all\" benchmarker=\"test-double-http\" connections=50 duration=5":{"mean":13382.833333333334,"sqsum":234098.16666666666,"variance":8072.350574712644,"size":30},"asyncHooks=\"all\" benchmarker=\"test-double-http\" connections=500 duration=5":{"mean":13387.733333333334,"sqsum":192289.86666666667,"variance":6630.685057471264,"size":30},"asyncHooks=\"disabled\" benchmarker=\"test-double-http\" connections=50 duration=5":{"mean":13353.6,"sqsum":138329.2,"variance":4769.972413793103,"size":30},"asyncHooks=\"disabled\" benchmarker=\"test-double-http\" connections=500 duration=5":{"mean":13380.2,"sqsum":367198.8,"variance":12662.027586206896,"size":30},"asyncHooks=\"none\" benchmarker=\"test-double-http\" connections=50 duration=5":{"mean":13347.433333333332,"sqsum":104071.36666666667,"variance":3588.667816091954,"size":30},"asyncHooks=\"none\" benchmarker=\"test-double-http\" connections=500 duration=5":{"mean":13386.833333333334,"sqsum":224464.16666666666,"variance":7740.14367816092,"size":30}},"promises":{"asyncHooks=\"enabled\" n=1000000":{"mean":127629.09484659343,"sqsum":97937611.93530068,"variance":3377159.0322517473,"size":30},"asyncHooks=\"enabledWithDestroy\" n=1000000":{"mean":94826.51225424906,"sqsum":199614810.3260148,"variance":6883269.321586717,"size":30},"asyncHooks=\"enabledWithInitOnly\" n=1000000":{"mean":147615.34222280738,"sqsum":145999847.82472575,"variance":5034477.51119744,"size":30},"asyncHooks=\"disabled\" n=1000000":{"mean":933446.5596828827,"sqsum":34303875003.93045,"variance":1182892241.5148432,"size":30}}}