{"defaultparams-bench":{"method=\"withoutdefaults\" n=100000000":{"mean":551413068.0684768,"sqsum":148360455523331.8,"variance":5115877776666.614,"size":30},"method=\"withdefaults\" n=100000000":{"mean":552097674.5856323,"sqsum":190917342057732.6,"variance":6583356622680.435,"size":30}},"destructuring-bench":{"method=\"swap\" n=100000000":{"mean":373101303.0995374,"sqsum":28407471896978.457,"variance":979567996447.533,"size":30},"method=\"destructure\" n=100000000":{"mean":281144264.7521887,"sqsum":12294489855464.268,"variance":423947926050.492,"size":30}},"destructuring-object-bench":{"method=\"normal\" n=100000000":{"mean":1107821530.0772483,"sqsum":1972609658667524.5,"variance":68021022712673.26,"size":30},"method=\"destructureObject\" n=100000000":{"mean":1105459504.7599897,"sqsum":1770246641673035.8,"variance":61042987643897.79,"size":30}},"foreach-bench":{"count=5 method=\"for\" n=5000000":{"mean":126790403.24106258,"sqsum":31866952155141.47,"variance":1098860419142.8093,"size":30},"count=10 method=\"for\" n=5000000":{"mean":81384405.3706586,"sqsum":16706264087499.861,"variance":576078071982.7539,"size":30},"count=20 method=\"for\" n=5000000":{"mean":47474059.94890712,"sqsum":2456219763186.857,"variance":84697233213.3399,"size":30},"count=100 method=\"for\" n=5000000":{"mean":10374987.478554511,"sqsum":7722802615.201707,"variance":266303538.45523128,"size":30},"count=5 method=\"for-of\" n=5000000":{"mean":75307778.15934809,"sqsum":7481276492000.116,"variance":257975051448.27988,"size":30},"count=10 method=\"for-of\" n=5000000":{"mean":46345879.74891395,"sqsum":2900880013511.6655,"variance":100030345293.50572,"size":30},"count=20 method=\"for-of\" n=5000000":{"mean":27723344.410664674,"sqsum":293738734067.58923,"variance":10128921864.39963,"size":30},"count=100 method=\"for-of\" n=5000000":{"mean":9584874.559161894,"sqsum":3849994899.8795214,"variance":132758444.82343177,"size":30},"count=5 method=\"for-in\" n=5000000":{"mean":2547800.4217726723,"sqsum":70980295858.94547,"variance":2447596408.929154,"size":30},"count=10 method=\"for-in\" n=5000000":{"mean":1679762.6963407556,"sqsum":14085882036.986864,"variance":485720070.2409263,"size":30},"count=20 method=\"for-in\" n=5000000":{"mean":987273.1091075898,"sqsum":12309646892.912374,"variance":424470582.5142198,"size":30},"count=100 method=\"for-in\" n=5000000":{"mean":231982.44177346877,"sqsum":375188170.6554774,"variance":12937523.126050945,"size":30},"count=5 method=\"forEach\" n=5000000":{"mean":98344620.00480227,"sqsum":28270817096565.973,"variance":974855761950.5508,"size":30},"count=10 method=\"forEach\" n=5000000":{"mean":64682899.87751291,"sqsum":11655247741147.854,"variance":401905094522.3397,"size":30},"count=20 method=\"forEach\" n=5000000":{"mean":46398357.53904275,"sqsum":6051268633572.556,"variance":208664435640.43295,"size":30},"count=100 method=\"forEach\" n=5000000":{"mean":13685801.660486074,"sqsum":56002542859.42667,"variance":1931122167.5664368,"size":30}},"map-bench":{"method=\"object\" n=1000000":{"mean":335023.1682603026,"sqsum":309225090.2250846,"variance":10662934.145692572,"size":30},"method=\"nullProtoObject\" n=1000000":{"mean":347059.78588694346,"sqsum":520972012.89897186,"variance":17964552.168930065,"size":30},"method=\"nullProtoLiteralObject\" n=1000000":{"mean":347519.7094147981,"sqsum":329256659.3568425,"variance":11353677.908856638,"size":30},"method=\"storageObject\" n=1000000":{"mean":344725.5862203696,"sqsum":335200454.2541701,"variance":11558636.353592074,"size":30},"method=\"fakeMap\" n=1000000":{"mean":278642.26274037856,"sqsum":170413351.99179256,"variance":5876322.482475605,"size":30},"method=\"map\" n=1000000":{"mean":628716.10756686,"sqsum":2359309230.2813697,"variance":81355490.69935757,"size":30}},"restparams-bench":{"method=\"copy\" n=100000000":{"mean":30442818.745688725,"sqsum":31524879255564.203,"variance":1087064801916.007,"size":30},"method=\"rest\" n=100000000":{"mean":141627303.53774706,"sqsum":574570089994.8678,"variance":19812761723.96096,"size":30},"method=\"arguments\" n=100000000":{"mean":141653567.62129185,"sqsum":1118811086306.3828,"variance":38579692631.254585,"size":30}},"spread-assign":{"count=5 method=\"spread\" n=1000000":{"mean":23232464.56797245,"sqsum":1522507000375.6602,"variance":52500241392.264145,"size":30},"count=10 method=\"spread\" n=1000000":{"mean":19524148.24208619,"sqsum":682948425778.0568,"variance":23549945716.48472,"size":30},"count=20 method=\"spread\" n=1000000":{"mean":107568.75213063575,"sqsum":206579213.77771062,"variance":7123421.164748642,"size":30},"count=5 method=\"assign\" n=1000000":{"mean":5397813.307524928,"sqsum":140803192236.59332,"variance":4855282490.917011,"size":30},"count=10 method=\"assign\" n=1000000":{"mean":2692102.296047679,"sqsum":26094212420.111423,"variance":899800428.2797043,"size":30},"count=20 method=\"assign\" n=1000000":{"mean":89804.94275541464,"sqsum":74468811.82421187,"variance":2567890.0629038573,"size":30},"count=5 method=\"_extend\" n=1000000":{"mean":3342675.079785512,"sqsum":84756802691.9653,"variance":2922648368.688459,"size":30},"count=10 method=\"_extend\" n=1000000":{"mean":1601811.0469701185,"sqsum":6825898396.005395,"variance":235375806.75880674,"size":30},"count=20 method=\"_extend\" n=1000000":{"mean":265378.03537668183,"sqsum":798867234.6123172,"variance":27547146.021114387,"size":30}},"spread-bench":{"context=\"context\" count=5 method=\"apply\" n=5000000 rest=0":{"mean":29837244.78089098,"sqsum":26575261471854.793,"variance":916388326615.6825,"size":30},"context=\"context\" count=5 method=\"apply\" n=5000000 rest=1":{"mean":29624736.709168084,"sqsum":227388967987.5143,"variance":7840998896.121183,"size":30},"context=\"null\" count=5 method=\"apply\" n=5000000 rest=0":{"mean":29861002.787037965,"sqsum":14188680986858.701,"variance":489264861615.8173,"size":30},"context=\"null\" count=5 method=\"apply\" n=5000000 rest=1":{"mean":29213633.898496374,"sqsum":17536856254476.152,"variance":604719181188.8329,"size":30},"context=\"context\" count=10 method=\"apply\" n=5000000 rest=0":{"mean":23413592.990476493,"sqsum":6209323042864.73,"variance":214114587684.9907,"size":30},"context=\"context\" count=10 method=\"apply\" n=5000000 rest=1":{"mean":23239823.1041824,"sqsum":10404435009653.953,"variance":358773621022.5501,"size":30},"context=\"null\" count=10 method=\"apply\" n=5000000 rest=0":{"mean":23343137.334307615,"sqsum":12614803292138.658,"variance":434993216970.2985,"size":30},"context=\"null\" count=10 method=\"apply\" n=5000000 rest=1":{"mean":23196089.473786276,"sqsum":10727182581000.146,"variance":369902847620.6947,"size":30},"context=\"context\" count=20 method=\"apply\" n=5000000 rest=0":{"mean":18134022.40150631,"sqsum":803048257057.338,"variance":27691319208.873722,"size":30},"context=\"context\" count=20 method=\"apply\" n=5000000 rest=1":{"mean":17964465.950387225,"sqsum":463509113630.8103,"variance":15983072883.821045,"size":30},"context=\"null\" count=20 method=\"apply\" n=5000000 rest=0":{"mean":18042761.86916423,"sqsum":3980425244220.8096,"variance":137256042904.16585,"size":30},"context=\"null\" count=20 method=\"apply\" n=5000000 rest=1":{"mean":17953931.69076159,"sqsum":553669977244.425,"variance":19092068180.842243,"size":30},"context=\"context\" count=5 method=\"spread\" n=5000000 rest=0":{"mean":30502486.071059216,"sqsum":1187967435311.0334,"variance":40964394321.07012,"size":30},"context=\"context\" count=5 method=\"spread\" n=5000000 rest=1":{"mean":29618791.51401785,"sqsum":18782108571099.08,"variance":647658916244.7958,"size":30},"context=\"null\" count=5 method=\"spread\" n=5000000 rest=0":{"mean":34028654.697685264,"sqsum":10903812668744.012,"variance":375993540301.5177,"size":30},"context=\"null\" count=5 method=\"spread\" n=5000000 rest=1":{"mean":33335116.33578401,"sqsum":17352854585072.982,"variance":598374296036.9994,"size":30},"context=\"context\" count=10 method=\"spread\" n=5000000 rest=0":{"mean":24457561.069699854,