{"cpus":{"n=30000":{"mean":7335.335384874476,"sqsum":25603.806339105897,"variance":882.8898737622724,"size":30}},"loadavg":{"n=5000000":{"mean":285488.3625569032,"sqsum":171838349.8365855,"variance":5925460.339192603,"size":30}},"networkInterfaces":{"n=10000":{"mean":7588.281483125522,"sqsum":8021.586635356316,"variance":276.60643570194196,"size":30}}}