{"querystring-parse":{"n=1000000 type=\"noencode\"":{"mean":2251917.9083278202,"sqsum":31477618191.022125,"variance":1085435110.0352457,"size":30},"n=1000000 type=\"multicharsep\"":{"mean":1615203.8448407163,"sqsum":10490918307.255672,"variance":361755803.6984714,"size":30},"n=1000000 type=\"encodefake\"":{"mean":2121638.4700907106,"sqsum":23055517559.50125,"variance":795017846.8793535,"size":30},"n=1000000 type=\"encodemany\"":{"mean":823722.2953998154,"sqsum":9586718776.392159,"variance":330576509.5307641,"size":30},"n=1000000 type=\"encodelast\"":{"mean":1643201.3473141876,"sqsum":15883374666.141764,"variance":547702574.6945436,"size":30},"n=1000000 type=\"multivalue\"":{"mean":1583802.9437076603,"sqsum":68067623218.199905,"variance":2347159421.3172383,"size":30},"n=1000000 type=\"multivaluemany\"":{"mean":598998.0722663229,"sqsum":3183868055.2261305,"variance":109788553.62848726,"size":30},"n=1000000 type=\"manypairs\"":{"mean":440715.726892899,"sqsum":1418087682.5828767,"variance":48899575.261478506,"size":30},"n=1000000 type=\"manyblankpairs\"":{"mean":7806021.1900715185,"sqsum":13954204557.688757,"variance":481179467.5065089,"size":30},"n=1000000 type=\"altspaces\"":{"mean":1106548.8029339341,"sqsum":13438027785.079037,"variance":463380268.4510013,"size":30}},"querystring-stringify":{"n=1000000 type=\"noencode\"":{"mean":3484013.2424885347,"sqsum":9452263590.857775,"variance":325940123.8226819,"size":30},"n=1000000 type=\"encodemany\"":{"mean":2147105.0695168837,"sqsum":412424186.37343776,"variance":14221523.668049578,"size":30},"n=1000000 type=\"encodelast\"":{"mean":3012370.3681665496,"sqsum":478973532.04031104,"variance":16516328.691045208,"size":30},"n=1000000 type=\"array\"":{"mean":3023112.160492935,"sqsum":4121737018.783189,"variance":142128862.7166617,"size":30},"n=1000000 type=\"multiprimitives\"":{"mean":4448315.779957151,"sqsum":17254988595.24258,"variance":594999606.7325028,"size":30}},"querystring-unescapebuffer":{"input=\"there is nothing to unescape here\" n=10000000":{"mean":4861550.945768731,"sqsum":5103000422.344922,"variance":175965531.80499732,"size":30},"input=\"there%20are%20several%20spaces%20that%20need%20to%20be%20unescaped\" n=10000000":{"mean":2036114.0229727984,"sqsum":452162105.3248152,"variance":15591796.735338455,"size":30},"input=\"there%2Qare%0-fake%escaped values in%%%%this%9Hstring\" n=10000000":{"mean":2722399.740817473,"sqsum":199401814.05694875,"variance":6875924.622653405,"size":30},"input=\"%20%21%22%23%24%25%26%27%28%29%2A%2B%2C%2D%2E%2F%30%31%32%33%34%35%36%37\" n=10000000":{"mean":2131560.3312274595,"sqsum":1828066091.5341432,"variance":63036761.77703942,"size":30}}}