{"async-local-storage-run":{"n=10000000":{"mean":2727756.6864369786,"sqsum":343002932256.88745,"variance":11827687319.203016,"size":30}},"async-resource-vs-destroy":{"asyncMethod=\"callbacks\" benchmarker=\"test-double-http\" connections=500 duration=5 n=1000000 path=\"/\" type=\"async-resource\"":{"mean":388.8333333333333,"sqsum":16.166666666666668,"variance":0.5574712643678161,"size":30},"asyncMethod=\"async\" benchmarker=\"test-double-http\" connections=500 duration=5 n=1000000 path=\"/\" type=\"async-resource\"":{"mean":382.8666666666667,"sqsum":31.466666666666665,"variance":1.085057471264368,"size":30},"asyncMethod=\"callbacks\" benchmarker=\"test-double-http\" connections=500 duration=5 n=1000000 path=\"/\" type=\"destroy\"":{"mean":386.6,"sqsum":35.2,"variance":1.2137931034482758,"size":30},"asyncMethod=\"async\" benchmarker=\"test-double-http\" connections=500 duration=5 n=1000000 path=\"/\" type=\"destroy\"":{"mean":383.56666666666666,"sqsum":69.36666666666666,"variance":2.391954022988506,"size":30},"asyncMethod=\"callbacks\" benchmarker=\"test-double-http\" connections=500 duration=5 n=1000000 path=\"/\" type=\"async-local-storage\"":{"mean":385.1666666666667,"sqsum":50.166666666666664,"variance":1.7298850574712643,"size":30},"asyncMethod=\"async\" benchmarker=\"test-double-http\" connections=500 duration=5 n=1000000 path=\"/\" type=\"async-local-storage\"":{"mean":382.8333333333333,"sqsum":52.166666666666664,"variance":1.7988505747126438,"size":30}},"gc-tracking":{"method=\"trackingEnabled\" n=1000000":{"mean":65783908.310282454,"sqsum":27148352224249.605,"variance":936150076698.2623,"size":30},"method=\"trackingEnabledWithDestroyHook\" n=1000000":{"mean":1880728.773921796,"sqsum":4793731525.474613,"variance":165301087.08533147,"size":30},"method=\"trackingDisabled\" n=1000000":{"mean":69781668.88536263,"sqsum":15539510044440.69,"variance":535845173946.2307,"size":30}},"http-server":{"asyncHooks=\"init\" benchmarker=\"test-double-http\" connections=50 duration=5":{"mean":26879.666666666668,"sqsum":2354970.6666666665,"variance":81205.88505747127,"size":30},"asyncHooks=\"init\" benchmarker=\"test-double-http\" connections=500 duration=5":{"mean":26790.433333333334,"sqsum":3570603.3666666667,"variance":123124.2540229885,"size":30},"asyncHooks=\"before\" benchmarker=\"test-double-http\" connections=50 duration=5":{"mean":26723.133333333335,"sqsum":2341703.466666667,"variance":80748.39540229885,"size":30},"asyncHooks=\"before\" benchmarker=\"test-double-http\" connections=500 duration=5":{"mean":26662.566666666666,"sqsum":2668487.3666666667,"variance":92016.80574712643,"size":30},"asyncHooks=\"after\" benchmarker=\"test-double-http\" connections=50 duration=5":{"mean":26730.133333333335,"sqsum":2854929.466666667,"variance":98445.84367816092,"size":30},"asyncHooks=\"after\" benchmarker=\"test-double-http\" connections=500 duration=5":{"mean":26785.233333333334,"sqsum":3260323.3666666667,"variance":112424.94367816093,"size":30},"asyncHooks=\"all\" benchmarker=\"test-double-http\" connections=50 duration=5":{"mean":26759.2,"sqsum":2412598.8,"variance":83193.06206896552,"size":30},"asyncHooks=\"all\" benchmarker=\"test-double-http\" connections=500 duration=5":{"mean":26900.8,"sqsum":3227328.8,"variance":111287.2,"size":30},"asyncHooks=\"disabled\" benchmarker=\"test-double-http\" connections=50 duration=5":{"mean":26764.5,"sqsum":2682639.5,"variance":92504.81034482758,"size":30},"asyncHooks=\"disabled\" benchmarker=\"test-double-http\" connections=500 duration=5":{"mean":26869.533333333333,"sqsum":999587.4666666667,"variance":34468.53333333333,"size":30},"asyncHooks=\"none\" benchmarker=\"test-double-http\" connections=50 duration=5":{"mean":26774.366666666665,"sqsum":2016704.9666666668,"variance":69541.55057471264,"size":30},"asyncHooks=\"none\" benchmarker=\"test-double-http\" connections=500 duration=5":{"mean":26853.4,"sqsum":2192565.2,"variance":75605.69655172413,"size":30}},"promises":{"asyncHooks=\"enabled\" n=1000000":{"mean":909821.2909006501,"sqsum":9881395599.52665,"variance":340737779.2940224,"size":30},"asyncHooks=\"enabledWithDestroy\" n=1000000":{"mean":358360.79750221595,"sqsum":733465946.7684121,"variance":25291929.198910765,"size":30},"asyncHooks=\"enabledWithInitOnly\" n=1000000":{"mean":870613.9598628319,"sqsum":1751367113.741566,"variance":60391969.439364344,"size":30},"asyncHooks=\"disabled\" n=1000000":{"mean":1467506.9857754707,"sqsum":18251689025.566647,"variance":629368587.088505,"size":30}}}