{"basename-posix":{"n=100000 pathext=\"\"":{"mean":7711366.773505162,"sqsum":947930158071.5724,"variance":32687246830.054222,"size":30},"n=100000 pathext=\"/\"":{"mean":6540418.387249106,"sqsum":504102495834.67645,"variance":17382844683.95436,"size":30},"n=100000 pathext=\"/foo\"":{"mean":5682798.197677492,"sqsum":341605880944.3828,"variance":11779513136.0132,"size":30},"n=100000 pathext=\"/foo/.bar.baz\"":{"mean":4158130.0338978814,"sqsum":105405404709.64738,"variance":3634669127.9188757,"size":30},"n=100000 pathext=\"/foo/.bar.baz|.baz\"":{"mean":3126247.1329533476,"sqsum":141740847765.65314,"variance":4887615440.194936,"size":30},"n=100000 pathext=\"foo\"":{"mean":6255234.43803041,"sqsum":286869441553.48206,"variance":9892049708.74076,"size":30},"n=100000 pathext=\"foo/bar.\"":{"mean":4976801.571145733,"sqsum":152403077746.80188,"variance":5255278542.993169,"size":30},"n=100000 pathext=\"foo/bar.|.\"":{"mean":3629841.1075403243,"sqsum":26346452791.058624,"variance":908498372.1054698,"size":30},"n=100000 pathext=\"/foo/bar/baz/asdf/quux.html\"":{"mean":4063263.6476402907,"sqsum":82280909406.19098,"variance":2837272738.1445165,"size":30},"n=100000 pathext=\"/foo/bar/baz/asdf/quux.html|.html\"":{"mean":3048998.9125832133,"sqsum":167057726279.15918,"variance":5760611251.005489,"size":30}},"basename-win32":{"n=100000 pathext=\"\"":{"mean":7173080.137945563,"sqsum":416619752609.7579,"variance":14366198365.85372,"size":30},"n=100000 pathext=\"C:\\\\\"":{"mean":5253454.304362833,"sqsum":588698375355.8481,"variance":20299943977.78787,"size":30},"n=100000 pathext=\"C:\\\\foo\"":{"mean":4708106.00319897,"sqsum":189515641386.09064,"variance":6535022116.761745,"size":30},"n=100000 pathext=\"D:\\\\foo\\\\.bar.baz\"":{"mean":3546519.0072749155,"sqsum":128339123358.64328,"variance":4425487012.36701,"size":30},"n=100000 pathext=\"E:\\\\foo\\\\.bar.baz|.baz\"":{"mean":2993802.811975929,"sqsum":78721518817.42252,"variance":2714535131.6352596,"size":30},"n=100000 pathext=\"foo\"":{"mean":5227491.949640423,"sqsum":342661495033.7066,"variance":11815913621.851952,"size":30},"n=100000 pathext=\"foo\\\\bar.\"":{"mean":4166999.3832857287,"sqsum":190965383528.16214,"variance":6585013225.109039,"size":30},"n=100000 pathext=\"foo\\\\bar.|.\"":{"mean":3460476.5196543774,"sqsum":217925642841.35532,"variance":7514677339.35708,"size":30},"n=100000 pathext=\"\\\\foo\\\\bar\\\\baz\\\\asdf\\\\quux.html\"":{"mean":3560127.358881082,"sqsum":57348305813.14202,"variance":1977527786.6600697,"size":30},"n=100000 pathext=\"\\\\foo\\\\bar\\\\baz\\\\asdf\\\\quux.html|.html\"":{"mean":3020769.8467271877,"sqsum":87635249213.47855,"variance":3021905145.292364,"size":30}},"dirname-posix":{"n=100000 path=\"\"":{"mean":7642164.0036218325,"sqsum":665925501135.7982,"variance":22962948315.027523,"size":30},"n=100000 path=\"/\"":{"mean":6559563.275554571,"sqsum":559440014640.554,"variance":19291034987.60531,"size":30},"n=100000 path=\"/foo\"":{"mean":5947836.357856643,"sqsum":654265517181.8811,"variance":22560879902.823483,"size":30},"n=100000 path=\"/foo/bar\"":{"mean":4881929.89704231,"sqsum":226250700352.30722,"variance":7801748288.010593,"size":30},"n=100000 path=\"foo\"":{"mean":6210639.980584377,"sqsum":314171984920.6171,"variance":10833516721.40059,"size":30},"n=100000 path=\"foo/bar\"":{"mean":5511443.99372972,"sqsum":276168309656.44385,"variance":9523045160.567028,"size":30},"n=100000 path=\"/foo/bar/baz/asdf/quux\"":{"mean":4510109.690372916,"sqsum":333961548772.8441,"variance":11515915474.92566,"size":30}},"dirname-win32":{"n=100000 path=\"\"":{"mean":6748450.390946329,"sqsum":2329938834029.1245,"variance":80342718414.7974,"size":30},"n=100000 path=\"\\\\\"":{"mean":5488017.065800139,"sqsum":752256721961.5895,"variance":25939886964.192738,"size":30},"n=100000 path=\"\\\\foo\"":{"mean":5031378.228930684,"sqsum":590977182178.1788,"variance":20378523523.385475,"size":30},"n=100000 path=\"C:\\\\foo\\\\bar\"":{"mean":3924037.847005759,"sqsum":202746120344.4042,"variance":6991245529.117387,"size":30},"n=100000 path=\"foo\"":{"mean":5129737.786091189,"sqsum":113063891440.14539,"variance":3898754877.2463927,"size":30},"n=100000 path=\"foo\\\\bar\"":{"mean":4656129.139090379,"sqsum":292687373422.4941,"variance":10092668049.051521,"size":30},"n=100000 path=\"D:\\\\foo\\\\bar\\\\baz\\\\asdf\\\\quux\"":{"mean":3663430.4846583605,"sqsum":180190929899.95688,"variance":6213480341.377823,"size":30}},"extname-posix":{"n=100000 path=\"\"":{"mean":8528252.80900407,"sqsum":360331932036.8221,"variance":12425239035.752485,"size":30},"n=100000 path=\"/\"":{"mean":7223497.504390494,"sqsum":576311670704.2314,"variance":19872816231.180397,"size":30},"n=100000 path=\"/foo\"":{"mean":6527389.334522715,"sqsum":745819359786.5258,"variance":25717908958.15606,"size":30},"n=100000 path=\"foo/.bar.baz\"":{"mean":3703218.997710906,"sqsum":106332405630.91998,"variance":3666634676.928275,"size":30},"n=100000 path=\"index.html\"":{"mean":4000417.0783722703,"sqsum":170790132636.7842,"variance":5889314918.5098,"size":30},"n=100000 path=\"index\"":{"mean":6042558.071971773,"sqsum":225703311650.302,"variance":7782872815.527655,"size":30},"n=100000 path=\"foo/bar/..baz.quux\"":{"mean":3294175.9421498957,"sqsum":52203149121.84296,"variance":1800108590.408378,"size":30},"n=100000 path=\"foo/bar/...baz.quux\"":{"mean":3171312.32634253,"sqsum":27224358874.48134,"variance":938770995.6717703,"size":30},"n=100000 path=\"/foo/bar/baz/asdf/quux\"":{"mean":4890638.351362299,"sqsum":731881517625.2875,"variance":25237293711.21681,"size":30},"n=100000 path=\"/foo/bar/baz/asdf/quux.foobarbazasdfquux\"":{"mean":2821491.9832336083,"sqsum":19711521855.689335,"variance":679707650.1961839,"size":30}},"extname-win32":{"n=100000 path=\"\"":{"mean":7530599.373906335,"sqsum":528441978187.55225,"variance":18222137178.88111,"size":30},"n=100000 path=\"\\\\\"":{"mean":6266025.698691596,"sqsum":595073609081.7325,"variance":20519779623.50802,"size":30},"n=100000 path=\"C:\\\\foo\"":{"mean":5112101.236954722,"sqsum":108023937961.6378,"variance":3724963377.9875107,"size":30},"n=100000 path=\"foo\\\\.bar.baz\"":{"mean":3460853.329635821,"sqsum":98957691709.3557,"variance":3412334196.874335,"size":30},"n=100000 path=\"index.html\"":{"mean":3544228.879774962,"sqsum":104853860739.86253,"variance":3615650370.340087,"size":30},"n=100000 path=\"index\"":{"mean":5271852.329803448,"sqsum":196260847416.4628,"variance":6767615428.15389,"size":30},"n=100000 path=\"foo\\\\bar\\\\..baz.quux\"":{"mean":3061155.091335973,"sqsum":61097270955.76029,"variance":2106802446.7503548,"size":30},"n=100000 path=\"foo\\\\bar\\\\...baz.quux\"":{"mean":2934972.7131127445,"sqsum":34000990892.82842,"variance":1172447961.8216696,"size":30},"n=100000 path=\"D:\\\\foo\\\\bar\\\\baz\\\\asdf\\\\quux\"":{"mean":4116037.1881318344,"sqsum":155546743924.6544,"variance":5363680824.988082,"size":30},"n=100000 path=\"\\\\foo\\\\bar\\\\baz\\\\asdf\\\\quux.foobarbazasdfquux\"":{"mean":2652050.586482107,"sqsum":26760823765.124607,"variance":922787026.3836071,"size":30}},"format-posix":{"n=1000000 props=\"/|/home/user/dir|index.html|.html|index\"":{"mean":4025364.4138832763,"sqsum":150178136737.68207,"variance":5178556439.230416,"size":30}},"format-win32":{"n=1000000 props=\"C:\\\\|C:\\\\path\\\\dir|index.html|.html|index\"":{"mean":3862872.8606361295,"sqsum":46570679275.63379,"variance":1605885492.2632341,"size":30}},"isAbsolute-posix":{"n=100000 path=\"\"":{"mean":11364505.449540472,"sqsum":1020273639971.6807,"variance":35181849654.195885,"size":30},"n=100000 path=\".\"":{"mean":9401189.487109125,"sqsum":833845906452.9182,"variance":28753307119.066143,"size":30},"n=100000 path=\"/foo/bar\"":{"mean":7521000.409781388,"sqsum":435982085619.7938,"variance":15033865021.372202,"size":30},"n=100000 path=\"/baz/..\"":{"mean":8626209.231476478,"sqsum":985139941732.4227,"variance":33970342818.359406,"size":30},"n=100000 path=\"bar/baz\"":{"mean":8622438.522320593,"sqsum":499888274698.82983,