{"create-context":{"n=100":{"mean":1482.2404907521636,"sqsum":3233.266243880248,"variance":111.4919394441465,"size":30}},"run-in-context":{"breakOnSigint=0 n=1 withSigintListener=0":{"mean":1942.4998556649355,"sqsum":413004.96199721296,"variance":14241.550413696998,"size":30},"breakOnSigint=0 n=1 withSigintListener=1":{"mean":1941.6103944078511,"sqsum":647576.3987004043,"variance":22330.220644841527,"size":30},"breakOnSigint=1 n=1 withSigintListener=0":{"mean":1175.9742377548102,"sqsum":176659.56119885086,"variance":6091.709006856926,"size":30},"breakOnSigint=1 n=1 withSigintListener=1":{"mean":861.041335225987,"sqsum":149103.3050168819,"variance":5141.493276444204,"size":30}},"run-in-this-context":{"breakOnSigint=0 n=1 withSigintListener=0":{"mean":2009.0261903706914,"sqsum":382791.3011130253,"variance":13199.700038380182,"size":30},"breakOnSigint=0 n=1 withSigintListener=1":{"mean":2045.4720434604205,"sqsum":82014.16442316999,"variance":2828.074635281724,"size":30},"breakOnSigint=1 n=1 withSigintListener=0":{"mean":1154.9698486110194,"sqsum":624829.6864491958,"variance":21545.85125686882,"size":30},"breakOnSigint=1 n=1 withSigintListener=1":{"mean":848.4268647748689,"sqsum":196984.30352862296,"variance":6792.562190642171,"size":30}}}