{"create-context":{"n=100":{"mean":1879.5998935081118,"sqsum":10102.152202054694,"variance":348.3500759329205,"size":30}},"run-in-context":{"breakOnSigint=0 n=1 withSigintListener=0":{"mean":3284.709948144927,"sqsum":530759.0030785676,"variance":18302.03458891612,"size":30},"breakOnSigint=0 n=1 withSigintListener=1":{"mean":3331.385569142978,"sqsum":391945.76818970457,"variance":13515.371316886363,"size":30},"breakOnSigint=1 n=1 withSigintListener=0":{"mean":2200.7746124601767,"sqsum":1210050.0002285743,"variance":41725.862076847385,"size":30},"breakOnSigint=1 n=1 withSigintListener=1":{"mean":1526.9318123605492,"sqsum":533825.4800160275,"variance":18407.775172966467,"size":30}},"run-in-this-context":{"breakOnSigint=0 n=1 withSigintListener=0":{"mean":3467.3742115187624,"sqsum":389453.58142905985,"variance":13429.433842381373,"size":30},"breakOnSigint=0 n=1 withSigintListener=1":{"mean":3437.8581164978186,"sqsum":1071663.9076677614,"variance":36953.92785061246,"size":30},"breakOnSigint=1 n=1 withSigintListener=0":{"mean":2327.806756472402,"sqsum":805687.8375049138,"variance":27782.339224307372,"size":30},"breakOnSigint=1 n=1 withSigintListener=1":{"mean":1573.7352094217033,"sqsum":276958.972546524,"variance":9550.309398156,"size":30}}}