{"ee-add-remove":{"n=1000000 newListener=0 removeListener=0":{"mean":1202395.35100522,"sqsum":1860071451.07868,"variance":64140394.86478207,"size":30},"n=1000000 newListener=0 removeListener=1":{"mean":814661.7625690458,"sqsum":4828003671.884952,"variance":166482885.23741212,"size":30},"n=1000000 newListener=1 removeListener=0":{"mean":930984.2209926248,"sqsum":1540913644.5365767,"variance":53134953.25988195,"size":30},"n=1000000 newListener=1 removeListener=1":{"mean":701287.5592312422,"sqsum":9734307921.213009,"variance":335665790.38665545,"size":30}},"ee-emit":{"argc=0 listeners=1 n=2000000":{"mean":62584392.27722617,"sqsum":12784904809063.145,"variance":440858786519.4188,"size":30},"argc=0 listeners=5 n=2000000":{"mean":15736149.387476947,"sqsum":274119798592.09854,"variance":9452406848.003397,"size":30},"argc=0 listeners=10 n=2000000":{"mean":8955543.383764671,"sqsum":92935149273.48212,"variance":3204660319.775245,"size":30},"argc=2 listeners=1 n=2000000":{"mean":63028244.787734374,"sqsum":12599002168645.559,"variance":434448350642.9503,"size":30},"argc=2 listeners=5 n=2000000":{"mean":15400334.863506509,"sqsum":146994633144.95462,"variance":5068780453.274298,"size":30},"argc=2 listeners=10 n=2000000":{"mean":7547187.627023079,"sqsum":70571050435.39732,"variance":2433484497.7723217,"size":30},"argc=4 listeners=1 n=2000000":{"mean":63039039.53204159,"sqsum":10311806965907.998,"variance":355579550548.5517,"size":30},"argc=4 listeners=5 n=2000000":{"mean":15613460.853830503,"sqsum":804358063789.9568,"variance":27736484958.274372,"size":30},"argc=4 listeners=10 n=2000000":{"mean":7240796.580253615,"sqsum":348914232074.2749,"variance":12031525243.940514,"size":30},"argc=10 listeners=1 n=2000000":{"mean":61062557.656058386,"sqsum":433167282653258.56,"variance":14936802850112.365,"size":30},"argc=10 listeners=5 n=2000000":{"mean":13805063.308461908,"sqsum":1477407735553.9814,"variance":50945094329.44763,"size":30},"argc=10 listeners=10 n=2000000":{"mean":6700222.628801043,"sqsum":22446558130.747543,"variance":774019245.8878464,"size":30}},"ee-listener-count-on-prototype":{"n=50000000":{"mean":77639599.49218585,"sqsum":89611586014070.83,"variance":3090054690140.373,"size":30}},"ee-listeners":{"listeners=5 n=5000000 raw=\"true\"":{"mean":53974073.521329,"sqsum":22210210205176.47,"variance":765869317419.8783,"size":30},"listeners=5 n=5000000 raw=\"false\"":{"mean":28476529.726188798,"sqsum":3150689061752.8774,"variance":108644450405.27164,"size":30},"listeners=50 n=5000000 raw=\"true\"":{"mean":19115854.73790952,"sqsum":1066114372180.609,"variance":36762564557.952034,"size":30},"listeners=50 n=5000000 raw=\"false\"":{"mean":5780987.893164369,"sqsum":17960206438.459915,"variance":619317463.3951695,"size":30}},"ee-once":{"argc=0 n=20000000":{"mean":7808873.343440501,"sqsum":18198306802.749714,"variance":627527820.784473,"size":30},"argc=1 n=20000000":{"mean":7654484.133030284,"sqsum":5913800893.458357,"variance":203924168.73994336,"size":30},"argc=4 n=20000000":{"mean":7490553.546637313,"sqsum":36969869895.845474,"variance":1274823099.8567405,"size":30},"argc=5 n=20000000":{"mean":7409993.922625181,"sqsum":32821634875.97165,"variance":1131780512.9645398,"size":30}},"eventtarget":{"listeners=1 n=1000000":{"mean":2855246.730942519,"sqsum":9742793966.035454,"variance":335958412.6219122,"size":30},"listeners=5 n=1000000":{"mean":2451726.8775364263,"sqsum":39656711359.97618,"variance":1367472805.5164201,"size":30},"listeners=10 n=1000000":{"mean":2065428.2848892976,"sqsum":113635476103.79218,"variance":3918464693.234213,"size":30}}}