{"atomics-wait":{"n=10000000":{"mean":10116827.605833337,"sqsum":505733667000.56085,"variance":17439091965.53658,"size":30}},"bench-eventlooputil":{"method=\"ELU_simple\" n=1000000":{"mean":6408719.594376882,"sqsum":220335600515.62738,"variance":7597779328.125082,"size":30},"method=\"ELU_passed\" n=1000000":{"mean":5892908.006232035,"sqsum":150403728778.91928,"variance":5186335475.135147,"size":30}},"echo":{"n=100000 payload=\"string\" sendsPerBroadcast=1 workers=1":{"mean":83648.05394213197,"sqsum":89410583.07503092,"variance":3083123.554311411,"size":30},"n=100000 payload=\"string\" sendsPerBroadcast=10 workers=1":{"mean":49849.13744872919,"sqsum":33461586.400501706,"variance":1153847.806913852,"size":30},"n=100000 payload=\"object\" sendsPerBroadcast=1 workers=1":{"mean":64144.99559747345,"sqsum":55840821.969049715,"variance":1925545.5851396453,"size":30},"n=100000 payload=\"object\" sendsPerBroadcast=10 workers=1":{"mean":30041.582849830847,"sqsum":27893872.01799032,"variance":961857.6557927696,"size":30}},"messageport":{"n=1000000 payload=\"string\" style=\"eventtarget\"":{"mean":682807.7605071637,"sqsum":11881774517.583956,"variance":409716362.67530876,"size":30},"n=1000000 payload=\"string\" style=\"eventemitter\"":{"mean":1102499.390855459,"sqsum":26143891735.677464,"variance":901513508.1268091,"size":30},"n=1000000 payload=\"object\" style=\"eventtarget\"":{"mean":380704.652622392,"sqsum":1797090453.2757668,"variance":61968636.31985403,"size":30},"n=1000000 payload=\"object\" style=\"eventemitter\"":{"mean":516937.5735121069,"sqsum":7731554411.978145,"variance":266605324.5509705,"size":30}}}