{"cpus":{"n=30000":{"mean":7339.060279252823,"sqsum":11866.522755706532,"variance":409.19043985194935,"size":30}},"loadavg":{"n=5000000":{"mean":283694.1426989765,"sqsum":90952983.00712313,"variance":3136309.758866315,"size":30}},"networkInterfaces":{"n=10000":{"mean":7629.695874723103,"sqsum":13528.3977502774,"variance":466.49647414749654,"size":30}}}