{"immediate":{"n=5000000 type=\"depth\"":{"mean":791960.0413292513,"sqsum":2661706939.6336617,"variance":91782997.91840214,"size":30},"n=5000000 type=\"depth1\"":{"mean":770934.8635362858,"sqsum":4248535868.7281065,"variance":146501236.85269332,"size":30},"n=5000000 type=\"breadth\"":{"mean":3042910.5381133934,"sqsum":54024329645.34729,"variance":1862907918.805079,"size":30},"n=5000000 type=\"breadth1\"":{"mean":2093315.90523122,"sqsum":491781070902.58496,"variance":16957967962.158102,"size":30},"n=5000000 type=\"breadth4\"":{"mean":1693800.3397193304,"sqsum":9048526013.576666,"variance":312018138.3991954,"size":30},"n=5000000 type=\"clear\"":{"mean":11835132.000120513,"sqsum":3002622301870.38,"variance":103538700064.49586,"size":30}},"set-immediate-breadth-args":{"n=5000000":{"mean":2239058.6675738916,"sqsum":74006165845.41382,"variance":2551936753.2901316,"size":30}},"set-immediate-breadth":{"n=10000000":{"mean":2732212.0708547155,"sqsum":195599175915.06424,"variance":6744799169.484974,"size":30}},"set-immediate-depth-args":{"n=5000000":{"mean":743686.5192680036,"sqsum":3683313141.8027616,"variance":127010797.99319868,"size":30}},"timers-breadth-args":{"n=1000000":{"mean":1671368.4008609406,"sqsum":11454806809.456533,"variance":394993338.25712186,"size":30}},"timers-breadth":{"n=5000000":{"mean":2022244.11185499,"sqsum":262710563730.45337,"variance":9058984956.22253,"size":30}},"timers-cancel-pooled":{"n=5000000":{"mean":27896981.57663356,"sqsum":4274071423300.1113,"variance":147381773217.2452,"size":30}},"timers-cancel-unpooled":{"direction=\"start\" n=1000000":{"mean":2084485.084966523,"sqsum":16078319390.154081,"variance":554424806.5570372,"size":30},"direction=\"end\" n=1000000":{"mean":9101028.355266415,"sqsum":7255978726068.359,"variance":250206162967.87448,"size":30}},"timers-depth":{"n=1000":{"mean":847.8182910111685,"sqsum":891.7240855955827,"variance":30.74910639984768,"size":30}},"timers-insert-pooled":{"n=5000000":{"mean":1784538.2461034018,"sqsum":13808909910.813456,"variance":476169307.2694295,"size":30}},"timers-insert-unpooled":{"direction=\"start\" n=1000000":{"mean":1999206.8845180732,"sqsum":23716366031.278393,"variance":817805725.2164963,"size":30},"direction=\"end\" n=1000000":{"mean":1242230.1916628638,"sqsum":6297261711.060625,"variance":217146955.55381468,"size":30}},"timers-timeout-nexttick":{"n=50000":{"mean":1616250.3160287177,"sqsum":153660816941.50906,"variance":5298648860.052036,"size":30},"n=5000000":{"mean":4805402.667415988,"sqsum":141854634044.74203,"variance":4891539104.991104,"size":30}},"timers-timeout-pooled":{"n=10000000":{"mean":10549937.61456132,"sqsum":2296007146034.5107,"variance":79172660208.08658,"size":30}},"timers-timeout-unpooled":{"n=1000000":{"mean":9044344.177754883,"sqsum":4365623561420.1304,"variance":150538743497.24588,"size":30}}}