{"convertprotocols":{"n=1":{"mean":4085.8890743301113,"sqsum":1068243.5700314965,"variance":36835.98517349988,"size":30},"n=50000":{"mean":1021626.9381385457,"sqsum":12971026037.472435,"variance":447276759.91284263,"size":30}},"secure-pair":{"dur=5 securing=\"SecurePair\" size=100":{"mean":1858.2143831770748,"sqsum":35983.99377456585,"variance":1240.8273715367534,"size":30},"dur=5 securing=\"SecurePair\" size=1024":{"mean":2641.049627015572,"sqsum":92481.54082472407,"variance":3189.018649128416,"size":30},"dur=5 securing=\"SecurePair\" size=1048576":{"mean":3723.3133169333023,"sqsum":186258.3530909965,"variance":6422.701830724018,"size":30},"dur=5 securing=\"TLSSocket\" size=100":{"mean":1896.922373896511,"sqsum":12764.251517045504,"variance":440.1466040360519,"size":30},"dur=5 securing=\"TLSSocket\" size=1024":{"mean":2711.0379947419283,"sqsum":57043.163926077796,"variance":1967.0056526233723,"size":30},"dur=5 securing=\"TLSSocket\" size=1048576":{"mean":4248.6700334750085,"sqsum":103480.15919834703,"variance":3568.281351667139,"size":30},"dur=5 securing=\"clear\" size=100":{"mean":638.3748701657338,"sqsum":8518.351478665021,"variance":293.7362578850007,"size":30},"dur=5 securing=\"clear\" size=1024":{"mean":4038.5211533331135,"sqsum":2002581.7102762372,"variance":69054.54173366335,"size":30},"dur=5 securing=\"clear\" size=1048576":{"mean":8432.397717334161,"sqsum":3995143.0970360003,"variance":137763.5550702069,"size":30}},"throughput-c2s":{"dur=5 size=100 type=\"buf\"":{"mean":2220.7656071355177,"sqsum":14229.211386442159,"variance":490.66246160145374,"size":30},"dur=5 size=1024 type=\"buf\"":{"mean":3650.311682842593,"sqsum":60051.760808237785,"variance":2070.750372697855,"size":30},"dur=5 size=1048576 type=\"buf\"":{"mean":6384.5897782919665,"sqsum":62735.182832231134,"variance":2163.28216662866,"size":30},"dur=5 size=4194304 type=\"buf\"":{"mean":5959.062540639154,"sqsum":49144.6656717621,"variance":1694.6436438538656,"size":30},"dur=5 size=16777216 type=\"buf\"":{"mean":5815.874493404138,"sqsum":38994.46762546737,"variance":1344.6368146712884,"size":30},"dur=5 size=100 type=\"asc\"":{"mean":1165.3836206190508,"sqsum":2518.5929453569165,"variance":86.84803259851437,"size":30},"dur=5 size=1024 type=\"asc\"":{"mean":3097.485345696237,"sqsum":35209.554694680664,"variance":1214.1225756786437,"size":30},"dur=5 size=1048576 type=\"asc\"":{"mean":5998.924011702608,"sqsum":78458.49507908887,"variance":2705.465347554789,"size":30},"dur=5 size=4194304 type=\"asc\"":{"mean":5273.368997899023,"sqsum":52262.2111446403,"variance":1802.1452118841482,"size":30},"dur=5 size=16777216 type=\"asc\"":{"mean":5378.201064181478,"sqsum":26792.82411580834,"variance":923.8904867520117,"size":30},"dur=5 size=100 type=\"utf\"":{"mean":1179.1507327162344,"sqsum":1618.7600277657732,"variance":55.81931130226805,"size":30},"dur=5 size=1024 type=\"utf\"":{"mean":2730.0860682515345,"sqsum":10506.318204099858,"variance":362.286834624133,"size":30},"dur=5 size=1048576 type=\"utf\"":{"mean":3803.766124225783,"sqsum":11212.851189347391,"variance":386.650041011979,"size":30},"dur=5 size=4194304 type=\"utf\"":{"mean":3642.719757648735,"sqsum":7212.060894666353,"variance":248.69175498849495,"size":30},"dur=5 size=16777216 type=\"utf\"":{"mean":3573.05137226456,"sqsum":7551.183569670062,"variance":260.3856403334504,"size":30}},"throughput-s2c":{"dur=5 recvbufgenfn=\"true\" recvbuflen=0 sendchunklen=256 type=\"buf\"":{"mean":3089.5055190139187,"sqsum":32221.309911201275,"variance":1111.0796521103887,"size":30},"dur=5 recvbufgenfn=\"false\" recvbuflen=0 sendchunklen=256 type=\"buf\"":{"mean":3098.2781350232985,"sqsum":21242.605412452078,"variance":732.5036349121407,"size":30},"dur=5 recvbufgenfn=\"true\" recvbuflen=65536 sendchunklen=256 type=\"buf\"":{"mean":3478.3437002581545,"sqsum":67796.14684695972,"variance":2337.798167136542,"size":30},"dur=5 recvbufgenfn=\"false\" recvbuflen=65536 sendchunklen=256 type=\"buf\"":{"mean":3532.470197468263,"sqsum":37674.78349336078,"variance":1299.1304652883027,"size":30},"dur=5 recvbufgenfn=\"true\" recvbuflen=1048576 sendchunklen=256 type=\"buf\"":{"mean":3497.4252788898143,"sqsum":33949.51101584243,"variance":1170.6727936497389,"size":30},"dur=5 recvbufgenfn=\"false\" recvbuflen=1048576 sendchunklen=256 type=\"buf\"":{"mean":3538.4334430981176,"sqsum":58866.22774692969,"variance":2029.8699223079202,"size":30},"dur=5 recvbufgenfn=\"true\" recvbuflen=0 sendchunklen=32768 type=\"buf\"":{"mean":5836.384215698035,"sqsum":81283.22527333385,"variance":2802.8698370115126,"size":30},"dur=5 recvbufgenfn=\"false\" recvbuflen=0 sendchunklen=32768 type=\"buf\"":{"mean":5832.441098364624,"sqsum":71308.68855198951,"variance":2458.92029489619,"size":30},"dur=5 recvbufgenfn=\"true\" recvbuflen=65536 sendchunklen=32768 type=\"buf\"":{"mean":7048.2893355406595,"sqsum":78810.91711566962,"variance":2717.6178315748148,"size":30},"dur=5 recvbufgenfn=\"false\" recvbuflen=65536 sendchunklen=32768 type=\"buf\"":{"mean":7125.677073752236,"sqsum":123769.93262888063,"variance":4267.928711340711,"size":30},"dur=5 recvbufgenfn=\"true\" recvbuflen=1048576 sendchunklen=32768 type=\"buf\"":{"mean":7044.747034161655,"sqsum":158855.2279919436,"variance":5477.7664824808135,"size":30},"dur=5 recvbufgenfn=\"false\" recvbuflen=1048576 sendchunklen=32768 type=\"buf\"":{"mean":7129.222916906246,"sqsum":148404.24336444153,"variance":5117.387702222122,"size":30},"dur=5 recvbufgenfn=\"true\" recvbuflen=0 sendchunklen=131072 type=\"buf\"":{"mean":6291.230037086602,"sqsum":113283.60561239066,"variance":3906.331228013471,"size":30},"dur=5 recvbufgenfn=\"false\" recvbuflen=0 sendchunklen=131072 type=\"buf\"":{"mean":6288.210320564327,"sqsum":93282.58010358832,"variance":3216.6406932271834,"size":30},"dur=5 recvbufgenfn=\"true\" recvbuflen=65536 sendchunklen=131072 type=\"buf\"":{"mean":7775.283055348782,"sqsum":82524.44550801352,"variance":2845.670534759087,"size":30},"dur=5 recvbufgenfn=\"false\" recvbuflen=65536 sendchunklen=131072 type=\"buf\"":{"mean":7856.440082870843,"sqsum":83893.65065251332,"variance":2892.88450525908,"size":30},"dur=5 recvbufgenfn=\"true\" recvbuflen=1048576 sendchunklen=131072 type=\"buf\"":{"mean":7783.60121828094,"sqsum":99892.93689836907,"variance":3444.584030978244,"size":30},"dur=5 recvbufgenfn=\"false\" recvbuflen=1048576 sendchunklen=131072 type=\"buf\"":{"mean":7849.943006193347,"sqsum":106044.24036493232,"variance":3656.697943618356,"size":30},"dur=5 recvbufgenfn=\"true\" recvbuflen=0 sendchunklen=16777216 type=\"buf\"":{"mean":5831.939222106619,"sqsum":42216.216255590014,"variance":1455.7315950203454,"size":30},"dur=5 recvbufgenfn=\"false\" recvbuflen=0 sendchunklen=16777216 type=\"buf\"":{"mean":5827.486061526231,"sqsum":48252.3674589624,"variance":1663.8747399642207,"size":30},"dur=5 recvbufgenfn=\"true\" recvbuflen=65536 sendchunklen=16777216 type=\"buf\"":{"mean":6952.241736110315,"sqsum":34779.7800257171,"variance":1199.302759507486,"size":30},"dur=5 recvbufgenfn=\"false\" recvbuflen=65536 sendchunklen=16777216 type=\"buf\"":{"mean":7023.403775364127,"sqsum":24708.95823516511,"variance":852.0330425919004,"size":30},"dur=5 recvbufgenfn=\"true\" recvbuflen=1048576 sendchunklen=16777216 type=\"buf\"":{"mean":6951.7105494696725,"sqsum":40117.99549064352,"variance":1383.3791548497768,"size":30},"dur=5 recvbufgenfn=\"false\" recvbuflen=1048576 sendchunklen=16777216 type=\"buf\"":{"mean":7014.276406876957,"sqsum":22706.830881302714,"variance":782.9941683207833,"size":30},"dur=5 recvbufgenfn=\"true\" recvbuflen=0 sendchunklen=256 type=\"asc\"":{"mean":2050.219431908773,"sqsum":5694.582185448158,"variance":196.3649029464882,"size":30},"dur=5 recvbufgenfn=\"false\" recvbuflen=0 sendchunklen=256 type=\"asc\"":{"mean":2054.3814975614227,"sqsum":6348.439374122377,"variance":218.911702555944,"size":30},"dur=5 recvbufgenfn=\"true\" recvbuflen=65536 sendchunklen=256 type=\"asc\"":{"mean":2220.935745120288,"sqsum":13934.227348286682,"variance":480.49059821678213,