{"ee-add-remove":{"n=1000000":{"mean":818677.1619851311,"sqsum":15747832436.48227,"variance":543028704.7062851,"size":30}},"ee-emit":{"argc=0 listeners=1 n=2000000":{"mean":33341033.01945735,"sqsum":16331404076089.725,"variance":563151864692.7491,"size":30},"argc=0 listeners=5 n=2000000":{"mean":9948741.964117954,"sqsum":17028495209859.162,"variance":587189489995.1434,"size":30},"argc=0 listeners=10 n=2000000":{"mean":6098337.445594532,"sqsum":3287798227643.3677,"variance":113372352677.35751,"size":30},"argc=2 listeners=1 n=2000000":{"mean":31252444.876062956,"sqsum":15951888111030.225,"variance":550065107276.9043,"size":30},"argc=2 listeners=5 n=2000000":{"mean":9036345.244592214,"sqsum":11432420243694.785,"variance":394221387713.6133,"size":30},"argc=2 listeners=10 n=2000000":{"mean":5291958.07087842,"sqsum":1562630299668.9211,"variance":53883803436.859344,"size":30},"argc=4 listeners=1 n=2000000":{"mean":30890851.70938816,"sqsum":8822421256471.107,"variance":304221422636.9347,"size":30},"argc=4 listeners=5 n=2000000":{"mean":8986000.342066582,"sqsum":988196847051.3732,"variance":34075753346.599075,"size":30},"argc=4 listeners=10 n=2000000":{"mean":5280818.314251037,"sqsum":83676326207.99243,"variance":2885390558.8962903,"size":30},"argc=10 listeners=1 n=2000000":{"mean":30088799.435100917,"sqsum":12725650441807.17,"variance":438815532476.1093,"size":30},"argc=10 listeners=5 n=2000000":{"mean":8404432.204130488,"sqsum":7696445493187.667,"variance":265394672178.88507,"size":30},"argc=10 listeners=10 n=2000000":{"mean":4952049.825509423,"sqsum":1187085857939.6697,"variance":40933995101.36791,"size":30}},"ee-listener-count-on-prototype":{"n=50000000":{"mean":59198556.42041249,"sqsum":22759022253885.1,"variance":784793870823.6241,"size":30}},"ee-listeners-many":{"n=5000000":{"mean":5820197.630495731,"sqsum":676207806214.9124,"variance":23317510559.13491,"size":30}},"ee-listeners":{"n=5000000":{"mean":23571369.18996467,"sqsum":31138293000059.4,"variance":1073734241381.3586,"size":30}},"ee-once":{"argc=0 n=20000000":{"mean":4893906.007179049,"sqsum":488967693264.846,"variance":16860954940.167103,"size":30},"argc=1 n=20000000":{"mean":4647463.760204428,"sqsum":160521117382.74133,"variance":5535210944.232459,"size":30},"argc=4 n=20000000":{"mean":4606206.947320566,"sqsum":152122980319.9139,"variance":5245620011.031513,"size":30},"argc=5 n=20000000":{"mean":4527004.220956171,"sqsum":1363488195874.6877,"variance":47016834340.50647,"size":30}}}