{"module-loader-circular":{"n=10000":{"mean":3499.9508633469773,"sqsum":38101.38460807426,"variance":1313.840848554285,"size":30}},"module-loader-deep":{"cache=\"true\" ext=\"\" files=1000":{"mean":432007.8980431557,"sqsum":6989120469.31987,"variance":241004154.11447826,"size":30},"cache=\"false\" ext=\"\" files=1000":{"mean":3150.9957149364095,"sqsum":39724.5851786159,"variance":1369.8132820212377,"size":30},"cache=\"true\" ext=\".js\" files=1000":{"mean":431940.02879755985,"sqsum":3492181520.9884253,"variance":120420052.44787674,"size":30},"cache=\"false\" ext=\".js\" files=1000":{"mean":3194.5365452399433,"sqsum":56056.0727261574,"variance":1932.9680250399103,"size":30}},"module-loader":{"cache=\"true\" dir=\"rel\" files=500 n=1 name=\"\"":{"mean":12607.364887160944,"sqsum":629562.8465189934,"variance":21709.063673068737,"size":30},"cache=\"false\" dir=\"rel\" files=500 n=1 name=\"\"":{"mean":2653.3585023135993,"sqsum":15608.15654489178,"variance":538.2122946514407,"size":30},"cache=\"true\" dir=\"rel\" files=500 n=1000 name=\"\"":{"mean":1354943.052991053,"sqsum":7203680181.49985,"variance":248402764.87930518,"size":30},"cache=\"false\" dir=\"rel\" files=500 n=1000 name=\"\"":{"mean":957916.5825331763,"sqsum":4558378731.026759,"variance":157185473.48368135,"size":30},"cache=\"true\" dir=\"abs\" files=500 n=1 name=\"\"":{"mean":12673.396887453817,"sqsum":557188.4189408846,"variance":19213.393756582227,"size":30},"cache=\"false\" dir=\"abs\" files=500 n=1 name=\"\"":{"mean":2697.7647883972754,"sqsum":27080.870188862496,"variance":933.8231099607757,"size":30},"cache=\"true\" dir=\"abs\" files=500 n=1000 name=\"\"":{"mean":1344065.5503445857,"sqsum":5913710658.305437,"variance":203921057.18294612,"size":30},"cache=\"false\" dir=\"abs\" files=500 n=1000 name=\"\"":{"mean":956670.1911283795,"sqsum":4121647330.6397796,"variance":142125770.02206138,"size":30},"cache=\"true\" dir=\"rel\" files=500 n=1 name=\"/\"":{"mean":12614.860196309217,"sqsum":1060896.394479137,"variance":36582.63429238403,"size":30},"cache=\"false\" dir=\"rel\" files=500 n=1 name=\"/\"":{"mean":2762.4851211180176,"sqsum":45490.82728251221,"variance":1568.649216638352,"size":30},"cache=\"true\" dir=\"rel\" files=500 n=1000 name=\"/\"":{"mean":1285342.0835116738,"sqsum":5683983132.607995,"variance":195999418.36579293,"size":30},"cache=\"false\" dir=\"rel\" files=500 n=1000 name=\"/\"":{"mean":929456.0335630584,"sqsum":5091540938.670832,"variance":175570377.1955459,"size":30},"cache=\"true\" dir=\"abs\" files=500 n=1 name=\"/\"":{"mean":12734.054239500741,"sqsum":628263.0361186106,"variance":21664.24262477968,"size":30},"cache=\"false\" dir=\"abs\" files=500 n=1 name=\"/\"":{"mean":2831.0943481175245,"sqsum":34624.83424148064,"variance":1193.959801430367,"size":30},"cache=\"true\" dir=\"abs\" files=500 n=1000 name=\"/\"":{"mean":1278035.7455829182,"sqsum":3852816440.1072626,"variance":132855739.31404354,"size":30},"cache=\"false\" dir=\"abs\" files=500 n=1000 name=\"/\"":{"mean":933547.4490884489,"sqsum":4711399384.958883,"variance":162462047.75720286,"size":30},"cache=\"true\" dir=\"rel\" files=500 n=1 name=\"/index.js\"":{"mean":12923.477215468478,"sqsum":1003694.562633433,"variance":34610.157332187344,"size":30},"cache=\"false\" dir=\"rel\" files=500 n=1 name=\"/index.js\"":{"mean":2878.9152888702424,"sqsum":28657.97893252324,"variance":988.2061700870083,"size":30},"cache=\"true\" dir=\"rel\" files=500 n=1000 name=\"/index.js\"":{"mean":1286864.7106073976,"sqsum":30184504457.307476,"variance":1040844981.2864647,"size":30},"cache=\"false\" dir=\"rel\" files=500 n=1000 name=\"/index.js\"":{"mean":949239.2586494167,"sqsum":3077041529.360967,"variance":106104880.32279196,"size":30},"cache=\"true\" dir=\"abs\" files=500 n=1 name=\"/index.js\"":{"mean":12656.036172501304,"sqsum":697881.2162249434,"variance":24064.86952499805,"size":30},"cache=\"false\" dir=\"abs\" files=500 n=1 name=\"/index.js\"":{"mean":2925.677013586786,"sqsum":39890.81584168278,"variance":1375.5453738511303,"size":30},"cache=\"true\" dir=\"abs\" files=500 n=1000 name=\"/index.js\"":{"mean":1285120.9865422822,"sqsum":4616516878.770232,"variance":159190237.1989735,"size":30},"cache=\"false\" dir=\"abs\" files=500 n=1000 name=\"/index.js\"":{"mean":947735.2717290882,"sqsum":5010083967.547141,"variance":172761516.1223152,"size":30}}}