{"atomics-wait":{"n=10000000":{"mean":7359743.727058848,"sqsum":400954744747.5638,"variance":13826025680.950476,"size":30}},"echo":{"n=100000 payload=\"string\" sendsPerBroadcast=1 workers=1":{"mean":52787.86183134019,"sqsum":25871474.83734891,"variance":892119.8219775485,"size":30},"n=100000 payload=\"string\" sendsPerBroadcast=10 workers=1":{"mean":19823.247045538432,"sqsum":5081753.595756309,"variance":175232.8826122865,"size":30},"n=100000 payload=\"object\" sendsPerBroadcast=1 workers=1":{"mean":35018.201781955555,"sqsum":11788828.150453271,"variance":406511.31553287146,"size":30},"n=100000 payload=\"object\" sendsPerBroadcast=10 workers=1":{"mean":13038.662662378645,"sqsum":1914019.7194182782,"variance":66000.67997994063,"size":30}},"messageport":{"n=1000000 payload=\"string\" style=\"eventtarget\"":{"mean":254395.5642870083,"sqsum":1252744820.6351056,"variance":43198097.263279505,"size":30},"n=1000000 payload=\"string\" style=\"eventemitter\"":{"mean":497462.2590143801,"sqsum":7600429739.548547,"variance":262083784.1223637,"size":30},"n=1000000 payload=\"object\" style=\"eventtarget\"":{"mean":141684.3125024807,"sqsum":156582022.35014057,"variance":5399380.08103933,"size":30},"n=1000000 payload=\"object\" style=\"eventemitter\"":{"mean":209048.1025385703,"sqsum":411977516.42427444,"variance":14206121.256009463,"size":30}}}