{"bench-env":{"n=1000000 operation=\"get\"":{"mean":2325273.8448393065,"sqsum":478508522759.81744,"variance":16500293888.269567,"size":30},"n=1000000 operation=\"set\"":{"mean":2052787.9286836407,"sqsum":1074032182506.0116,"variance":37035592500.2073,"size":30},"n=1000000 operation=\"enumerate\"":{"mean":21246.73417334323,"sqsum":12516388.867681239,"variance":431599.61612693925,"size":30},"n=1000000 operation=\"query\"":{"mean":2928797.189923355,"sqsum":1579845771545.8862,"variance":54477440398.13401,"size":30},"n=1000000 operation=\"delete\"":{"mean":2256682.3258138173,"sqsum":1099648061532.1953,"variance":37918898673.52398,"size":30}},"bench-hrtime":{"n=1000000 type=\"raw\"":{"mean":17330228.44670204,"sqsum":1762740546769.8374,"variance":60784156785.16681,"size":30},"n=1000000 type=\"diff\"":{"mean":15992763.074972466,"sqsum":4000316705124.9395,"variance":137941955349.13583,"size":30},"n=1000000 type=\"bigint\"":{"mean":17711840.597173005,"sqsum":18329486361562.848,"variance":632051253846.9948,"size":30}},"memoryUsage":{"n=100000":{"mean":107185.74319349475,"sqsum":113035215.60784934,"variance":3897766.055443081,"size":30}},"next-tick-breadth-args":{"n=10000000":{"mean":1735231.2798094626,"sqsum":18103968485.650623,"variance":624274775.3672628,"size":30}},"next-tick-breadth":{"n=10000000":{"mean":4169198.3974118275,"sqsum":79306487410.3369,"variance":2734706462.4254103,"size":30}},"next-tick-depth-args":{"n=7000000":{"mean":6527098.7605379345,"sqsum":2033351232731.996,"variance":70115559749.37918,"size":30}},"next-tick-depth":{"n=7000000":{"mean":9048026.565921606,"sqsum":712513780897.0859,"variance":24569440720.58917,"size":30}},"next-tick-exec-args":{"n=4000000":{"mean":26629918.146311563,"sqsum":8523370365433.447,"variance":293909322945.98096,"size":30}},"next-tick-exec":{"n=4000000":{"mean":30330742.86826907,"sqsum":279713275873.0007,"variance":9645285374.931057,"size":30}},"queue-microtask-breadth":{"n=400000":{"mean":1971041.308933905,"sqsum":34248617448.293617,"variance":1180986808.5618489,"size":30}},"queue-microtask-depth":{"n=1200000":{"mean":4033451.1120924056,"sqsum":421527771428.40643,"variance":14535440394.08298,"size":30}},"resourceUsage":{"n=100000":{"mean":718167.5467444165,"sqsum":2260729743.036513,"variance":77956198.03574182,"size":30}}}