{"lookup-promises":{"all=\"true\" n=5000000 name=\"127.0.0.1\"":{"mean":15774455170.002064,"sqsum":13892143763197860000,"variance":479039440110271000,"size":30},"all=\"false\" n=5000000 name=\"127.0.0.1\"":{"mean":16216286048.083458,"sqsum":22387030425609060000,"variance":771966566400312300,"size":30},"all=\"true\" n=5000000 name=\"::1\"":{"mean":4621161906.639567,"sqsum":250665043196498180,"variance":8643622179189593,"size":30},"all=\"false\" n=5000000 name=\"::1\"":{"mean":4748878484.723134,"sqsum":347456110946780160,"variance":11981245205061384,"size":30}},"lookup":{"all=\"true\" n=5000000 name=\"127.0.0.1\"":{"mean":6200741.093047896,"sqsum":2721078819546.293,"variance":93830304122.28596,"size":30},"all=\"false\" n=5000000 name=\"127.0.0.1\"":{"mean":6710943.831367805,"sqsum":279633801748.8662,"variance":9642544887.89194,"size":30},"all=\"true\" n=5000000 name=\"::1\"":{"mean":3656720.896975032,"sqsum":2484033497668.724,"variance":85656327505.81808,"size":30},"all=\"false\" n=5000000 name=\"::1\"":{"mean":3926772.9365997463,"sqsum":4854155319.834846,"variance":167384666.20120156,"size":30}}}