{"defaultparams-bench":{"method=\"withoutdefaults\" n=100000000":{"mean":553107012.5096663,"sqsum":171959134498066.7,"variance":5929625327519.541,"size":30},"method=\"withdefaults\" n=100000000":{"mean":555317438.1862884,"sqsum":120609997010174.19,"variance":4158965414143.9375,"size":30}},"destructuring-bench":{"method=\"swap\" n=100000000":{"mean":336911917.12150854,"sqsum":19319357665649.555,"variance":666184747091.3639,"size":30},"method=\"destructure\" n=100000000":{"mean":281018981.6263788,"sqsum":13781765181239.309,"variance":475233282111.7003,"size":30}},"destructuring-object-bench":{"method=\"normal\" n=100000000":{"mean":1105595321.9378326,"sqsum":1831020221234324,"variance":63138628318424.96,"size":30},"method=\"destructureObject\" n=100000000":{"mean":1108198212.315183,"sqsum":2666643088699169,"variance":91953209955143.75,"size":30}},"foreach-bench":{"count=5 method=\"for\" n=5000000":{"mean":122191325.67645249,"sqsum":28141724056228.48,"variance":970404277800.982,"size":30},"count=10 method=\"for\" n=5000000":{"mean":79358587.89201793,"sqsum":16748191915733.758,"variance":577523859163.233,"size":30},"count=20 method=\"for\" n=5000000":{"mean":43860746.26467393,"sqsum":2758149919265.114,"variance":95108617905.69359,"size":30},"count=100 method=\"for\" n=5000000":{"mean":10262954.403961236,"sqsum":5777399372.093701,"variance":199220668.00323108,"size":30},"count=5 method=\"for-of\" n=5000000":{"mean":69417120.20394374,"sqsum":6220883014083.781,"variance":214513207382.19934,"size":30},"count=10 method=\"for-of\" n=5000000":{"mean":45557100.714452595,"sqsum":2330745062424.7393,"variance":80370519393.95653,"size":30},"count=20 method=\"for-of\" n=5000000":{"mean":27423259.928806692,"sqsum":423930243182.6992,"variance":14618284247.679283,"size":30},"count=100 method=\"for-of\" n=5000000":{"mean":6311389.953709099,"sqsum":3248611257.928736,"variance":112021077.8596116,"size":30},"count=5 method=\"for-in\" n=5000000":{"mean":2601588.830849192,"sqsum":759259185964.9633,"variance":26181351240.17115,"size":30},"count=10 method=\"for-in\" n=5000000":{"mean":1697616.569828309,"sqsum":109233594304.65076,"variance":3766675665.6776123,"size":30},"count=20 method=\"for-in\" n=5000000":{"mean":966951.7215454224,"sqsum":29717060545.119167,"variance":1024726225.6937644,"size":30},"count=100 method=\"for-in\" n=5000000":{"mean":224573.456478846,"sqsum":582394198.8136599,"variance":20082558.579781376,"size":30},"count=5 method=\"forEach\" n=5000000":{"mean":120175750.54397108,"sqsum":69434729879831.75,"variance":2394301030339.026,"size":30},"count=10 method=\"forEach\" n=5000000":{"mean":81454031.34963968,"sqsum":31814779495127.617,"variance":1097061361900.9523,"size":30},"count=20 method=\"forEach\" n=5000000":{"mean":50490358.960356936,"sqsum":19763693585668.727,"variance":681506675367.8872,"size":30},"count=100 method=\"forEach\" n=5000000":{"mean":13983720.86295726,"sqsum":152996187057.0416,"variance":5275730588.173848,"size":30}},"map-bench":{"method=\"object\" n=1000000":{"mean":314118.90136740374,"sqsum":175767904.77128193,"variance":6060962.233492481,"size":30},"method=\"nullProtoObject\" n=1000000":{"mean":325245.18332317,"sqsum":95451362.54999453,"variance":3291426.2948273974,"size":30},"method=\"nullProtoLiteralObject\" n=1000000":{"mean":324433.1727624402,"sqsum":339622597.17299014,"variance":11711124.040447935,"size":30},"method=\"storageObject\" n=1000000":{"mean":322132.16329772875,"sqsum":173122638.4763159,"variance":5969746.154355721,"size":30},"method=\"fakeMap\" n=1000000":{"mean":288654.6268034573,"sqsum":227494931.53758124,"variance":7844652.811640733,"size":30},"method=\"map\" n=1000000":{"mean":664554.7483153094,"sqsum":209145639.54437485,"variance":7211918.604978443,"size":30}},"restparams-bench":{"method=\"copy\" n=100000000":{"mean":29281917.94078636,"sqsum":36905427411139.805,"variance":1272600945211.7173,"size":30},"method=\"rest\" n=100000000":{"mean":134726599.7053665,"sqsum":2050273711051237,"variance":70699093484525.42,"size":30},"method=\"arguments\" n=100000000":{"mean":134684426.82499447,"sqsum":2074275923285237.2,"variance":71526755975353.02,"size":30}},"spread-assign":{"count=5 method=\"spread\" n=1000000":{"mean":23065383.229652513,"sqsum":23700105251350.316,"variance":817245008667.2522,"size":30},"count=10 method=\"spread\" n=1000000":{"mean":19350731.363759365,"sqsum":13105622201833.354,"variance":451918006959.77075,"size":30},"count=20 method=\"spread\" n=1000000":{"mean":113721.42205445163,"sqsum":137803700.11450887,"variance":4751851.728086513,"size":30},"count=5 method=\"assign\" n=1000000":{"mean":5423142.026183558,"sqsum":288722100723.14264,"variance":9955934507.694572,"size":30},"count=10 method=\"assign\" n=1000000":{"mean":2734574.5968736922,"sqsum":30250873114.512794,"variance":1043133555.672855,"size":30},"count=20 method=\"assign\" n=1000000":{"mean":90073.06408619892,"sqsum":53640460.51999239,"variance":1849671.0524135306,"size":30},"count=5 method=\"_extend\" n=1000000":{"mean":3321152.9957297323,"sqsum":107385160610.5615,"variance":3702936572.777982,"size":30},"count=10 method=\"_extend\" n=1000000":{"mean":1540589.3370787215,"sqsum":19302712737.989624,"variance":665610784.0686078,"size":30},"count=20 method=\"_extend\" n=1000000":{"mean":253205.29046100072,"sqsum":1540958852.8355231,"variance":53136512.166742176,"size":30}},"spread-bench":{"context=\"context\" count=5 method=\"apply\" n=5000000 rest=0":{"mean":31395119.30935204,"sqsum":751245821153.9248,"variance":25905028315.65258,"size":30},"context=\"context\" count=5 method=\"apply\" n=5000000 rest=1":{"mean":31007781.377361402,"sqsum":2666661117049.0977,"variance":91953831622.38268,"size":30},"context=\"null\" count=5 method=\"apply\" n=5000000 rest=0":{"mean":31100919.132421635,"sqsum":23853870586743.62,"variance":822547261611.8491,"size":30},"context=\"null\" count=5 method=\"apply\" n=5000000 rest=1":{"mean":30876227.60044918,"sqsum":21009339234248.047,"variance":724459973594.7601,"size":30},"context=\"context\" count=10 method=\"apply\" n=5000000 rest=0":{"mean":24921675.552682165,"sqsum":8319617302995.82,"variance":286883355275.71796,"size":30},"context=\"context\" count=10 method=\"apply\" n=5000000 rest=1":{"mean":24645225.846281942,"sqsum":13932821325568.432,"variance":480442114674.77356,"size":30},"context=\"null\" count=10 method=\"apply\" n=5000000 rest=0":{"mean":24865109.709114037,"sqsum":12924123535046.684,"variance":445659432242.9891,"size":30},"context=\"null\" count=10 method=\"apply\" n=5000000 rest=1":{"mean":24899959.179766443,"sqsum":9888431941728.744,"variance":340980411783.7498,"size":30},"context=\"context\" count=20 method=\"apply\" n=5000000 rest=0":{"mean":18589988.74016477,"sqsum":1710079992453.9421,"variance":58968275601.86008,"size":30},"context=\"context\" count=20 method=\"apply\" n=5000000 rest=1":{"mean":18511287.246527597,"sqsum":231301903526.96454,"variance":7975927707.826364,"size":30},"context=\"null\" count=20 method=\"apply\" n=5000000 rest=0":{"mean":18584871.636209175,"sqsum":1730919465222.4268,"variance":59686878111.118164,"size":30},"context=\"null\" count=20 method=\"apply\" n=5000000 rest=1":{"mean":18448216.245716393,"sqsum":3228119735088.34,"variance":111314473623.73586,"size":30},"context=\"context\" count=5 method=\"spread\" n=5000000 rest=0":{"mean":31277920.96322754,"sqsum":19146768153384.16,"variance":660233384599.4537,"size":30},"context=\"context\" count=5 method=\"spread\" n=5000000 rest=1":{"mean":31126519.868526887,"sqsum":6583447670528.513,"variance":227015436914.7763,"size":30},"context=\"null\" count=5 method=\"spread\" n=5000000 rest=0":{"mean":35265371.83705023,"sqsum":21887541418655.34,"variance":754742807539.8394,"size":30},"context=\"null\" count=5 method=\"spread\" n=5000000 rest=1":{"mean":34443774.00008372,"sqsum":75784057011368.02,"variance":2613243345219.587,"size":30},"context=\"context\" count=10 method=\"spread\" n=5000000 rest=0":{"mean":25023755.849351823,