{"createInflate":{"chunkLen=1024 inputLen=16777216 n=100":{"mean":27.28990214721273,"sqsum":1858.3118623332668,"variance":64.07971939080231,"size":30}},"creation":{"n=500000 options=\"true\" type=\"Deflate\"":{"mean":32497.139431549218,"sqsum":52177752.84289277,"variance":1799232.856651475,"size":30},"n=500000 options=\"false\" type=\"Deflate\"":{"mean":34771.186020009,"sqsum":247054945.24549738,"variance":8519136.042948185,"size":30},"n=500000 options=\"true\" type=\"DeflateRaw\"":{"mean":32116.26071366884,"sqsum":112176355.22528914,"variance":3868150.180182384,"size":30},"n=500000 options=\"false\" type=\"DeflateRaw\"":{"mean":33706.55239951876,"sqsum":130846134.73027126,"variance":4511935.680354182,"size":30},"n=500000 options=\"true\" type=\"Inflate\"":{"mean":165020.17480646897,"sqsum":147756511.9868406,"variance":5095052.137477262,"size":30},"n=500000 options=\"false\" type=\"Inflate\"":{"mean":182138.7923236505,"sqsum":371704861.20007885,"variance":12817409.006899271,"size":30},"n=500000 options=\"true\" type=\"InflateRaw\"":{"mean":163377.04792526932,"sqsum":324520410.734183,"variance":11190358.990833897,"size":30},"n=500000 options=\"false\" type=\"InflateRaw\"":{"mean":183627.27600152497,"sqsum":401221010.6882612,"variance":13835207.265112456,"size":30},"n=500000 options=\"true\" type=\"Gzip\"":{"mean":32578.449442600944,"sqsum":123426736.634022,"variance":4256094.366690414,"size":30},"n=500000 options=\"false\" type=\"Gzip\"":{"mean":33347.98067991688,"sqsum":75916996.07002878,"variance":2617827.4506906476,"size":30},"n=500000 options=\"true\" type=\"Gunzip\"":{"mean":165242.17330677455,"sqsum":389788428.58763766,"variance":13440980.296125438,"size":30},"n=500000 options=\"false\" type=\"Gunzip\"":{"mean":182529.33816650524,"sqsum":432198900.31991917,"variance":14903410.355859283,"size":30},"n=500000 options=\"true\" type=\"Unzip\"":{"mean":164565.53355013594,"sqsum":440628616.3907456,"variance":15194090.220370537,"size":30},"n=500000 options=\"false\" type=\"Unzip\"":{"mean":183667.92446688432,"sqsum":288894761.19557446,"variance":9961888.317088775,"size":30},"n=500000 options=\"true\" type=\"BrotliCompress\"":{"mean":161986.8767139317,"sqsum":206361226.72251546,"variance":7115904.369741913,"size":30},"n=500000 options=\"false\" type=\"BrotliCompress\"":{"mean":171115.31775395712,"sqsum":352713106.2248732,"variance":12162520.904305972,"size":30},"n=500000 options=\"true\" type=\"BrotliDecompress\"":{"mean":159186.79775510042,"sqsum":434117212.92206264,"variance":14969559.066278022,"size":30},"n=500000 options=\"false\" type=\"BrotliDecompress\"":{"mean":167946.51762039107,"sqsum":324548110.1266121,"variance":11191314.14229697,"size":30}},"deflate":{"inputLen=1024 method=\"createDeflate\" n=400000":{"mean":28381.79167273068,"sqsum":1560840023.369586,"variance":53822069.77136504,"size":30},"inputLen=1024 method=\"deflate\" n=400000":{"mean":9475.32799176341,"sqsum":96045449.87018925,"variance":3311912.0644892845,"size":30},"inputLen=1024 method=\"deflateSync\" n=400000":{"mean":49972.66524965576,"sqsum":13863442.491375098,"variance":478049.74108189996,"size":30}},"inflate":{"inputLen=1024 method=\"inflate\" n=400000":{"mean":16620.540405997723,"sqsum":210050285.13215655,"variance":7243113.280419191,"size":30},"inputLen=1024 method=\"inflateSync\" n=400000":{"mean":125911.70544841418,"sqsum":206259400.79571897,"variance":7112393.130886861,"size":30}},"pipe":{"algorithm=\"gzip\" duration=5 inputLen=1024 type=\"string\"":{"mean":0.05176794378024496,"sqsum":0.0009963282841783893,"variance":0.00003435614773028928,"size":30},"algorithm=\"brotli\" duration=5 inputLen=1024 type=\"string\"":{"mean":0.1175119387658431,"sqsum":0.0079197942545984,"variance":0.0002730963536068414,"size":30},"algorithm=\"gzip\" duration=5 inputLen=1024 type=\"buffer\"":{"mean":0.058527246816147516,"sqsum":0.0034477439909811345,"variance":0.00011888772382693567,"size":30},"algorithm=\"brotli\" duration=5 inputLen=1024 type=\"buffer\"":{"mean":0.11851173313336331,"sqsum":0.0237724296576183,"variance":0.0008197389537109758,"size":30}}}