{"defaultparams-bench":{"method=\"withoutdefaults\" n=100000000":{"mean":561538265.5575244,"sqsum":388893598958809.06,"variance":13410124102027.898,"size":30},"method=\"withdefaults\" n=100000000":{"mean":566311454.4462049,"sqsum":254131962264875.88,"variance":8763171112581.927,"size":30}},"destructuring-bench":{"method=\"swap\" n=100000000":{"mean":377715375.9459638,"sqsum":48318281645522.14,"variance":1666147642949.0393,"size":30},"method=\"destructure\" n=100000000":{"mean":264191825.60999972,"sqsum":22813190141363.668,"variance":786661729012.5403,"size":30}},"destructuring-object-bench":{"method=\"normal\" n=100000000":{"mean":1115485005.9640615,"sqsum":2300417353155663.5,"variance":79324736315712.53,"size":30},"method=\"destructureObject\" n=100000000":{"mean":1124268670.1375017,"sqsum":3802608139701652,"variance":131124418610401.8,"size":30}},"foreach-bench":{"count=5 method=\"for\" n=5000000":{"mean":177011127.07942712,"sqsum":85022278898171.98,"variance":2931802720626.62,"size":30},"count=10 method=\"for\" n=5000000":{"mean":115659701.83972265,"sqsum":5081484370613.158,"variance":175223598986.6606,"size":30},"count=20 method=\"for\" n=5000000":{"mean":66108149.65407389,"sqsum":743175456570155.6,"variance":25626739881729.504,"size":30},"count=100 method=\"for\" n=5000000":{"mean":14298141.090268055,"sqsum":184358792140.10532,"variance":6357199728.969149,"size":30},"count=5 method=\"for-of\" n=5000000":{"mean":124550476.53153501,"sqsum":36235557083002.69,"variance":1249501968379.403,"size":30},"count=10 method=\"for-of\" n=5000000":{"mean":84620781.36931479,"sqsum":5289930396165.995,"variance":182411392971.2412,"size":30},"count=20 method=\"for-of\" n=5000000":{"mean":29964250.15029081,"sqsum":14475174025869.57,"variance":499143931926.5369,"size":30},"count=100 method=\"for-of\" n=5000000":{"mean":12644674.550863994,"sqsum":40028324761.35761,"variance":1380287060.7364693,"size":30},"count=5 method=\"for-in\" n=5000000":{"mean":3862174.428103015,"sqsum":9951340008.727083,"variance":343149655.4733477,"size":30},"count=10 method=\"for-in\" n=5000000":{"mean":2388710.605079635,"sqsum":4695865616.7270565,"variance":161926400.57679504,"size":30},"count=20 method=\"for-in\" n=5000000":{"mean":1434465.1252634241,"sqsum":605639630.3607669,"variance":20884125.18485403,"size":30},"count=100 method=\"for-in\" n=5000000":{"mean":346507.1118268397,"sqsum":5860378363.592721,"variance":202082012.53768003,"size":30},"count=5 method=\"forEach\" n=5000000":{"mean":149327717.6379278,"sqsum":31467499591961.918,"variance":1085086192826.2731,"size":30},"count=10 method=\"forEach\" n=5000000":{"mean":114721371.31203029,"sqsum":86313035274778.44,"variance":2976311561199.2563,"size":30},"count=20 method=\"forEach\" n=5000000":{"mean":77955190.76208852,"sqsum":17788836830220.418,"variance":613408166559.3247,"size":30},"count=100 method=\"forEach\" n=5000000":{"mean":23044256.850331463,"sqsum":569950444470.4229,"variance":19653463602.428375,"size":30}},"map-bench":{"method=\"object\" n=1000000":{"mean":480979.84317782876,"sqsum":375662021.236907,"variance":12953862.801272657,"size":30},"method=\"nullProtoObject\" n=1000000":{"mean":495739.12544699194,"sqsum":446377092.0902009,"variance":15392313.520351755,"size":30},"method=\"nullProtoLiteralObject\" n=1000000":{"mean":494024.1191993095,"sqsum":872464718.5284103,"variance":30084990.294083115,"size":30},"method=\"storageObject\" n=1000000":{"mean":493862.77221089357,"sqsum":502620453.3968138,"variance":17331739.772303924,"size":30},"method=\"fakeMap\" n=1000000":{"mean":404715.2832650948,"sqsum":191049248.1131292,"variance":6587905.107349283,"size":30},"method=\"map\" n=1000000":{"mean":856520.1151212503,"sqsum":721521907.5570256,"variance":24880065.777828466,"size":30}},"restparams-bench":{"method=\"copy\" n=100000000":{"mean":44986720.56490017,"sqsum":173512157339.1635,"variance":5983177839.281501,"size":30},"method=\"rest\" n=100000000":{"mean":171816805.8661539,"sqsum":4535018463547.287,"variance":156379947018.87198,"size":30},"method=\"arguments\" n=100000000":{"mean":171830709.52786532,"sqsum":5627440058584.343,"variance":194049657192.56354,"size":30}},"spread-assign":{"count=5 method=\"spread\" n=1000000":{"mean":34156359.86486705,"sqsum":3509130736070.445,"variance":121004508140.36017,"size":30},"count=10 method=\"spread\" n=1000000":{"mean":29211028.81100314,"sqsum":395997288252.6113,"variance":13655078905.262459,"size":30},"count=20 method=\"spread\" n=1000000":{"mean":161360.85609043477,"sqsum":238878503.00568098,"variance":8237189.758816585,"size":30},"count=5 method=\"assign\" n=1000000":{"mean":8868159.908224158,"sqsum":296000575947.1392,"variance":10206916411.970318,"size":30},"count=10 method=\"assign\" n=1000000":{"mean":4637346.395458485,"sqsum":35485695086.67128,"variance":1223644658.1610785,"size":30},"count=20 method=\"assign\" n=1000000":{"mean":135421.39137614358,"sqsum":159464613.65920684,"variance":5498779.781351959,"size":30},"count=5 method=\"_extend\" n=1000000":{"mean":4843459.140755645,"sqsum":9697461630.43737,"variance":334395228.6357714,"size":30},"count=10 method=\"_extend\" n=1000000":{"mean":2542253.74378106,"sqsum":1609359746.549746,"variance":55495163.67412917,"size":30},"count=20 method=\"_extend\" n=1000000":{"mean":430528.61130913376,"sqsum":1286546080.2502186,"variance":44363657.93966271,"size":30}},"spread-bench":{"context=\"context\" count=5 method=\"apply\" n=5000000 rest=0":{"mean":45186547.70944749,"sqsum":7234438669790.882,"variance":249463402406.58212,"size":30},"context=\"context\" count=5 method=\"apply\" n=5000000 rest=1":{"mean":44603915.28208737,"sqsum":5385226437384.753,"variance":185697463358.09494,"size":30},"context=\"null\" count=5 method=\"apply\" n=5000000 rest=0":{"mean":45606635.79813346,"sqsum":13435538562528.562,"variance":463294433190.6401,"size":30},"context=\"null\" count=5 method=\"apply\" n=5000000 rest=1":{"mean":44597078.67231867,"sqsum":6067024696963.108,"variance":209207748171.1417,"size":30},"context=\"context\" count=10 method=\"apply\" n=5000000 rest=0":{"mean":37837880.25284644,"sqsum":4540464198475.743,"variance":156567730981.92218,"size":30},"context=\"context\" count=10 method=\"apply\" n=5000000 rest=1":{"mean":37130393.81652356,"sqsum":4344773811104.057,"variance":149819786589.79507,"size":30},"context=\"null\" count=10 method=\"apply\" n=5000000 rest=0":{"mean":38104371.39530084,"sqsum":3322129407496.5977,"variance":114556186465.39992,"size":30},"context=\"null\" count=10 method=\"apply\" n=5000000 rest=1":{"mean":36996844.58782379,"sqsum":15132202818363.705,"variance":521800097184.9554,"size":30},"context=\"context\" count=20 method=\"apply\" n=5000000 rest=0":{"mean":28439582.74992358,"sqsum":1741270500901.5225,"variance":60043810375.91457,"size":30},"context=\"context\" count=20 method=\"apply\" n=5000000 rest=1":{"mean":26265159.63323651,"sqsum":220881155981129.2,"variance":7616591585556.179,"size":30},"context=\"null\" count=20 method=\"apply\" n=5000000 rest=0":{"mean":28447943.84815586,"sqsum":1519747045325.7397,"variance":52405070528.473785,"size":30},"context=\"null\" count=20 method=\"apply\" n=5000000 rest=1":{"mean":26724463.178486157,"sqsum":202861078872904.25,"variance":6995209616307.043,"size":30},"context=\"context\" count=5 method=\"spread\" n=5000000 rest=0":{"mean":47437974.238966994,"sqsum":14862656869060.514,"variance":512505409277.9487,"size":30},"context=\"context\" count=5 method=\"spread\" n=5000000 rest=1":{"mean":45144316.73785835,"sqsum":8815795947288.432,"variance":303992963699.6011,"size":30},"context=\"null\" count=5 method=\"spread\" n=5000000 rest=0":{"mean":54648793.225357056,"sqsum":17230362466168.398,"variance":594150429867.8759,"size":30},"context=\"null\" count=5 method=\"spread\" n=5000000 rest=1":{"mean":51509209.18750107,"sqsum":16024684637472.766,"variance":552575332326.6471,"size":30},"context=\"context\" count=10 method=\"spread\" n=5000000 rest=0":{"mean":37782141.014425434,