{"module-loader-circular":{"n=10000":{"mean":6229.4056658847585,"sqsum":135349.94805999735,"variance":4667.23958827577,"size":30}},"module-loader-deep":{"cache=\"true\" ext=\"\" files=1000":{"mean":779092.8525756067,"sqsum":13740367424.74868,"variance":473805773.2671959,"size":30},"cache=\"false\" ext=\"\" files=1000":{"mean":5298.468401789089,"sqsum":103171.71590954842,"variance":3557.645376191325,"size":30},"cache=\"true\" ext=\".js\" files=1000":{"mean":758403.9968090241,"sqsum":31914698124.870377,"variance":1100506831.892082,"size":30},"cache=\"false\" ext=\".js\" files=1000":{"mean":5352.90701683514,"sqsum":101208.46458870052,"variance":3489.9470547827764,"size":30}},"module-loader":{"cache=\"true\" dir=\"rel\" files=500 n=1 name=\"\"":{"mean":17291.811868199908,"sqsum":1324294.603388318,"variance":45665.33115132131,"size":30},"cache=\"false\" dir=\"rel\" files=500 n=1 name=\"\"":{"mean":4183.216640864577,"sqsum":46246.82217203735,"variance":1594.7180059323223,"size":30},"cache=\"true\" dir=\"rel\" files=500 n=1000 name=\"\"":{"mean":1894766.3036003206,"sqsum":1775877040.0599833,"variance":61237139.312413216,"size":30},"cache=\"false\" dir=\"rel\" files=500 n=1000 name=\"\"":{"mean":1392788.8965586289,"sqsum":2072483968.2093751,"variance":71464964.42101294,"size":30},"cache=\"true\" dir=\"abs\" files=500 n=1 name=\"\"":{"mean":17310.12744875803,"sqsum":359246.43398326554,"variance":12387.808068388465,"size":30},"cache=\"false\" dir=\"abs\" files=500 n=1 name=\"\"":{"mean":4232.913409615528,"sqsum":54488.642246349475,"variance":1878.9186981499818,"size":30},"cache=\"true\" dir=\"abs\" files=500 n=1000 name=\"\"":{"mean":1887024.2345847266,"sqsum":15093310916.41629,"variance":520458997.1178031,"size":30},"cache=\"false\" dir=\"abs\" files=500 n=1000 name=\"\"":{"mean":1393769.2463696469,"sqsum":21581734246.608124,"variance":744197732.6416594,"size":30},"cache=\"true\" dir=\"rel\" files=500 n=1 name=\"/\"":{"mean":17321.092897089664,"sqsum":179520.5679302642,"variance":6190.364411388421,"size":30},"cache=\"false\" dir=\"rel\" files=500 n=1 name=\"/\"":{"mean":4328.306066959747,"sqsum":38490.71739394538,"variance":1327.2661170325994,"size":30},"cache=\"true\" dir=\"rel\" files=500 n=1000 name=\"/\"":{"mean":1847868.3831354151,"sqsum":5398870519.691794,"variance":186167948.95488945,"size":30},"cache=\"false\" dir=\"rel\" files=500 n=1000 name=\"/\"":{"mean":1378537.3949096955,"sqsum":2162359904.7192235,"variance":74564134.64549047,"size":30},"cache=\"true\" dir=\"abs\" files=500 n=1 name=\"/\"":{"mean":17347.924234776176,"sqsum":162596.79232080205,"variance":5606.785942096622,"size":30},"cache=\"false\" dir=\"abs\" files=500 n=1 name=\"/\"":{"mean":4400.877421285252,"sqsum":44248.39612138193,"variance":1525.8067628062734,"size":30},"cache=\"true\" dir=\"abs\" files=500 n=1000 name=\"/\"":{"mean":1847844.4582875546,"sqsum":7194918312.619202,"variance":248100631.46962765,"size":30},"cache=\"false\" dir=\"abs\" files=500 n=1000 name=\"/\"":{"mean":1383675.8805945006,"sqsum":1960851356.671418,"variance":67615564.02315234,"size":30},"cache=\"true\" dir=\"rel\" files=500 n=1 name=\"/index.js\"":{"mean":17318.695443933822,"sqsum":214934.7707831463,"variance":7411.543820108493,"size":30},"cache=\"false\" dir=\"rel\" files=500 n=1 name=\"/index.js\"":{"mean":4538.777843745547,"sqsum":63158.35830092277,"variance":2177.874424169751,"size":30},"cache=\"true\" dir=\"rel\" files=500 n=1000 name=\"/index.js\"":{"mean":1805474.6419644733,"sqsum":2742923495.3831,"variance":94583568.8063138,"size":30},"cache=\"false\" dir=\"rel\" files=500 n=1000 name=\"/index.js\"":{"mean":1369484.7066170664,"sqsum":2625928267.813381,"variance":90549250.61425453,"size":30},"cache=\"true\" dir=\"abs\" files=500 n=1 name=\"/index.js\"":{"mean":17600.87222832259,"sqsum":1639339.8378122197,"variance":56528.9599245593,"size":30},"cache=\"false\" dir=\"abs\" files=500 n=1 name=\"/index.js\"":{"mean":4578.421097785201,"sqsum":65536.29466592877,"variance":2259.872229859613,"size":30},"cache=\"true\" dir=\"abs\" files=500 n=1000 name=\"/index.js\"":{"mean":1794517.814986133,"sqsum":43962519654.57487,"variance":1515948953.60603,"size":30},"cache=\"false\" dir=\"abs\" files=500 n=1000 name=\"/index.js\"":{"mean":1371758.9997951747,"sqsum":2342187817.1286125,"variance":80765097.14236595,"size":30}},"module-require":{"n=10000 type=\".js\"":{"mean":10307.361411714033,"sqsum":382216.78022533725,"variance":13179.888973287492,"size":30},"n=10000 type=\".json\"":{"mean":20740.69020322854,"sqsum":2173787.7224138365,"variance":74958.19732461504,"size":30},"n=10000 type=\"dir\"":{"mean":8598.71676590867,"sqsum":133616.3945347784,"variance":4607.461880509601,"size":30}}}