{"convertprotocols":{"n=1":{"mean":2390.3271412521276,"sqsum":189324.82072290275,"variance":6528.442093893198,"size":30},"n=50000":{"mean":695183.1990953216,"sqsum":3484344077.3148475,"variance":120149795.7694775,"size":30}},"secure-pair":{"dur=5 securing=\"SecurePair\" size=100":{"mean":344.8982745778256,"sqsum":153.01090949401333,"variance":5.276238258414254,"size":30},"dur=5 securing=\"SecurePair\" size=1024":{"mean":378.8909594357103,"sqsum":111.76666926623894,"variance":3.85402307814617,"size":30},"dur=5 securing=\"SecurePair\" size=1048576":{"mean":455.85055165553496,"sqsum":76.21216102876467,"variance":2.628005552716023,"size":30},"dur=5 securing=\"TLSSocket\" size=100":{"mean":344.1390723050515,"sqsum":51.44614190633537,"variance":1.7740048933219095,"size":30},"dur=5 securing=\"TLSSocket\" size=1024":{"mean":382.66991416477094,"sqsum":31.944451402620295,"variance":1.1015328069869068,"size":30},"dur=5 securing=\"TLSSocket\" size=1048576":{"mean":455.6097234275608,"sqsum":24.906201831391115,"variance":0.8588345459100384,"size":30},"dur=5 securing=\"clear\" size=100":{"mean":249.75982701007794,"sqsum":1357.449651317695,"variance":46.80860866612741,"size":30},"dur=5 securing=\"clear\" size=1024":{"mean":1923.3813840712207,"sqsum":106067.19581654172,"variance":3657.489510915231,"size":30},"dur=5 securing=\"clear\" size=1048576":{"mean":6181.149909482827,"sqsum":94170.61398204595,"variance":3247.262551105033,"size":30}},"throughput-c2s":{"dur=5 size=100 type=\"buf\"":{"mean":379.61465974348334,"sqsum":44.49648253268733,"variance":1.5343614666443908,"size":30},"dur=5 size=1024 type=\"buf\"":{"mean":432.48344547990195,"sqsum":67.29056174883202,"variance":2.320364198235587,"size":30},"dur=5 size=1048576 type=\"buf\"":{"mean":503.76270338325605,"sqsum":132.39362356058462,"variance":4.56529736415809,"size":30},"dur=5 size=4194304 type=\"buf\"":{"mean":496.6647027183369,"sqsum":41.3207771171701,"variance":1.4248543833506933,"size":30},"dur=5 size=16777216 type=\"buf\"":{"mean":490.63812485770575,"sqsum":445.53035869626837,"variance":15.363115817112702,"size":30},"dur=5 size=100 type=\"asc\"":{"mean":301.3695027291272,"sqsum":83.74799358080202,"variance":2.8878618476138627,"size":30},"dur=5 size=1024 type=\"asc\"":{"mean":417.07026567787483,"sqsum":83.83813295921978,"variance":2.8909701020420613,"size":30},"dur=5 size=1048576 type=\"asc\"":{"mean":499.2738577498239,"sqsum":42.84594828100435,"variance":1.4774464924484259,"size":30},"dur=5 size=4194304 type=\"asc\"":{"mean":490.9550099863237,"sqsum":25.562370395579553,"variance":0.8814610481234328,"size":30},"dur=5 size=16777216 type=\"asc\"":{"mean":490.18521813199106,"sqsum":66.74090613993013,"variance":2.301410556549315,"size":30},"dur=5 size=100 type=\"utf\"":{"mean":312.55328791485647,"sqsum":78.58951722938455,"variance":2.7099833527373987,"size":30},"dur=5 size=1024 type=\"utf\"":{"mean":417.4425445409021,"sqsum":35.89385168659083,"variance":1.2377190236755458,"size":30},"dur=5 size=1048576 type=\"utf\"":{"mean":467.30860386917107,"sqsum":26.34694302357362,"variance":0.9085152766749525,"size":30},"dur=5 size=4194304 type=\"utf\"":{"mean":461.4255694751783,"sqsum":49.24101848144891,"variance":1.697966154532721,"size":30},"dur=5 size=16777216 type=\"utf\"":{"mean":449.90868074774903,"sqsum":72.43284172970739,"variance":2.4976841975761173,"size":30}},"throughput-s2c":{"dur=5 recvbufgenfn=\"true\" recvbuflen=0 sendchunklen=256 type=\"buf\"":{"mean":416.2282130990106,"sqsum":36.48701658585371,"variance":1.2581729857190935,"size":30},"dur=5 recvbufgenfn=\"false\" recvbuflen=0 sendchunklen=256 type=\"buf\"":{"mean":415.3548780588385,"sqsum":28.38217891211986,"variance":0.9786958245558571,"size":30},"dur=5 recvbufgenfn=\"true\" recvbuflen=65536 sendchunklen=256 type=\"buf\"":{"mean":433.7989063332489,"sqsum":35.984562973552386,"variance":1.2408469990880133,"size":30},"dur=5 recvbufgenfn=\"false\" recvbuflen=65536 sendchunklen=256 type=\"buf\"":{"mean":435.33675434880263,"sqsum":44.35820519966703,"variance":1.529593282747139,"size":30},"dur=5 recvbufgenfn=\"true\" recvbuflen=1048576 sendchunklen=256 type=\"buf\"":{"mean":434.13842744277355,"sqsum":40.563548099230594,"variance":1.3987430379045034,"size":30},"dur=5 recvbufgenfn=\"false\" recvbuflen=1048576 sendchunklen=256 type=\"buf\"":{"mean":435.2395140027916,"sqsum":81.15866741652118,"variance":2.7985747385007307,"size":30},"dur=5 recvbufgenfn=\"true\" recvbuflen=0 sendchunklen=32768 type=\"buf\"":{"mean":485.7072674968588,"sqsum":59.88086264824547,"variance":2.0648573326981197,"size":30},"dur=5 recvbufgenfn=\"false\" recvbuflen=0 sendchunklen=32768 type=\"buf\"":{"mean":486.4947648493139,"sqsum":42.67207604431465,"variance":1.4714508980798156,"size":30},"dur=5 recvbufgenfn=\"true\" recvbuflen=65536 sendchunklen=32768 type=\"buf\"":{"mean":504.79163103231105,"sqsum":41.360474710061844,"variance":1.4262232658642016,"size":30},"dur=5 recvbufgenfn=\"false\" recvbuflen=65536 sendchunklen=32768 type=\"buf\"":{"mean":506.8729546348848,"sqsum":36.30112483823789,"variance":1.251762925456479,"size":30},"dur=5 recvbufgenfn=\"true\" recvbuflen=1048576 sendchunklen=32768 type=\"buf\"":{"mean":504.3909987208666,"sqsum":27.14497274674557,"variance":0.9360335429912265,"size":30},"dur=5 recvbufgenfn=\"false\" recvbuflen=1048576 sendchunklen=32768 type=\"buf\"":{"mean":506.60123019393836,"sqsum":36.465852231269466,"variance":1.2574431803886021,"size":30},"dur=5 recvbufgenfn=\"true\" recvbuflen=0 sendchunklen=131072 type=\"buf\"":{"mean":500.0117896479384,"sqsum":46.96299179228705,"variance":1.6194135100788638,"size":30},"dur=5 recvbufgenfn=\"false\" recvbuflen=0 sendchunklen=131072 type=\"buf\"":{"mean":499.88371412535594,"sqsum":54.44582660734392,"variance":1.8774422968049627,"size":30},"dur=5 recvbufgenfn=\"true\" recvbuflen=65536 sendchunklen=131072 type=\"buf\"":{"mean":520.0606549565737,"sqsum":29.291053174083743,"variance":1.0100363163477153,"size":30},"dur=5 recvbufgenfn=\"false\" recvbuflen=65536 sendchunklen=131072 type=\"buf\"":{"mean":521.2538751071304,"sqsum":102.61131955631384,"variance":3.538321364010822,"size":30},"dur=5 recvbufgenfn=\"true\" recvbuflen=1048576 sendchunklen=131072 type=\"buf\"":{"mean":519.8789823900013,"sqsum":52.1710381431397,"variance":1.7990013152806792,"size":30},"dur=5 recvbufgenfn=\"false\" recvbuflen=1048576 sendchunklen=131072 type=\"buf\"":{"mean":521.3258647122126,"sqsum":71.86810022860692,"variance":2.478210352710583,"size":30},"dur=5 recvbufgenfn=\"true\" recvbuflen=0 sendchunklen=16777216 type=\"buf\"":{"mean":489.8695922031427,"sqsum":349.77416232332376,"variance":12.061178011149096,"size":30},"dur=5 recvbufgenfn=\"false\" recvbuflen=0 sendchunklen=16777216 type=\"buf\"":{"mean":489.0477667038998,"sqsum":38.80900107713402,"variance":1.3382414164528973,"size":30},"dur=5 recvbufgenfn=\"true\" recvbuflen=65536 sendchunklen=16777216 type=\"buf\"":{"mean":517.9046333563103,"sqsum":57.839913782812886,"variance":1.9944797856142376,"size":30},"dur=5 recvbufgenfn=\"false\" recvbuflen=65536 sendchunklen=16777216 type=\"buf\"":{"mean":521.3078899323757,"sqsum":120.614737771965,"variance":4.159128888688448,"size":30},"dur=5 recvbufgenfn=\"true\" recvbuflen=1048576 sendchunklen=16777216 type=\"buf\"":{"mean":518.1177347305427,"sqsum":46.835581124339974,"variance":1.615020038770344,"size":30},"dur=5 recvbufgenfn=\"false\" recvbuflen=1048576 sendchunklen=16777216 type=\"buf\"":{"mean":521.692870244415,"sqsum":206.13428282085886,"variance":7.108078717960651,"size":30},"dur=5 recvbufgenfn=\"true\" recvbuflen=0 sendchunklen=256 type=\"asc\"":{"mean":374.04843868553877,"sqsum":80.10437185708437,"variance":2.762219719209806,"size":30},"dur=5 recvbufgenfn=\"false\" recvbuflen=0 sendchunklen=256 type=\"asc\"":{"mean":373.44102459499595,"sqsum":93.09065498512851,"variance":3.2100225856940865,"size":30},"dur=5 recvbufgenfn=\"true\" recvbuflen=65536 sendchunklen=256 type=\"asc\"":{"mean":387.65450689121855,"sqsum":68.46466870435793,