{"basename-posix":{"n=100000 pathext=\"\"":{"mean":7563366.712292174,"sqsum":1304326073513.4075,"variance":44976761155.63474,"size":30},"n=100000 pathext=\"/\"":{"mean":6584412.434037989,"sqsum":1047881485485.0713,"variance":36133844327.07143,"size":30},"n=100000 pathext=\"/foo\"":{"mean":5813715.817447992,"sqsum":238115662996.05316,"variance":8210884930.898385,"size":30},"n=100000 pathext=\"/foo/.bar.baz\"":{"mean":4212192.772753281,"sqsum":141308835650.22754,"variance":4872718470.697501,"size":30},"n=100000 pathext=\"/foo/.bar.baz|.baz\"":{"mean":3146437.537901707,"sqsum":131731194410.7771,"variance":4542454979.681969,"size":30},"n=100000 pathext=\"foo\"":{"mean":6142636.095075587,"sqsum":864193859636.5116,"variance":29799788263.327988,"size":30},"n=100000 pathext=\"foo/bar.\"":{"mean":4967412.988516611,"sqsum":173207724614.24597,"variance":5972680159.11193,"size":30},"n=100000 pathext=\"foo/bar.|.\"":{"mean":3728793.48262433,"sqsum":83163182687.9638,"variance":2867695954.757373,"size":30},"n=100000 pathext=\"/foo/bar/baz/asdf/quux.html\"":{"mean":4048727.1694074585,"sqsum":118511617607.79796,"variance":4086607503.7171707,"size":30},"n=100000 pathext=\"/foo/bar/baz/asdf/quux.html|.html\"":{"mean":3070445.612005972,"sqsum":85368016882.64545,"variance":2943724720.0912223,"size":30}},"basename-win32":{"n=100000 pathext=\"\"":{"mean":7171186.862761581,"sqsum":90162169792.98972,"variance":3109040337.6893,"size":30},"n=100000 pathext=\"C:\\\\\"":{"mean":5289872.534119237,"sqsum":778905055265.928,"variance":26858795009.16993,"size":30},"n=100000 pathext=\"C:\\\\foo\"":{"mean":4862405.972463478,"sqsum":336689726048.84106,"variance":11609990553.408312,"size":30},"n=100000 pathext=\"D:\\\\foo\\\\.bar.baz\"":{"mean":3597165.202682032,"sqsum":97931430385.66086,"variance":3376945875.3676157,"size":30},"n=100000 pathext=\"E:\\\\foo\\\\.bar.baz|.baz\"":{"mean":3013803.190083382,"sqsum":70375999840.94453,"variance":2426758615.204984,"size":30},"n=100000 pathext=\"foo\"":{"mean":5146151.33787087,"sqsum":252467794016.6475,"variance":8705786000.57405,"size":30},"n=100000 pathext=\"foo\\\\bar.\"":{"mean":4249491.457757699,"sqsum":70425608093.18204,"variance":2428469244.592484,"size":30},"n=100000 pathext=\"foo\\\\bar.|.\"":{"mean":3567349.66708482,"sqsum":127944907611.0143,"variance":4411893365.897044,"size":30},"n=100000 pathext=\"\\\\foo\\\\bar\\\\baz\\\\asdf\\\\quux.html\"":{"mean":3680076.111238868,"sqsum":92339715276.46494,"variance":3184128112.9815493,"size":30},"n=100000 pathext=\"\\\\foo\\\\bar\\\\baz\\\\asdf\\\\quux.html|.html\"":{"mean":3073233.8955708235,"sqsum":64664963375.37239,"variance":2229826323.288703,"size":30}},"dirname-posix":{"n=100000 path=\"\"":{"mean":7608339.627676151,"sqsum":349706208114.69977,"variance":12058834762.575853,"size":30},"n=100000 path=\"/\"":{"mean":6586160.504438854,"sqsum":933216588196.5651,"variance":32179882351.60569,"size":30},"n=100000 path=\"/foo\"":{"mean":6029241.970713622,"sqsum":389131918133.66656,"variance":13418342004.609192,"size":30},"n=100000 path=\"/foo/bar\"":{"mean":5046769.9211818315,"sqsum":299162744628.8094,"variance":10315956711.338255,"size":30},"n=100000 path=\"foo\"":{"mean":6219090.058689187,"sqsum":835087688130.3518,"variance":28796127176.908684,"size":30},"n=100000 path=\"foo/bar\"":{"mean":5708247.926987941,"sqsum":356141771755.3082,"variance":12280750750.183043,"size":30},"n=100000 path=\"/foo/bar/baz/asdf/quux\"":{"mean":4564563.118801251,"sqsum":912699886305.231,"variance":31472409872.59417,"size":30}},"dirname-win32":{"n=100000 path=\"\"":{"mean":7721632.000993074,"sqsum":286058182342.8983,"variance":9864075253.20339,"size":30},"n=100000 path=\"\\\\\"":{"mean":6344953.504107226,"sqsum":1396036129094.333,"variance":48139176865.32183,"size":30},"n=100000 path=\"\\\\foo\"":{"mean":5666345.766672955,"sqsum":357082885949.8292,"variance":12313202963.787216,"size":30},"n=100000 path=\"C:\\\\foo\\\\bar\"":{"mean":4208870.276371089,"sqsum":158913835602.1014,"variance":5479787434.555221,"size":30},"n=100000 path=\"foo\"":{"mean":5844976.508374409,"sqsum":704064705522.2311,"variance":24278093293.870037,"size":30},"n=100000 path=\"foo\\\\bar\"":{"mean":5073684.867276218,"sqsum":258542207372.1674,"variance":8915248530.074738,"size":30},"n=100000 path=\"D:\\\\foo\\\\bar\\\\baz\\\\asdf\\\\quux\"":{"mean":3946422.866880623,"sqsum":236922496712.44104,"variance":8169741265.946242,"size":30}},"extname-posix":{"n=100000 path=\"\"":{"mean":8650625.806678783,"sqsum":168323357075.21628,"variance":5804253692.2488365,"size":30},"n=100000 path=\"/\"":{"mean":7129708.608367246,"sqsum":861915164825.5754,"variance":29721212580.192257,"size":30},"n=100000 path=\"/foo\"":{"mean":6471061.302047242,"sqsum":480032677353.0887,"variance":16552850943.209955,"size":30},"n=100000 path=\"foo/.bar.baz\"":{"mean":3800588.0959585006,"sqsum":114812366637.49178,"variance":3959047125.430751,"size":30},"n=100000 path=\"index.html\"":{"mean":3750232.3885013117,"sqsum":62961959395.50169,"variance":2171102048.120748,"size":30},"n=100000 path=\"index\"":{"mean":6274072.7015057085,"sqsum":236660139218.80066,"variance":8160694455.820712,"size":30},"n=100000 path=\"foo/bar/..baz.quux\"":{"mean":3496908.324854067,"sqsum":159733423274.9345,"variance":5508049078.446018,"size":30},"n=100000 path=\"foo/bar/...baz.quux\"":{"mean":3297619.315014008,"sqsum":55025248033.39652,"variance":1897422345.9791903,"size":30},"n=100000 path=\"/foo/bar/baz/asdf/quux\"":{"mean":5125919.06338743,"sqsum":174038418181.3112,"variance":6001324764.872799,"size":30},"n=100000 path=\"/foo/bar/baz/asdf/quux.foobarbazasdfquux\"":{"mean":2754313.6562824557,"sqsum":23359653298.339657,"variance":805505286.1496434,"size":30}},"extname-win32":{"n=100000 path=\"\"":{"mean":7442931.702651744,"sqsum":327993999951.81915,"variance":11310137929.373074,"size":30},"n=100000 path=\"\\\\\"":{"mean":6265683.736770618,"sqsum":818883225086.5193,"variance":28237352589.19032,"size":30},"n=100000 path=\"C:\\\\foo\"":{"mean":5398867.612523654,"sqsum":377309491713.6374,"variance":13010672128.056461,"size":30},"n=100000 path=\"foo\\\\.bar.baz\"":{"mean":3655655.1425885633,"sqsum":164815170874.21088,"variance":5683281754.2831335,"size":30},"n=100000 path=\"index.html\"":{"mean":3671100.5103886947,"sqsum":55418421671.30247,"variance":1910980057.6311197,"size":30},"n=100000 path=\"index\"":{"mean":5523201.1182280695,"sqsum":236720547201.86182,"variance":8162777489.719373,"size":30},"n=100000 path=\"foo\\\\bar\\\\..baz.quux\"":{"mean":3129808.747992938,"sqsum":54901254855.81409,"variance":1893146719.166003,"size":30},"n=100000 path=\"foo\\\\bar\\\\...baz.quux\"":{"mean":2985565.5966041936,"sqsum":55552391040.7175,"variance":1915599691.0592241,"size":30},"n=100000 path=\"D:\\\\foo\\\\bar\\\\baz\\\\asdf\\\\quux\"":{"mean":4204941.449190501,"sqsum":351374690407.06555,"variance":12116368634.726398,"size":30},"n=100000 path=\"\\\\foo\\\\bar\\\\baz\\\\asdf\\\\quux.foobarbazasdfquux\"":{"mean":2680540.688931096,"sqsum":37031071532.66886,"variance":1276933501.1265125,"size":30}},"format-posix":{"n=1000000 props=\"/|/home/user/dir|index.html|.html|index\"":{"mean":3992041.773872233,"sqsum":110428943958.21465,"variance":3807894619.248781,"size":30}},"format-win32":{"n=1000000 props=\"C:\\\\|C:\\\\path\\\\dir|index.html|.html|index\"":{"mean":3788842.6034155963,"sqsum":88097212627.385,"variance":3037834918.1856894,"size":30}},"isAbsolute-posix":{"n=100000 path=\"\"":{"mean":11258087.884382589,"sqsum":816448282773.0193,"variance":28153389061.138596,"size":30},"n=100000 path=\".\"":{"mean":9586265.3273743,"sqsum":1698002661921.9634,"variance":58551815928.34356,"size":30},"n=100000 path=\"/foo/bar\"":{"mean":7845124.730277932,"sqsum":473315002540.7237,"variance":16321206984.162888,"size":30},"n=100000 path=\"/baz/..\"":{"mean":9311520.942519173,"sqsum":801130616863.4398,"variance":27625193684.9462,"size":30},"n=100000 path=\"bar/baz\"":{"mean":9276145.994676143,"sqsum":1065085461332.8912,"variance":36727084873.54797,