{"querystring-parse":{"n=1000000 type=\"noencode\"":{"mean":1360676.3886743388,"sqsum":29086092836.400547,"variance":1002968718.4965706,"size":30},"n=1000000 type=\"multicharsep\"":{"mean":1050151.2763766919,"sqsum":19096724240.158363,"variance":658507732.4192538,"size":30},"n=1000000 type=\"encodefake\"":{"mean":1328340.4454427226,"sqsum":27433626324.98293,"variance":945987114.6545837,"size":30},"n=1000000 type=\"encodemany\"":{"mean":555905.3121312336,"sqsum":2364955182.725962,"variance":81550178.71468836,"size":30},"n=1000000 type=\"encodelast\"":{"mean":1081584.706130168,"sqsum":10055436035.819963,"variance":346739173.6489643,"size":30},"n=1000000 type=\"multivalue\"":{"mean":985420.402167465,"sqsum":8857305365.702803,"variance":305424322.95526904,"size":30},"n=1000000 type=\"multivaluemany\"":{"mean":391051.1685181041,"sqsum":542803749.4081411,"variance":18717370.669246245,"size":30},"n=1000000 type=\"manypairs\"":{"mean":257030.68098047472,"sqsum":3984683671.9866576,"variance":137402885.24091923,"size":30},"n=1000000 type=\"manyblankpairs\"":{"mean":5546600.204305333,"sqsum":45645875044.05099,"variance":1573995691.174172,"size":30},"n=1000000 type=\"altspaces\"":{"mean":741707.2428794715,"sqsum":13961344985.811525,"variance":481425689.16591465,"size":30}},"querystring-stringify":{"n=1000000 type=\"noencode\"":{"mean":1886283.6544485358,"sqsum":25722878058.797783,"variance":886995795.130958,"size":30},"n=1000000 type=\"encodemany\"":{"mean":1288529.8753573715,"sqsum":14207952028.42629,"variance":489929380.29056174,"size":30},"n=1000000 type=\"encodelast\"":{"mean":1642081.0106926325,"sqsum":23444892418.750416,"variance":808444566.1638074,"size":30},"n=1000000 type=\"array\"":{"mean":1674353.7941615682,"sqsum":5693164085.318836,"variance":196316002.94202882,"size":30}},"querystring-unescapebuffer":{"input=\"there is nothing to unescape here\" n=10000000":{"mean":3768975.5777745936,"sqsum":353197792339.43024,"variance":12179234218.601044,"size":30},"input=\"there%20are%20several%20spaces%20that%20need%20to%20be%20unescaped\" n=10000000":{"mean":1673135.5386927514,"sqsum":1910977948.3991036,"variance":65895791.32410702,"size":30},"input=\"there%2Qare%0-fake%escaped values in%%%%this%9Hstring\" n=10000000":{"mean":2156132.9808918694,"sqsum":830203958.9107761,"variance":28627722.721061245,"size":30},"input=\"%20%21%22%23%24%25%26%27%28%29%2A%2B%2C%2D%2E%2F%30%31%32%33%34%35%36%37\" n=10000000":{"mean":1876481.69600799,"sqsum":1604587099.4677854,"variance":55330589.63682018,"size":30}}}