{"ee-add-remove":{"n=1000000":{"mean":857357.472035062,"sqsum":7746569296.2003765,"variance":267123079.17932332,"size":30}},"ee-emit":{"argc=0 listeners=1 n=2000000":{"mean":34049575.891469404,"sqsum":23162419280459.496,"variance":798704113119.293,"size":30},"argc=0 listeners=5 n=2000000":{"mean":11552840.164648654,"sqsum":1667753109624.939,"variance":57508727918.10135,"size":30},"argc=0 listeners=10 n=2000000":{"mean":6247858.3282422405,"sqsum":595650690887.0049,"variance":20539678996.103615,"size":30},"argc=2 listeners=1 n=2000000":{"mean":32045173.07866688,"sqsum":14381570536112.584,"variance":495916225383.19257,"size":30},"argc=2 listeners=5 n=2000000":{"mean":10440768.284953373,"sqsum":2316149403267.328,"variance":79867220802.32166,"size":30},"argc=2 listeners=10 n=2000000":{"mean":5387156.4255798,"sqsum":198096021232.69522,"variance":6830897283.886043,"size":30},"argc=4 listeners=1 n=2000000":{"mean":31911563.089361627,"sqsum":7125147279653.71,"variance":245694733781.1624,"size":30},"argc=4 listeners=5 n=2000000":{"mean":10045320.60974272,"sqsum":2666892462334.59,"variance":91961809046.02034,"size":30},"argc=4 listeners=10 n=2000000":{"mean":5357431.98512061,"sqsum":451403200762.50354,"variance":15565627612.500122,"size":30},"argc=10 listeners=1 n=2000000":{"mean":30937280.688779943,"sqsum":13907093936315.715,"variance":479554963321.23157,"size":30},"argc=10 listeners=5 n=2000000":{"mean":9653429.24320893,"sqsum":1312435109559.4585,"variance":45256383088.25719,"size":30},"argc=10 listeners=10 n=2000000":{"mean":5047207.119594287,"sqsum":90679905204.58214,"variance":3126893282.9166255,"size":30}},"ee-listener-count-on-prototype":{"n=50000000":{"mean":61158066.6339339,"sqsum":64135077264404.6,"variance":2211554388427.7446,"size":30}},"ee-listeners":{"listeners=5 n=5000000 raw=\"true\"":{"mean":45469827.77082706,"sqsum":18311276732924.48,"variance":631423335618.0856,"size":30},"listeners=5 n=5000000 raw=\"false\"":{"mean":23335080.816642143,"sqsum":2129895992999.057,"variance":73444689413.76057,"size":30},"listeners=50 n=5000000 raw=\"true\"":{"mean":12344323.103516886,"sqsum":2145258407191.8623,"variance":73974427834.20215,"size":30},"listeners=50 n=5000000 raw=\"false\"":{"mean":4377375.135452821,"sqsum":125379588081.06761,"variance":4323434071.760952,"size":30}},"ee-once":{"argc=0 n=20000000":{"mean":4763506.827712201,"sqsum":1452472329081.6516,"variance":50085252726.95351,"size":30},"argc=1 n=20000000":{"mean":4450406.059802988,"sqsum":206433385896.64264,"variance":7118392617.125608,"size":30},"argc=4 n=20000000":{"mean":4402447.543578663,"sqsum":176327080463.2917,"variance":6080244153.90661,"size":30},"argc=5 n=20000000":{"mean":4402451.3446658915,"sqsum":162830169197.28427,"variance":5614833420.596009,"size":30}},"eventtarget":{"listeners=1 n=1000000":{"mean":307943.80848874204,"sqsum":641206698.4195762,"variance":22110575.807571594,"size":30},"listeners=5 n=1000000":{"mean":295286.4776105473,"sqsum":1105101891.4679623,"variance":38106961.774757326,"size":30},"listeners=10 n=1000000":{"mean":282811.7612803399,"sqsum":592311539.7450466,"variance":20424535.85327747,"size":30}}}