{"echo":{"n=100000 payload=\"string\" sendsPerBroadcast=1 serialization=\"json\" workers=1":{"mean":39635.221207589064,"sqsum":23686970.994949944,"variance":816792.103274136,"size":30},"n=100000 payload=\"string\" sendsPerBroadcast=1 serialization=\"advanced\" workers=1":{"mean":27417.528827809063,"sqsum":2979709.3422232815,"variance":102748.59800769936,"size":30},"n=100000 payload=\"string\" sendsPerBroadcast=10 serialization=\"json\" workers=1":{"mean":18097.093276824562,"sqsum":1846199.6427995374,"variance":63662.05664825991,"size":30},"n=100000 payload=\"string\" sendsPerBroadcast=10 serialization=\"advanced\" workers=1":{"mean":8047.047982057153,"sqsum":425979.74407157756,"variance":14688.956692123364,"size":30},"n=100000 payload=\"object\" sendsPerBroadcast=1 serialization=\"json\" workers=1":{"mean":34089.52409290901,"sqsum":13503949.996773824,"variance":465653.4481646146,"size":30},"n=100000 payload=\"object\" sendsPerBroadcast=1 serialization=\"advanced\" workers=1":{"mean":22507.6799266897,"sqsum":2531011.330393384,"variance":87276.25277218566,"size":30},"n=100000 payload=\"object\" sendsPerBroadcast=10 serialization=\"json\" workers=1":{"mean":14179.866012748498,"sqsum":2007133.8607864673,"variance":69211.51244091267,"size":30},"n=100000 payload=\"object\" sendsPerBroadcast=10 serialization=\"advanced\" workers=1":{"mean":6023.8636198165605,"sqsum":145116.68025022934,"variance":5004.0234569044605,"size":30}}}