{"bench-env":{"n=1000000 operation=\"get\"":{"mean":4406830.4760237215,"sqsum":492481513131.86084,"variance":16982121142.47796,"size":30},"n=1000000 operation=\"set\"":{"mean":3364589.374785743,"sqsum":101218836778.24728,"variance":3490304716.491286,"size":30},"n=1000000 operation=\"enumerate\"":{"mean":31193.721417601468,"sqsum":9821165.262324056,"variance":338660.87111462257,"size":30},"n=1000000 operation=\"query\"":{"mean":4684909.215795675,"sqsum":308544477249.97064,"variance":10639464732.757608,"size":30},"n=1000000 operation=\"delete\"":{"mean":3985967.022261235,"sqsum":249248153210.89523,"variance":8594763903.823975,"size":30}},"bench-hrtime":{"n=1000000 type=\"raw\"":{"mean":17673211.71740767,"sqsum":2416335226853.518,"variance":83321904374.25925,"size":30},"n=1000000 type=\"diff\"":{"mean":16242345.49995094,"sqsum":2879983988721.067,"variance":99309792714.51955,"size":30},"n=1000000 type=\"bigint\"":{"mean":18469266.226335455,"sqsum":4036057291490.809,"variance":139174389361.75204,"size":30}},"coverage":{"n=100000":{"mean":476933.33794226014,"sqsum":1789556468.5297928,"variance":61708843.742406644,"size":30}},"memoryUsage":{"n=100000":{"mean":188288.7706170427,"sqsum":172485884.96467462,"variance":5947789.136712918,"size":30}},"next-tick-breadth-args":{"n=10000000":{"mean":3327265.351381772,"sqsum":23620485258.11724,"variance":814499491.6592152,"size":30}},"next-tick-breadth":{"n=10000000":{"mean":4734268.695687905,"sqsum":50699197831.80027,"variance":1748248201.0965612,"size":30}},"next-tick-depth-args":{"n=7000000":{"mean":10347817.323932076,"sqsum":385795166884.90076,"variance":13303281616.720716,"size":30}},"next-tick-depth":{"n=7000000":{"mean":12224688.408266991,"sqsum":1195941371763.5664,"variance":41239357647.01953,"size":30}},"next-tick-exec-args":{"n=4000000":{"mean":32570891.408251237,"sqsum":21257868391826.312,"variance":733029944545.7349,"size":30}},"next-tick-exec":{"n=4000000":{"mean":38556678.570599385,"sqsum":103165894745.97241,"variance":3557444646.4128413,"size":30}},"queue-microtask-breadth":{"n=400000":{"mean":2934470.1709270747,"sqsum":1099069934935.3889,"variance":37898963273.6341,"size":30}},"queue-microtask-depth":{"n=1200000":{"mean":5924347.418635324,"sqsum":165208128502.66446,"variance":5696832017.333258,"size":30}},"resourceUsage":{"n=100000":{"mean":1258387.9715045178,"sqsum":2258239083.143197,"variance":77870313.21183437,"size":30}}}