{"querystring-parse":{"n=1000000 type=\"noencode\"":{"mean":2125558.203771784,"sqsum":20836886133.836353,"variance":718513314.9598742,"size":30},"n=1000000 type=\"multicharsep\"":{"mean":1600776.667758739,"sqsum":43159092154.04876,"variance":1488244557.0361643,"size":30},"n=1000000 type=\"encodefake\"":{"mean":2015225.1049832595,"sqsum":41344657685.65767,"variance":1425677851.2295747,"size":30},"n=1000000 type=\"encodemany\"":{"mean":842769.2933210135,"sqsum":1437642284.8054478,"variance":49573871.88984303,"size":30},"n=1000000 type=\"encodelast\"":{"mean":1631652.1550437564,"sqsum":7845490181.972273,"variance":270534144.2059405,"size":30},"n=1000000 type=\"multivalue\"":{"mean":1526696.8787379628,"sqsum":171527073818.67444,"variance":5914726683.402567,"size":30},"n=1000000 type=\"multivaluemany\"":{"mean":579232.6852357308,"sqsum":467965494.43018824,"variance":16136741.18724787,"size":30},"n=1000000 type=\"manypairs\"":{"mean":426400.98021946516,"sqsum":1210750113.2851982,"variance":41750003.90638615,"size":30},"n=1000000 type=\"manyblankpairs\"":{"mean":7727230.489168414,"sqsum":16680022534.178,"variance":575173190.8337241,"size":30},"n=1000000 type=\"altspaces\"":{"mean":1117912.6450308827,"sqsum":733437887.1049852,"variance":25290961.624309834,"size":30}},"querystring-stringify":{"n=1000000 type=\"noencode\"":{"mean":3364561.165417802,"sqsum":3984861361.1141024,"variance":137409012.45221043,"size":30},"n=1000000 type=\"encodemany\"":{"mean":2108816.3836560985,"sqsum":2124603797.628874,"variance":73262199.91823703,"size":30},"n=1000000 type=\"encodelast\"":{"mean":2919035.872862313,"sqsum":315107508.77660364,"variance":10865776.164710471,"size":30},"n=1000000 type=\"array\"":{"mean":2897094.927181262,"sqsum":404746186.3807419,"variance":13956765.04761179,"size":30},"n=1000000 type=\"multiprimitives\"":{"mean":4305480.687627899,"sqsum":10414070174.842619,"variance":359105868.0980214,"size":30}},"querystring-unescapebuffer":{"input=\"there is nothing to unescape here\" n=10000000":{"mean":4872902.448013289,"sqsum":1229593707.7012236,"variance":42399783.02418012,"size":30},"input=\"there%20are%20several%20spaces%20that%20need%20to%20be%20unescaped\" n=10000000":{"mean":1968535.9185327014,"sqsum":3435886870.6074862,"variance":118478857.6071547,"size":30},"input=\"there%2Qare%0-fake%escaped values in%%%%this%9Hstring\" n=10000000":{"mean":2708870.0168272103,"sqsum":48110174262.6605,"variance":1658971526.2986379,"size":30},"input=\"%20%21%22%23%24%25%26%27%28%29%2A%2B%2C%2D%2E%2F%30%31%32%33%34%35%36%37\" n=10000000":{"mean":2045129.7104346133,"sqsum":166040204.59059238,"variance":5725524.296227323,"size":30}}}