{"async-resource-vs-destroy":{"asyncMethod=\"callbacks\" benchmarker=\"test-double-http\" connections=500 duration=5 n=1000000 path=\"/\" type=\"async-resource\"":{"mean":420.53333333333336,"sqsum":163.46666666666667,"variance":5.636781609195403,"size":30},"asyncMethod=\"async\" benchmarker=\"test-double-http\" connections=500 duration=5 n=1000000 path=\"/\" type=\"async-resource\"":{"mean":418.06666666666666,"sqsum":151.86666666666667,"variance":5.236781609195402,"size":30},"asyncMethod=\"callbacks\" benchmarker=\"test-double-http\" connections=500 duration=5 n=1000000 path=\"/\" type=\"destroy\"":{"mean":421.6333333333333,"sqsum":186.96666666666667,"variance":6.447126436781609,"size":30},"asyncMethod=\"async\" benchmarker=\"test-double-http\" connections=500 duration=5 n=1000000 path=\"/\" type=\"destroy\"":{"mean":419.2,"sqsum":242.8,"variance":8.37241379310345,"size":30},"asyncMethod=\"callbacks\" benchmarker=\"test-double-http\" connections=500 duration=5 n=1000000 path=\"/\" type=\"async-local-storage\"":{"mean":418.5,"sqsum":153.5,"variance":5.293103448275862,"size":30},"asyncMethod=\"async\" benchmarker=\"test-double-http\" connections=500 duration=5 n=1000000 path=\"/\" type=\"async-local-storage\"":{"mean":417.5,"sqsum":157.5,"variance":5.431034482758621,"size":30}},"gc-tracking":{"method=\"trackingEnabled\" n=1000000":{"mean":46908390.2534293,"sqsum":11144796757467.223,"variance":384303336464.387,"size":30},"method=\"trackingEnabledWithDestroyHook\" n=1000000":{"mean":1212698.6053514804,"sqsum":24939398124.249996,"variance":859979245.663793,"size":30},"method=\"trackingDisabled\" n=1000000":{"mean":50669967.55251273,"sqsum":7284377722809.892,"variance":251185438717.5825,"size":30}},"http-server":{"asyncHooks=\"init\" benchmarker=\"test-double-http\" connections=50 duration=5":{"mean":13500,"sqsum":155988,"variance":5378.896551724138,"size":30},"asyncHooks=\"init\" benchmarker=\"test-double-http\" connections=500 duration=5":{"mean":13445.4,"sqsum":183827.2,"variance":6338.868965517241,"size":30},"asyncHooks=\"before\" benchmarker=\"test-double-http\" connections=50 duration=5":{"mean":13440.366666666667,"sqsum":184296.96666666667,"variance":6355.067816091954,"size":30},"asyncHooks=\"before\" benchmarker=\"test-double-http\" connections=500 duration=5":{"mean":13447.233333333334,"sqsum":196475.36666666667,"variance":6775.012643678161,"size":30},"asyncHooks=\"after\" benchmarker=\"test-double-http\" connections=50 duration=5":{"mean":13469.166666666666,"sqsum":170062.16666666666,"variance":5864.212643678161,"size":30},"asyncHooks=\"after\" benchmarker=\"test-double-http\" connections=500 duration=5":{"mean":13476.266666666666,"sqsum":123261.86666666667,"variance":4250.409195402299,"size":30},"asyncHooks=\"all\" benchmarker=\"test-double-http\" connections=50 duration=5":{"mean":13498.2,"sqsum":118326.8,"variance":4080.2344827586207,"size":30},"asyncHooks=\"all\" benchmarker=\"test-double-http\" connections=500 duration=5":{"mean":13431.833333333334,"sqsum":115500.16666666667,"variance":3982.764367816092,"size":30},"asyncHooks=\"disabled\" benchmarker=\"test-double-http\" connections=50 duration=5":{"mean":13453.366666666667,"sqsum":180042.96666666667,"variance":6208.37816091954,"size":30},"asyncHooks=\"disabled\" benchmarker=\"test-double-http\" connections=500 duration=5":{"mean":13479.633333333333,"sqsum":340604.9666666667,"variance":11744.998850574713,"size":30},"asyncHooks=\"none\" benchmarker=\"test-double-http\" connections=50 duration=5":{"mean":13449.966666666667,"sqsum":195450.96666666667,"variance":6739.688505747126,"size":30},"asyncHooks=\"none\" benchmarker=\"test-double-http\" connections=500 duration=5":{"mean":13453.933333333332,"sqsum":189599.86666666667,"variance":6537.9264367816095,"size":30}},"promises":{"asyncHooks=\"enabled\" n=1000000":{"mean":131520.3422579476,"sqsum":124314373.34191741,"variance":4286702.529031634,"size":30},"asyncHooks=\"enabledWithDestroy\" n=1000000":{"mean":96563.32141527889,"sqsum":85835008.5533224,"variance":2959827.8811490485,"size":30},"asyncHooks=\"enabledWithInitOnly\" n=1000000":{"mean":148588.17542894927,"sqsum":103253742.08707261,"variance":3560473.8650714695,"size":30},"asyncHooks=\"disabled\" n=1000000":{"mean":926568.4088661822,"sqsum":10680321159.680468,"variance":368286936.5407058,"size":30}}}