{"cpus":{"n=30000":{"mean":7336.480596002588,"sqsum":13274.654675559545,"variance":457.74671295032914,"size":30}},"loadavg":{"n=5000000":{"mean":280814.19406854355,"sqsum":251605285.82776326,"variance":8676044.338888388,"size":30}},"networkInterfaces":{"n=10000":{"mean":7580.46343732545,"sqsum":13164.81445840587,"variance":453.9591192553748,"size":30}}}