{"echo":{"n=100000 payload=\"string\" sendsPerBroadcast=1 serialization=\"json\" workers=1":{"mean":37953.51351987691,"sqsum":12245035.360711861,"variance":422242.5986452366,"size":30},"n=100000 payload=\"string\" sendsPerBroadcast=1 serialization=\"advanced\" workers=1":{"mean":27898.724353420126,"sqsum":6233549.743227616,"variance":214949.99114577984,"size":30},"n=100000 payload=\"string\" sendsPerBroadcast=10 serialization=\"json\" workers=1":{"mean":17181.57311833914,"sqsum":891928.9192891031,"variance":30756.169630658726,"size":30},"n=100000 payload=\"string\" sendsPerBroadcast=10 serialization=\"advanced\" workers=1":{"mean":8187.140680471818,"sqsum":532543.3430482529,"variance":18363.563553388027,"size":30},"n=100000 payload=\"object\" sendsPerBroadcast=1 serialization=\"json\" workers=1":{"mean":32072.293348793144,"sqsum":8550800.94573223,"variance":294855.20502524934,"size":30},"n=100000 payload=\"object\" sendsPerBroadcast=1 serialization=\"advanced\" workers=1":{"mean":22586.09510562934,"sqsum":2210419.6212497046,"variance":76221.36624998982,"size":30},"n=100000 payload=\"object\" sendsPerBroadcast=10 serialization=\"json\" workers=1":{"mean":13241.14862499109,"sqsum":620417.3415872082,"variance":21393.701434041664,"size":30},"n=100000 payload=\"object\" sendsPerBroadcast=10 serialization=\"advanced\" workers=1":{"mean":6089.937756176404,"sqsum":129250.83207912688,"variance":4456.925244107823,"size":30}}}