{"array-vs-concat":{"chunks=1 dur=5 len=64 num=100 type=\"concat\"":{"mean":0.12401858400930757,"sqsum":0.0000513732688986789,"variance":0.00000177149203098893,"size":30},"chunks=1 dur=5 len=64 num=100 type=\"multi\"":{"mean":0.12459821372291505,"sqsum":0.00010136173381877527,"variance":0.00000349523220064742,"size":30},"chunks=2 dur=5 len=64 num=100 type=\"concat\"":{"mean":0.1231339401415837,"sqsum":0.00010637478855339097,"variance":0.00000366809615701348,"size":30},"chunks=2 dur=5 len=64 num=100 type=\"multi\"":{"mean":0.1173299327305957,"sqsum":0.00008533600322970769,"variance":0.0000029426208010244,"size":30},"chunks=4 dur=5 len=64 num=100 type=\"concat\"":{"mean":0.1220056786327496,"sqsum":0.00013931538015787983,"variance":0.00000480397862613379,"size":30},"chunks=4 dur=5 len=64 num=100 type=\"multi\"":{"mean":0.10484888382078056,"sqsum":0.00006377669167699508,"variance":0.00000219919626472397,"size":30},"chunks=8 dur=5 len=64 num=100 type=\"concat\"":{"mean":0.1179480860189279,"sqsum":0.00010163958588956423,"variance":0.0000035048133065367,"size":30},"chunks=8 dur=5 len=64 num=100 type=\"multi\"":{"mean":0.08787097212676051,"sqsum":0.000028645053393261662,"variance":9.8776046183661e-7,"size":30},"chunks=1 dur=5 len=256 num=100 type=\"concat\"":{"mean":0.48002510593374553,"sqsum":0.0025544028304233645,"variance":0.00008808285622149533,"size":30},"chunks=1 dur=5 len=256 num=100 type=\"multi\"":{"mean":0.4946529986778145,"sqsum":0.0022655594901704753,"variance":0.0000781227410403612,"size":30},"chunks=2 dur=5 len=256 num=100 type=\"concat\"":{"mean":0.4761957050703125,"sqsum":0.0012269773549100308,"variance":0.00004230956396241486,"size":30},"chunks=2 dur=5 len=256 num=100 type=\"multi\"":{"mean":0.4649010173788957,"sqsum":0.001383857712659037,"variance":0.00004771923147100128,"size":30},"chunks=4 dur=5 len=256 num=100 type=\"concat\"":{"mean":0.474165646966403,"sqsum":0.00237527291972055,"variance":0.00008190596274898448,"size":30},"chunks=4 dur=5 len=256 num=100 type=\"multi\"":{"mean":0.4177855453634624,"sqsum":0.0010429617660916864,"variance":0.00003596419883074781,"size":30},"chunks=8 dur=5 len=256 num=100 type=\"concat\"":{"mean":0.4604564418727281,"sqsum":0.0011734776512609048,"variance":0.00004046474659520362,"size":30},"chunks=8 dur=5 len=256 num=100 type=\"multi\"":{"mean":0.3471092305638879,"sqsum":0.0003378385257305642,"variance":0.0000116496043355367,"size":30},"chunks=1 dur=5 len=512 num=100 type=\"concat\"":{"mean":0.9342323308902575,"sqsum":0.007993107545179935,"variance":0.0002756243981096529,"size":30},"chunks=1 dur=5 len=512 num=100 type=\"multi\"":{"mean":0.9920216973879319,"sqsum":0.005501138101105051,"variance":0.0001896944172794845,"size":30},"chunks=2 dur=5 len=512 num=100 type=\"concat\"":{"mean":0.9296673932201882,"sqsum":0.00613271078554922,"variance":0.00021147278570859377,"size":30},"chunks=2 dur=5 len=512 num=100 type=\"multi\"":{"mean":0.9318012287555896,"sqsum":0.004532506593368305,"variance":0.00015629333080580362,"size":30},"chunks=4 dur=5 len=512 num=100 type=\"concat\"":{"mean":0.9190984803232805,"sqsum":0.00556021328463611,"variance":0.00019173149257365897,"size":30},"chunks=4 dur=5 len=512 num=100 type=\"multi\"":{"mean":0.834722483943674,"sqsum":0.003768314452993379,"variance":0.00012994187768942687,"size":30},"chunks=8 dur=5 len=512 num=100 type=\"concat\"":{"mean":0.8969241711508582,"sqsum":0.003642684943502818,"variance":0.0001256098256380282,"size":30},"chunks=8 dur=5 len=512 num=100 type=\"multi\"":{"mean":0.6853524147892259,"sqsum":0.0013786311184984035,"variance":0.00004753900408615185,"size":30},"chunks=1 dur=5 len=1024 num=100 type=\"concat\"":{"mean":1.7788528090641074,"sqsum":0.01782766368278305,"variance":0.0006147470235442431,"size":30},"chunks=1 dur=5 len=1024 num=100 type=\"multi\"":{"mean":1.9557197886830708,"sqsum":0.02583606373323735,"variance":0.0008908987494219775,"size":30},"chunks=2 dur=5 len=1024 num=100 type=\"concat\"":{"mean":1.78290065799002,"sqsum":0.028295774245392938,"variance":0.0009757163532894117,"size":30},"chunks=2 dur=5 len=1024 num=100 type=\"multi\"":{"mean":1.8543154607319787,"sqsum":0.035271310439528705,"variance":0.0012162520841216796,"size":30},"chunks=4 dur=5 len=1024 num=100 type=\"concat\"":{"mean":1.7631669262293677,"sqsum":0.018904435978475582,"variance":0.0006518771027060545,"size":30},"chunks=4 dur=5 len=1024 num=100 type=\"multi\"":{"mean":1.6559288117020359,"sqsum":0.016754218031471823,"variance":0.0005777316562576491,"size":30},"chunks=8 dur=5 len=1024 num=100 type=\"concat\"":{"mean":1.7124227388034723,"sqsum":0.02758256645993298,"variance":0.0009511229813769993,"size":30},"chunks=8 dur=5 len=1024 num=100 type=\"multi\"":{"mean":1.3652904229329295,"sqsum":0.0067296167804524465,"variance":0.00023205575105008437,"size":30}},"bind-params":{"address=\"true\" n=10000 port=\"true\"":{"mean":234221.96038838464,"sqsum":169772672.48502195,"variance":5854230.085690412,"size":30},"address=\"false\" n=10000 port=\"true\"":{"mean":233019.48711202462,"sqsum":110843002.88329206,"variance":3822172.5132169677,"size":30},"address=\"false\" n=10000 port=\"false\"":{"mean":233162.02332288175,"sqsum":109753552.82246655,"variance":3784605.269740226,"size":30}},"multi-buffer":{"chunks=1 dur=5 len=64 num=100 type=\"send\"":{"mean":0.12489210400630162,"sqsum":0.00008575719595195528,"variance":0.00000295714468799846,"size":30},"chunks=1 dur=5 len=64 num=100 type=\"recv\"":{"mean":0.03993594994376285,"sqsum":0.000011539889759064345,"variance":3.9792723307118e-7,"size":30},"chunks=2 dur=5 len=64 num=100 type=\"send\"":{"mean":0.11753250694080494,"sqsum":0.00007957734130277802,"variance":0.00000274404625181993,"size":30},"chunks=2 dur=5 len=64 num=100 type=\"recv\"":{"mean":0.03737620533557972,"sqsum":0.000009405423190106453,"variance":3.2432493758988e-7,"size":30},"chunks=4 dur=5 len=64 num=100 type=\"send\"":{"mean":0.10470270476253896,"sqsum":0.00009258338320462715,"variance":0.00000319253045533197,"size":30},"chunks=4 dur=5 len=64 num=100 type=\"recv\"":{"mean":0.033641275056776984,"sqsum":0.000006677484540252417,"variance":2.3025808759491e-7,"size":30},"chunks=8 dur=5 len=64 num=100 type=\"send\"":{"mean":0.08772752768412805,"sqsum":0.00001771802430095434,"variance":6.1096635520532e-7,"size":30},"chunks=8 dur=5 len=64 num=100 type=\"recv\"":{"mean":0.02803647297383205,"sqsum":0.000003348834413379174,"variance":1.1547704873721e-7,"size":30},"chunks=1 dur=5 len=256 num=100 type=\"send\"":{"mean":0.4980747384339096,"sqsum":0.0014808877950250774,"variance":0.00005106509638017508,"size":30},"chunks=1 dur=5 len=256 num=100 type=\"recv\"":{"mean":0.15877219725126468,"sqsum":0.00016917778737794226,"variance":0.00000583371680613594,"size":30},"chunks=2 dur=5 len=256 num=100 type=\"send\"":{"mean":0.46584158505751977,"sqsum":0.0014019426306739065,"variance":0.00004834284933358298,"size":30},"chunks=2 dur=5 len=256 num=100 type=\"recv\"":{"mean":0.1496008475111956,"sqsum":0.0001761789797613783,"variance":0.00000607513723315098,"size":30},"chunks=4 dur=5 len=256 num=100 type=\"send\"":{"mean":0.417161461249237,"sqsum":0.0013804784911026398,"variance":0.0000476027065897462,"size":30},"chunks=4 dur=5 len=256 num=100 type=\"recv\"":{"mean":0.13356906809590813,"sqsum":0.000054568353295710094,"variance":0.00000188166735502449,"size":30},"chunks=8 dur=5 len=256 num=100 type=\"send\"":{"mean":0.3455120584154544,"sqsum":0.0008960192360042325,"variance":0.00003089721503462871,"size":30},"chunks=8 dur=5 len=256 num=100 type=\"recv\"":{"mean":0.11078486786177325,"sqsum":0.00005251135489109186,"variance":0.00000181073637555489,"size":30},"chunks=1 dur=5 len=1024 num=100 type=\"send\"":{"mean":1.9699745302868672,"sqsum":0.028540448827667063,"variance":0.0009841534078505884,"size":30},"chunks=1 dur=5 len=1024 num=100 type=\"recv\"":{"mean":0.6277389430998536,"sqsum":0.003269631365456177,"variance":0.00011274590915366127,"size":30},