{"defaultparams-bench":{"method=\"withoutdefaults\" n=100000000":{"mean":562963987.606301,"sqsum":449332885417624.6,"variance":15494237428193.953,"size":30},"method=\"withdefaults\" n=100000000":{"mean":565242861.9651642,"sqsum":464016459001328.3,"variance":16000567551769.943,"size":30}},"destructuring-bench":{"method=\"swap\" n=100000000":{"mean":377716404.72046775,"sqsum":44541835896111.234,"variance":1535925375727.9736,"size":30},"method=\"destructure\" n=100000000":{"mean":264351073.23032284,"sqsum":19215544544130.914,"variance":662604984280.3763,"size":30}},"destructuring-object-bench":{"method=\"normal\" n=100000000":{"mean":1118684526.0235665,"sqsum":2604816652112354.5,"variance":89821263865943.27,"size":30},"method=\"destructureObject\" n=100000000":{"mean":1124521569.6499355,"sqsum":3135887125364800,"variance":108134038805682.77,"size":30}},"foreach-bench":{"count=5 method=\"for\" n=5000000":{"mean":176517825.22034848,"sqsum":74445229166376.61,"variance":2567076867806.09,"size":30},"count=10 method=\"for\" n=5000000":{"mean":115612047.87623712,"sqsum":7148924213985.652,"variance":246514628068.4708,"size":30},"count=20 method=\"for\" n=5000000":{"mean":68176624.51887755,"sqsum":288895006868042.1,"variance":9961896788553.178,"size":30},"count=100 method=\"for\" n=5000000":{"mean":14269711.491642106,"sqsum":98070774443.90756,"variance":3381750842.893364,"size":30},"count=5 method=\"for-of\" n=5000000":{"mean":124550134.09005225,"sqsum":38183974728178.16,"variance":1316688783730.2812,"size":30},"count=10 method=\"for-of\" n=5000000":{"mean":84544360.2586733,"sqsum":13054342125662.45,"variance":450149728471.11896,"size":30},"count=20 method=\"for-of\" n=5000000":{"mean":30039904.422136713,"sqsum":42472007624719.02,"variance":1464551987059.2766,"size":30},"count=100 method=\"for-of\" n=5000000":{"mean":12644292.194857348,"sqsum":31630091125.308815,"variance":1090692797.4244418,"size":30},"count=5 method=\"for-in\" n=5000000":{"mean":3841699.647765205,"sqsum":1307519899.3659582,"variance":45086893.08158477,"size":30},"count=10 method=\"for-in\" n=5000000":{"mean":2383795.1841806374,"sqsum":763500647.2218435,"variance":26327608.524891157,"size":30},"count=20 method=\"for-in\" n=5000000":{"mean":1458764.1824099876,"sqsum":170439808.42601547,"variance":5877234.773310878,"size":30},"count=100 method=\"for-in\" n=5000000":{"mean":355907.2518344583,"sqsum":19697908.351394452,"variance":679238.2190136018,"size":30},"count=5 method=\"forEach\" n=5000000":{"mean":148865230.82353914,"sqsum":29361907990757.79,"variance":1012479585888.1996,"size":30},"count=10 method=\"forEach\" n=5000000":{"mean":114626426.04695725,"sqsum":106571212308454.48,"variance":3674869389946.7065,"size":30},"count=20 method=\"forEach\" n=5000000":{"mean":77777441.01203737,"sqsum":13767455194890.602,"variance":474739834306.57245,"size":30},"count=100 method=\"forEach\" n=5000000":{"mean":23034288.97832258,"sqsum":663122827935.5302,"variance":22866304411.570004,"size":30}},"map-bench":{"method=\"object\" n=1000000":{"mean":492928.28710344416,"sqsum":810240074.6305442,"variance":27939312.918294627,"size":30},"method=\"nullProtoObject\" n=1000000":{"mean":509166.5583356319,"sqsum":1066732503.3924361,"variance":36783879.42732538,"size":30},"method=\"nullProtoLiteralObject\" n=1000000":{"mean":509015.9343194222,"sqsum":1185058858.8772602,"variance":40864098.58197449,"size":30},"method=\"storageObject\" n=1000000":{"mean":508303.2813773017,"sqsum":456249126.5635617,"variance":15732728.50219178,"size":30},"method=\"fakeMap\" n=1000000":{"mean":413720.59161044634,"sqsum":202192457.06637585,"variance":6972153.691943995,"size":30},"method=\"map\" n=1000000":{"mean":859333.1720495889,"sqsum":978770394.4712744,"variance":33750703.25763015,"size":30}},"restparams-bench":{"method=\"copy\" n=100000000":{"mean":44200242.905960165,"sqsum":1901854651681.4336,"variance":65581194885.56667,"size":30},"method=\"rest\" n=100000000":{"mean":170022301.33513933,"sqsum":10222156295622.64,"variance":352488148124.91864,"size":30},"method=\"arguments\" n=100000000":{"mean":169863316.56742227,"sqsum":7808456066585.406,"variance":269257105744.32437,"size":30}},"spread-assign":{"count=5 method=\"spread\" n=1000000":{"mean":34131000.840554,"sqsum":4327506534260.776,"variance":149224363250.37158,"size":30},"count=10 method=\"spread\" n=1000000":{"mean":29938283.14204626,"sqsum":2276754582746.6284,"variance":78508778715.40099,"size":30},"count=20 method=\"spread\" n=1000000":{"mean":165090.1859649208,"sqsum":282180203.8044356,"variance":9730351.855325365,"size":30},"count=5 method=\"assign\" n=1000000":{"mean":8948781.31475867,"sqsum":264247627291.52774,"variance":9111987147.983715,"size":30},"count=10 method=\"assign\" n=1000000":{"mean":4546247.722142529,"sqsum":20008776127.57183,"variance":689957797.5024769,"size":30},"count=20 method=\"assign\" n=1000000":{"mean":137193.49267154885,"sqsum":156822923.38554484,"variance":5407687.01329465,"size":30},"count=5 method=\"_extend\" n=1000000":{"mean":4767542.925787261,"sqsum":11826658325.565569,"variance":407815804.3298472,"size":30},"count=10 method=\"_extend\" n=1000000":{"mean":2495502.836410214,"sqsum":1596261883.9044905,"variance":55043513.23808588,"size":30},"count=20 method=\"_extend\" n=1000000":{"mean":432046.67465843516,"sqsum":1522649172.843166,"variance":52505143.89114366,"size":30}},"spread-bench":{"context=\"context\" count=5 method=\"apply\" n=5000000 rest=0":{"mean":47200367.18369941,"sqsum":2486156513793.5454,"variance":85729534958.39812,"size":30},"context=\"context\" count=5 method=\"apply\" n=5000000 rest=1":{"mean":46685563.86818279,"sqsum":5749847811109.445,"variance":198270614176.18777,"size":30},"context=\"null\" count=5 method=\"apply\" n=5000000 rest=0":{"mean":46761257.345911,"sqsum":516801468428547.4,"variance":17820740290639.566,"size":30},"context=\"null\" count=5 method=\"apply\" n=5000000 rest=1":{"mean":46521878.05659393,"sqsum":10784371451963.777,"variance":371874877653.92334,"size":30},"context=\"context\" count=10 method=\"apply\" n=5000000 rest=0":{"mean":39019159.85019393,"sqsum":5336837558563.672,"variance":184028881329.7818,"size":30},"context=\"context\" count=10 method=\"apply\" n=5000000 rest=1":{"mean":39031349.02998898,"sqsum":3538072619634.9917,"variance":122002504125.34454,"size":30},"context=\"null\" count=10 method=\"apply\" n=5000000 rest=0":{"mean":39193415.27383956,"sqsum":5461273390369.503,"variance":188319772081.707,"size":30},"context=\"null\" count=10 method=\"apply\" n=5000000 rest=1":{"mean":39032421.3389096,"sqsum":4218099183823.897,"variance":145451695993.92746,"size":30},"context=\"context\" count=20 method=\"apply\" n=5000000 rest=0":{"mean":29242011.050095174,"sqsum":1628418532034.1726,"variance":56152363173.59216,"size":30},"context=\"context\" count=20 method=\"apply\" n=5000000 rest=1":{"mean":29171313.26050763,"sqsum":1512641506815.1506,"variance":52160051959.14313,"size":30},"context=\"null\" count=20 method=\"apply\" n=5000000 rest=0":{"mean":29201817.030166153,"sqsum":1733975306446.9082,"variance":59792251946.44511,"size":30},"context=\"null\" count=20 method=\"apply\" n=5000000 rest=1":{"mean":29236285.869395502,"sqsum":2335931611657.928,"variance":80549365919.2389,"size":30},"context=\"context\" count=5 method=\"spread\" n=5000000 rest=0":{"mean":50177778.39349416,"sqsum":14266111572256.648,"variance":491934881801.95337,"size":30},"context=\"context\" count=5 method=\"spread\" n=5000000 rest=1":{"mean":48050416.01805028,"sqsum":7163519691810.911,"variance":247017920407.2728,"size":30},"context=\"null\" count=5 method=\"spread\" n=5000000 rest=0":{"mean":56230275.7185452,"sqsum":15477746650526.043,"variance":533715401742.27734,"size":30},"context=\"null\" count=5 method=\"spread\" n=5000000 rest=1":{"mean":54789279.41693301,"sqsum":7705134506125.555,"variance":265694293314.6743,"size":30},"context=\"context\" count=10 method=\"spread\" n=5000000 rest=0":{"mean":39418930.49856269,