{"format":{"n=100000 type=\"string\"":{"mean":5377066.014902014,"sqsum":36545144515.93775,"variance":1260177397.1013017,"size":30},"n=100000 type=\"string-2\"":{"mean":4207876.288702735,"sqsum":28669510072.980976,"variance":988603795.6200336,"size":30},"n=100000 type=\"number\"":{"mean":5499044.340184539,"sqsum":33362344259.071716,"variance":1150425664.1059213,"size":30},"n=100000 type=\"replace-object\"":{"mean":2388912.5702933897,"sqsum":13479179644.167868,"variance":464799298.07475406,"size":30},"n=100000 type=\"unknown\"":{"mean":7781925.330066107,"sqsum":105883984281.0808,"variance":3651171871.761407,"size":30},"n=100000 type=\"no-replace\"":{"mean":6252763.714410787,"sqsum":53176490562.37424,"variance":1833672088.3577323,"size":30},"n=100000 type=\"no-replace-2\"":{"mean":8100865.622505396,"sqsum":15159373390032.205,"variance":522737013449.3864,"size":30},"n=100000 type=\"only-objects\"":{"mean":513452.73499780515,"sqsum":405304714.0582351,"variance":13976024.622697763,"size":30},"n=100000 type=\"many-%\"":{"mean":3080246.4057540847,"sqsum":4689878210.903577,"variance":161719938.3070199,"size":30},"n=100000 type=\"object-to-string\"":{"mean":3785847.724696914,"sqsum":190466727565.3461,"variance":6567818191.908485,"size":30},"n=100000 type=\"object-%s\"":{"mean":626725.5730807204,"sqsum":1441935213.0898602,"variance":49721903.89965035,"size":30}},"inspect-array":{"len=100 n=500 type=\"denseArray\"":{"mean":16113.91570767115,"sqsum":1147506.3580019807,"variance":39569.184758688985,"size":30},"len=100 n=500 type=\"sparseArray\"":{"mean":121540.47229362624,"sqsum":182421545.62571684,"variance":6290398.125024718,"size":30},"len=100 n=500 type=\"mixedArray\"":{"mean":17294.287712047535,"sqsum":326773.5959798564,"variance":11268.05503378815,"size":30},"len=100 n=500 type=\"denseArray_showHidden\"":{"mean":15429.579893281378,"sqsum":208419.47744726602,"variance":7186.878532664346,"size":30},"len=100000 n=500 type=\"denseArray\"":{"mean":15736.709644450975,"sqsum":595654.5829924705,"variance":20539.81320663691,"size":30},"len=100000 n=500 type=\"sparseArray\"":{"mean":3077.787994221194,"sqsum":7736.174018450641,"variance":266.76462132588415,"size":30},"len=100000 n=500 type=\"mixedArray\"":{"mean":2684.063863888049,"sqsum":10818.60618259611,"variance":373.0553856067624,"size":30},"len=100000 n=500 type=\"denseArray_showHidden\"":{"mean":14838.410201894136,"sqsum":277956.366602667,"variance":9584.70229664369,"size":30}},"inspect-proxy":{"isProxy=0 n=100000 showProxy=0":{"mean":461625.680259388,"sqsum":1971380076.9624543,"variance":67978623.3435329,"size":30},"isProxy=1 n=100000 showProxy=0":{"mean":454534.2137741858,"sqsum":4704914460.426812,"variance":162238429.66989008,"size":30},"isProxy=0 n=100000 showProxy=1":{"mean":461830.4817025265,"sqsum":2419797833.3230133,"variance":83441304.59734528,"size":30},"isProxy=1 n=100000 showProxy=1":{"mean":235255.6283247554,"sqsum":361499022.4721833,"variance":12465483.533523561,"size":30}},"inspect":{"method=\"Object\" n=20000 option=\"showHidden\"":{"mean":386027.81783435354,"sqsum":362613353.38872343,"variance":12503908.737542186,"size":30},"method=\"Object\" n=20000 option=\"colors\"":{"mean":215651.875807464,"sqsum":203752759.27566352,"variance":7025957.216402191,"size":30},"method=\"Object\" n=20000 option=\"none\"":{"mean":405117.12005476403,"sqsum":383211750.55868727,"variance":13214198.295127148,"size":30},"method=\"Object_empty\" n=20000 option=\"showHidden\"":{"mean":941705.6757060001,"sqsum":2315860515.9419713,"variance":79857259.17041281,"size":30},"method=\"Object_empty\" n=20000 option=\"colors\"":{"mean":1067200.615262669,"sqsum":2106482285.2616115,"variance":72637320.18143488,"size":30},"method=\"Object_empty\" n=20000 option=\"none\"":{"mean":1123761.848830272,"sqsum":3144428174.405413,"variance":108428557.7381177,"size":30},"method=\"Object_deep_ln\" n=20000 option=\"showHidden\"":{"mean":181136.5002240337,"sqsum":121739276.26594426,"variance":4197906.078136009,"size":30},"method=\"Object_deep_ln\" n=20000 option=\"colors\"":{"mean":88017.83972452627,"sqsum":30902970.813551843,"variance":1065619.6832259255,"size":30},"method=\"Object_deep_ln\" n=20000 option=\"none\"":{"mean":193164.3765493228,"sqsum":85617247.16195466,"variance":2952318.867653609,"size":30},"method=\"String\" n=20000 option=\"showHidden\"":{"mean":1817196.296420731,"sqsum":6862346599.951906,"variance":236632641.37765196,"size":30},"method=\"String\" n=20000 option=\"colors\"":{"mean":1437442.823991967,"sqsum":3877764350.6109743,"variance":133716012.09003359,"size":30},"method=\"String\" n=20000 option=\"none\"":{"mean":2018502.1262653274,"sqsum":16939062108.794615,"variance":584105589.9584349,"size":30},"method=\"String_complex\" n=20000 option=\"showHidden\"":{"mean":1269544.253292025,"sqsum":2554203033.8852644,"variance":88075966.68569878,"size":30},"method=\"String_complex\" n=20000 option=\"colors\"":{"mean":1087382.3783836788,"sqsum":5905577607.823376,"variance":203640607.1663233,"size":30},"method=\"String_complex\" n=20000 option=\"none\"":{"mean":1343332.6279462797,"sqsum":19231471378.008255,"variance":663154185.4485605,"size":30},"method=\"String_boxed\" n=20000 option=\"showHidden\"":{"mean":274994.22823866754,"sqsum":1019295873.946821,"variance":35148133.58437314,"size":30},"method=\"String_boxed\" n=20000 option=\"colors\"":{"mean":409094.4950430069,"sqsum":1944466817.9042263,"variance":67050579.92773194,"size":30},"method=\"String_boxed\" n=20000 option=\"none\"":{"mean":467747.61404803244,"sqsum":615328797.1406025,"variance":21218234.384158704,"size":30},"method=\"Date\" n=20000 option=\"showHidden\"":{"mean":647209.6934794307,"sqsum":2882948287.794262,"variance":99412009.92394008,"size":30},"method=\"Date\" n=20000 option=\"colors\"":{"mean":639854.6751676591,"sqsum":3243239489.5865655,"variance":111835844.46850227,"size":30},"method=\"Date\" n=20000 option=\"none\"":{"mean":732866.2802362517,"sqsum":3159767860.1297007,"variance":108957512.41826554,"size":30},"method=\"Set\" n=20000 option=\"showHidden\"":{"mean":513324.32387653884,"sqsum":1322955862.311495,"variance":45619167.66591363,"size":30},"method=\"Set\" n=20000 option=\"colors\"":{"mean":394418.1315113872,"sqsum":2042021417.4386752,"variance":70414531.63581638,"size":30},"method=\"Set\" n=20000 option=\"none\"":{"mean":555992.8724565597,"sqsum":1282161692.1574697,"variance":44212472.143361025,"size":30},"method=\"Error\" n=20000 option=\"showHidden\"":{"mean":129188.88833030566,"sqsum":125086543.5253052,"variance":4313329.08707949,"size":30},"method=\"Error\" n=20000 option=\"colors\"":{"mean":344521.1726217716,"sqsum":707844025.0214581,"variance":24408414.65591235,"size":30},"method=\"Error\" n=20000 option=\"none\"":{"mean":643983.0952600363,"sqsum":781780884.625641,"variance":26957961.538815204,"size":30},"method=\"Array\" n=20000 option=\"showHidden\"":{"mean":74237.4774907702,"sqsum":11147565.306406623,"variance":384398.8036691939,"size":30},"method=\"Array\" n=20000 option=\"colors\"":{"mean":34665.3360277182,"sqsum":9543122.050269077,"variance":329073.17414720956,"size":30},"method=\"Array\" n=20000 option=\"none\"":{"mean":85630.56985917567,"sqsum":4338312.361224177,"variance":149596.9779732475,"size":30},"method=\"TypedArray\" n=20000 option=\"showHidden\"":{"mean":154418.17516819402,"sqsum":44876042.226213284,"variance":1547449.7319383891,"size":30},"method=\"TypedArray\" n=20000 option=\"colors\"":{"mean":46395.39106130442,"sqsum":2888054.5840127175,"variance":99588.08910388681,"size":30},"method=\"TypedArray\" n=20000 option=\"none\"":{"mean":198905.05092401456,"sqsum":131566285.02212854,"variance":4536768.449038914,"size":30},"method=\"TypedArray_extra\" n=20000 option=\"showHidden\"":{"mean":113621.80692969653,"sqsum":76210860.84634963,"variance":2627960.718839642,"size":30},"method=\"TypedArray_extra\" n=20000 option=\"colors\"":{"mean":37779.285063590396,"sqsum":1955062.249303802,"variance":67415.93963116559,"size":30},