{"creation":{"kind=\"duplex\" n=50000000":{"mean":2119680.5292736217,"sqsum":184956897697.82928,"variance":6377824058.545837,"size":30},"kind=\"readable\" n=50000000":{"mean":3609667.1324158236,"sqsum":180656541146.4861,"variance":6229535901.602969,"size":30},"kind=\"transform\" n=50000000":{"mean":2429855.662949613,"sqsum":137855991115.20877,"variance":4753654866.041682,"size":30},"kind=\"writable\" n=50000000":{"mean":4013461.171889905,"sqsum":347261590187.2051,"variance":11974537592.662243,"size":30}},"pipe-object-mode":{"n=5000000":{"mean":6881896.815974834,"sqsum":963899058297.0253,"variance":33237898561.96639,"size":30}},"pipe":{"n=5000000":{"mean":5932495.670649685,"sqsum":120810072604.70473,"variance":4165864572.576025,"size":30}},"readable-async-iterator":{"n=100000 sync=\"yes\"":{"mean":1348211.968668276,"sqsum":13125326817.88821,"variance":452597476.47890383,"size":30},"n=100000 sync=\"no\"":{"mean":573579.0293005484,"sqsum":2411457919.851,"variance":83153721.3741724,"size":30}},"readable-bigread":{"n=1000":{"mean":828.7957920539055,"sqsum":2965.461189201211,"variance":102.25728238624865,"size":30}},"readable-bigunevenread":{"n=1000":{"mean":403.1461784850649,"sqsum":39465.76937227667,"variance":1360.888599044023,"size":30}},"readable-boundaryread":{"n=2000 type=\"string\"":{"mean":190.13846032191276,"sqsum":1247.7188011021851,"variance":43.024786244902934,"size":30},"n=2000 type=\"buffer\"":{"mean":991.9092543795036,"sqsum":3507.6159179457713,"variance":120.9522730326128,"size":30}},"readable-readall":{"n=5000":{"mean":1363.13214942142,"sqsum":123832.86722934751,"variance":4270.098869977501,"size":30}},"readable-unevenread":{"n=1000":{"mean":166.41871122987945,"sqsum":73.10750946901366,"variance":2.520948602379782,"size":30}},"writable-manywrites":{"callback=\"yes\" len=1024 n=2000000 sync=\"yes\" writev=\"yes\"":{"mean":20523427.367466934,"sqsum":1144518702420.6929,"variance":39466162152.43768,"size":30},"callback=\"yes\" len=32768 n=2000000 sync=\"yes\" writev=\"yes\"":{"mean":20501923.276130624,"sqsum":816653049595.9731,"variance":28160449986.06804,"size":30},"callback=\"no\" len=1024 n=2000000 sync=\"yes\" writev=\"yes\"":{"mean":20097713.15496076,"sqsum":398524589348.47894,"variance":13742227218.913067,"size":30},"callback=\"no\" len=32768 n=2000000 sync=\"yes\" writev=\"yes\"":{"mean":20122835.11352553,"sqsum":533730183622.6162,"variance":18404489090.435043,"size":30},"callback=\"yes\" len=1024 n=2000000 sync=\"yes\" writev=\"no\"":{"mean":22271784.43217162,"sqsum":952097605698.8755,"variance":32830951920.65088,"size":30},"callback=\"yes\" len=32768 n=2000000 sync=\"yes\" writev=\"no\"":{"mean":22262558.339650627,"sqsum":900495043763.7869,"variance":31051553233.234028,"size":30},"callback=\"no\" len=1024 n=2000000 sync=\"yes\" writev=\"no\"":{"mean":21790928.822537787,"sqsum":736569063986.5035,"variance":25398933240.913918,"size":30},"callback=\"no\" len=32768 n=2000000 sync=\"yes\" writev=\"no\"":{"mean":21833204.963610496,"sqsum":732752713105.5044,"variance":25267334934.672565,"size":30},"callback=\"yes\" len=1024 n=2000000 sync=\"no\" writev=\"yes\"":{"mean":12114870.583567731,"sqsum":4082587533130.793,"variance":140778880452.78598,"size":30},"callback=\"yes\" len=32768 n=2000000 sync=\"no\" writev=\"yes\"":{"mean":5062683.766841737,"sqsum":1870861179040.1536,"variance":64512454449.66047,"size":30},"callback=\"no\" len=1024 n=2000000 sync=\"no\" writev=\"yes\"":{"mean":14103444.79650976,"sqsum":618245091663.7554,"variance":21318796264.267426,"size":30},"callback=\"no\" len=32768 n=2000000 sync=\"no\" writev=\"yes\"":{"mean":5140771.364926029,"sqsum":161748234520.95886,"variance":5577525328.308926,"size":30},"callback=\"yes\" len=1024 n=2000000 sync=\"no\" writev=\"no\"":{"mean":4983861.016705248,"sqsum":108404949101.76485,"variance":3738101693.164305,"size":30},"callback=\"yes\" len=32768 n=2000000 sync=\"no\" writev=\"no\"":{"mean":5294404.409193346,"sqsum":271365620935.8117,"variance":9357435204.683163,"size":30},"callback=\"no\" len=1024 n=2000000 sync=\"no\" writev=\"no\"":{"mean":4985367.497057181,"sqsum":229980062480.40552,"variance":7930346982.082949,"size":30},"callback=\"no\" len=32768 n=2000000 sync=\"no\" writev=\"no\"":{"mean":5227668.894591212,"sqsum":236298333485.97473,"variance":8148218396.068094,"size":30}}}