{"basename-posix":{"n=100000 pathext=\"\"":{"mean":11453979.732826129,"sqsum":326011446281.3543,"variance":11241774009.701874,"size":30},"n=100000 pathext=\"/\"":{"mean":10288901.877489265,"sqsum":268863898351.48386,"variance":9271168908.671856,"size":30},"n=100000 pathext=\"/foo\"":{"mean":8794256.176240738,"sqsum":96374078860.27007,"variance":3323244098.630002,"size":30},"n=100000 pathext=\"/foo/.bar.baz\"":{"mean":6073665.201113912,"sqsum":89300238267.72153,"variance":3079318560.955915,"size":30},"n=100000 pathext=\"/foo/.bar.baz|.baz\"":{"mean":5045892.073086399,"sqsum":28736545092.937443,"variance":990915348.0323256,"size":30},"n=100000 pathext=\"foo\"":{"mean":10168664.4779459,"sqsum":158823134044.6633,"variance":5476659794.643562,"size":30},"n=100000 pathext=\"foo/bar.\"":{"mean":7102943.745926262,"sqsum":110147308520.30678,"variance":3798183052.4243717,"size":30},"n=100000 pathext=\"foo/bar.|.\"":{"mean":5958710.010890917,"sqsum":104321901939.08621,"variance":3597306963.416766,"size":30},"n=100000 pathext=\"/foo/bar/baz/asdf/quux.html\"":{"mean":5952108.642657897,"sqsum":79462059267.33969,"variance":2740071009.2186103,"size":30},"n=100000 pathext=\"/foo/bar/baz/asdf/quux.html|.html\"":{"mean":4779534.380099328,"sqsum":33028280873.585464,"variance":1138906237.0201883,"size":30}},"basename-win32":{"n=100000 pathext=\"\"":{"mean":10026681.349426258,"sqsum":306893696223.87317,"variance":10582541249.099075,"size":30},"n=100000 pathext=\"C:\\\\\"":{"mean":8018872.134707898,"sqsum":135936810296.55223,"variance":4687476217.122491,"size":30},"n=100000 pathext=\"C:\\\\foo\"":{"mean":7140679.1466521155,"sqsum":76317904200.01477,"variance":2631651868.9660263,"size":30},"n=100000 pathext=\"D:\\\\foo\\\\.bar.baz\"":{"mean":5129597.115397805,"sqsum":66066588537.116196,"variance":2278158225.4178,"size":30},"n=100000 pathext=\"E:\\\\foo\\\\.bar.baz|.baz\"":{"mean":4404994.815920636,"sqsum":52495805850.189644,"variance":1810200201.7306774,"size":30},"n=100000 pathext=\"foo\"":{"mean":8248510.940125929,"sqsum":101149659736.65355,"variance":3487919301.263915,"size":30},"n=100000 pathext=\"foo\\\\bar.\"":{"mean":5887905.836817431,"sqsum":23831488473.071594,"variance":821775464.5886756,"size":30},"n=100000 pathext=\"foo\\\\bar.|.\"":{"mean":5182145.437826991,"sqsum":34490970338.15789,"variance":1189343804.7640653,"size":30},"n=100000 pathext=\"\\\\foo\\\\bar\\\\baz\\\\asdf\\\\quux.html\"":{"mean":5412940.737111014,"sqsum":11974690193.738758,"variance":412920351.5082331,"size":30},"n=100000 pathext=\"\\\\foo\\\\bar\\\\baz\\\\asdf\\\\quux.html|.html\"":{"mean":4406667.634977294,"sqsum":17067161959.083204,"variance":588522826.1752828,"size":30}},"dirname-posix":{"n=100000 path=\"\"":{"mean":11323144.124304669,"sqsum":437742994077.7105,"variance":15094586002.679674,"size":30},"n=100000 path=\"/\"":{"mean":10595787.049762663,"sqsum":224595720283.33627,"variance":7744680009.770216,"size":30},"n=100000 path=\"/foo\"":{"mean":8820875.841433521,"sqsum":97380355265.31004,"variance":3357943285.010691,"size":30},"n=100000 path=\"/foo/bar\"":{"mean":7171447.055483924,"sqsum":55881015804.45366,"variance":1926931579.4639194,"size":30},"n=100000 path=\"foo\"":{"mean":9729690.760793824,"sqsum":144974881777.74356,"variance":4999133854.40495,"size":30},"n=100000 path=\"foo/bar\"":{"mean":8635112.72928267,"sqsum":211415360044.84628,"variance":7290184829.13263,"size":30},"n=100000 path=\"/foo/bar/baz/asdf/quux\"":{"mean":6632895.470999239,"sqsum":208558837322.2876,"variance":7191684045.596125,"size":30}},"dirname-win32":{"n=100000 path=\"\"":{"mean":10146867.77508168,"sqsum":182288286479.36115,"variance":6285802982.046936,"size":30},"n=100000 path=\"\\\\\"":{"mean":9307299.351439474,"sqsum":252393033865.29135,"variance":8703208064.320393,"size":30},"n=100000 path=\"\\\\foo\"":{"mean":7604923.831078253,"sqsum":91050915161.77058,"variance":3139686729.716227,"size":30},"n=100000 path=\"C:\\\\foo\\\\bar\"":{"mean":5804873.082749603,"sqsum":37709091511.068954,"variance":1300313500.381688,"size":30},"n=100000 path=\"foo\"":{"mean":7930697.162106503,"sqsum":56224356294.47824,"variance":1938770906.7061462,"size":30},"n=100000 path=\"foo\\\\bar\"":{"mean":7207656.846670421,"sqsum":80497961674.95296,"variance":2775791781.8949294,"size":30},"n=100000 path=\"D:\\\\foo\\\\bar\\\\baz\\\\asdf\\\\quux\"":{"mean":5453273.79663737,"sqsum":40318420388.499084,"variance":1390290358.2241063,"size":30}},"extname-posix":{"n=100000 path=\"\"":{"mean":11983379.288319973,"sqsum":365489065861.08636,"variance":12603071236.589184,"size":30},"n=100000 path=\"/\"":{"mean":11510321.911089664,"sqsum":291976341726.83093,"variance":10068149714.71831,"size":30},"n=100000 path=\"/foo\"":{"mean":9639906.070443349,"sqsum":139497810874.15073,"variance":4810269340.487956,"size":30},"n=100000 path=\"foo/.bar.baz\"":{"mean":5966648.709069365,"sqsum":35156388143.07086,"variance":1212289246.3127882,"size":30},"n=100000 path=\"index.html\"":{"mean":6045643.918108477,"sqsum":29317265279.31219,"variance":1010940182.0452479,"size":30},"n=100000 path=\"index\"":{"mean":9214662.053494098,"sqsum":129286047809.40082,"variance":4458139579.634511,"size":30},"n=100000 path=\"foo/bar/..baz.quux\"":{"mean":5332705.253300805,"sqsum":58456770450.199196,"variance":2015750705.1792824,"size":30},"n=100000 path=\"foo/bar/...baz.quux\"":{"mean":5118523.253635344,"sqsum":31245474810.574245,"variance":1077430165.8818705,"size":30},"n=100000 path=\"/foo/bar/baz/asdf/quux\"":{"mean":7337520.048159285,"sqsum":71204235036.96016,"variance":2455318449.55035,"size":30},"n=100000 path=\"/foo/bar/baz/asdf/quux.foobarbazasdfquux\"":{"mean":3978868.4251052653,"sqsum":19072556638.40275,"variance":657674366.841474,"size":30}},"extname-win32":{"n=100000 path=\"\"":{"mean":10763276.320480455,"sqsum":90040640423.87851,"variance":3104849669.788914,"size":30},"n=100000 path=\"\\\\\"":{"mean":10035608.164026063,"sqsum":124711809042.28577,"variance":4300407208.354682,"size":30},"n=100000 path=\"C:\\\\foo\"":{"mean":7987067.227776714,"sqsum":86067534382.64923,"variance":2967846013.1948013,"size":30},"n=100000 path=\"foo\\\\.bar.baz\"":{"mean":5409812.930900476,"sqsum":31195661420.384506,"variance":1075712462.7718797,"size":30},"n=100000 path=\"index.html\"":{"mean":5451087.269926011,"sqsum":98373904286.9522,"variance":3392203596.1017995,"size":30},"n=100000 path=\"index\"":{"mean":8097797.5306394305,"sqsum":71700584351.59584,"variance":2472433943.1584773,"size":30},"n=100000 path=\"foo\\\\bar\\\\..baz.quux\"":{"mean":4741641.971430783,"sqsum":316978465859.33246,"variance":10930291926.183878,"size":30},"n=100000 path=\"foo\\\\bar\\\\...baz.quux\"":{"mean":4639093.034263288,"sqsum":54047583520.095505,"variance":1863709776.5550175,"size":30},"n=100000 path=\"D:\\\\foo\\\\bar\\\\baz\\\\asdf\\\\quux\"":{"mean":6252470.771986766,"sqsum":52925426668.285706,"variance":1825014712.699507,"size":30},"n=100000 path=\"\\\\foo\\\\bar\\\\baz\\\\asdf\\\\quux.foobarbazasdfquux\"":{"mean":3610496.413783895,"sqsum":22781319858.698566,"variance":785562753.7482264,"size":30}},"format-posix":{"n=1000000 props=\"/|/home/user/dir|index.html|.html|index\"":{"mean":6769060.596741563,"sqsum":13128847675.155455,"variance":452718885.3501881,"size":30}},"format-win32":{"n=1000000 props=\"C:\\\\|C:\\\\path\\\\dir|index.html|.html|index\"":{"mean":6411327.533034655,"sqsum":15526704639.334595,"variance":535403608.25291705,"size":30}},"isAbsolute-posix":{"n=100000 path=\"\"":{"mean":14789718.829439264,"sqsum":695264639913.2031,"variance":23974642755.627697,"size":30},"n=100000 path=\".\"":{"mean":14588370.625306731,"sqsum":547232126878.66266,"variance":18870073340.64354,"size":30},"n=100000 path=\"/foo/bar\"":{"mean":11238087.065761756,"sqsum":375003647358.81055,"variance":12931160253.752089,"size":30},"n=100000 path=\"/baz/..\"":{"mean":13067601.036065787,"sqsum":526158512050.8542,"variance":18143396967.270832,"size":30},"n=100000 path=\"bar/baz\"":{"mean":13106227.980438171,"sqsum":503582588094.28314,