{"ee-add-remove":{"n=1000000 newListener=0 removeListener=0":{"mean":1123071.1285066393,"sqsum":2189294049.943737,"variance":75492898.27392197,"size":30},"n=1000000 newListener=0 removeListener=1":{"mean":784795.6450045289,"sqsum":1983396645.7576587,"variance":68392987.78474686,"size":30},"n=1000000 newListener=1 removeListener=0":{"mean":894413.7786847978,"sqsum":3645370404.6590576,"variance":125702427.74686405,"size":30},"n=1000000 newListener=1 removeListener=1":{"mean":663590.6225525371,"sqsum":2151448883.949484,"variance":74187892.5499822,"size":30}},"ee-emit":{"argc=0 listeners=1 n=2000000":{"mean":64938646.499660835,"sqsum":16329481757283.035,"variance":563085577837.3461,"size":30},"argc=0 listeners=5 n=2000000":{"mean":17270783.072717175,"sqsum":903877526646.8993,"variance":31168190574.031013,"size":30},"argc=0 listeners=10 n=2000000":{"mean":9777854.024394874,"sqsum":138106168464.53387,"variance":4762281671.190823,"size":30},"argc=2 listeners=1 n=2000000":{"mean":65727289.44178509,"sqsum":13169007135503.541,"variance":454103694327.7083,"size":30},"argc=2 listeners=5 n=2000000":{"mean":16533813.070670517,"sqsum":6509147493589.822,"variance":224453361847.9249,"size":30},"argc=2 listeners=10 n=2000000":{"mean":8134374.417672858,"sqsum":57141718056.631004,"variance":1970404070.9183106,"size":30},"argc=4 listeners=1 n=2000000":{"mean":65925159.45781561,"sqsum":10591797343320.475,"variance":365234391148.9819,"size":30},"argc=4 listeners=5 n=2000000":{"mean":16550655.175451636,"sqsum":216597090085.85,"variance":7468865175.374138,"size":30},"argc=4 listeners=10 n=2000000":{"mean":7747683.696715968,"sqsum":102642649482.73447,"variance":3539401706.301189,"size":30},"argc=10 listeners=1 n=2000000":{"mean":64816146.26040246,"sqsum":11459727103428.201,"variance":395163003566.48975,"size":30},"argc=10 listeners=5 n=2000000":{"mean":14825024.578525765,"sqsum":203485903993.03333,"variance":7016755310.104597,"size":30},"argc=10 listeners=10 n=2000000":{"mean":7156306.066528336,"sqsum":68087676762.84869,"variance":2347850922.8568516,"size":30}},"ee-listener-count-on-prototype":{"n=50000000":{"mean":69907234.88601986,"sqsum":52284914211537.65,"variance":1802928076259.919,"size":30}},"ee-listeners":{"listeners=5 n=5000000 raw=\"true\"":{"mean":47456791.99424282,"sqsum":35937907996277.47,"variance":1239238206768.1885,"size":30},"listeners=5 n=5000000 raw=\"false\"":{"mean":26691513.677614797,"sqsum":2464504624221.294,"variance":84982918076.59634,"size":30},"listeners=50 n=5000000 raw=\"true\"":{"mean":18446545.144229032,"sqsum":518309038816.14087,"variance":17872725476.41865,"size":30},"listeners=50 n=5000000 raw=\"false\"":{"mean":5701962.452255769,"sqsum":12245849618.637098,"variance":422270676.50472754,"size":30}},"ee-once":{"argc=0 n=20000000":{"mean":7377419.147323088,"sqsum":11387290742.633593,"variance":392665198.02184796,"size":30},"argc=1 n=20000000":{"mean":7181431.125723956,"sqsum":25357631839.95935,"variance":874401097.9296328,"size":30},"argc=4 n=20000000":{"mean":7068276.27703124,"sqsum":14813036593.951452,"variance":510794365.30867076,"size":30},"argc=5 n=20000000":{"mean":6997895.670883554,"sqsum":14243055956.890387,"variance":491139860.5824271,"size":30}},"eventtarget":{"listeners=1 n=1000000":{"mean":2877860.5614343425,"sqsum":46072624657.94367,"variance":1588711195.101506,"size":30},"listeners=5 n=1000000":{"mean":2458631.8620598232,"sqsum":21059634845.35069,"variance":726194305.0120927,"size":30},"listeners=10 n=1000000":{"mean":2070594.338464105,"sqsum":16124797235.036695,"variance":556027490.8633343,"size":30}}}