{"arguments":{"method=\"restAndSpread\" n=1000000":{"mean":3197832.0763582,"sqsum":68439207021.11965,"variance":2359972655.9006777,"size":30},"method=\"argumentsAndApply\" n=1000000":{"mean":3188706.738823454,"sqsum":56774884982.47221,"variance":1957754654.5680075,"size":30},"method=\"restAndApply\" n=1000000":{"mean":3170445.020035331,"sqsum":30514730405.80823,"variance":1052232082.9589045,"size":30},"method=\"predefined\" n=1000000":{"mean":3166852.7826516978,"sqsum":610926855686.1421,"variance":21066443299.52214,"size":30}},"freelist":{"n=100000":{"mean":140586.05003541266,"sqsum":152260151.49174273,"variance":5250350.0514394045,"size":30}},"getstringwidth":{"n=100000 type=\"ascii\"":{"mean":240945.72237938285,"sqsum":7548516.617723779,"variance":260293.67647323373,"size":30},"n=100000 type=\"mixed\"":{"mean":119778.09732245604,"sqsum":3067808.5542288492,"variance":105786.50186996032,"size":30},"n=100000 type=\"emojiseq\"":{"mean":151634.01230019497,"sqsum":13624921.39337163,"variance":469824.8756335045,"size":30},"n=100000 type=\"fullwidth\"":{"mean":235984.97415658226,"sqsum":26987210.045823287,"variance":930593.4498559755,"size":30}},"object-property-bench":{"method=\"property\" n=1000000000":{"mean":1146662631.509054,"sqsum":46133699752290.66,"variance":1590817232837.609,"size":30},"method=\"string\" n=1000000000":{"mean":1146827334.7817125,"sqsum":53523604610921.9,"variance":1845641538307.6516,"size":30},"method=\"variable\" n=1000000000":{"mean":1145828929.045374,"sqsum":79278370963810.67,"variance":2733736929786.575,"size":30},"method=\"symbol\" n=1000000000":{"mean":1145982920.09045,"sqsum":41462259532494.98,"variance":1429733087327.4128,"size":30}},"print":{"code=\"1\" dur=1":{"mean":26.54180280800369,"sqsum":0.9200227067644038,"variance":0.031724920922910474,"size":30},"code=\"\\\"string\\\"\" dur=1":{"mean":26.470687797559613,"sqsum":1.1913107084081918,"variance":0.04107967960028248,"size":30},"code=\"process.versions\" dur=1":{"mean":26.47559500448705,"sqsum":1.106694606567881,"variance":0.03816188298509935,"size":30},"code=\"process\" dur=1":{"mean":26.399037999514388,"sqsum":1.1364880439387899,"variance":0.03918924289444103,"size":30}},"punycode":{"method=\"punycode\" n=1024 val=\"افغانستا.icom.museum\"":{"mean":80120.46488243567,"sqsum":66693079.595445886,"variance":2299761.365360203,"size":30},"method=\"punycode\" n=1024 val=\"الجزائر.icom.museum\"":{"mean":83164.4986670108,"sqsum":76746401.23451334,"variance":2646427.628776322,"size":30},"method=\"punycode\" n=1024 val=\"österreich.icom.museum\"":{"mean":95775.16881715396,"sqsum":117723983.36315158,"variance":4059447.702177641,"size":30},"method=\"punycode\" n=1024 val=\"বাংলাদেশ.icom.museum\"":{"mean":79685.26941642673,"sqsum":66291394.984398566,"variance":2285910.1718758126,"size":30},"method=\"punycode\" n=1024 val=\"беларусь.icom.museum\"":{"mean":80391.60148128164,"sqsum":44235946.32039613,"variance":1525377.4593240046,"size":30},"method=\"punycode\" n=1024 val=\"belgië.icom.museum\"":{"mean":101519.7347621869,"sqsum":330844028.85663974,"variance":11408414.78815999,"size":30},"method=\"punycode\" n=1024 val=\"българия.icom.museum\"":{"mean":79289.80834680289,"sqsum":57876481.8687145,"variance":1995740.7540936032,"size":30},"method=\"punycode\" n=1024 val=\"تشادر.icom.museum\"":{"mean":88144.1907897175,"sqsum":180210014.99628404,"variance":6214138.448147725,"size":30},"method=\"punycode\" n=1024 val=\"中国.icom.museum\"":{"mean":92824.54446606415,"sqsum":93679157.67871071,"variance":3230315.7820245074,"size":30},"method=\"punycode\" n=1024 val=\"القمر.icom.museum\"":{"mean":88918.19027421823,"sqsum":123742999.07665318,"variance":4266999.968160455,"size":30},"method=\"punycode\" n=1024 val=\"κυπρος.icom.museum\"":{"mean":86578.596904536,"sqsum":71092671.7822108,"variance":2451471.44076589,"size":30},"method=\"punycode\" n=1024 val=\"českárepublika.icom.museum\"":{"mean":86818.88217511264,"sqsum":78411966.44047022,"variance":2703860.9117403524,"size":30},"method=\"punycode\" n=1024 val=\"مصر.icom.museum\"":{"mean":90933.68016550114,"sqsum":161083758.98707178,"variance":5554612.378864544,"size":30},"method=\"punycode\" n=1024 val=\"ελλάδα.icom.museum\"":{"mean":86179.457323745,"sqsum":94274341.6237138,"variance":3250839.366334959,"size":30},"method=\"punycode\" n=1024 val=\"magyarország.icom.museum\"":{"mean":93855.207406436,"sqsum":147249067.48952216,"variance":5077554.051362833,"size":30},"method=\"punycode\" n=1024 val=\"ísland.icom.museum\"":{"mean":101950.05052904016,"sqsum":199092919.985425,"variance":6865273.102945689,"size":30},"method=\"punycode\" n=1024 val=\"भारत.icom.museum\"":{"mean":89884.36631848046,"sqsum":123664549.4874826,"variance":4264294.809913194,"size":30},"method=\"punycode\" n=1024 val=\"ايران.icom.museum\"":{"mean":87455.5703313315,"sqsum":110787207.2813144,"variance":3820248.526941876,"size":30},"method=\"punycode\" n=1024 val=\"éire.icom.museum\"":{"mean":102631.95039074768,"sqsum":479245047.3971606,"variance":16525691.289557261,"size":30},"method=\"punycode\" n=1024 val=\"איקו״ם.ישראל.museum\"":{"mean":68961.59728007998,"sqsum":39356529.881000094,"variance":1357121.720034486,"size":30},"method=\"punycode\" n=1024 val=\"日本.icom.museum\"":{"mean":93103.62820029106,"sqsum":91119087.55988923,"variance":3142037.502065146,"size":30},"method=\"punycode\" n=1024 val=\"الأردن.icom.museum\"":{"mean":84538.78452741024,"sqsum":78205176.69622727,"variance":2696730.2309043887,"size":30},"method=\"icu\" n=1024 val=\"افغانستا.icom.museum\"":{"mean":215355.30640808278,"sqsum":578570014.1201807,"variance":19950690.1420752,"size":30},"method=\"icu\" n=1024 val=\"الجزائر.icom.museum\"":{"mean":228939.1591892951,"sqsum":496251867.76696616,"variance":17112133.371274695,"size":30},"method=\"icu\" n=1024 val=\"österreich.icom.museum\"":{"mean":255794.42579401893,"sqsum":489474596.5070841,"variance":16878434.362313244,"size":30},"method=\"icu\" n=1024 val=\"বাংলাদেশ.icom.museum\"":{"mean":192176.5710023675,"sqsum":292805192.0800262,"variance":10096730.761380214,"size":30},"method=\"icu\" n=1024 val=\"беларусь.icom.museum\"":{"mean":217174.4680653363,"sqsum":538551817.2933084,"variance":18570752.320458908,"size":30},"method=\"icu\" n=1024 val=\"belgië.icom.museum\"":{"mean":273735.5089083923,"sqsum":924747412.0022215,"variance":31887841.793180052,"size":30},"method=\"icu\" n=1024 val=\"българия.icom.museum\"":{"mean":215221.84283246074,"sqsum":547969216.8233135,"variance":18895490.23528667,"size":30},"method=\"icu\" n=1024 val=\"تشادر.icom.museum\"":{"mean":247770.4740310917,"sqsum":310932060.639597,"variance":10721795.194468861,"size":30},"method=\"icu\" n=1024 val=\"中国.icom.museum\"":{"mean":276294.61015871615,"sqsum":727539056.9831117,"variance":25087553.68907282,"size":30},"method=\"icu\" n=1024 val=\"القمر.icom.museum\"":{"mean":245206.99711675753,"sqsum":526612161.45474494,"variance":18159040.05016362,"size":30},"method=\"icu\" n=1024 val=\"κυπρος.icom.museum\"":{"mean":243305.91427677922,"sqsum":432332766.0241081,"variance":14908026.414624417,"size":30},"method=\"icu\" n=1024 val=\"českárepublika.icom.museum\"":{"mean":229642.1308248419,"sqsum":502836748.00358266,"variance":17339198.20702009,"size":30},"method=\"icu\" n=1024 val=\"مصر.icom.museum\"":{"mean":262763.8108155557,"sqsum":454014120.4709327,"variance":15655659.326583888,"size":30},"method=\"icu\" n=1024 val=\"ελλάδα.icom.museum\"":{"mean":244836.9277942701,"sqsum":558069677.4637294,"variance":19243781.98150791,"size":30},"method=\"icu\" n=1024 val=\"magyarország.icom.museum\"":{"mean":245236.2779949286,"sqsum":1238040757.4390333,"variance":42691060.60134597,"size":30},"method=\"icu\" n=1024 val=\"ísland.icom.museum\"":{"mean":277369.00854280376,"sqsum":1024954229.7735951,"variance":35343249.30253776,"size":30},"method=\"icu\" n=1024 val=\"भारत.icom.museum\"":{"mean":258928.85205476044,"sqsum":410558829.1667859,"variance":14157201.005751237,"size":30},