{"module-loader-circular":{"n=10000":{"mean":3390.366941278233,"sqsum":19178.454223774395,"variance":661.3260077163585,"size":30}},"module-loader-deep":{"cache=\"true\" ext=\"\" files=1000":{"mean":394093.49762782524,"sqsum":1885718685.1309214,"variance":65024782.245893836,"size":30},"cache=\"false\" ext=\"\" files=1000":{"mean":2996.7040628316763,"sqsum":31968.229080729343,"variance":1102.3527269217016,"size":30},"cache=\"true\" ext=\".js\" files=1000":{"mean":399721.2837988036,"sqsum":2668325959.7717757,"variance":92011239.9921302,"size":30},"cache=\"false\" ext=\".js\" files=1000":{"mean":3054.3541966458697,"sqsum":22549.315842724067,"variance":777.5626152663472,"size":30}},"module-loader":{"cache=\"true\" dir=\"rel\" files=500 n=1 name=\"\"":{"mean":13639.376357521387,"sqsum":427411.7537221964,"variance":14738.33633524815,"size":30},"cache=\"false\" dir=\"rel\" files=500 n=1 name=\"\"":{"mean":2615.5831609622087,"sqsum":22305.317164544944,"variance":769.148867742929,"size":30},"cache=\"true\" dir=\"rel\" files=500 n=1000 name=\"\"":{"mean":1355318.1240701454,"sqsum":3330824607.1369777,"variance":114856020.93575786,"size":30},"cache=\"false\" dir=\"rel\" files=500 n=1000 name=\"\"":{"mean":948066.5175469529,"sqsum":2776086348.085061,"variance":95727115.45120901,"size":30},"cache=\"true\" dir=\"abs\" files=500 n=1 name=\"\"":{"mean":13489.970744624403,"sqsum":3484796.141255399,"variance":120165.38418122065,"size":30},"cache=\"false\" dir=\"abs\" files=500 n=1 name=\"\"":{"mean":2662.137836569474,"sqsum":15873.260330422607,"variance":547.3538044973312,"size":30},"cache=\"true\" dir=\"abs\" files=500 n=1000 name=\"\"":{"mean":1343136.2662374116,"sqsum":20298025792.009796,"variance":699931923.8624067,"size":30},"cache=\"false\" dir=\"abs\" files=500 n=1000 name=\"\"":{"mean":947130.9809588147,"sqsum":3138817194.5698175,"variance":108235075.6748213,"size":30},"cache=\"true\" dir=\"rel\" files=500 n=1 name=\"/\"":{"mean":13675.412487761243,"sqsum":409544.5563814006,"variance":14122.226082117262,"size":30},"cache=\"false\" dir=\"rel\" files=500 n=1 name=\"/\"":{"mean":2713.036291395109,"sqsum":37469.80315513295,"variance":1292.062177763205,"size":30},"cache=\"true\" dir=\"rel\" files=500 n=1000 name=\"/\"":{"mean":1283585.0501150617,"sqsum":14976121301.767101,"variance":516417975.9230035,"size":30},"cache=\"false\" dir=\"rel\" files=500 n=1000 name=\"/\"":{"mean":922425.3417977797,"sqsum":3380528924.2140584,"variance":116569962.90393305,"size":30},"cache=\"true\" dir=\"abs\" files=500 n=1 name=\"/\"":{"mean":13524.918392249658,"sqsum":519195.6450545978,"variance":17903.29810533096,"size":30},"cache=\"false\" dir=\"abs\" files=500 n=1 name=\"/\"":{"mean":2781.9482882170923,"sqsum":21895.18329740517,"variance":755.0063206001781,"size":30},"cache=\"true\" dir=\"abs\" files=500 n=1000 name=\"/\"":{"mean":1279154.9319569059,"sqsum":2667987239.1533914,"variance":91999559.9708066,"size":30},"cache=\"false\" dir=\"abs\" files=500 n=1000 name=\"/\"":{"mean":926455.754997156,"sqsum":2753852826.662834,"variance":94960442.29871842,"size":30},"cache=\"true\" dir=\"rel\" files=500 n=1 name=\"/index.js\"":{"mean":13418.12981776509,"sqsum":1542041.54769672,"variance":53173.84647230069,"size":30},"cache=\"false\" dir=\"rel\" files=500 n=1 name=\"/index.js\"":{"mean":2826.096598499952,"sqsum":33696.41845561802,"variance":1161.9454639868284,"size":30},"cache=\"true\" dir=\"rel\" files=500 n=1000 name=\"/index.js\"":{"mean":1294771.0813471358,"sqsum":3582191547.3406796,"variance":123523846.46002343,"size":30},"cache=\"false\" dir=\"rel\" files=500 n=1000 name=\"/index.js\"":{"mean":938466.154117555,"sqsum":2624381541.8802567,"variance":90495915.23725022,"size":30},"cache=\"true\" dir=\"abs\" files=500 n=1 name=\"/index.js\"":{"mean":13477.817321622913,"sqsum":696906.4952501425,"variance":24031.25845690147,"size":30},"cache=\"false\" dir=\"abs\" files=500 n=1 name=\"/index.js\"":{"mean":2902.572786188978,"sqsum":34326.397171694225,"variance":1183.6688679894562,"size":30},"cache=\"true\" dir=\"abs\" files=500 n=1000 name=\"/index.js\"":{"mean":1280052.650593352,"sqsum":10095973560.084766,"variance":348137019.3132678,"size":30},"cache=\"false\" dir=\"abs\" files=500 n=1000 name=\"/index.js\"":{"mean":941415.6633591143,"sqsum":5513039484.658734,"variance":190104809.81581843,"size":30}}}