{"echo":{"n=100000 payload=\"string\" sendsPerBroadcast=1 workers=1":{"mean":55154.74556421205,"sqsum":24566586.60911445,"variance":847123.6761763603,"size":30},"n=100000 payload=\"string\" sendsPerBroadcast=10 workers=1":{"mean":19538.251011505927,"sqsum":5258625.68312636,"variance":181331.92010780552,"size":30},"n=100000 payload=\"object\" sendsPerBroadcast=1 workers=1":{"mean":35144.64466953958,"sqsum":48266550.97998739,"variance":1664363.826896117,"size":30},"n=100000 payload=\"object\" sendsPerBroadcast=10 workers=1":{"mean":9938.42478194572,"sqsum":907607.2801077231,"variance":31296.80276233528,"size":30}},"messageport":{"n=1000000 payload=\"string\"":{"mean":466957.69868138107,"sqsum":5041227233.791519,"variance":173835421.85487998,"size":30},"n=1000000 payload=\"object\"":{"mean":198483.43412500352,"sqsum":289735972.4580238,"variance":9990895.60200082,"size":30}}}