{"createInflate":{"chunkLen=1024 inputLen=16777216 n=100":{"mean":27.935565041786596,"sqsum":1773.0205412355435,"variance":61.138639352949774,"size":30}},"creation":{"n=500000 options=\"true\" type=\"Deflate\"":{"mean":38706.16394974552,"sqsum":3834791.488685077,"variance":132234.18926500264,"size":30},"n=500000 options=\"false\" type=\"Deflate\"":{"mean":39844.17626969705,"sqsum":2072661.1179550104,"variance":71471.0730329314,"size":30},"n=500000 options=\"true\" type=\"DeflateRaw\"":{"mean":38713.957895926265,"sqsum":1872792.2451779533,"variance":64579.0429371708,"size":30},"n=500000 options=\"false\" type=\"DeflateRaw\"":{"mean":39978.03651878355,"sqsum":1230836.8037016648,"variance":42442.64840350568,"size":30},"n=500000 options=\"true\" type=\"Inflate\"":{"mean":174551.61521883143,"sqsum":236015247.02960658,"variance":8138456.794124365,"size":30},"n=500000 options=\"false\" type=\"Inflate\"":{"mean":191541.29571034596,"sqsum":457011332.4373882,"variance":15759011.463358214,"size":30},"n=500000 options=\"true\" type=\"InflateRaw\"":{"mean":172689.70885836234,"sqsum":295156667.1475546,"variance":10177816.108536366,"size":30},"n=500000 options=\"false\" type=\"InflateRaw\"":{"mean":191259.68490458524,"sqsum":363022005.77042043,"variance":12518000.198980015,"size":30},"n=500000 options=\"true\" type=\"Gzip\"":{"mean":38659.74459389851,"sqsum":1677108.8341742007,"variance":57831.3391094552,"size":30},"n=500000 options=\"false\" type=\"Gzip\"":{"mean":39841.96367001929,"sqsum":1480925.200565406,"variance":51066.38622639331,"size":30},"n=500000 options=\"true\" type=\"Gunzip\"":{"mean":176042.709180885,"sqsum":419403984.2985024,"variance":14462206.355120772,"size":30},"n=500000 options=\"false\" type=\"Gunzip\"":{"mean":193003.90327443922,"sqsum":185617318.13270727,"variance":6400597.176989906,"size":30},"n=500000 options=\"true\" type=\"Unzip\"":{"mean":176423.08919283235,"sqsum":211326376.8862629,"variance":7287116.4443538925,"size":30},"n=500000 options=\"false\" type=\"Unzip\"":{"mean":192380.27666904777,"sqsum":566610114.212968,"variance":19538279.800447173,"size":30},"n=500000 options=\"true\" type=\"BrotliCompress\"":{"mean":171544.69086712593,"sqsum":238929568.4857882,"variance":8238950.637440973,"size":30},"n=500000 options=\"false\" type=\"BrotliCompress\"":{"mean":184424.4393515184,"sqsum":510485806.548601,"variance":17602958.84650348,"size":30},"n=500000 options=\"true\" type=\"BrotliDecompress\"":{"mean":171945.59372039844,"sqsum":265848716.2480969,"variance":9167197.112003341,"size":30},"n=500000 options=\"false\" type=\"BrotliDecompress\"":{"mean":184379.25794809815,"sqsum":259164793.62213713,"variance":8936717.021453004,"size":30}},"deflate":{"inputLen=1024 method=\"createDeflate\" n=400000":{"mean":28612.647515478227,"sqsum":1722634912.4470747,"variance":59401203.87748533,"size":30},"inputLen=1024 method=\"deflate\" n=400000":{"mean":9181.808612883138,"sqsum":113840135.0374378,"variance":3925521.8978426824,"size":30},"inputLen=1024 method=\"deflateSync\" n=400000":{"mean":50348.942716924066,"sqsum":14114110.422795633,"variance":486693.4628550218,"size":30}},"inflate":{"inputLen=1024 method=\"inflate\" n=400000":{"mean":16489.265655706185,"sqsum":291655589.69394624,"variance":10057089.29979125,"size":30},"inputLen=1024 method=\"inflateSync\" n=400000":{"mean":130068.78899131707,"sqsum":164063936.5425241,"variance":5657377.1221560035,"size":30}},"pipe":{"algorithm=\"gzip\" duration=5 inputLen=1024 type=\"string\"":{"mean":0.052737238416825406,"sqsum":0.0006802512777133074,"variance":0.0000234569406108037,"size":30},"algorithm=\"brotli\" duration=5 inputLen=1024 type=\"string\"":{"mean":0.11767735699278464,"sqsum":0.013278880567503032,"variance":0.00045789243336217357,"size":30},"algorithm=\"gzip\" duration=5 inputLen=1024 type=\"buffer\"":{"mean":0.06248097509264863,"sqsum":0.004088604789193103,"variance":0.0001409863720411415,"size":30},"algorithm=\"brotli\" duration=5 inputLen=1024 type=\"buffer\"":{"mean":0.1089302871942878,"sqsum":0.01793802328033996,"variance":0.0006185525269082745,"size":30}}}