{"querystring-parse":{"n=1000000 type=\"noencode\"":{"mean":2205051.9719999935,"sqsum":55042997436.96041,"variance":1898034394.3779452,"size":30},"n=1000000 type=\"multicharsep\"":{"mean":1628385.5100216183,"sqsum":13688071874.344286,"variance":472002478.425665,"size":30},"n=1000000 type=\"encodefake\"":{"mean":2122221.842518345,"sqsum":21047455737.790565,"variance":725774335.7858816,"size":30},"n=1000000 type=\"encodemany\"":{"mean":819926.419205562,"sqsum":18212365223.22285,"variance":628012593.9042363,"size":30},"n=1000000 type=\"encodelast\"":{"mean":1632706.343599128,"sqsum":68303636031.83725,"variance":2355297794.2012844,"size":30},"n=1000000 type=\"multivalue\"":{"mean":1562272.0528248905,"sqsum":19156415535.28309,"variance":660566052.9407961,"size":30},"n=1000000 type=\"multivaluemany\"":{"mean":590256.7140376531,"sqsum":41454300629.42525,"variance":1429458642.393974,"size":30},"n=1000000 type=\"manypairs\"":{"mean":444130.862265446,"sqsum":1222790130.0501485,"variance":42165176.898280986,"size":30},"n=1000000 type=\"manyblankpairs\"":{"mean":7770830.613641355,"sqsum":16872721268.325989,"variance":581817974.7698617,"size":30},"n=1000000 type=\"altspaces\"":{"mean":1128955.3484992548,"sqsum":4061101734.7057633,"variance":140037990.85192287,"size":30}},"querystring-stringify":{"n=1000000 type=\"noencode\"":{"mean":3441837.9424866987,"sqsum":3322394570.653298,"variance":114565330.02252752,"size":30},"n=1000000 type=\"encodemany\"":{"mean":2129807.947594481,"sqsum":5994025098.069574,"variance":206690520.62308878,"size":30},"n=1000000 type=\"encodelast\"":{"mean":2953947.4599261256,"sqsum":132478618026.418,"variance":4568228207.807517,"size":30},"n=1000000 type=\"array\"":{"mean":3000128.9693935392,"sqsum":629167310.9452825,"variance":21695424.515354566,"size":30},"n=1000000 type=\"multiprimitives\"":{"mean":4428311.831045184,"sqsum":6877957950.053185,"variance":237170963.79493743,"size":30}},"querystring-unescapebuffer":{"input=\"there is nothing to unescape here\" n=10000000":{"mean":4924480.06811821,"sqsum":1957392438.6360116,"variance":67496290.98744868,"size":30},"input=\"there%20are%20several%20spaces%20that%20need%20to%20be%20unescaped\" n=10000000":{"mean":1876192.3952523575,"sqsum":211787968.86660194,"variance":7303033.40919317,"size":30},"input=\"there%2Qare%0-fake%escaped values in%%%%this%9Hstring\" n=10000000":{"mean":2724998.027877272,"sqsum":589615042.4220566,"variance":20331553.186967466,"size":30},"input=\"%20%21%22%23%24%25%26%27%28%29%2A%2B%2C%2D%2E%2F%30%31%32%33%34%35%36%37\" n=10000000":{"mean":2120663.2317707324,"sqsum":1128419242.448258,"variance":38911008.36028475,"size":30}}}