{"defaultparams-bench":{"method=\"withoutdefaults\" n=100000000":{"mean":554189050.9901394,"sqsum":193924149561764.53,"variance":6687039640060.846,"size":30},"method=\"withdefaults\" n=100000000":{"mean":555787574.6654669,"sqsum":138929147726179.56,"variance":4790660266419.984,"size":30}},"destructuring-bench":{"method=\"swap\" n=100000000":{"mean":336831014.31724834,"sqsum":15314419060718.186,"variance":528083415886.834,"size":30},"method=\"destructure\" n=100000000":{"mean":281095061.7160708,"sqsum":12659699930125.664,"variance":436541376900.88495,"size":30}},"destructuring-object-bench":{"method=\"normal\" n=100000000":{"mean":1106479101.398577,"sqsum":2059245336143784.5,"variance":71008459867027.05,"size":30},"method=\"destructureObject\" n=100000000":{"mean":1104812686.5682302,"sqsum":2331063569516470.5,"variance":80381502397119.67,"size":30}},"foreach-bench":{"count=5 method=\"for\" n=5000000":{"mean":121650993.6202809,"sqsum":24992324960670.3,"variance":861804308988.6311,"size":30},"count=10 method=\"for\" n=5000000":{"mean":79284589.46519503,"sqsum":14420716443300.797,"variance":497266084251.75165,"size":30},"count=20 method=\"for\" n=5000000":{"mean":43933158.67439411,"sqsum":2447395944200.201,"variance":84392963593.1104,"size":30},"count=100 method=\"for\" n=5000000":{"mean":10259133.91123284,"sqsum":8526507270.271254,"variance":294017492.0783191,"size":30},"count=5 method=\"for-of\" n=5000000":{"mean":69343510.17511617,"sqsum":11235662023351.541,"variance":387436621494.88074,"size":30},"count=10 method=\"for-of\" n=5000000":{"mean":45433363.45082144,"sqsum":7927494107529.291,"variance":273361865776.8721,"size":30},"count=20 method=\"for-of\" n=5000000":{"mean":27436284.159013484,"sqsum":500557534257.3481,"variance":17260604629.56373,"size":30},"count=100 method=\"for-of\" n=5000000":{"mean":6311010.384981236,"sqsum":5365218341.832809,"variance":185007529.02871755,"size":30},"count=5 method=\"for-in\" n=5000000":{"mean":2760947.757479837,"sqsum":19080003009.72511,"variance":657931138.266383,"size":30},"count=10 method=\"for-in\" n=5000000":{"mean":1736399.9158132242,"sqsum":20486021688.45929,"variance":706414540.9813548,"size":30},"count=20 method=\"for-in\" n=5000000":{"mean":991755.4179033882,"sqsum":10173178504.817236,"variance":350799258.7868012,"size":30},"count=100 method=\"for-in\" n=5000000":{"mean":226674.72616311174,"sqsum":215744913.93155953,"variance":7439479.790743432,"size":30},"count=5 method=\"forEach\" n=5000000":{"mean":119866589.4937223,"sqsum":76869571122390.81,"variance":2650674866289.338,"size":30},"count=10 method=\"forEach\" n=5000000":{"mean":81141863.02601649,"sqsum":30783449971057.902,"variance":1061498274864.0657,"size":30},"count=20 method=\"forEach\" n=5000000":{"mean":50198295.5336234,"sqsum":22920843413102.727,"variance":790373910796.6458,"size":30},"count=100 method=\"forEach\" n=5000000":{"mean":14008946.517281076,"sqsum":116263002259.84325,"variance":4009069043.4428706,"size":30}},"map-bench":{"method=\"object\" n=1000000":{"mean":316403.25189683045,"sqsum":742449982.7376148,"variance":25601723.54267637,"size":30},"method=\"nullProtoObject\" n=1000000":{"mean":327004.83294216415,"sqsum":555489404.0423942,"variance":19154807.035944626,"size":30},"method=\"nullProtoLiteralObject\" n=1000000":{"mean":326940.02878789237,"sqsum":598470682.2454367,"variance":20636920.077428848,"size":30},"method=\"storageObject\" n=1000000":{"mean":323757.6011487408,"sqsum":693465362.2348541,"variance":23912598.69775359,"size":30},"method=\"fakeMap\" n=1000000":{"mean":289650.57662455575,"sqsum":237186337.14349473,"variance":8178839.211844646,"size":30},"method=\"map\" n=1000000":{"mean":654270.4125571696,"sqsum":3885809147.940857,"variance":133993418.89451231,"size":30}},"restparams-bench":{"method=\"copy\" n=100000000":{"mean":29280748.02498645,"sqsum":55954044334240.04,"variance":1929449804628.9668,"size":30},"method=\"rest\" n=100000000":{"mean":136164111.82356685,"sqsum":942025341615.1195,"variance":32483632469.486877,"size":30},"method=\"arguments\" n=100000000":{"mean":134668543.94099265,"sqsum":2056455660774558.2,"variance":70912264164639.94,"size":30}},"spread-assign":{"count=5 method=\"spread\" n=1000000":{"mean":23472873.5591616,"sqsum":17415696229671.816,"variance":600541249299.0282,"size":30},"count=10 method=\"spread\" n=1000000":{"mean":19524348.809879888,"sqsum":8449898923758.796,"variance":291375824957.1999,"size":30},"count=20 method=\"spread\" n=1000000":{"mean":112653.76025755516,"sqsum":106407329.81591447,"variance":3669218.269514292,"size":30},"count=5 method=\"assign\" n=1000000":{"mean":5444036.815131487,"sqsum":213390461616.77997,"variance":7358291779.888965,"size":30},"count=10 method=\"assign\" n=1000000":{"mean":2737507.0100567196,"sqsum":56244354391.15103,"variance":1939460496.2465873,"size":30},"count=20 method=\"assign\" n=1000000":{"mean":90879.34372752582,"sqsum":88849293.86221442,"variance":3063768.7538694628,"size":30},"count=5 method=\"_extend\" n=1000000":{"mean":3334957.811491103,"sqsum":154434629098.00644,"variance":5325332037.86229,"size":30},"count=10 method=\"_extend\" n=1000000":{"mean":1545133.9197550935,"sqsum":9331050371.031334,"variance":321760357.62177014,"size":30},"count=20 method=\"_extend\" n=1000000":{"mean":258126.32152625575,"sqsum":1177762651.773274,"variance":40612505.23356117,"size":30}},"spread-bench":{"context=\"context\" count=5 method=\"apply\" n=5000000 rest=0":{"mean":31277057.91086412,"sqsum":13409771836721.268,"variance":462405925404.1816,"size":30},"context=\"context\" count=5 method=\"apply\" n=5000000 rest=1":{"mean":31082891.417547017,"sqsum":2334880926909.828,"variance":80513135410.68372,"size":30},"context=\"null\" count=5 method=\"apply\" n=5000000 rest=0":{"mean":31124143.92927266,"sqsum":25286214145392.57,"variance":871938418806.6404,"size":30},"context=\"null\" count=5 method=\"apply\" n=5000000 rest=1":{"mean":30891262.065378226,"sqsum":15550539357582.861,"variance":536225495089.0642,"size":30},"context=\"context\" count=10 method=\"apply\" n=5000000 rest=0":{"mean":24940575.81797448,"sqsum":4843151543592.858,"variance":167005225641.13306,"size":30},"context=\"context\" count=10 method=\"apply\" n=5000000 rest=1":{"mean":24588850.871622834,"sqsum":13576561872006.623,"variance":468157305931.2629,"size":30},"context=\"null\" count=10 method=\"apply\" n=5000000 rest=0":{"mean":24814169.00533858,"sqsum":5515760699298.83,"variance":190198644803.40793,"size":30},"context=\"null\" count=10 method=\"apply\" n=5000000 rest=1":{"mean":24613226.526922565,"sqsum":10382330253611.693,"variance":358011388055.5756,"size":30},"context=\"context\" count=20 method=\"apply\" n=5000000 rest=0":{"mean":18508848.215262424,"sqsum":2378415879871.885,"variance":82014340685.23741,"size":30},"context=\"context\" count=20 method=\"apply\" n=5000000 rest=1":{"mean":18535289.59964949,"sqsum":112661822421.46857,"variance":3884890428.3265023,"size":30},"context=\"null\" count=20 method=\"apply\" n=5000000 rest=0":{"mean":18485049.72903251,"sqsum":5038864261962.878,"variance":173753940067.68542,"size":30},"context=\"null\" count=20 method=\"apply\" n=5000000 rest=1":{"mean":18459533.22353117,"sqsum":2052081044888.0417,"variance":70761415340.96695,"size":30},"context=\"context\" count=5 method=\"spread\" n=5000000 rest=0":{"mean":31354362.038694836,"sqsum":17268919039146.066,"variance":595479966867.1057,"size":30},"context=\"context\" count=5 method=\"spread\" n=5000000 rest=1":{"mean":31217424.74154065,"sqsum":719551832259.0442,"variance":24812132146.863594,"size":30},"context=\"null\" count=5 method=\"spread\" n=5000000 rest=0":{"mean":35171697.208778724,"sqsum":25889213023189.125,"variance":892731483558.2457,"size":30},"context=\"null\" count=5 method=\"spread\" n=5000000 rest=1":{"mean":34888672.02221443,"sqsum":22683381552422.188,"variance":782185570773.179,"size":30},"context=\"context\" count=10 method=\"spread\" n=5000000 rest=0":{"mean":25039539.524543367,