{"lookup-promises":{"all=\"true\" n=5000000 name=\"127.0.0.1\"":{"mean":15935819244.709694,"sqsum":10327678304424702000,"variance":356126838083610430,"size":30},"all=\"false\" n=5000000 name=\"127.0.0.1\"":{"mean":16403742238.609806,"sqsum":2774037140661014500,"variance":95656453126241870,"size":30},"all=\"true\" n=5000000 name=\"::1\"":{"mean":4560591677.555372,"sqsum":246579230074302940,"variance":8502732071527688,"size":30},"all=\"false\" n=5000000 name=\"::1\"":{"mean":4668379424.44144,"sqsum":374209073132616640,"variance":12903761142504022,"size":30}},"lookup":{"all=\"true\" n=5000000 name=\"127.0.0.1\"":{"mean":6155726.380632416,"sqsum":31914189998.698727,"variance":1100489310.299956,"size":30},"all=\"false\" n=5000000 name=\"127.0.0.1\"":{"mean":6710348.13853948,"sqsum":613141718320.0964,"variance":21142817873.106773,"size":30},"all=\"true\" n=5000000 name=\"::1\"":{"mean":3726812.9226313033,"sqsum":18740121999.09512,"variance":646211103.4170731,"size":30},"all=\"false\" n=5000000 name=\"::1\"":{"mean":3954648.1395287686,"sqsum":270378051261.50262,"variance":9323381077.98285,"size":30}}}