{"cpus":{"n=30000":{"mean":7316.884772736648,"sqsum":19082.90351763123,"variance":658.0311557803874,"size":30}},"loadavg":{"n=5000000":{"mean":282341.139823113,"sqsum":131914249.83730613,"variance":4548767.235769177,"size":30}},"networkInterfaces":{"n=10000":{"mean":7612.186680981815,"sqsum":10575.13847816216,"variance":364.65994752283314,"size":30}}}