{"immediate":{"n=5000000 type=\"depth\"":{"mean":282742.3605966323,"sqsum":330613106.9820427,"variance":11400451.964898024,"size":30},"n=5000000 type=\"depth1\"":{"mean":285230.995408986,"sqsum":209789637.32615343,"variance":7234125.425039773,"size":30},"n=5000000 type=\"breadth\"":{"mean":2132577.771898306,"sqsum":22867587839.254917,"variance":788537511.6984454,"size":30},"n=5000000 type=\"breadth1\"":{"mean":1410986.815436649,"sqsum":14422748927.204525,"variance":497336169.9036043,"size":30},"n=5000000 type=\"breadth4\"":{"mean":1118177.8747522363,"sqsum":6588173279.471969,"variance":227178388.94730926,"size":30},"n=5000000 type=\"clear\"":{"mean":6231677.982866695,"sqsum":250383630726.863,"variance":8633918300.926311,"size":30}},"set-immediate-breadth-args":{"n=5000000":{"mean":1411991.6946291563,"sqsum":35548521328.66119,"variance":1225811080.2986617,"size":30}},"set-immediate-breadth":{"n=10000000":{"mean":1911283.0120323624,"sqsum":235236492117.3683,"variance":8111603176.460976,"size":30}},"set-immediate-depth-args":{"n=5000000":{"mean":270091.43140217446,"sqsum":181163608.82507482,"variance":6247020.9939680975,"size":30}},"timers-breadth-args":{"n=1000000":{"mean":1060378.6329728342,"sqsum":84785760174.25572,"variance":2923646902.560542,"size":30}},"timers-breadth":{"n=5000000":{"mean":1399142.051479899,"sqsum":1203095414218.802,"variance":41486048766.16558,"size":30}},"timers-cancel-pooled":{"n=5000000":{"mean":21499134.666894,"sqsum":143749769820268.97,"variance":4956888614492.033,"size":30}},"timers-cancel-unpooled":{"direction=\"start\" n=1000000":{"mean":1602140.690778924,"sqsum":10756025258.577118,"variance":370897422.7095558,"size":30},"direction=\"end\" n=1000000":{"mean":6364551.754544856,"sqsum":293823364042.43695,"variance":10131840139.394379,"size":30}},"timers-depth":{"n=1000":{"mean":854.4798762120217,"sqsum":10469.437455873041,"variance":361.01508468527726,"size":30}},"timers-insert-pooled":{"n=5000000":{"mean":1078546.668130758,"sqsum":79900556757.31647,"variance":2755191612.3212576,"size":30}},"timers-insert-unpooled":{"direction=\"start\" n=1000000":{"mean":1459664.6513567292,"sqsum":34060519027.69579,"variance":1174500656.127441,"size":30},"direction=\"end\" n=1000000":{"mean":953791.4152905213,"sqsum":1490781875.9157345,"variance":51406271.58330119,"size":30}},"timers-timeout-nexttick":{"n=50000":{"mean":781071.8557811856,"sqsum":18785528301.606747,"variance":647776837.9864396,"size":30},"n=5000000":{"mean":3828571.031972066,"sqsum":15167970703399.055,"variance":523033472531.0019,"size":30}},"timers-timeout-pooled":{"n=10000000":{"mean":10193468.463733807,"sqsum":264380211907.5567,"variance":9116559031.29506,"size":30}},"timers-timeout-unpooled":{"n=1000000":{"mean":7895408.880654548,"sqsum":2696188452181.761,"variance":92972015592.47452,"size":30}}}