{"lookup-promises":{"all=\"true\" n=5000000 name=\"127.0.0.1\"":{"mean":15917299300.69323,"sqsum":3445057048069945000,"variance":118795070623101540,"size":30},"all=\"false\" n=5000000 name=\"127.0.0.1\"":{"mean":16163038931.796019,"sqsum":8988147088609460000,"variance":309936106503774460,"size":30},"all=\"true\" n=5000000 name=\"::1\"":{"mean":4528658905.49965,"sqsum":257001284120188500,"variance":8862113245523742,"size":30},"all=\"false\" n=5000000 name=\"::1\"":{"mean":4639029054.63352,"sqsum":446392849087505600,"variance":15392856865086400,"size":30}},"lookup":{"all=\"true\" n=5000000 name=\"127.0.0.1\"":{"mean":6156399.878040415,"sqsum":96523476182.95837,"variance":3328395730.446841,"size":30},"all=\"false\" n=5000000 name=\"127.0.0.1\"":{"mean":6712228.124978507,"sqsum":108420555788.81099,"variance":3738639854.786586,"size":30},"all=\"true\" n=5000000 name=\"::1\"":{"mean":3584082.959320092,"sqsum":467198025086.4604,"variance":16110276727.119324,"size":30},"all=\"false\" n=5000000 name=\"::1\"":{"mean":3871889.9281752147,"sqsum":25592299318.29946,"variance":882493079.9413608,"size":30}}}