{"atomics-wait":{"n=10000000":{"mean":10488837.091289321,"sqsum":252575936370.2952,"variance":8709515047.251558,"size":30}},"bench-eventlooputil":{"method=\"ELU_simple\" n=1000000":{"mean":6014613.63010922,"sqsum":177802780489.6255,"variance":6131130361.711224,"size":30},"method=\"ELU_passed\" n=1000000":{"mean":5581937.781075958,"sqsum":92497111131.51456,"variance":3189555556.2591224,"size":30}},"echo":{"n=100000 payload=\"string\" sendsPerBroadcast=1 workers=1":{"mean":86805.2926557072,"sqsum":778497899.8919314,"variance":26844755.168687288,"size":30},"n=100000 payload=\"string\" sendsPerBroadcast=10 workers=1":{"mean":50884.038583489266,"sqsum":42034359.42129909,"variance":1449460.6696999688,"size":30},"n=100000 payload=\"object\" sendsPerBroadcast=1 workers=1":{"mean":65945.12245921094,"sqsum":397851274.15759265,"variance":13719009.453710092,"size":30},"n=100000 payload=\"object\" sendsPerBroadcast=10 workers=1":{"mean":30390.857164468365,"sqsum":32930240.10121324,"variance":1135525.520731491,"size":30}},"messageport":{"n=1000000 payload=\"string\" style=\"eventtarget\"":{"mean":668303.110748118,"sqsum":7720177851.310153,"variance":266213029.3555225,"size":30},"n=1000000 payload=\"string\" style=\"eventemitter\"":{"mean":1121349.4403047145,"sqsum":8841951657.05134,"variance":304894884.7259083,"size":30},"n=1000000 payload=\"object\" style=\"eventtarget\"":{"mean":359893.227374086,"sqsum":3641025672.67388,"variance":125552609.40254758,"size":30},"n=1000000 payload=\"object\" style=\"eventemitter\"":{"mean":543992.0985260558,"sqsum":7715223199.371307,"variance":266042179.28866574,"size":30}}}