{"basename-posix":{"n=100000 pathext=\"\"":{"mean":10902632.148373153,"sqsum":263371030563.19128,"variance":9081759674.592802,"size":30},"n=100000 pathext=\"/\"":{"mean":9969709.98807258,"sqsum":727307588245.7766,"variance":25079572008.475056,"size":30},"n=100000 pathext=\"/foo\"":{"mean":8571891.385015262,"sqsum":62223996284.61391,"variance":2145655044.2970312,"size":30},"n=100000 pathext=\"/foo/.bar.baz\"":{"mean":5952018.448278682,"sqsum":335476652739.048,"variance":11568160439.277515,"size":30},"n=100000 pathext=\"/foo/.bar.baz|.baz\"":{"mean":5023851.86425945,"sqsum":23758939221.651398,"variance":819273766.2638414,"size":30},"n=100000 pathext=\"foo\"":{"mean":9938249.570704902,"sqsum":214213628269.6103,"variance":7386676836.883114,"size":30},"n=100000 pathext=\"foo/bar.\"":{"mean":7019812.92954969,"sqsum":655419141639.6194,"variance":22600660056.5386,"size":30},"n=100000 pathext=\"foo/bar.|.\"":{"mean":5863216.669560759,"sqsum":37150305204.80036,"variance":1281045007.0620813,"size":30},"n=100000 pathext=\"/foo/bar/baz/asdf/quux.html\"":{"mean":5818716.215746053,"sqsum":125064417847.71155,"variance":4312566132.6797085,"size":30},"n=100000 pathext=\"/foo/bar/baz/asdf/quux.html|.html\"":{"mean":4754714.175173192,"sqsum":32645505788.632435,"variance":1125707096.1597393,"size":30}},"basename-win32":{"n=100000 pathext=\"\"":{"mean":9417958.190709928,"sqsum":118184686280.95895,"variance":4075334009.6882396,"size":30},"n=100000 pathext=\"C:\\\\\"":{"mean":7745645.625662047,"sqsum":1155003305352.9224,"variance":39827700184.583534,"size":30},"n=100000 pathext=\"C:\\\\foo\"":{"mean":7082964.010249444,"sqsum":60676162358.580696,"variance":2092281460.6407137,"size":30},"n=100000 pathext=\"D:\\\\foo\\\\.bar.baz\"":{"mean":5083924.285222457,"sqsum":194541089723.13116,"variance":6708313438.728662,"size":30},"n=100000 pathext=\"E:\\\\foo\\\\.bar.baz|.baz\"":{"mean":4189669.2644230314,"sqsum":13438774065.587357,"variance":463406002.261633,"size":30},"n=100000 pathext=\"foo\"":{"mean":7559307.250483741,"sqsum":100989419710.42184,"variance":3482393783.117995,"size":30},"n=100000 pathext=\"foo\\\\bar.\"":{"mean":5803002.616672702,"sqsum":260354174569.9024,"variance":8977730157.582842,"size":30},"n=100000 pathext=\"foo\\\\bar.|.\"":{"mean":4883947.688587632,"sqsum":78177005497.95995,"variance":2695758810.274481,"size":30},"n=100000 pathext=\"\\\\foo\\\\bar\\\\baz\\\\asdf\\\\quux.html\"":{"mean":5277683.638949286,"sqsum":270861582810.71036,"variance":9340054579.679668,"size":30},"n=100000 pathext=\"\\\\foo\\\\bar\\\\baz\\\\asdf\\\\quux.html|.html\"":{"mean":4126423.8668210935,"sqsum":191909498840.1335,"variance":6617568925.521846,"size":30}},"dirname-posix":{"n=100000 path=\"\"":{"mean":10460201.798185477,"sqsum":189059211630.27798,"variance":6519283159.664758,"size":30},"n=100000 path=\"/\"":{"mean":9823263.655585892,"sqsum":180812092894.88605,"variance":6234899754.996071,"size":30},"n=100000 path=\"/foo\"":{"mean":8469126.35327266,"sqsum":100773579389.78009,"variance":3474951013.440693,"size":30},"n=100000 path=\"/foo/bar\"":{"mean":6864292.455394607,"sqsum":549664717186.4368,"variance":18953955765.049545,"size":30},"n=100000 path=\"foo\"":{"mean":9224791.780202772,"sqsum":154198328303.1669,"variance":5317183734.591962,"size":30},"n=100000 path=\"foo/bar\"":{"mean":8173357.542362645,"sqsum":160486831079.5743,"variance":5534028657.916355,"size":30},"n=100000 path=\"/foo/bar/baz/asdf/quux\"":{"mean":6391056.132222832,"sqsum":43219731963.493645,"variance":1490335584.9480567,"size":30}},"dirname-win32":{"n=100000 path=\"\"":{"mean":9256269.306683442,"sqsum":120901647610.08727,"variance":4169022331.3823195,"size":30},"n=100000 path=\"\\\\\"":{"mean":8505709.516043482,"sqsum":115276316972.54706,"variance":3975045412.8464503,"size":30},"n=100000 path=\"\\\\foo\"":{"mean":7396794.117876896,"sqsum":44494940766.34128,"variance":1534308302.28763,"size":30},"n=100000 path=\"C:\\\\foo\\\\bar\"":{"mean":5623834.6171312155,"sqsum":291976803121.3646,"variance":10068165624.874641,"size":30},"n=100000 path=\"foo\"":{"mean":7693260.731968306,"sqsum":86307578747.34991,"variance":2976123405.0810313,"size":30},"n=100000 path=\"foo\\\\bar\"":{"mean":6917025.878275225,"sqsum":92324604546.64777,"variance":3183607053.3326817,"size":30},"n=100000 path=\"D:\\\\foo\\\\bar\\\\baz\\\\asdf\\\\quux\"":{"mean":5332913.288342621,"sqsum":43151364532.24543,"variance":1487978087.318808,"size":30}},"extname-posix":{"n=100000 path=\"\"":{"mean":11412287.649862794,"sqsum":201344929993.25522,"variance":6942928620.457076,"size":30},"n=100000 path=\"/\"":{"mean":10983122.840819998,"sqsum":233760081758.63257,"variance":8060692474.435606,"size":30},"n=100000 path=\"/foo\"":{"mean":9330262.50692354,"sqsum":194037221065.81598,"variance":6690938657.44193,"size":30},"n=100000 path=\"foo/.bar.baz\"":{"mean":5834069.471729356,"sqsum":110067037894.87788,"variance":3795415099.823375,"size":30},"n=100000 path=\"index.html\"":{"mean":6000739.918435417,"sqsum":398627385307.8345,"variance":13745771907.166704,"size":30},"n=100000 path=\"index\"":{"mean":8958183.70295597,"sqsum":97846213704.25752,"variance":3374007369.112328,"size":30},"n=100000 path=\"foo/bar/..baz.quux\"":{"mean":5257655.343792988,"sqsum":23799605610.53807,"variance":820676055.5357956,"size":30},"n=100000 path=\"foo/bar/...baz.quux\"":{"mean":4990701.744460881,"sqsum":168751450210.45874,"variance":5819015524.498578,"size":30},"n=100000 path=\"/foo/bar/baz/asdf/quux\"":{"mean":7189502.115238521,"sqsum":79791552633.21452,"variance":2751432849.4211907,"size":30},"n=100000 path=\"/foo/bar/baz/asdf/quux.foobarbazasdfquux\"":{"mean":3902037.5304835257,"sqsum":9752048804.869635,"variance":336277544.9955047,"size":30}},"extname-win32":{"n=100000 path=\"\"":{"mean":10140896.099419879,"sqsum":159873823695.69928,"variance":5512890472.265492,"size":30},"n=100000 path=\"\\\\\"":{"mean":9704242.145290604,"sqsum":209643600666.3088,"variance":7229089678.148579,"size":30},"n=100000 path=\"C:\\\\foo\"":{"mean":7644705.961001251,"sqsum":88285838794.11787,"variance":3044339268.7626853,"size":30},"n=100000 path=\"foo\\\\.bar.baz\"":{"mean":5441355.560227879,"sqsum":26183171722.950043,"variance":902867990.4465531,"size":30},"n=100000 path=\"index.html\"":{"mean":5540652.73050006,"sqsum":183626480797.81317,"variance":6331947613.717695,"size":30},"n=100000 path=\"index\"":{"mean":7991542.216754299,"sqsum":68816478203.61166,"variance":2372982007.021092,"size":30},"n=100000 path=\"foo\\\\bar\\\\..baz.quux\"":{"mean":4759536.587496338,"sqsum":26076231938.371044,"variance":899180411.667967,"size":30},"n=100000 path=\"foo\\\\bar\\\\...baz.quux\"":{"mean":4634793.94807255,"sqsum":26866665139.195995,"variance":926436728.9377929,"size":30},"n=100000 path=\"D:\\\\foo\\\\bar\\\\baz\\\\asdf\\\\quux\"":{"mean":6123892.5700218165,"sqsum":30619917419.65155,"variance":1055859221.3672948,"size":30},"n=100000 path=\"\\\\foo\\\\bar\\\\baz\\\\asdf\\\\quux.foobarbazasdfquux\"":{"mean":3709915.520874169,"sqsum":55370901787.65765,"variance":1909341440.9537122,"size":30}},"format-posix":{"n=1000000 props=\"/|/home/user/dir|index.html|.html|index\"":{"mean":6413884.301537501,"sqsum":19604276848.551003,"variance":676009546.5017587,"size":30}},"format-win32":{"n=1000000 props=\"C:\\\\|C:\\\\path\\\\dir|index.html|.html|index\"":{"mean":5989196.291422134,"sqsum":7943833075.425505,"variance":273925278.46294844,"size":30}},"isAbsolute-posix":{"n=100000 path=\"\"":{"mean":14251542.035835616,"sqsum":541148587320.3042,"variance":18660296114.493248,"size":30},"n=100000 path=\".\"":{"mean":14022305.780168714,"sqsum":633833709991.2992,"variance":21856334827.28618,"size":30},"n=100000 path=\"/foo/bar\"":{"mean":10386645.785290187,"sqsum":676493512422.9438,"variance":23327362497.34289,"size":30},"n=100000 path=\"/baz/..\"":{"mean":12606951.075799137,"sqsum":472318932267.0927,"variance":16286859733.348024,"size":30},"n=100000 path=\"bar/baz\"":{"mean":12592770.393979045,"sqsum":448692593847.9703,