{"create-context":{"n=100":{"mean":1362.261274268736,"sqsum":3716.681021103364,"variance":128.16141452080566,"size":30}},"run-in-context":{"breakOnSigint=0 n=1 withSigintListener=0":{"mean":1969.7182576064406,"sqsum":486486.44710028014,"variance":16775.394727595867,"size":30},"breakOnSigint=0 n=1 withSigintListener=1":{"mean":1968.1104362683893,"sqsum":754359.3985487213,"variance":26012.393053404183,"size":30},"breakOnSigint=1 n=1 withSigintListener=0":{"mean":1197.417071601075,"sqsum":711003.3847237934,"variance":24517.358093923907,"size":30},"breakOnSigint=1 n=1 withSigintListener=1":{"mean":844.7579965969544,"sqsum":128515.76775024318,"variance":4431.578198284247,"size":30}},"run-in-this-context":{"breakOnSigint=0 n=1 withSigintListener=0":{"mean":1981.0093958779642,"sqsum":789098.6523825299,"variance":27210.298358018274,"size":30},"breakOnSigint=0 n=1 withSigintListener=1":{"mean":2016.117524263518,"sqsum":607715.6453832008,"variance":20955.711909765545,"size":30},"breakOnSigint=1 n=1 withSigintListener=0":{"mean":1165.9340520978028,"sqsum":401029.25291114044,"variance":13828.59492797036,"size":30},"breakOnSigint=1 n=1 withSigintListener=1":{"mean":876.1805660079866,"sqsum":92179.5901720136,"variance":3178.6065576556416,"size":30}}}