{"immediate":{"n=5000000 type=\"depth\"":{"mean":814212.8881349298,"sqsum":6257955479.9799185,"variance":215791568.2751696,"size":30},"n=5000000 type=\"depth1\"":{"mean":787321.6887232295,"sqsum":15852820175.591658,"variance":546648971.5721262,"size":30},"n=5000000 type=\"breadth\"":{"mean":3031463.0483802315,"sqsum":99459354846.04703,"variance":3429632925.7257595,"size":30},"n=5000000 type=\"breadth1\"":{"mean":2107792.9088321365,"sqsum":591381253456.6393,"variance":20392457015.746185,"size":30},"n=5000000 type=\"breadth4\"":{"mean":1703853.9158002906,"sqsum":35642636138.9357,"variance":1229056418.5839896,"size":30},"n=5000000 type=\"clear\"":{"mean":12062336.86344894,"sqsum":1917420760417.1782,"variance":66117957255.76476,"size":30}},"set-immediate-breadth-args":{"n=5000000":{"mean":2215266.822265472,"sqsum":23354982413.723114,"variance":805344221.162866,"size":30}},"set-immediate-breadth":{"n=10000000":{"mean":2755740.6753988895,"sqsum":79107780997.57533,"variance":2727854517.15777,"size":30}},"set-immediate-depth-args":{"n=5000000":{"mean":767671.818354413,"sqsum":9772044650.336885,"variance":336967056.9081685,"size":30}},"timers-breadth-args":{"n=1000000":{"mean":1698748.653859012,"sqsum":20743509249.147854,"variance":715293422.3844087,"size":30}},"timers-breadth":{"n=5000000":{"mean":2022194.4732993962,"sqsum":214651860127.90332,"variance":7401788280.272529,"size":30}},"timers-cancel-pooled":{"n=5000000":{"mean":28740139.908860885,"sqsum":2711227632463.544,"variance":93490608015.98428,"size":30}},"timers-cancel-unpooled":{"direction=\"start\" n=1000000":{"mean":2400242.18494051,"sqsum":10128677531.99527,"variance":349264742.4825955,"size":30},"direction=\"end\" n=1000000":{"mean":9157300.879353967,"sqsum":2408829213528.906,"variance":83063076328.58296,"size":30}},"timers-depth":{"n=1000":{"mean":848.0046461059804,"sqsum":1501.399598964596,"variance":51.77239996429641,"size":30}},"timers-insert-pooled":{"n=5000000":{"mean":1764050.8285476468,"sqsum":142633964083.11053,"variance":4918412554.590018,"size":30}},"timers-insert-unpooled":{"direction=\"start\" n=1000000":{"mean":2010369.3220102007,"sqsum":12777654404.70048,"variance":440608772.5758786,"size":30},"direction=\"end\" n=1000000":{"mean":1282228.138938817,"sqsum":4925564896.12252,"variance":169847065.38353518,"size":30}},"timers-timeout-nexttick":{"n=50000":{"mean":1654082.8145550273,"sqsum":38317398717.86505,"variance":1321289610.960864,"size":30},"n=5000000":{"mean":5030488.680783449,"sqsum":206317428122.67184,"variance":7114394073.1955805,"size":30}},"timers-timeout-pooled":{"n=10000000":{"mean":10569449.513410104,"sqsum":1775054247306.3406,"variance":61208767148.4945,"size":30}},"timers-timeout-unpooled":{"n=1000000":{"mean":9133389.510952229,"sqsum":4139432547486.8354,"variance":142739053361.61502,"size":30}}}