{"creation":{"kind=\"duplex\" n=50000000":{"mean":3789559.912315054,"sqsum":41097151751.006645,"variance":1417143163.8278155,"size":30},"kind=\"readable\" n=50000000":{"mean":7737212.636649913,"sqsum":147408175715.26782,"variance":5083040541.9057865,"size":30},"kind=\"transform\" n=50000000":{"mean":3804523.769357626,"sqsum":688624575755.207,"variance":23745675026.041622,"size":30},"kind=\"writable\" n=50000000":{"mean":7042637.591543488,"sqsum":2539784324131.023,"variance":87578769797.62148,"size":30}},"pipe-object-mode":{"n=5000000":{"mean":9973194.686546734,"sqsum":126876942804.53897,"variance":4375066993.259965,"size":30}},"pipe":{"n=5000000":{"mean":9062410.86765162,"sqsum":69626432189.80704,"variance":2400911454.8209324,"size":30}},"readable-async-iterator":{"n=100000 sync=\"yes\"":{"mean":2181519.7686074823,"sqsum":13843096740.284405,"variance":477348163.4580829,"size":30},"n=100000 sync=\"no\"":{"mean":934643.1506573496,"sqsum":829064896.0517467,"variance":28588444.691439543,"size":30}},"readable-bigread":{"n=1000":{"mean":1274.458333526309,"sqsum":193.98601887907304,"variance":6.6891730647956225,"size":30}},"readable-bigunevenread":{"n=1000":{"mean":827.2209529001201,"sqsum":102.9414800560529,"variance":3.5497062088294102,"size":30}},"readable-boundaryread":{"n=2000 type=\"string\"":{"mean":305.9326861954927,"sqsum":1878.2588177232096,"variance":64.76754543873136,"size":30},"n=2000 type=\"buffer\"":{"mean":1306.9077219968513,"sqsum":2952.573203537488,"variance":101.81286908749959,"size":30}},"readable-from":{"n=10000000":{"mean":8428039.601435402,"sqsum":27972737811.196377,"variance":964577165.9033233,"size":30}},"readable-readall":{"n=5000":{"mean":1888.10721685655,"sqsum":156959.00642162218,"variance":5412.379531780075,"size":30}},"readable-unevenread":{"n=1000":{"mean":246.4862843519029,"sqsum":41.26656530583239,"variance":1.4229850105459443,"size":30}},"writable-manywrites":{"callback=\"yes\" len=1024 n=2000000 sync=\"yes\" writev=\"yes\"":{"mean":24606239.701502826,"sqsum":439183188798.1358,"variance":15144247889.59089,"size":30},"callback=\"yes\" len=32768 n=2000000 sync=\"yes\" writev=\"yes\"":{"mean":6251069.239941541,"sqsum":23199130252.51709,"variance":799970008.7074859,"size":30},"callback=\"no\" len=1024 n=2000000 sync=\"yes\" writev=\"yes\"":{"mean":24131087.023988202,"sqsum":274545059887.18448,"variance":9467071030.592567,"size":30},"callback=\"no\" len=32768 n=2000000 sync=\"yes\" writev=\"yes\"":{"mean":6070645.74666173,"sqsum":2208254986797.4287,"variance":76146723682.66995,"size":30},"callback=\"yes\" len=1024 n=2000000 sync=\"yes\" writev=\"no\"":{"mean":26172574.242764726,"sqsum":1584711804816.7266,"variance":54645234648.852646,"size":30},"callback=\"yes\" len=32768 n=2000000 sync=\"yes\" writev=\"no\"":{"mean":6305975.039230861,"sqsum":40856740537.003654,"variance":1408853121.9656432,"size":30},"callback=\"no\" len=1024 n=2000000 sync=\"yes\" writev=\"no\"":{"mean":25638964.346994206,"sqsum":1543286608350.7065,"variance":53216779598.300224,"size":30},"callback=\"no\" len=32768 n=2000000 sync=\"yes\" writev=\"no\"":{"mean":6170403.380587506,"sqsum":979365882022.3318,"variance":33771237311.11489,"size":30},"callback=\"yes\" len=1024 n=2000000 sync=\"no\" writev=\"yes\"":{"mean":18066886.18847325,"sqsum":417805555826.5626,"variance":14407088131.950436,"size":30},"callback=\"yes\" len=32768 n=2000000 sync=\"no\" writev=\"yes\"":{"mean":7077890.933131009,"sqsum":236993748598.68604,"variance":8172198227.540898,"size":30},"callback=\"no\" len=1024 n=2000000 sync=\"no\" writev=\"yes\"":{"mean":21765638.911402658,"sqsum":668528136171.7898,"variance":23052694350.751373,"size":30},"callback=\"no\" len=32768 n=2000000 sync=\"no\" writev=\"yes\"":{"mean":7103819.023410653,"sqsum":202881355616.2651,"variance":6995908814.35397,"size":30},"callback=\"yes\" len=1024 n=2000000 sync=\"no\" writev=\"no\"":{"mean":6693055.257048129,"sqsum":138283997215.29248,"variance":4768413697.079051,"size":30},"callback=\"yes\" len=32768 n=2000000 sync=\"no\" writev=\"no\"":{"mean":7226981.08982423,"sqsum":306293374594.7301,"variance":10561840503.266556,"size":30},"callback=\"no\" len=1024 n=2000000 sync=\"no\" writev=\"no\"":{"mean":6773596.728297956,"sqsum":111020985448.11299,"variance":3828309843.038379,"size":30},"callback=\"no\" len=32768 n=2000000 sync=\"no\" writev=\"no\"":{"mean":7180268.0062978845,"sqsum":167745554510.45297,"variance":5784329465.877688,"size":30}}}