{"atomics-wait":{"n=10000000":{"mean":10442904.514891187,"sqsum":254401770778.1193,"variance":8772474854.417908,"size":30}},"bench-eventlooputil":{"method=\"ELU_simple\" n=1000000":{"mean":6460608.351015979,"sqsum":403791200115.79596,"variance":13923834486.751585,"size":30},"method=\"ELU_passed\" n=1000000":{"mean":5932444.686277414,"sqsum":202978013454.09256,"variance":6999241843.244572,"size":30}},"echo":{"n=100000 payload=\"string\" sendsPerBroadcast=1 workers=1":{"mean":82295.87138191244,"sqsum":649458674.9927964,"variance":22395126.723889533,"size":30},"n=100000 payload=\"string\" sendsPerBroadcast=10 workers=1":{"mean":50566.7037759641,"sqsum":39266360.12132352,"variance":1354012.417976673,"size":30},"n=100000 payload=\"object\" sendsPerBroadcast=1 workers=1":{"mean":64350.31149294725,"sqsum":345024378.0661562,"variance":11897392.347108835,"size":30},"n=100000 payload=\"object\" sendsPerBroadcast=10 workers=1":{"mean":30163.48767835645,"sqsum":58743436.417141914,"variance":2025635.738522135,"size":30}},"messageport":{"n=1000000 payload=\"string\" style=\"eventtarget\"":{"mean":673444.1679759343,"sqsum":7949117145.9966,"variance":274107487.7929862,"size":30},"n=1000000 payload=\"string\" style=\"eventemitter\"":{"mean":1148579.3563452074,"sqsum":20131516167.37605,"variance":694190212.6681396,"size":30},"n=1000000 payload=\"object\" style=\"eventtarget\"":{"mean":367127.08817504515,"sqsum":2029237129.905648,"variance":69973694.13467751,"size":30},"n=1000000 payload=\"object\" style=\"eventemitter\"":{"mean":518813.81078628224,"sqsum":4236747373.6901164,"variance":146094737.02379712,"size":30}}}