{"create-context":{"n=100":{"mean":1881.3550746966298,"sqsum":10372.918446276184,"variance":357.68684297504086,"size":30}},"run-in-context":{"breakOnSigint=0 n=1 withSigintListener=0":{"mean":3337.4648622045925,"sqsum":192632.44163917564,"variance":6642.497987557781,"size":30},"breakOnSigint=0 n=1 withSigintListener=1":{"mean":3289.7297959262964,"sqsum":978809.8621959512,"variance":33752.06421365349,"size":30},"breakOnSigint=1 n=1 withSigintListener=0":{"mean":2251.4615046403596,"sqsum":1003792.8765025843,"variance":34613.54746560636,"size":30},"breakOnSigint=1 n=1 withSigintListener=1":{"mean":1542.112758945034,"sqsum":381132.33142109413,"variance":13142.49418693428,"size":30}},"run-in-this-context":{"breakOnSigint=0 n=1 withSigintListener=0":{"mean":3505.9261292110314,"sqsum":202916.6801864817,"variance":6997.126902982128,"size":30},"breakOnSigint=0 n=1 withSigintListener=1":{"mean":3488.8852104167136,"sqsum":800077.508512285,"variance":27588.879603871897,"size":30},"breakOnSigint=1 n=1 withSigintListener=0":{"mean":2290.457656002559,"sqsum":1956549.371947698,"variance":67467.21972233441,"size":30},"breakOnSigint=1 n=1 withSigintListener=1":{"mean":1564.0937580200462,"sqsum":366274.19545672345,"variance":12630.144670921498,"size":30}}}