{"array-vs-concat":{"chunks=1 dur=5 len=64 num=100 type=\"concat\"":{"mean":0.12070728357101254,"sqsum":0.0000848663955716744,"variance":0.00000292642743350601,"size":30},"chunks=1 dur=5 len=64 num=100 type=\"multi\"":{"mean":0.12299540488999935,"sqsum":0.0001585085539484413,"variance":0.00000546581220511867,"size":30},"chunks=2 dur=5 len=64 num=100 type=\"concat\"":{"mean":0.11585837381340408,"sqsum":0.00009654844500724236,"variance":0.00000332925672438767,"size":30},"chunks=2 dur=5 len=64 num=100 type=\"multi\"":{"mean":0.11631499534432566,"sqsum":0.0001145813230111605,"variance":0.00000395108010383312,"size":30},"chunks=4 dur=5 len=64 num=100 type=\"concat\"":{"mean":0.10994103531681347,"sqsum":0.0000742616601076641,"variance":0.00000256074690026428,"size":30},"chunks=4 dur=5 len=64 num=100 type=\"multi\"":{"mean":0.10433438867707884,"sqsum":0.000029459833803676603,"variance":0.00000101585633805781,"size":30},"chunks=8 dur=5 len=64 num=100 type=\"concat\"":{"mean":0.09998912730924914,"sqsum":0.00003565443048653235,"variance":0.00000122946312022525,"size":30},"chunks=8 dur=5 len=64 num=100 type=\"multi\"":{"mean":0.08636196670512215,"sqsum":0.00004487173674250292,"variance":0.00000154730126698286,"size":30},"chunks=1 dur=5 len=256 num=100 type=\"concat\"":{"mean":0.47390177831877395,"sqsum":0.0010724255514767854,"variance":0.00003698019143023398,"size":30},"chunks=1 dur=5 len=256 num=100 type=\"multi\"":{"mean":0.48674586807670284,"sqsum":0.0017488406657975015,"variance":0.00006030485054474143,"size":30},"chunks=2 dur=5 len=256 num=100 type=\"concat\"":{"mean":0.45905358656908035,"sqsum":0.0010593297052643236,"variance":0.00003652861052635598,"size":30},"chunks=2 dur=5 len=256 num=100 type=\"multi\"":{"mean":0.4614426525250585,"sqsum":0.0010902495677298115,"variance":0.00003759481268033833,"size":30},"chunks=4 dur=5 len=256 num=100 type=\"concat\"":{"mean":0.43316339270985116,"sqsum":0.0014650647755877174,"variance":0.00005051947502026612,"size":30},"chunks=4 dur=5 len=256 num=100 type=\"multi\"":{"mean":0.4145754556185154,"sqsum":0.0007695236061068576,"variance":0.00002653529676230543,"size":30},"chunks=8 dur=5 len=256 num=100 type=\"concat\"":{"mean":0.3943070607785708,"sqsum":0.0008422482479982802,"variance":0.00002904304303442345,"size":30},"chunks=8 dur=5 len=256 num=100 type=\"multi\"":{"mean":0.3428527289469438,"sqsum":0.0009851189759354161,"variance":0.00003396961985984193,"size":30},"chunks=1 dur=5 len=512 num=100 type=\"concat\"":{"mean":0.9270522654350084,"sqsum":0.005363139443131139,"variance":0.00018493584286659098,"size":30},"chunks=1 dur=5 len=512 num=100 type=\"multi\"":{"mean":0.9755135924694944,"sqsum":0.008554126425068398,"variance":0.00029496987672649643,"size":30},"chunks=2 dur=5 len=512 num=100 type=\"concat\"":{"mean":0.8931834809314254,"sqsum":0.007345652661811421,"variance":0.0002532983676486697,"size":30},"chunks=2 dur=5 len=512 num=100 type=\"multi\"":{"mean":0.9168272312615701,"sqsum":0.00505377601473484,"variance":0.0001742681384391324,"size":30},"chunks=4 dur=5 len=512 num=100 type=\"concat\"":{"mean":0.8489603740734053,"sqsum":0.0038972602654204123,"variance":0.00013438828501449696,"size":30},"chunks=4 dur=5 len=512 num=100 type=\"multi\"":{"mean":0.8277961012396262,"sqsum":0.002890168865198729,"variance":0.00009966099535168031,"size":30},"chunks=8 dur=5 len=512 num=100 type=\"concat\"":{"mean":0.7729676358729747,"sqsum":0.0018027061240418819,"variance":0.00006216228013937524,"size":30},"chunks=8 dur=5 len=512 num=100 type=\"multi\"":{"mean":0.6829015100095773,"sqsum":0.002413429871583582,"variance":0.0000832217197097787,"size":30},"chunks=1 dur=5 len=1024 num=100 type=\"concat\"":{"mean":1.7734146469044247,"sqsum":0.028624484442404913,"variance":0.0009870511876691349,"size":30},"chunks=1 dur=5 len=1024 num=100 type=\"multi\"":{"mean":1.939071204097346,"sqsum":0.023973336533923795,"variance":0.0008266667770318551,"size":30},"chunks=2 dur=5 len=1024 num=100 type=\"concat\"":{"mean":1.7092718907773223,"sqsum":0.02327367237647324,"variance":0.0008025404267749394,"size":30},"chunks=2 dur=5 len=1024 num=100 type=\"multi\"":{"mean":1.8196701331851457,"sqsum":0.014079542911902472,"variance":0.0004855014797207749,"size":30},"chunks=4 dur=5 len=1024 num=100 type=\"concat\"":{"mean":1.6404546957198571,"sqsum":0.014611835006226986,"variance":0.0005038563795250685,"size":30},"chunks=4 dur=5 len=1024 num=100 type=\"multi\"":{"mean":1.6427733536918878,"sqsum":0.00851436288425676,"variance":0.0002935987201467849,"size":30},"chunks=8 dur=5 len=1024 num=100 type=\"concat\"":{"mean":1.4902380706448244,"sqsum":0.011141636513595024,"variance":0.00038419436253775944,"size":30},"chunks=8 dur=5 len=1024 num=100 type=\"multi\"":{"mean":1.3445439211410908,"sqsum":0.013597494442572796,"variance":0.0004688791187094068,"size":30}},"bind-params":{"address=\"true\" n=10000 port=\"true\"":{"mean":280601.8082077931,"sqsum":179324884.41531047,"variance":6183616.703976223,"size":30},"address=\"false\" n=10000 port=\"true\"":{"mean":282787.2731159541,"sqsum":334876038.92205805,"variance":11547449.618002001,"size":30},"address=\"false\" n=10000 port=\"false\"":{"mean":282569.46642391774,"sqsum":218039096.2960271,"variance":7518589.52744921,"size":30}},"multi-buffer":{"chunks=1 dur=5 len=64 num=100 type=\"send\"":{"mean":0.12253124092136392,"sqsum":0.00013912241598253814,"variance":0.00000479732468905304,"size":30},"chunks=1 dur=5 len=64 num=100 type=\"recv\"":{"mean":0.03948435293619249,"sqsum":0.00001670863414450378,"variance":5.7615979808634e-7,"size":30},"chunks=2 dur=5 len=64 num=100 type=\"send\"":{"mean":0.11561730984481448,"sqsum":0.000059141935807030115,"variance":0.00000203937709679414,"size":30},"chunks=2 dur=5 len=64 num=100 type=\"recv\"":{"mean":0.037064706235719225,"sqsum":0.00001712937472201368,"variance":5.9066809386254e-7,"size":30},"chunks=4 dur=5 len=64 num=100 type=\"send\"":{"mean":0.1040849407304115,"sqsum":0.00005483462257568045,"variance":0.00000189084905433381,"size":30},"chunks=4 dur=5 len=64 num=100 type=\"recv\"":{"mean":0.03324038898032236,"sqsum":0.000007366302402571754,"variance":2.5401042767489e-7,"size":30},"chunks=8 dur=5 len=64 num=100 type=\"send\"":{"mean":0.08612631124552338,"sqsum":0.000032399660250371716,"variance":0.00000111722966380592,"size":30},"chunks=8 dur=5 len=64 num=100 type=\"recv\"":{"mean":0.027594055203683594,"sqsum":0.000005438918331146111,"variance":1.8754890797056e-7,"size":30},"chunks=1 dur=5 len=256 num=100 type=\"send\"":{"mean":0.4872018809622914,"sqsum":0.0013948127419603068,"variance":0.00004809699110207954,"size":30},"chunks=1 dur=5 len=256 num=100 type=\"recv\"":{"mean":0.1557588415396576,"sqsum":0.00019840970915418506,"variance":0.000006841714108765,"size":30},"chunks=2 dur=5 len=256 num=100 type=\"send\"":{"mean":0.46008254527837905,"sqsum":0.0010133931268130063,"variance":0.00003494459057975884,"size":30},"chunks=2 dur=5 len=256 num=100 type=\"recv\"":{"mean":0.14710008993062057,"sqsum":0.00012349973755069113,"variance":0.000004258611639679,"size":30},"chunks=4 dur=5 len=256 num=100 type=\"send\"":{"mean":0.4122805823393291,"sqsum":0.0010242427100235982,"variance":0.00003531871413874476,"size":30},"chunks=4 dur=5 len=256 num=100 type=\"recv\"":{"mean":0.13270291231992193,"sqsum":0.00010479094380072935,"variance":0.00000361348082071481,"size":30},"chunks=8 dur=5 len=256 num=100 type=\"send\"":{"mean":0.3440422058392241,"sqsum":0.000633166471819814,"variance":0.00002183332661447634,"size":30},"chunks=8 dur=5 len=256 num=100 type=\"recv\"":{"mean":0.10973635021049771,"sqsum":0.0000491770046155515,"variance":0.0000016957587798466,"size":30},"chunks=1 dur=5 len=1024 num=100 type=\"send\"":{"mean":1.9359377669129099,"sqsum":0.030359206595936435,"variance":0.0010468691929633254,"size":30},"chunks=1 dur=5 len=1024 num=100 type=\"recv\"":{"mean":0.6193217986374564,"sqsum":0.00426727412389942,"variance":0.00014714738358273863,"size":30},