{"querystring-parse":{"n=1000000 type=\"noencode\"":{"mean":2091832.3210532214,"sqsum":21029827187.91209,"variance":725166454.7555894,"size":30},"n=1000000 type=\"multicharsep\"":{"mean":1586851.0459630052,"sqsum":12602307171.909523,"variance":434562316.2727422,"size":30},"n=1000000 type=\"encodefake\"":{"mean":2074096.900476327,"sqsum":139248515655.4646,"variance":4801672953.63671,"size":30},"n=1000000 type=\"encodemany\"":{"mean":829698.4826799759,"sqsum":5305085327.896388,"variance":182933976.82401338,"size":30},"n=1000000 type=\"encodelast\"":{"mean":1673210.6096995925,"sqsum":11902537576.565437,"variance":410432330.22639436,"size":30},"n=1000000 type=\"multivalue\"":{"mean":1509859.7824973157,"sqsum":5011448219.648706,"variance":172808559.29823124,"size":30},"n=1000000 type=\"multivaluemany\"":{"mean":571796.9944766584,"sqsum":662800945.1250103,"variance":22855205.004310697,"size":30},"n=1000000 type=\"manypairs\"":{"mean":444070.4429458918,"sqsum":1069129930.8278288,"variance":36866549.33889064,"size":30},"n=1000000 type=\"manyblankpairs\"":{"mean":9203492.20491062,"sqsum":50599699643.973045,"variance":1744817229.1025188,"size":30},"n=1000000 type=\"altspaces\"":{"mean":1182639.3350592249,"sqsum":1524870819.9988894,"variance":52581752.413754806,"size":30}},"querystring-stringify":{"n=1000000 type=\"noencode\"":{"mean":3514438.183235698,"sqsum":39233452030.32722,"variance":1352877656.2181797,"size":30},"n=1000000 type=\"encodemany\"":{"mean":2222510.7334638117,"sqsum":1152123328.4049978,"variance":39728390.6346551,"size":30},"n=1000000 type=\"encodelast\"":{"mean":3012906.5987776625,"sqsum":899045192.4174639,"variance":31001558.359222893,"size":30},"n=1000000 type=\"array\"":{"mean":3027944.725107497,"sqsum":6067988424.054302,"variance":209240980.13980353,"size":30},"n=1000000 type=\"multiprimitives\"":{"mean":4490149.6838196395,"sqsum":33332793536.955517,"variance":1149406673.6881213,"size":30}},"querystring-unescapebuffer":{"input=\"there is nothing to unescape here\" n=10000000":{"mean":5455513.1234540325,"sqsum":1790759838.5898428,"variance":61750339.26171871,"size":30},"input=\"there%20are%20several%20spaces%20that%20need%20to%20be%20unescaped\" n=10000000":{"mean":2180003.750860087,"sqsum":126779609.64110251,"variance":4371710.677279397,"size":30},"input=\"there%2Qare%0-fake%escaped values in%%%%this%9Hstring\" n=10000000":{"mean":2794226.2099419218,"sqsum":523973999.7073406,"variance":18068068.955425538,"size":30},"input=\"%20%21%22%23%24%25%26%27%28%29%2A%2B%2C%2D%2E%2F%30%31%32%33%34%35%36%37\" n=10000000":{"mean":2439968.8775429726,"sqsum":164462494.71706766,"variance":5671120.507485092,"size":30}}}