{"immediate":{"n=5000000 type=\"depth\"":{"mean":812609.1499625549,"sqsum":9772853015.912352,"variance":336994931.58318454,"size":30},"n=5000000 type=\"depth1\"":{"mean":795450.5090946429,"sqsum":9156860697.381973,"variance":315753817.1511025,"size":30},"n=5000000 type=\"breadth\"":{"mean":3066987.810906971,"sqsum":79264264195.63887,"variance":2733250489.504789,"size":30},"n=5000000 type=\"breadth1\"":{"mean":2136265.055364761,"sqsum":370611541170.65955,"variance":12779708316.22964,"size":30},"n=5000000 type=\"breadth4\"":{"mean":1690254.459432856,"sqsum":13089829518.870407,"variance":451373431.68518645,"size":30},"n=5000000 type=\"clear\"":{"mean":11968185.44762895,"sqsum":5502607877154.08,"variance":189745099212.20966,"size":30}},"set-immediate-breadth-args":{"n=5000000":{"mean":2204161.661423092,"sqsum":166830062174.24768,"variance":5752760764.6292305,"size":30}},"set-immediate-breadth":{"n=10000000":{"mean":2771264.819669579,"sqsum":141049543552.98016,"variance":4863777363.895868,"size":30}},"set-immediate-depth-args":{"n=5000000":{"mean":766291.5810661444,"sqsum":7181812586.189549,"variance":247648709.86860514,"size":30}},"timers-breadth-args":{"n=1000000":{"mean":1657306.3435108617,"sqsum":23355042290.76045,"variance":805346285.8882914,"size":30}},"timers-breadth":{"n=5000000":{"mean":2017074.5860909875,"sqsum":228145605767.4289,"variance":7867089854.049273,"size":30}},"timers-cancel-pooled":{"n=5000000":{"mean":27991357.047173824,"sqsum":2301460153148.6045,"variance":79360694936.15878,"size":30}},"timers-cancel-unpooled":{"direction=\"start\" n=1000000":{"mean":2096653.6160741586,"sqsum":5768500680.313609,"variance":198913816.56253824,"size":30},"direction=\"end\" n=1000000":{"mean":8946068.513936965,"sqsum":5898444511274.784,"variance":203394638319.82016,"size":30}},"timers-depth":{"n=1000":{"mean":848.6697332782062,"sqsum":929.1064008531852,"variance":32.03815175355811,"size":30}},"timers-insert-pooled":{"n=5000000":{"mean":1735475.6091994804,"sqsum":280080423419.8242,"variance":9657945635.166351,"size":30}},"timers-insert-unpooled":{"direction=\"start\" n=1000000":{"mean":1920758.3718711585,"sqsum":20189356438.423706,"variance":696184704.7732313,"size":30},"direction=\"end\" n=1000000":{"mean":1238603.4875802838,"sqsum":16650737020.535872,"variance":574163345.5357198,"size":30}},"timers-timeout-nexttick":{"n=50000":{"mean":1622046.8793684968,"sqsum":32933748037.131424,"variance":1135646484.0390146,"size":30},"n=5000000":{"mean":4794450.190378367,"sqsum":61400401923.254944,"variance":2117255238.732929,"size":30}},"timers-timeout-pooled":{"n=10000000":{"mean":10189957.054429503,"sqsum":2182535152908.875,"variance":75259832858.92673,"size":30}},"timers-timeout-unpooled":{"n=1000000":{"mean":8850902.367442565,"sqsum":3487634199352.326,"variance":120263248253.52849,"size":30}}}