{"lookup-promises":{"all=\"true\" n=5000000 name=\"127.0.0.1\"":{"mean":17003000973.305067,"sqsum":17720901430741875000,"variance":611065566577306000,"size":30},"all=\"false\" n=5000000 name=\"127.0.0.1\"":{"mean":17728042975.491592,"sqsum":1273983406586662000,"variance":43930462296091784,"size":30},"all=\"true\" n=5000000 name=\"::1\"":{"mean":4616314525.5351305,"sqsum":142513470896066580,"variance":4914257617105744,"size":30},"all=\"false\" n=5000000 name=\"::1\"":{"mean":4696789941.998302,"sqsum":133866781190809280,"variance":4616095903131354,"size":30}},"lookup":{"all=\"true\" n=5000000 name=\"127.0.0.1\"":{"mean":6270115.124372044,"sqsum":115479618696.35545,"variance":3982055817.115705,"size":30},"all=\"false\" n=5000000 name=\"127.0.0.1\"":{"mean":6578669.405730687,"sqsum":343796418097.7904,"variance":11855048899.923807,"size":30},"all=\"true\" n=5000000 name=\"::1\"":{"mean":3774440.175968459,"sqsum":15355245082.79709,"variance":529491209.7516238,"size":30},"all=\"false\" n=5000000 name=\"::1\"":{"mean":3933441.513235164,"sqsum":11804583556.273287,"variance":407054605.38873404,"size":30}}}