{"basename-posix":{"n=100000 pathext=\"\"":{"mean":7627030.313747099,"sqsum":621358615118.1464,"variance":21426159142.00505,"size":30},"n=100000 pathext=\"/\"":{"mean":6573470.458181002,"sqsum":749787840684.0885,"variance":25854753127.037537,"size":30},"n=100000 pathext=\"/foo\"":{"mean":5934222.240770942,"sqsum":555845186123.5342,"variance":19167075383.570145,"size":30},"n=100000 pathext=\"/foo/.bar.baz\"":{"mean":4229371.106445511,"sqsum":92831386638.18289,"variance":3201082297.8683753,"size":30},"n=100000 pathext=\"/foo/.bar.baz|.baz\"":{"mean":3123802.5260116346,"sqsum":109644996932.325,"variance":3780861963.183621,"size":30},"n=100000 pathext=\"foo\"":{"mean":6243164.469551059,"sqsum":267427117310.1802,"variance":9221624734.8338,"size":30},"n=100000 pathext=\"foo/bar.\"":{"mean":5088884.862462897,"sqsum":247984928079.45334,"variance":8551204416.532874,"size":30},"n=100000 pathext=\"foo/bar.|.\"":{"mean":3633367.8724935325,"sqsum":158486464270.02975,"variance":5465050492.069992,"size":30},"n=100000 pathext=\"/foo/bar/baz/asdf/quux.html\"":{"mean":4072807.576935901,"sqsum":133125810576.33124,"variance":4590545192.287284,"size":30},"n=100000 pathext=\"/foo/bar/baz/asdf/quux.html|.html\"":{"mean":3008084.054836606,"sqsum":389453606489.02875,"variance":13429434706.518232,"size":30}},"basename-win32":{"n=100000 pathext=\"\"":{"mean":7090058.543173153,"sqsum":155747083712.6229,"variance":5370589093.53872,"size":30},"n=100000 pathext=\"C:\\\\\"":{"mean":5196407.886275167,"sqsum":711514614627.9565,"variance":24534986711.308846,"size":30},"n=100000 pathext=\"C:\\\\foo\"":{"mean":4814188.395918073,"sqsum":285563467388.6768,"variance":9847016116.850924,"size":30},"n=100000 pathext=\"D:\\\\foo\\\\.bar.baz\"":{"mean":3550713.046575583,"sqsum":115526354522.47353,"variance":3983667397.3266735,"size":30},"n=100000 pathext=\"E:\\\\foo\\\\.bar.baz|.baz\"":{"mean":2976980.168876202,"sqsum":107109117544.14708,"variance":3693417846.3498993,"size":30},"n=100000 pathext=\"foo\"":{"mean":5203015.39445624,"sqsum":405079929827.81104,"variance":13968273442.338312,"size":30},"n=100000 pathext=\"foo\\\\bar.\"":{"mean":4146358.4229951277,"sqsum":185065336672.79547,"variance":6381563333.544671,"size":30},"n=100000 pathext=\"foo\\\\bar.|.\"":{"mean":3516991.8372065993,"sqsum":185282494201.2136,"variance":6389051524.179779,"size":30},"n=100000 pathext=\"\\\\foo\\\\bar\\\\baz\\\\asdf\\\\quux.html\"":{"mean":3624762.099356846,"sqsum":170594146069.5656,"variance":5882556761.019504,"size":30},"n=100000 pathext=\"\\\\foo\\\\bar\\\\baz\\\\asdf\\\\quux.html|.html\"":{"mean":3032808.636970497,"sqsum":100221877259.3875,"variance":3455926802.0478444,"size":30}},"dirname-posix":{"n=100000 path=\"\"":{"mean":7599318.0750359725,"sqsum":188869294066.38257,"variance":6512734278.151123,"size":30},"n=100000 path=\"/\"":{"mean":6533020.805666508,"sqsum":786632330342.4142,"variance":27125252770.428074,"size":30},"n=100000 path=\"/foo\"":{"mean":6006522.7744896775,"sqsum":422665621052.5712,"variance":14574676588.0197,"size":30},"n=100000 path=\"/foo/bar\"":{"mean":4950195.562151918,"sqsum":534925105054.6171,"variance":18445693277.74542,"size":30},"n=100000 path=\"foo\"":{"mean":6225635.269336873,"sqsum":489902253168.68024,"variance":16893181143.747595,"size":30},"n=100000 path=\"foo/bar\"":{"mean":5683879.7566778865,"sqsum":212739838888.593,"variance":7335856513.399757,"size":30},"n=100000 path=\"/foo/bar/baz/asdf/quux\"":{"mean":4458201.788178962,"sqsum":238504178332.21274,"variance":8224282011.455612,"size":30}},"dirname-win32":{"n=100000 path=\"\"":{"mean":7629589.92532839,"sqsum":870353691231.8585,"variance":30012196249.37443,"size":30},"n=100000 path=\"\\\\\"":{"mean":6309813.58103011,"sqsum":1160679292471.3718,"variance":40023423878.323166,"size":30},"n=100000 path=\"\\\\foo\"":{"mean":5601316.522928075,"sqsum":2193734522725.1997,"variance":75646018025.00688,"size":30},"n=100000 path=\"C:\\\\foo\\\\bar\"":{"mean":4184816.8043527165,"sqsum":476986625273.40564,"variance":16447814664.600195,"size":30},"n=100000 path=\"foo\"":{"mean":5812603.391424137,"sqsum":562244837180.548,"variance":19387753006.225792,"size":30},"n=100000 path=\"foo\\\\bar\"":{"mean":5018266.761228615,"sqsum":354769641874.21906,"variance":12233435926.69721,"size":30},"n=100000 path=\"D:\\\\foo\\\\bar\\\\baz\\\\asdf\\\\quux\"":{"mean":3945883.0054584043,"sqsum":105617919959.43245,"variance":3641997239.980429,"size":30}},"extname-posix":{"n=100000 path=\"\"":{"mean":8662398.814874114,"sqsum":1224521571795.7717,"variance":42224881786.06109,"size":30},"n=100000 path=\"/\"":{"mean":7331563.1086242655,"sqsum":264161731283.66275,"variance":9109025216.678026,"size":30},"n=100000 path=\"/foo\"":{"mean":6621700.12326538,"sqsum":668489712293.3464,"variance":23051369389.42574,"size":30},"n=100000 path=\"foo/.bar.baz\"":{"mean":3992418.334165255,"sqsum":128470602294.15631,"variance":4430020768.764011,"size":30},"n=100000 path=\"index.html\"":{"mean":3730883.7295075194,"sqsum":98974959434.23682,"variance":3412929635.663338,"size":30},"n=100000 path=\"index\"":{"mean":6323979.959945692,"sqsum":297636183050.6279,"variance":10263316656.918205,"size":30},"n=100000 path=\"foo/bar/..baz.quux\"":{"mean":3331415.942177961,"sqsum":185924596962.8333,"variance":6411192998.71839,"size":30},"n=100000 path=\"foo/bar/...baz.quux\"":{"mean":3126221.138253508,"sqsum":67110616191.267334,"variance":2314159179.0092187,"size":30},"n=100000 path=\"/foo/bar/baz/asdf/quux\"":{"mean":5179586.052593912,"sqsum":219648397180.3625,"variance":7574082661.39181,"size":30},"n=100000 path=\"/foo/bar/baz/asdf/quux.foobarbazasdfquux\"":{"mean":2838773.072581174,"sqsum":25506095253.661175,"variance":879520525.9883164,"size":30}},"extname-win32":{"n=100000 path=\"\"":{"mean":7618584.796909416,"sqsum":273030777723.81305,"variance":9414854404.269415,"size":30},"n=100000 path=\"\\\\\"":{"mean":6250644.865389486,"sqsum":628224707964.6025,"variance":21662920964.29664,"size":30},"n=100000 path=\"C:\\\\foo\"":{"mean":5246307.887870756,"sqsum":201933059982.2662,"variance":6963208964.905731,"size":30},"n=100000 path=\"foo\\\\.bar.baz\"":{"mean":3338592.3644877984,"sqsum":120483274368.82341,"variance":4154595667.8904624,"size":30},"n=100000 path=\"index.html\"":{"mean":3505363.4105074485,"sqsum":130421082915.35216,"variance":4497278721.21904,"size":30},"n=100000 path=\"index\"":{"mean":5496875.255544101,"sqsum":224509575816.7596,"variance":7741709510.922745,"size":30},"n=100000 path=\"foo\\\\bar\\\\..baz.quux\"":{"mean":3069072.9007258387,"sqsum":60099357310.75555,"variance":2072391631.4053636,"size":30},"n=100000 path=\"foo\\\\bar\\\\...baz.quux\"":{"mean":2894979.1286178376,"sqsum":59419192652.647964,"variance":2048937677.6775162,"size":30},"n=100000 path=\"D:\\\\foo\\\\bar\\\\baz\\\\asdf\\\\quux\"":{"mean":4094057.754086782,"sqsum":411185662997.7375,"variance":14178815965.439222,"size":30},"n=100000 path=\"\\\\foo\\\\bar\\\\baz\\\\asdf\\\\quux.foobarbazasdfquux\"":{"mean":2673068.051361208,"sqsum":15134859229.576721,"variance":521891697.5716111,"size":30}},"format-posix":{"n=1000000 props=\"/|/home/user/dir|index.html|.html|index\"":{"mean":3989151.898069249,"sqsum":173745894006.8062,"variance":5991237724.372628,"size":30}},"format-win32":{"n=1000000 props=\"C:\\\\|C:\\\\path\\\\dir|index.html|.html|index\"":{"mean":3815908.303491123,"sqsum":311019273901.29785,"variance":10724802548.320616,"size":30}},"isAbsolute-posix":{"n=100000 path=\"\"":{"mean":11252602.665971633,"sqsum":603877635842.165,"variance":20823366753.178104,"size":30},"n=100000 path=\".\"":{"mean":9478172.088198138,"sqsum":1072103358442.1945,"variance":36969081325.59291,"size":30},"n=100000 path=\"/foo/bar\"":{"mean":7841001.835219589,"sqsum":416059195589.05835,"variance":14346868813.415804,"size":30},"n=100000 path=\"/baz/..\"":{"mean":9281043.617703173,"sqsum":1361797697651.4927,"variance":46958541298.32733,"size":30},"n=100000 path=\"bar/baz\"":{"mean":9277273.032864064,"sqsum":895039793345.6227,