{"create-context":{"n=100":{"mean":1357.2953565845999,"sqsum":2925.7363165291013,"variance":100.88745919065866,"size":30}},"run-in-context":{"breakOnSigint=0 n=1 withSigintListener=0":{"mean":1941.7326538158075,"sqsum":630884.8420991848,"variance":21754.649727558095,"size":30},"breakOnSigint=0 n=1 withSigintListener=1":{"mean":2012.5868860395135,"sqsum":317671.91628207004,"variance":10954.204009726554,"size":30},"breakOnSigint=1 n=1 withSigintListener=0":{"mean":1109.0497815196095,"sqsum":758441.9553336315,"variance":26153.1708735735,"size":30},"breakOnSigint=1 n=1 withSigintListener=1":{"mean":864.2208088722717,"sqsum":77393.25366765549,"variance":2668.7328850915687,"size":30}},"run-in-this-context":{"breakOnSigint=0 n=1 withSigintListener=0":{"mean":2084.3973335691608,"sqsum":295878.9340603113,"variance":10202.721864148665,"size":30},"breakOnSigint=0 n=1 withSigintListener=1":{"mean":2079.959846785192,"sqsum":288577.8794425406,"variance":9950.961360087607,"size":30},"breakOnSigint=1 n=1 withSigintListener=0":{"mean":1198.0321623714972,"sqsum":440612.2079440645,"variance":15193.524411864295,"size":30},"breakOnSigint=1 n=1 withSigintListener=1":{"mean":872.7619470040363,"sqsum":169231.80618659113,"variance":5835.579523675557,"size":30}}}