{"echo":{"n=100000 payload=\"string\" sendsPerBroadcast=1 serialization=\"json\" workers=1":{"mean":38650.44600793433,"sqsum":12732410.278792473,"variance":439048.6303031887,"size":30},"n=100000 payload=\"string\" sendsPerBroadcast=1 serialization=\"advanced\" workers=1":{"mean":28035.744542365916,"sqsum":6342202.195085696,"variance":218696.62741674815,"size":30},"n=100000 payload=\"string\" sendsPerBroadcast=10 serialization=\"json\" workers=1":{"mean":17944.35686728126,"sqsum":1841333.2362914083,"variance":63494.24952728995,"size":30},"n=100000 payload=\"string\" sendsPerBroadcast=10 serialization=\"advanced\" workers=1":{"mean":8471.597252664998,"sqsum":509390.1311894265,"variance":17565.17693756643,"size":30},"n=100000 payload=\"object\" sendsPerBroadcast=1 serialization=\"json\" workers=1":{"mean":33729.533568691615,"sqsum":8876888.642221155,"variance":306099.60835245356,"size":30},"n=100000 payload=\"object\" sendsPerBroadcast=1 serialization=\"advanced\" workers=1":{"mean":22766.133011947175,"sqsum":3275472.6469306056,"variance":112947.33265277951,"size":30},"n=100000 payload=\"object\" sendsPerBroadcast=10 serialization=\"json\" workers=1":{"mean":14558.480707261302,"sqsum":1862268.5992667372,"variance":64216.15859540473,"size":30},"n=100000 payload=\"object\" sendsPerBroadcast=10 serialization=\"advanced\" workers=1":{"mean":6287.916686056542,"sqsum":203773.35737894775,"variance":7026.6674958257845,"size":30}}}