{"format":{"n=100000 type=\"string\"":{"mean":3779981.8501487034,"sqsum":232998096351.38245,"variance":8034417115.564912,"size":30},"n=100000 type=\"string-2\"":{"mean":2927113.970546394,"sqsum":195979439524.0841,"variance":6757911707.727037,"size":30},"n=100000 type=\"number\"":{"mean":4111713.0595557,"sqsum":670607265001.0934,"variance":23124388448.313564,"size":30},"n=100000 type=\"replace-object\"":{"mean":1598920.0378385396,"sqsum":17242836700.555668,"variance":594580575.88123,"size":30},"n=100000 type=\"unknown\"":{"mean":5457441.44377288,"sqsum":688301057312.0375,"variance":23734519217.656464,"size":30},"n=100000 type=\"no-replace\"":{"mean":3138400.366099594,"sqsum":856269840217.9637,"variance":29526546214.412544,"size":30},"n=100000 type=\"no-replace-2\"":{"mean":5935631.640996534,"sqsum":440645076986.8317,"variance":15194657827.132128,"size":30},"n=100000 type=\"only-objects\"":{"mean":280377.5837241381,"sqsum":4724121055.811852,"variance":162900726.06247765,"size":30},"n=100000 type=\"many-%\"":{"mean":1890238.3659777008,"sqsum":48721434944.45512,"variance":1680049480.8432798,"size":30},"n=100000 type=\"object-to-string\"":{"mean":2512209.0002596034,"sqsum":34208503965.901108,"variance":1179603585.0310726,"size":30},"n=100000 type=\"object-%s\"":{"mean":347830.79223755514,"sqsum":1576827569.4590294,"variance":54373364.464104466,"size":30}},"inspect-array":{"len=100 n=500 type=\"denseArray\"":{"mean":9392.094981230775,"sqsum":2182416.1186299473,"variance":75255.72822861887,"size":30},"len=100 n=500 type=\"sparseArray\"":{"mean":58638.47545696834,"sqsum":80650209.77923597,"variance":2781041.7165253786,"size":30},"len=100 n=500 type=\"mixedArray\"":{"mean":9698.57061860686,"sqsum":1271190.5877306615,"variance":43834.15819760902,"size":30},"len=100 n=500 type=\"denseArray_showHidden\"":{"mean":8712.236752922305,"sqsum":2994421.268309994,"variance":103255.9058037929,"size":30},"len=100000 n=500 type=\"denseArray\"":{"mean":9107.038198353483,"sqsum":5927374.7624000115,"variance":204392.2331862073,"size":30},"len=100000 n=500 type=\"sparseArray\"":{"mean":2574.5797638832046,"sqsum":2943.1476491467615,"variance":101.48784997057798,"size":30},"len=100000 n=500 type=\"mixedArray\"":{"mean":2053.4369179036325,"sqsum":121631.84704349414,"variance":4194.201622189453,"size":30},"len=100000 n=500 type=\"denseArray_showHidden\"":{"mean":8471.028240393185,"sqsum":3542607.103866055,"variance":122158.86565055363,"size":30}},"inspect-proxy":{"isProxy=0 n=100000 showProxy=0":{"mean":315290.2028244256,"sqsum":1550129515.6350288,"variance":53452741.918449275,"size":30},"isProxy=1 n=100000 showProxy=0":{"mean":311263.6026610039,"sqsum":556395351.2264963,"variance":19186046.594017114,"size":30},"isProxy=0 n=100000 showProxy=1":{"mean":315863.759239941,"sqsum":2140289775.7563312,"variance":73803095.71573555,"size":30},"isProxy=1 n=100000 showProxy=1":{"mean":165590.80435127992,"sqsum":794373479.5287775,"variance":27392188.94926819,"size":30}},"inspect":{"method=\"Object\" n=20000 option=\"showHidden\"":{"mean":218531.0590796746,"sqsum":174261100.19126284,"variance":6009003.454871133,"size":30},"method=\"Object\" n=20000 option=\"colors\"":{"mean":125757.21942451768,"sqsum":177052215.27177432,"variance":6105248.8024749765,"size":30},"method=\"Object\" n=20000 option=\"none\"":{"mean":232624.01014697773,"sqsum":771654038.3988591,"variance":26608759.944788247,"size":30},"method=\"Object_empty\" n=20000 option=\"showHidden\"":{"mean":536496.5806826727,"sqsum":1446143498.9873035,"variance":49867017.20645874,"size":30},"method=\"Object_empty\" n=20000 option=\"colors\"":{"mean":593865.9433539426,"sqsum":3075259527.0829673,"variance":106043431.96837819,"size":30},"method=\"Object_empty\" n=20000 option=\"none\"":{"mean":664103.4600553099,"sqsum":2968903243.567858,"variance":102375973.91613303,"size":30},"method=\"Object_deep_ln\" n=20000 option=\"showHidden\"":{"mean":110412.99276616506,"sqsum":143182674.18211913,"variance":4937333.592486867,"size":30},"method=\"Object_deep_ln\" n=20000 option=\"colors\"":{"mean":57061.88497698048,"sqsum":17420548.36348766,"variance":600708.5642581952,"size":30},"method=\"Object_deep_ln\" n=20000 option=\"none\"":{"mean":119013.74098131005,"sqsum":58125199.359258614,"variance":2004317.2192847799,"size":30},"method=\"String\" n=20000 option=\"showHidden\"":{"mean":872408.8785623058,"sqsum":10368325253.80662,"variance":357528457.02781445,"size":30},"method=\"String\" n=20000 option=\"colors\"":{"mean":734462.1157382168,"sqsum":4305528394.973859,"variance":148466496.3784089,"size":30},"method=\"String\" n=20000 option=\"none\"":{"mean":1038517.3309132069,"sqsum":7680087853.835925,"variance":264830615.64951465,"size":30},"method=\"String_complex\" n=20000 option=\"showHidden\"":{"mean":661354.59805249,"sqsum":11816405674.808493,"variance":407462264.64856875,"size":30},"method=\"String_complex\" n=20000 option=\"colors\"":{"mean":569854.4648323942,"sqsum":11666432835.740728,"variance":402290787.43933547,"size":30},"method=\"String_complex\" n=20000 option=\"none\"":{"mean":726018.8686872582,"sqsum":21704306780.097614,"variance":748424371.7275039,"size":30},"method=\"String_boxed\" n=20000 option=\"showHidden\"":{"mean":120948.28777277494,"sqsum":98049441.28779927,"variance":3381015.2168206647,"size":30},"method=\"String_boxed\" n=20000 option=\"colors\"":{"mean":195336.92047058285,"sqsum":420467804.5367054,"variance":14498889.811610531,"size":30},"method=\"String_boxed\" n=20000 option=\"none\"":{"mean":233430.11892289144,"sqsum":1146338104.9230175,"variance":39528900.16975922,"size":30},"method=\"Date\" n=20000 option=\"showHidden\"":{"mean":354594.8136149148,"sqsum":2858311992.0446773,"variance":98562482.48429923,"size":30},"method=\"Date\" n=20000 option=\"colors\"":{"mean":345937.7151757601,"sqsum":1860085761.1188579,"variance":64140888.31444338,"size":30},"method=\"Date\" n=20000 option=\"none\"":{"mean":414701.6964317427,"sqsum":2103708047.530718,"variance":72541656.81140408,"size":30},"method=\"Set\" n=20000 option=\"showHidden\"":{"mean":272583.74140928814,"sqsum":478104626.4259227,"variance":16486366.428480092,"size":30},"method=\"Set\" n=20000 option=\"colors\"":{"mean":217761.49216375043,"sqsum":589903226.9095275,"variance":20341490.583087157,"size":30},"method=\"Set\" n=20000 option=\"none\"":{"mean":302126.89588560315,"sqsum":522777726.46025985,"variance":18026818.153802063,"size":30},"method=\"Error\" n=20000 option=\"showHidden\"":{"mean":71722.68425667916,"sqsum":33512560.315586124,"variance":1155605.5281236593,"size":30},"method=\"Error\" n=20000 option=\"colors\"":{"mean":161608.21531863333,"sqsum":149416803.13979748,"variance":5152303.556544741,"size":30},"method=\"Error\" n=20000 option=\"none\"":{"mean":381948.18507930444,"sqsum":1654310554.9561355,"variance":57045191.55021157,"size":30},"method=\"Array\" n=20000 option=\"showHidden\"":{"mean":45079.740210843025,"sqsum":91290095.9129362,"variance":3147934.341825386,"size":30},"method=\"Array\" n=20000 option=\"colors\"":{"mean":23325.793595271498,"sqsum":2660355.3270086735,"variance":91736.39058650598,"size":30},"method=\"Array\" n=20000 option=\"none\"":{"mean":53965.60729354047,"sqsum":43421692.35073192,"variance":1497299.736232135,"size":30},"method=\"TypedArray\" n=20000 option=\"showHidden\"":{"mean":90192.64329219221,"sqsum":68672528.17216313,"variance":2368018.2128332113,"size":30},"method=\"TypedArray\" n=20000 option=\"colors\"":{"mean":30976.51252323967,"sqsum":3212811.8034891514,"variance":110786.61391341902,"size":30},"method=\"TypedArray\" n=20000 option=\"none\"":{"mean":120820.85032662324,"sqsum":71829326.41848935,"variance":2476873.324775495,"size":30},"method=\"TypedArray_extra\" n=20000 option=\"showHidden\"":{"mean":63086.592367265606,"sqsum":12854041.275151456,"variance":443242.8025914295,"size":30},"method=\"TypedArray_extra\" n=20000 option=\"colors\"":{"mean":23908.88931349513,"sqsum":1978899.2663902293,"variance":68237.9057375941,"size":30},