{"async-resource-vs-destroy":{"asyncMethod=\"callbacks\" benchmarker=\"test-double-http\" connections=500 duration=5 n=1000000 path=\"/\" type=\"async-resource\"":{"mean":419.8,"sqsum":142.8,"variance":4.924137931034482,"size":30},"asyncMethod=\"async\" benchmarker=\"test-double-http\" connections=500 duration=5 n=1000000 path=\"/\" type=\"async-resource\"":{"mean":419.03333333333336,"sqsum":240.96666666666667,"variance":8.309195402298851,"size":30},"asyncMethod=\"callbacks\" benchmarker=\"test-double-http\" connections=500 duration=5 n=1000000 path=\"/\" type=\"destroy\"":{"mean":421.73333333333335,"sqsum":125.86666666666666,"variance":4.340229885057472,"size":30},"asyncMethod=\"async\" benchmarker=\"test-double-http\" connections=500 duration=5 n=1000000 path=\"/\" type=\"destroy\"":{"mean":420.1666666666667,"sqsum":326.1666666666667,"variance":11.24712643678161,"size":30},"asyncMethod=\"callbacks\" benchmarker=\"test-double-http\" connections=500 duration=5 n=1000000 path=\"/\" type=\"async-local-storage\"":{"mean":420.2,"sqsum":212.8,"variance":7.337931034482759,"size":30},"asyncMethod=\"async\" benchmarker=\"test-double-http\" connections=500 duration=5 n=1000000 path=\"/\" type=\"async-local-storage\"":{"mean":417.93333333333334,"sqsum":197.86666666666667,"variance":6.8229885057471265,"size":30}},"gc-tracking":{"method=\"trackingEnabled\" n=1000000":{"mean":48097152.83632328,"sqsum":8833965103788.586,"variance":304619486337.5374,"size":30},"method=\"trackingEnabledWithDestroyHook\" n=1000000":{"mean":1223212.3912227226,"sqsum":30312734584.999046,"variance":1045266709.8275533,"size":30},"method=\"trackingDisabled\" n=1000000":{"mean":51738052.87134177,"sqsum":6914249734280.853,"variance":238422404630.37424,"size":30}},"http-server":{"asyncHooks=\"init\" benchmarker=\"test-double-http\" connections=50 duration=5":{"mean":13515.266666666666,"sqsum":287767.86666666664,"variance":9923.02988505747,"size":30},"asyncHooks=\"init\" benchmarker=\"test-double-http\" connections=500 duration=5":{"mean":13472.6,"sqsum":161793.2,"variance":5579.075862068966,"size":30},"asyncHooks=\"before\" benchmarker=\"test-double-http\" connections=50 duration=5":{"mean":13521.533333333333,"sqsum":264007.4666666667,"variance":9103.705747126436,"size":30},"asyncHooks=\"before\" benchmarker=\"test-double-http\" connections=500 duration=5":{"mean":13509.966666666667,"sqsum":139940.96666666667,"variance":4825.5505747126435,"size":30},"asyncHooks=\"after\" benchmarker=\"test-double-http\" connections=50 duration=5":{"mean":13561.3,"sqsum":257258.3,"variance":8870.975862068966,"size":30},"asyncHooks=\"after\" benchmarker=\"test-double-http\" connections=500 duration=5":{"mean":13555.8,"sqsum":134684.8,"variance":4644.303448275862,"size":30},"asyncHooks=\"all\" benchmarker=\"test-double-http\" connections=50 duration=5":{"mean":13494.866666666667,"sqsum":143843.46666666667,"variance":4960.119540229885,"size":30},"asyncHooks=\"all\" benchmarker=\"test-double-http\" connections=500 duration=5":{"mean":13492.4,"sqsum":236867.2,"variance":8167.834482758621,"size":30},"asyncHooks=\"disabled\" benchmarker=\"test-double-http\" connections=50 duration=5":{"mean":13523.633333333333,"sqsum":265300.9666666667,"variance":9148.309195402298,"size":30},"asyncHooks=\"disabled\" benchmarker=\"test-double-http\" connections=500 duration=5":{"mean":13489.266666666666,"sqsum":162693.86666666667,"variance":5610.133333333333,"size":30},"asyncHooks=\"none\" benchmarker=\"test-double-http\" connections=50 duration=5":{"mean":13529.433333333332,"sqsum":171773.36666666667,"variance":5923.219540229885,"size":30},"asyncHooks=\"none\" benchmarker=\"test-double-http\" connections=500 duration=5":{"mean":13510.4,"sqsum":126027.2,"variance":4345.765517241379,"size":30}},"promises":{"asyncHooks=\"enabled\" n=1000000":{"mean":126451.28333220248,"sqsum":221506503.46922687,"variance":7638155.292042306,"size":30},"asyncHooks=\"enabledWithDestroy\" n=1000000":{"mean":98872.75114598345,"sqsum":67193228.5692747,"variance":2317007.881699127,"size":30},"asyncHooks=\"enabledWithInitOnly\" n=1000000":{"mean":148681.12821021405,"sqsum":166901274.9045884,"variance":5755216.37602029,"size":30},"asyncHooks=\"disabled\" n=1000000":{"mean":962880.4701961917,"sqsum":18837398840.69918,"variance":649565477.265489,"size":30}}}