{"module-loader-circular":{"n=10000":{"mean":6302.515403128576,"sqsum":357705.8685817631,"variance":12334.685123509073,"size":30}},"module-loader-deep":{"cache=\"true\" ext=\"\" files=1000":{"mean":828780.2479976398,"sqsum":51740527371.15868,"variance":1784156116.2468512,"size":30},"cache=\"false\" ext=\"\" files=1000":{"mean":5645.926806265092,"sqsum":163211.40713813677,"variance":5627.979556487475,"size":30},"cache=\"true\" ext=\".js\" files=1000":{"mean":804673.081351329,"sqsum":53046756897.776855,"variance":1829198513.7164433,"size":30},"cache=\"false\" ext=\".js\" files=1000":{"mean":5724.889660207149,"sqsum":135712.73763128388,"variance":4679.749573492548,"size":30}},"module-loader":{"cache=\"true\" dir=\"rel\" files=500 n=1 name=\"\"":{"mean":18091.221408061712,"sqsum":405450.4741482347,"variance":13981.050832697749,"size":30},"cache=\"false\" dir=\"rel\" files=500 n=1 name=\"\"":{"mean":4486.0975027392515,"sqsum":54482.81513269915,"variance":1878.7177631965224,"size":30},"cache=\"true\" dir=\"rel\" files=500 n=1000 name=\"\"":{"mean":1909502.2724206306,"sqsum":2051953362.090491,"variance":70757012.485879,"size":30},"cache=\"false\" dir=\"rel\" files=500 n=1000 name=\"\"":{"mean":1430567.06207808,"sqsum":763798921.6707269,"variance":26337893.85071472,"size":30},"cache=\"true\" dir=\"abs\" files=500 n=1 name=\"\"":{"mean":17970.962438575898,"sqsum":1702956.98127226,"variance":58722.65452662966,"size":30},"cache=\"false\" dir=\"abs\" files=500 n=1 name=\"\"":{"mean":4563.6804991554645,"sqsum":62131.71423130686,"variance":2142.4729045278227,"size":30},"cache=\"true\" dir=\"abs\" files=500 n=1000 name=\"\"":{"mean":1899693.5925995219,"sqsum":2951021124.354566,"variance":101759349.11567469,"size":30},"cache=\"false\" dir=\"abs\" files=500 n=1000 name=\"\"":{"mean":1435624.8004557749,"sqsum":803277592.8029038,"variance":27699227.33803116,"size":30},"cache=\"true\" dir=\"rel\" files=500 n=1 name=\"/\"":{"mean":18097.23306830587,"sqsum":621736.7360775139,"variance":21439.19779577634,"size":30},"cache=\"false\" dir=\"rel\" files=500 n=1 name=\"/\"":{"mean":4661.443805553198,"sqsum":70355.76632562949,"variance":2426.0609077803274,"size":30},"cache=\"true\" dir=\"rel\" files=500 n=1000 name=\"/\"":{"mean":1864843.1460035339,"sqsum":5559498999.086432,"variance":191706862.0374632,"size":30},"cache=\"false\" dir=\"rel\" files=500 n=1000 name=\"/\"":{"mean":1418342.0747719603,"sqsum":2038628258.91697,"variance":70297526.16955069,"size":30},"cache=\"true\" dir=\"abs\" files=500 n=1 name=\"/\"":{"mean":18135.043086975038,"sqsum":431319.66933909006,"variance":14873.09204617552,"size":30},"cache=\"false\" dir=\"abs\" files=500 n=1 name=\"/\"":{"mean":4713.864828318631,"sqsum":105535.54418113414,"variance":3639.1566959011775,"size":30},"cache=\"true\" dir=\"abs\" files=500 n=1000 name=\"/\"":{"mean":1853639.369639657,"sqsum":17433238151.722904,"variance":601146143.1628587,"size":30},"cache=\"false\" dir=\"abs\" files=500 n=1000 name=\"/\"":{"mean":1417106.6379892614,"sqsum":1110939065.1386337,"variance":38308243.62547013,"size":30},"cache=\"true\" dir=\"rel\" files=500 n=1 name=\"/index.js\"":{"mean":18055.144865810395,"sqsum":195812.61425339986,"variance":6752.159112186202,"size":30},"cache=\"false\" dir=\"rel\" files=500 n=1 name=\"/index.js\"":{"mean":4897.093391096382,"sqsum":90679.76232281342,"variance":3126.8883559590836,"size":30},"cache=\"true\" dir=\"rel\" files=500 n=1000 name=\"/index.js\"":{"mean":1815348.7372542655,"sqsum":6331953907.624132,"variance":218343238.19393557,"size":30},"cache=\"false\" dir=\"rel\" files=500 n=1000 name=\"/index.js\"":{"mean":1406611.4501836947,"sqsum":1229037426.797663,"variance":42380600.92405734,"size":30},"cache=\"true\" dir=\"abs\" files=500 n=1 name=\"/index.js\"":{"mean":18448.930306727925,"sqsum":1563775.6747481348,"variance":53923.29912924603,"size":30},"cache=\"false\" dir=\"abs\" files=500 n=1 name=\"/index.js\"":{"mean":4925.059049094489,"sqsum":77852.56785123632,"variance":2684.5713052150454,"size":30},"cache=\"true\" dir=\"abs\" files=500 n=1000 name=\"/index.js\"":{"mean":1811765.5399514004,"sqsum":1700097749.7817562,"variance":58624060.33730194,"size":30},"cache=\"false\" dir=\"abs\" files=500 n=1000 name=\"/index.js\"":{"mean":1402469.2089889825,"sqsum":1953426485.62214,"variance":67359533.98697034,"size":30}},"module-require":{"n=10000 type=\".js\"":{"mean":10454.096123577108,"sqsum":619133.4623144302,"variance":21349.42973498035,"size":30},"n=10000 type=\".json\"":{"mean":21020.09093574832,"sqsum":2473190.858111156,"variance":85282.44338314331,"size":30},"n=10000 type=\"dir\"":{"mean":8788.87573994265,"sqsum":214513.29930887444,"variance":7397.01032099567,"size":30}}}