{"querystring-parse":{"n=1000000 type=\"noencode\"":{"mean":2198141.4561274843,"sqsum":117385661872.19194,"variance":4047781443.8686876,"size":30},"n=1000000 type=\"multicharsep\"":{"mean":1581241.5217597028,"sqsum":11612319695.015064,"variance":400424817.06948495,"size":30},"n=1000000 type=\"encodefake\"":{"mean":2097082.4275658766,"sqsum":24993450893.57278,"variance":861843134.2611305,"size":30},"n=1000000 type=\"encodemany\"":{"mean":835820.9787985361,"sqsum":728587494.919162,"variance":25123706.721350413,"size":30},"n=1000000 type=\"encodelast\"":{"mean":1668978.1238688203,"sqsum":8745114462.531301,"variance":301555671.121769,"size":30},"n=1000000 type=\"multivalue\"":{"mean":1563893.6711411818,"sqsum":6289436440.925383,"variance":216877118.6525994,"size":30},"n=1000000 type=\"multivaluemany\"":{"mean":608521.5984695897,"sqsum":1035092271.2846297,"variance":35692836.940849304,"size":30},"n=1000000 type=\"manypairs\"":{"mean":436697.72362565546,"sqsum":468124689.10148823,"variance":16142230.658672009,"size":30},"n=1000000 type=\"manyblankpairs\"":{"mean":7759206.705474629,"sqsum":5622091646.484614,"variance":193865229.18912464,"size":30},"n=1000000 type=\"altspaces\"":{"mean":1119174.0897757234,"sqsum":7758787270.422689,"variance":267544388.63526514,"size":30}},"querystring-stringify":{"n=1000000 type=\"noencode\"":{"mean":3316497.4755979846,"sqsum":30456242100.098965,"variance":1050215244.8309988,"size":30},"n=1000000 type=\"encodemany\"":{"mean":2045077.6404310882,"sqsum":3253887085.017725,"variance":112203002.93164569,"size":30},"n=1000000 type=\"encodelast\"":{"mean":2841684.6961589614,"sqsum":43695262254.30274,"variance":1506733181.182853,"size":30},"n=1000000 type=\"array\"":{"mean":2887834.0945603033,"sqsum":992100489.5380846,"variance":34210361.70820981,"size":30},"n=1000000 type=\"multiprimitives\"":{"mean":4348945.143349999,"sqsum":15144425540.839983,"variance":522221570.37379247,"size":30}},"querystring-unescapebuffer":{"input=\"there is nothing to unescape here\" n=10000000":{"mean":5207719.418829742,"sqsum":1452283049.1217566,"variance":50078725.83178471,"size":30},"input=\"there%20are%20several%20spaces%20that%20need%20to%20be%20unescaped\" n=10000000":{"mean":2368792.986462346,"sqsum":136259813133.96725,"variance":4698614245.998871,"size":30},"input=\"there%2Qare%0-fake%escaped values in%%%%this%9Hstring\" n=10000000":{"mean":2711924.4125829046,"sqsum":1169450189.4313247,"variance":40325868.601080164,"size":30},"input=\"%20%21%22%23%24%25%26%27%28%29%2A%2B%2C%2D%2E%2F%30%31%32%33%34%35%36%37\" n=10000000":{"mean":2445786.5587658966,"sqsum":10545660651.959951,"variance":363643470.7572397,"size":30}}}