{"format":{"n=100000 type=\"string\"":{"mean":6021561.847971027,"sqsum":68656643653.14942,"variance":2367470470.798256,"size":30},"n=100000 type=\"string-2\"":{"mean":4610922.93307272,"sqsum":10988152972.187986,"variance":378901826.62717193,"size":30},"n=100000 type=\"number\"":{"mean":6395570.8761819955,"sqsum":79050843247.47092,"variance":2725891146.4645143,"size":30},"n=100000 type=\"replace-object\"":{"mean":2613612.076166427,"sqsum":10514511660.7716,"variance":362569367.61281383,"size":30},"n=100000 type=\"unknown\"":{"mean":7923517.331608265,"sqsum":263864849542.5056,"variance":9098787915.258814,"size":30},"n=100000 type=\"no-replace\"":{"mean":6510414.442594742,"sqsum":79218287074.8423,"variance":2731665071.5462866,"size":30},"n=100000 type=\"no-replace-2\"":{"mean":8267570.569698591,"sqsum":161161724518.67026,"variance":5557300845.471388,"size":30},"n=100000 type=\"only-objects\"":{"mean":518229.32670156716,"sqsum":3790618643.979552,"variance":130710987.72343282,"size":30},"n=100000 type=\"many-%\"":{"mean":3225686.707316024,"sqsum":7203923546.938294,"variance":248411156.7909757,"size":30},"n=100000 type=\"object-to-string\"":{"mean":3996725.2343895645,"sqsum":15202350316.61702,"variance":524218976.4350697,"size":30},"n=100000 type=\"object-%s\"":{"mean":640833.1059140628,"sqsum":4301025732.635178,"variance":148311232.1598337,"size":30}},"inspect-array":{"len=100 n=500 type=\"denseArray\"":{"mean":16737.247874933022,"sqsum":976783.4367430646,"variance":33682.187473898775,"size":30},"len=100 n=500 type=\"sparseArray\"":{"mean":114649.55821401645,"sqsum":273571955.05973154,"variance":9433515.69171488,"size":30},"len=100 n=500 type=\"mixedArray\"":{"mean":18153.03696039271,"sqsum":482216.9792645964,"variance":16628.171698779188,"size":30},"len=100 n=500 type=\"denseArray_showHidden\"":{"mean":16287.709260497824,"sqsum":268158.7145558707,"variance":9246.852226064506,"size":30},"len=100000 n=500 type=\"denseArray\"":{"mean":16456.512487573324,"sqsum":210883.3041829014,"variance":7271.838075272462,"size":30},"len=100000 n=500 type=\"sparseArray\"":{"mean":4286.923552629438,"sqsum":10968.554051967621,"variance":378.22600179198696,"size":30},"len=100000 n=500 type=\"mixedArray\"":{"mean":3574.6637836943137,"sqsum":24510.386159341026,"variance":845.1857296324492,"size":30},"len=100000 n=500 type=\"denseArray_showHidden\"":{"mean":15609.129678682144,"sqsum":542732.7876193922,"variance":18714.923711013522,"size":30}},"inspect-proxy":{"isProxy=0 n=100000 showProxy=0":{"mean":464074.18929058977,"sqsum":1418212955.0040627,"variance":48903895.00014009,"size":30},"isProxy=1 n=100000 showProxy=0":{"mean":463629.122431618,"sqsum":320575731.7413809,"variance":11054335.577288996,"size":30},"isProxy=0 n=100000 showProxy=1":{"mean":463675.7631699653,"sqsum":2549128779.1052346,"variance":87900992.38293913,"size":30},"isProxy=1 n=100000 showProxy=1":{"mean":238473.69829032267,"sqsum":918215688.340976,"variance":31662609.942792278,"size":30}},"inspect":{"method=\"Object\" n=20000 option=\"showHidden\"":{"mean":413369.47095162084,"sqsum":940111283.5859656,"variance":32417630.468481574,"size":30},"method=\"Object\" n=20000 option=\"colors\"":{"mean":231017.13099684595,"sqsum":439071212.9646164,"variance":15140386.653952291,"size":30},"method=\"Object\" n=20000 option=\"none\"":{"mean":435028.162735668,"sqsum":982286022.0517045,"variance":33871931.794886366,"size":30},"method=\"Object_empty\" n=20000 option=\"showHidden\"":{"mean":1034015.7494176808,"sqsum":7021631137.581808,"variance":242125211.640752,"size":30},"method=\"Object_empty\" n=20000 option=\"colors\"":{"mean":1165678.0612859393,"sqsum":6345955783.449711,"variance":218826061.4982659,"size":30},"method=\"Object_empty\" n=20000 option=\"none\"":{"mean":1237805.7138224351,"sqsum":13015007672.28931,"variance":448793368.00997627,"size":30},"method=\"Object_deep_ln\" n=20000 option=\"showHidden\"":{"mean":188167.03400043564,"sqsum":162287641.04955828,"variance":5596125.553433045,"size":30},"method=\"Object_deep_ln\" n=20000 option=\"colors\"":{"mean":93263.62304281321,"sqsum":16012747.40201237,"variance":552163.703517668,"size":30},"method=\"Object_deep_ln\" n=20000 option=\"none\"":{"mean":200834.21726100892,"sqsum":199672692.50381988,"variance":6885265.258752409,"size":30},"method=\"String\" n=20000 option=\"showHidden\"":{"mean":1907726.6263339196,"sqsum":12749675304.813793,"variance":439643976.0280618,"size":30},"method=\"String\" n=20000 option=\"colors\"":{"mean":1577189.8978854318,"sqsum":9024321906.711842,"variance":311183514.02454627,"size":30},"method=\"String\" n=20000 option=\"none\"":{"mean":2116924.2428627773,"sqsum":10140925961.928608,"variance":349687102.1354692,"size":30},"method=\"String_complex\" n=20000 option=\"showHidden\"":{"mean":1260710.57746436,"sqsum":3632747969.2140875,"variance":125267171.35220993,"size":30},"method=\"String_complex\" n=20000 option=\"colors\"":{"mean":1105330.2123782048,"sqsum":21195608663.407936,"variance":730883057.3588943,"size":30},"method=\"String_complex\" n=20000 option=\"none\"":{"mean":1343397.044479589,"sqsum":3209451030.4807057,"variance":110670725.18898985,"size":30},"method=\"String_boxed\" n=20000 option=\"showHidden\"":{"mean":307845.6631245692,"sqsum":1434601370.4533541,"variance":49469012.77425359,"size":30},"method=\"String_boxed\" n=20000 option=\"colors\"":{"mean":437324.03390136757,"sqsum":1396414659.4174643,"variance":48152229.63508498,"size":30},"method=\"String_boxed\" n=20000 option=\"none\"":{"mean":503626.51219870365,"sqsum":835007703.2579192,"variance":28793369.077859282,"size":30},"method=\"Date\" n=20000 option=\"showHidden\"":{"mean":689292.0535079966,"sqsum":7265637680.590599,"variance":250539230.36519307,"size":30},"method=\"Date\" n=20000 option=\"colors\"":{"mean":688244.5765148858,"sqsum":2385493959.8842506,"variance":82258412.40980175,"size":30},"method=\"Date\" n=20000 option=\"none\"":{"mean":783975.2284937741,"sqsum":2117770407.004971,"variance":73026565.7587921,"size":30},"method=\"Set\" n=20000 option=\"showHidden\"":{"mean":554876.397868814,"sqsum":1120093288.735207,"variance":38623906.50811059,"size":30},"method=\"Set\" n=20000 option=\"colors\"":{"mean":424902.91213601676,"sqsum":831811978.2472177,"variance":28683171.66369716,"size":30},"method=\"Set\" n=20000 option=\"none\"":{"mean":592196.1932585757,"sqsum":1502061080.6395473,"variance":51795209.67722577,"size":30},"method=\"Error\" n=20000 option=\"showHidden\"":{"mean":142496.48006663527,"sqsum":141214250.92935842,"variance":4869456.928598566,"size":30},"method=\"Error\" n=20000 option=\"colors\"":{"mean":356541.8365138335,"sqsum":3186371855.6869607,"variance":109874891.57541244,"size":30},"method=\"Error\" n=20000 option=\"none\"":{"mean":701390.3405161469,"sqsum":2806944188.758741,"variance":96791178.9227152,"size":30},"method=\"Array\" n=20000 option=\"showHidden\"":{"mean":75823.46515576728,"sqsum":44393195.07090201,"variance":1530799.8300311037,"size":30},"method=\"Array\" n=20000 option=\"colors\"":{"mean":35606.30334678402,"sqsum":1181281.9760477804,"variance":40733.86124302691,"size":30},"method=\"Array\" n=20000 option=\"none\"":{"mean":85662.05124900266,"sqsum":30512723.0247636,"variance":1052162.8629228827,"size":30},"method=\"TypedArray\" n=20000 option=\"showHidden\"":{"mean":159356.48251945424,"sqsum":123118423.1153399,"variance":4245462.866046203,"size":30},"method=\"TypedArray\" n=20000 option=\"colors\"":{"mean":48061.45204415247,"sqsum":2397079.692721017,"variance":82657.92043865577,"size":30},"method=\"TypedArray\" n=20000 option=\"none\"":{"mean":203992.489220256,"sqsum":47365311.34331902,"variance":1633286.5980454837,"size":30},"method=\"TypedArray_extra\" n=20000 option=\"showHidden\"":{"mean":123160.08051974648,"sqsum":92944340.81437555,"variance":3204977.2694612257,"size":30},"method=\"TypedArray_extra\" n=20000 option=\"colors\"":{"mean":39168.27540707693,"sqsum":2743955.083647707,"variance":94619.14081543818,"size":30},