{"defaultparams-bench":{"method=\"withoutdefaults\" n=100000000":{"mean":553257941.9998279,"sqsum":174285792340863.75,"variance":6009854908305.646,"size":30},"method=\"withdefaults\" n=100000000":{"mean":555048059.6979793,"sqsum":157873404680328.4,"variance":5443910506218.221,"size":30}},"destructuring-bench":{"method=\"swap\" n=100000000":{"mean":336638992.28143317,"sqsum":21418718340698.43,"variance":738576494506.8424,"size":30},"method=\"destructure\" n=100000000":{"mean":280934348.8505255,"sqsum":13855798044484.363,"variance":477786139464.9781,"size":30}},"destructuring-object-bench":{"method=\"normal\" n=100000000":{"mean":1106863292.6628613,"sqsum":2215409066335693.8,"variance":76393416080541.17,"size":30},"method=\"destructureObject\" n=100000000":{"mean":1106256325.7052035,"sqsum":2069982480434608.2,"variance":71378706221883.05,"size":30}},"foreach-bench":{"count=5 method=\"for\" n=5000000":{"mean":121969214.30390924,"sqsum":29540785207002.47,"variance":1018647765758.7058,"size":30},"count=10 method=\"for\" n=5000000":{"mean":79310775.69070444,"sqsum":14179779413354.148,"variance":488957910805.3154,"size":30},"count=20 method=\"for\" n=5000000":{"mean":43886179.38659558,"sqsum":2058107032945.366,"variance":70969208032.59883,"size":30},"count=100 method=\"for\" n=5000000":{"mean":10263738.325410105,"sqsum":7902733060.452773,"variance":272508036.567337,"size":30},"count=5 method=\"for-of\" n=5000000":{"mean":69562918.71986943,"sqsum":8044902445599.505,"variance":277410429158.6036,"size":30},"count=10 method=\"for-of\" n=5000000":{"mean":45659134.3690973,"sqsum":1899226972145.0664,"variance":65490585246.3816,"size":30},"count=20 method=\"for-of\" n=5000000":{"mean":27488212.797301665,"sqsum":281777915957.7224,"variance":9716479860.611118,"size":30},"count=100 method=\"for-of\" n=5000000":{"mean":6311821.976088169,"sqsum":5356884283.587366,"variance":184720147.70990917,"size":30},"count=5 method=\"for-in\" n=5000000":{"mean":2701990.6513525047,"sqsum":160781404570.2101,"variance":5544186364.490004,"size":30},"count=10 method=\"for-in\" n=5000000":{"mean":1709583.8924053265,"sqsum":36024845694.43783,"variance":1242236058.4288907,"size":30},"count=20 method=\"for-in\" n=5000000":{"mean":988908.0538640467,"sqsum":6851833689.96355,"variance":236270127.2401224,"size":30},"count=100 method=\"for-in\" n=5000000":{"mean":225833.9593882774,"sqsum":443880682.90755486,"variance":15306230.4450881,"size":30},"count=5 method=\"forEach\" n=5000000":{"mean":120631771.54078597,"sqsum":76953844198207.66,"variance":2653580834420.954,"size":30},"count=10 method=\"forEach\" n=5000000":{"mean":81699454.12600097,"sqsum":47238723020016.4,"variance":1628921483448.8413,"size":30},"count=20 method=\"forEach\" n=5000000":{"mean":50225277.41943985,"sqsum":15643865963754.494,"variance":539443653922.5688,"size":30},"count=100 method=\"forEach\" n=5000000":{"mean":14014165.998176238,"sqsum":113190551054.92477,"variance":3903122450.16982,"size":30}},"map-bench":{"method=\"object\" n=1000000":{"mean":314313.67626523576,"sqsum":473116964.83014494,"variance":16314378.097591206,"size":30},"method=\"nullProtoObject\" n=1000000":{"mean":326836.2982090642,"sqsum":284074897.9737451,"variance":9795686.137025693,"size":30},"method=\"nullProtoLiteralObject\" n=1000000":{"mean":325003.6666909304,"sqsum":453198695.6706839,"variance":15627541.230023583,"size":30},"method=\"storageObject\" n=1000000":{"mean":323797.48887603905,"sqsum":208567558.25208217,"variance":7191984.767313178,"size":30},"method=\"fakeMap\" n=1000000":{"mean":288980.7266213299,"sqsum":248759189.3267157,"variance":8577903.080231575,"size":30},"method=\"map\" n=1000000":{"mean":669153.1205181263,"sqsum":177352813.19692266,"variance":6115614.248169747,"size":30}},"restparams-bench":{"method=\"copy\" n=100000000":{"mean":29413482.69427038,"sqsum":65427777815977.484,"variance":2256130269516.465,"size":30},"method=\"rest\" n=100000000":{"mean":136196545.96694636,"sqsum":1005379699082.3066,"variance":34668265485.59678,"size":30},"method=\"arguments\" n=100000000":{"mean":133166967.57544178,"sqsum":3974195185723268.5,"variance":137041213300802.36,"size":30}},"spread-assign":{"count=5 method=\"spread\" n=1000000":{"mean":23141839.609184377,"sqsum":28631814637032.89,"variance":987303953001.1342,"size":30},"count=10 method=\"spread\" n=1000000":{"mean":19360647.952824447,"sqsum":10973134347681.764,"variance":378383943023.50903,"size":30},"count=20 method=\"spread\" n=1000000":{"mean":115478.71099399099,"sqsum":153550500.54227173,"variance":5294844.846285232,"size":30},"count=5 method=\"assign\" n=1000000":{"mean":5283572.363744853,"sqsum":909332146711.5436,"variance":31356280921.08771,"size":30},"count=10 method=\"assign\" n=1000000":{"mean":2622408.21597438,"sqsum":63987791830.10067,"variance":2206475580.348299,"size":30},"count=20 method=\"assign\" n=1000000":{"mean":91494.89084492867,"sqsum":73222692.2190896,"variance":2524920.421347917,"size":30},"count=5 method=\"_extend\" n=1000000":{"mean":3338285.2883508513,"sqsum":132385776878.71416,"variance":4565026788.921178,"size":30},"count=10 method=\"_extend\" n=1000000":{"mean":1580639.465997172,"sqsum":13240527092.69069,"variance":456569899.7479548,"size":30},"count=20 method=\"_extend\" n=1000000":{"mean":260150.08870353075,"sqsum":1058237629.8784152,"variance":36490952.75442811,"size":30}},"spread-bench":{"context=\"context\" count=5 method=\"apply\" n=5000000 rest=0":{"mean":31146053.124301855,"sqsum":22088312752671.523,"variance":761665956988.6732,"size":30},"context=\"context\" count=5 method=\"apply\" n=5000000 rest=1":{"mean":30962060.65492355,"sqsum":6940294003277.648,"variance":239320482871.64307,"size":30},"context=\"null\" count=5 method=\"apply\" n=5000000 rest=0":{"mean":31254711.968982127,"sqsum":11887874048472.945,"variance":409926691326.65326,"size":30},"context=\"null\" count=5 method=\"apply\" n=5000000 rest=1":{"mean":31053318.91984614,"sqsum":3171796746427.421,"variance":109372301600.94556,"size":30},"context=\"context\" count=10 method=\"apply\" n=5000000 rest=0":{"mean":24834743.15919445,"sqsum":15678496650324.197,"variance":540637815528.4206,"size":30},"context=\"context\" count=10 method=\"apply\" n=5000000 rest=1":{"mean":24694934.23651292,"sqsum":10346642457837.637,"variance":356780774408.1944,"size":30},"context=\"null\" count=10 method=\"apply\" n=5000000 rest=0":{"mean":24744237.341406614,"sqsum":10124535892124.787,"variance":349121927314.6478,"size":30},"context=\"null\" count=10 method=\"apply\" n=5000000 rest=1":{"mean":24790346.871691138,"sqsum":4276419528537.522,"variance":147462742363.36282,"size":30},"context=\"context\" count=20 method=\"apply\" n=5000000 rest=0":{"mean":18516293.70382731,"sqsum":2233365068848.7256,"variance":77012588580.99054,"size":30},"context=\"context\" count=20 method=\"apply\" n=5000000 rest=1":{"mean":18509764.66172792,"sqsum":304110517792.3574,"variance":10486569579.046808,"size":30},"context=\"null\" count=20 method=\"apply\" n=5000000 rest=0":{"mean":18576926.70947093,"sqsum":1576549153522.0383,"variance":54363763914.55305,"size":30},"context=\"null\" count=20 method=\"apply\" n=5000000 rest=1":{"mean":18445533.337519497,"sqsum":2612646177167.6597,"variance":90091247488.53998,"size":30},"context=\"context\" count=5 method=\"spread\" n=5000000 rest=0":{"mean":31436041.85959118,"sqsum":13749075995557.836,"variance":474106068812.3392,"size":30},"context=\"context\" count=5 method=\"spread\" n=5000000 rest=1":{"mean":31273807.264917433,"sqsum":640446714010.3413,"variance":22084369448.632458,"size":30},"context=\"null\" count=5 method=\"spread\" n=5000000 rest=0":{"mean":35431392.93763461,"sqsum":717889521722.095,"variance":24754811093.865345,"size":30},"context=\"null\" count=5 method=\"spread\" n=5000000 rest=1":{"mean":34818267.565471,"sqsum":23568894398897.96,"variance":812720496513.7228,"size":30},"context=\"context\" count=10 method=\"spread\" n=5000000 rest=0":{"mean":25065594.696221627,"sqsum":5231873200001.111,