{"module-loader-circular":{"n=10000":{"mean":6436.952785272693,"sqsum":224471.02470512578,"variance":7740.380162245717,"size":30}},"module-loader-deep":{"cache=\"true\" ext=\"\" files=1000":{"mean":856978.2960976656,"sqsum":28313246446.083088,"variance":976318842.9683824,"size":30},"cache=\"false\" ext=\"\" files=1000":{"mean":5949.74064657935,"sqsum":125890.33183612498,"variance":4341.04592538362,"size":30},"cache=\"true\" ext=\".js\" files=1000":{"mean":872102.4400726686,"sqsum":9245152338.580746,"variance":318798356.5027843,"size":30},"cache=\"false\" ext=\".js\" files=1000":{"mean":6062.1338153254055,"sqsum":143796.0981302958,"variance":4958.486142423993,"size":30}},"module-loader":{"cache=\"true\" dir=\"rel\" files=500 n=1 name=\"\"":{"mean":18608.577526649256,"sqsum":837839.7196288262,"variance":28891.024814787113,"size":30},"cache=\"false\" dir=\"rel\" files=500 n=1 name=\"\"":{"mean":4718.121550733592,"sqsum":65560.9519104984,"variance":2260.722479672359,"size":30},"cache=\"true\" dir=\"rel\" files=500 n=1000 name=\"\"":{"mean":1975005.1461320897,"sqsum":3337206923.9231467,"variance":115076100.8249361,"size":30},"cache=\"false\" dir=\"rel\" files=500 n=1000 name=\"\"":{"mean":1483488.3270538847,"sqsum":1212596108.5689814,"variance":41813658.916171774,"size":30},"cache=\"true\" dir=\"abs\" files=500 n=1 name=\"\"":{"mean":18596.453805346708,"sqsum":163242.73225396697,"variance":5629.059732895413,"size":30},"cache=\"false\" dir=\"abs\" files=500 n=1 name=\"\"":{"mean":4793.3134268054855,"sqsum":86767.01951920649,"variance":2991.9661903174647,"size":30},"cache=\"true\" dir=\"abs\" files=500 n=1000 name=\"\"":{"mean":1949416.200172696,"sqsum":4007972172.7001824,"variance":138205936.98966146,"size":30},"cache=\"false\" dir=\"abs\" files=500 n=1000 name=\"\"":{"mean":1473275.602884545,"sqsum":1915896786.4806113,"variance":66065406.430365905,"size":30},"cache=\"true\" dir=\"rel\" files=500 n=1 name=\"/\"":{"mean":18665.946560069173,"sqsum":865015.0293127861,"variance":29828.10445906159,"size":30},"cache=\"false\" dir=\"rel\" files=500 n=1 name=\"/\"":{"mean":4909.080165401371,"sqsum":84487.59031440478,"variance":2913.365183255337,"size":30},"cache=\"true\" dir=\"rel\" files=500 n=1000 name=\"/\"":{"mean":1918070.1878536658,"sqsum":8283013773.980692,"variance":285621164.62002385,"size":30},"cache=\"false\" dir=\"rel\" files=500 n=1000 name=\"/\"":{"mean":1467303.8815289827,"sqsum":6145368919.724958,"variance":211909273.09396407,"size":30},"cache=\"true\" dir=\"abs\" files=500 n=1 name=\"/\"":{"mean":18673.478937798285,"sqsum":229296.44497910675,"variance":7906.773964796784,"size":30},"cache=\"false\" dir=\"abs\" files=500 n=1 name=\"/\"":{"mean":4983.896467255155,"sqsum":78685.10920119699,"variance":2713.2796276274826,"size":30},"cache=\"true\" dir=\"abs\" files=500 n=1000 name=\"/\"":{"mean":1904152.9125466307,"sqsum":1945004211.5595102,"variance":67069110.74343139,"size":30},"cache=\"false\" dir=\"abs\" files=500 n=1000 name=\"/\"":{"mean":1462188.194645163,"sqsum":2420299647.3124824,"variance":83458608.52801663,"size":30},"cache=\"true\" dir=\"rel\" files=500 n=1 name=\"/index.js\"":{"mean":18653.824158846277,"sqsum":270943.11437174643,"variance":9342.866012818842,"size":30},"cache=\"false\" dir=\"rel\" files=500 n=1 name=\"/index.js\"":{"mean":5156.172608129169,"sqsum":69906.12734834688,"variance":2410.556115460237,"size":30},"cache=\"true\" dir=\"rel\" files=500 n=1000 name=\"/index.js\"":{"mean":1867782.7603150902,"sqsum":6248913934.788092,"variance":215479790.85476178,"size":30},"cache=\"false\" dir=\"rel\" files=500 n=1000 name=\"/index.js\"":{"mean":1454929.8847951875,"sqsum":12589141058.41125,"variance":434108312.35900855,"size":30},"cache=\"true\" dir=\"abs\" files=500 n=1 name=\"/index.js\"":{"mean":18963.884696621008,"sqsum":1679536.9652665965,"variance":57915.06776781367,"size":30},"cache=\"false\" dir=\"abs\" files=500 n=1 name=\"/index.js\"":{"mean":5216.54955739321,"sqsum":74742.09939167633,"variance":2577.31377212677,"size":30},"cache=\"true\" dir=\"abs\" files=500 n=1000 name=\"/index.js\"":{"mean":1841144.5097219509,"sqsum":1616500641.9131217,"variance":55741401.44528006,"size":30},"cache=\"false\" dir=\"abs\" files=500 n=1000 name=\"/index.js\"":{"mean":1443941.831947163,"sqsum":4691911310.345011,"variance":161790045.1843107,"size":30}},"module-require":{"n=10000 type=\".js\"":{"mean":10781.86682279843,"sqsum":505569.7012931193,"variance":17433.437975624805,"size":30},"n=10000 type=\".json\"":{"mean":21695.406543380028,"sqsum":3836915.449103499,"variance":132307.429279431,"size":30},"n=10000 type=\"dir\"":{"mean":9026.359741180291,"sqsum":271677.9294912854,"variance":9368.204465216739,"size":30}}}