{"creation":{"kind=\"duplex\" n=50000000":{"mean":2867483.426349415,"sqsum":917885256589.1562,"variance":31651215744.453663,"size":30},"kind=\"readable\" n=50000000":{"mean":7355109.650865708,"sqsum":738907439242.1051,"variance":25479566870.417416,"size":30},"kind=\"transform\" n=50000000":{"mean":3205197.2756493688,"sqsum":3088857539652.2256,"variance":106512328953.52501,"size":30},"kind=\"writable\" n=50000000":{"mean":7216373.343132213,"sqsum":186534859222.80066,"variance":6432236524.92416,"size":30}},"pipe-object-mode":{"n=5000000":{"mean":9110623.3591729,"sqsum":76523015221.74475,"variance":2638724662.8187847,"size":30}},"pipe":{"n=5000000":{"mean":4594407.987763963,"sqsum":362006643946.8028,"variance":12482987722.303545,"size":30}},"readable-async-iterator":{"n=100000 sync=\"yes\"":{"mean":2342505.5690854713,"sqsum":145325453888.3251,"variance":5011222547.87328,"size":30},"n=100000 sync=\"no\"":{"mean":1068601.897977948,"sqsum":3870731905.3931017,"variance":133473513.97907247,"size":30}},"readable-bigread":{"n=1000":{"mean":673.3597521603883,"sqsum":5302.307732239302,"variance":182.8381976634242,"size":30}},"readable-bigunevenread":{"n=1000":{"mean":399.00178470723915,"sqsum":16154.554366600114,"variance":557.0535988482798,"size":30}},"readable-boundaryread":{"n=2000 type=\"string\"":{"mean":237.81078155846413,"sqsum":370.1717022411606,"variance":12.764541456591745,"size":30},"n=2000 type=\"buffer\"":{"mean":739.9119031820213,"sqsum":12196.510929656817,"variance":420.5693424019592,"size":30}},"readable-from":{"n=10000000":{"mean":8812709.085263545,"sqsum":137314628364.6834,"variance":4734987184.989082,"size":30}},"readable-readall":{"n=5000":{"mean":993.1991294999366,"sqsum":38652.77995591136,"variance":1332.854481238323,"size":30}},"readable-unevenread":{"n=1000":{"mean":128.22541829567152,"sqsum":42.65338535610065,"variance":1.4708063915896774,"size":30}},"writable-manywrites":{"callback=\"yes\" len=1024 n=2000000 sync=\"yes\" writev=\"yes\"":{"mean":26283151.241578843,"sqsum":40589750456168.266,"variance":1399646567454.0781,"size":30},"callback=\"yes\" len=32768 n=2000000 sync=\"yes\" writev=\"yes\"":{"mean":5838924.107959057,"sqsum":534889053422.6469,"variance":18444450118.02231,"size":30},"callback=\"no\" len=1024 n=2000000 sync=\"yes\" writev=\"yes\"":{"mean":24993168.59442555,"sqsum":890566117049.904,"variance":30709176449.996693,"size":30},"callback=\"no\" len=32768 n=2000000 sync=\"yes\" writev=\"yes\"":{"mean":5711431.642194777,"sqsum":684616411281.1294,"variance":23607462457.969982,"size":30},"callback=\"yes\" len=1024 n=2000000 sync=\"yes\" writev=\"no\"":{"mean":25436176.64559454,"sqsum":63440598778235.02,"variance":2187606854421.8975,"size":30},"callback=\"yes\" len=32768 n=2000000 sync=\"yes\" writev=\"no\"":{"mean":5456477.885421708,"sqsum":107738726002.7461,"variance":3715128482.8533134,"size":30},"callback=\"no\" len=1024 n=2000000 sync=\"yes\" writev=\"no\"":{"mean":24777789.916452833,"sqsum":56946471323518.914,"variance":1963671424948.9282,"size":30},"callback=\"no\" len=32768 n=2000000 sync=\"yes\" writev=\"no\"":{"mean":5402584.858884508,"sqsum":154223093624.6532,"variance":5318037711.194938,"size":30},"callback=\"yes\" len=1024 n=2000000 sync=\"no\" writev=\"yes\"":{"mean":14887817.802803319,"sqsum":417657506997.089,"variance":14401982999.89962,"size":30},"callback=\"yes\" len=32768 n=2000000 sync=\"no\" writev=\"yes\"":{"mean":5362874.561692887,"sqsum":195643933934.49243,"variance":6746342549.465256,"size":30},"callback=\"no\" len=1024 n=2000000 sync=\"no\" writev=\"yes\"":{"mean":17040247.84289261,"sqsum":337997101014.6187,"variance":11655072448.779955,"size":30},"callback=\"no\" len=32768 n=2000000 sync=\"no\" writev=\"yes\"":{"mean":5349426.632825379,"sqsum":335153429945.104,"variance":11557014825.693243,"size":30},"callback=\"yes\" len=1024 n=2000000 sync=\"no\" writev=\"no\"":{"mean":4940012.681030837,"sqsum":173864336404.05505,"variance":5995321944.967416,"size":30},"callback=\"yes\" len=32768 n=2000000 sync=\"no\" writev=\"no\"":{"mean":5517119.49746223,"sqsum":109233409135.70316,"variance":3766669280.541488,"size":30},"callback=\"no\" len=1024 n=2000000 sync=\"no\" writev=\"no\"":{"mean":4971542.656394372,"sqsum":622592125149.4939,"variance":21468693970.672203,"size":30},"callback=\"no\" len=32768 n=2000000 sync=\"no\" writev=\"no\"":{"mean":5534837.548369704,"sqsum":232603771964.0829,"variance":8020819722.89941,"size":30}}}