{"bench-env":{"n=1000000 operation=\"get\"":{"mean":2784741.1906203832,"sqsum":1808850246588.6245,"variance":62374146434.0905,"size":30},"n=1000000 operation=\"set\"":{"mean":1914337.3912178425,"sqsum":1025189644716.6006,"variance":35351367059.19312,"size":30},"n=1000000 operation=\"enumerate\"":{"mean":21076.933974514304,"sqsum":18625311.174741957,"variance":642252.1094738606,"size":30},"n=1000000 operation=\"query\"":{"mean":2990274.7229514425,"sqsum":1011521967684.3419,"variance":34880067851.184204,"size":30},"n=1000000 operation=\"delete\"":{"mean":2297651.703090138,"sqsum":966752502117.7986,"variance":33336293176.475815,"size":30}},"bench-hrtime":{"n=1000000 type=\"raw\"":{"mean":17393806.50811758,"sqsum":3548063487150.9434,"variance":122347016798.3084,"size":30},"n=1000000 type=\"diff\"":{"mean":15957359.277672715,"sqsum":8753116074195.852,"variance":301831588765.3742,"size":30},"n=1000000 type=\"bigint\"":{"mean":17427415.19563077,"sqsum":58126703525560.984,"variance":2004369087088.3098,"size":30}},"memoryUsage":{"n=100000":{"mean":109828.1088452227,"sqsum":77762314.30175689,"variance":2681459.1138536856,"size":30}},"next-tick-breadth-args":{"n=10000000":{"mean":2556045.179636505,"sqsum":62098629766.9484,"variance":2141332060.9292552,"size":30}},"next-tick-breadth":{"n=10000000":{"mean":3865412.4458200457,"sqsum":41015739967.80958,"variance":1414335860.958951,"size":30}},"next-tick-depth-args":{"n=7000000":{"mean":6699517.393322785,"sqsum":1112623730769.9443,"variance":38366335543.79118,"size":30}},"next-tick-depth":{"n=7000000":{"mean":9245487.232544681,"sqsum":1402454883019.0583,"variance":48360513207.55374,"size":30}},"next-tick-exec-args":{"n=4000000":{"mean":26959112.800760552,"sqsum":3964101018915.2676,"variance":136693138583.28508,"size":30}},"next-tick-exec":{"n=4000000":{"mean":30300303.43007341,"sqsum":169821495407.2249,"variance":5855913634.7318945,"size":30}},"queue-microtask-breadth":{"n=400000":{"mean":1585680.878871004,"sqsum":4833659817.484444,"variance":166677924.7408429,"size":30}},"queue-microtask-depth":{"n=1200000":{"mean":4312495.157988843,"sqsum":39662802645.072426,"variance":1367682849.8300836,"size":30}},"resourceUsage":{"n=100000":{"mean":732829.6294853608,"sqsum":3585808338.7342944,"variance":123648563.40463084,"size":30}}}