{"convertprotocols":{"n=1":{"mean":2247.704018522011,"sqsum":1120142.214865627,"variance":38625.5936160561,"size":30},"n=50000":{"mean":705250.2244244958,"sqsum":5267125310.367234,"variance":181625010.70231843,"size":30}},"secure-pair":{"dur=5 securing=\"SecurePair\" size=100":{"mean":345.10571053818256,"sqsum":97.59687071786777,"variance":3.3654093350988887,"size":30},"dur=5 securing=\"SecurePair\" size=1024":{"mean":378.2830495797047,"sqsum":166.87431822450378,"variance":5.754286835327716,"size":30},"dur=5 securing=\"SecurePair\" size=1048576":{"mean":454.8642534289204,"sqsum":49.719828451674516,"variance":1.71447684316119,"size":30},"dur=5 securing=\"TLSSocket\" size=100":{"mean":344.25033833373794,"sqsum":49.01055251266947,"variance":1.690019052161016,"size":30},"dur=5 securing=\"TLSSocket\" size=1024":{"mean":382.33725075102586,"sqsum":61.47845788887519,"variance":2.119946823754317,"size":30},"dur=5 securing=\"TLSSocket\" size=1048576":{"mean":455.348509800839,"sqsum":59.13022580900187,"variance":2.0389733037586852,"size":30},"dur=5 securing=\"clear\" size=100":{"mean":247.48499844363081,"sqsum":521.5777815089779,"variance":17.985440741688894,"size":30},"dur=5 securing=\"clear\" size=1024":{"mean":1901.4084489044703,"sqsum":148319.62787347953,"variance":5114.469926671708,"size":30},"dur=5 securing=\"clear\" size=1048576":{"mean":6209.688348132807,"sqsum":100898.71935245024,"variance":3479.2661845672496,"size":30}},"throughput":{"dur=5 size=100 type=\"buf\"":{"mean":379.87748562853824,"sqsum":54.369176843461496,"variance":1.874799201498672,"size":30},"dur=5 size=1024 type=\"buf\"":{"mean":432.3078243233168,"sqsum":152.83703323200848,"variance":5.270242525241672,"size":30},"dur=5 size=1048576 type=\"buf\"":{"mean":502.58458697672705,"sqsum":229.24643615971755,"variance":7.905049522748881,"size":30},"dur=5 size=4194304 type=\"buf\"":{"mean":495.9715791800423,"sqsum":51.464260848802404,"variance":1.7746296844414624,"size":30},"dur=5 size=16777216 type=\"buf\"":{"mean":489.9030486173552,"sqsum":476.9587168210748,"variance":16.446852304174993,"size":30},"dur=5 size=100 type=\"asc\"":{"mean":302.0421801630142,"sqsum":135.6644303286165,"variance":4.678083804435052,"size":30},"dur=5 size=1024 type=\"asc\"":{"mean":417.1194003494223,"sqsum":67.68642487302917,"variance":2.334014650794109,"size":30},"dur=5 size=1048576 type=\"asc\"":{"mean":498.42516933072693,"sqsum":65.15046244992702,"variance":2.246567670687139,"size":30},"dur=5 size=4194304 type=\"asc\"":{"mean":490.90946664332324,"sqsum":128.80722873719955,"variance":4.441628577144812,"size":30},"dur=5 size=16777216 type=\"asc\"":{"mean":488.12698981650294,"sqsum":390.9849058742179,"variance":13.48223813359372,"size":30},"dur=5 size=100 type=\"utf\"":{"mean":311.80707164121884,"sqsum":309.2878878106923,"variance":10.665099579679046,"size":30},"dur=5 size=1024 type=\"utf\"":{"mean":416.9875589065617,"sqsum":85.35979672927188,"variance":2.9434412665266163,"size":30},"dur=5 size=1048576 type=\"utf\"":{"mean":466.1293296295898,"sqsum":43.26954705849565,"variance":1.4920533468446775,"size":30},"dur=5 size=4194304 type=\"utf\"":{"mean":460.62756598656745,"sqsum":58.12640001967822,"variance":2.0043586213682145,"size":30},"dur=5 size=16777216 type=\"utf\"":{"mean":449.27200506389994,"sqsum":59.058329841757185,"variance":2.0364941324743855,"size":30}},"tls-connect":{"concurrency=1 dur=5":{"mean":287.8074856827169,"sqsum":16.20147064821654,"variance":0.5586714016626393,"size":30},"concurrency=10 dur=5":{"mean":297.30085262595765,"sqsum":58.244145754756666,"variance":2.00841881912954,"size":30}}}