{"creation":{"kind=\"duplex\" n=50000000":{"mean":2136601.6053927294,"sqsum":101208392359.65094,"variance":3489944564.1258945,"size":30},"kind=\"readable\" n=50000000":{"mean":3509620.500675548,"sqsum":189105987260.9526,"variance":6520896112.446642,"size":30},"kind=\"transform\" n=50000000":{"mean":2428999.915536642,"sqsum":88107581586.95299,"variance":3038192468.51562,"size":30},"kind=\"writable\" n=50000000":{"mean":3971176.657726263,"sqsum":145453326203.75153,"variance":5015631938.060398,"size":30}},"pipe-object-mode":{"n=5000000":{"mean":6891368.530653551,"sqsum":303624044395.1401,"variance":10469794634.315174,"size":30}},"pipe":{"n=5000000":{"mean":5921788.162744813,"sqsum":1791144073910.332,"variance":61763588755.52869,"size":30}},"readable-async-iterator":{"n=100000 sync=\"yes\"":{"mean":1338017.4698729576,"sqsum":44429483387.95611,"variance":1532051151.3088312,"size":30},"n=100000 sync=\"no\"":{"mean":575114.1034136473,"sqsum":976195178.7281264,"variance":33661902.71476298,"size":30}},"readable-bigread":{"n=1000":{"mean":828.3137281892703,"sqsum":1855.4334662032054,"variance":63.98046435183466,"size":30}},"readable-bigunevenread":{"n=1000":{"mean":415.83680238766493,"sqsum":54507.03781397507,"variance":1879.5530280681057,"size":30}},"readable-boundaryread":{"n=2000 type=\"string\"":{"mean":204.34632325534122,"sqsum":1174.045455293288,"variance":40.48432604459613,"size":30},"n=2000 type=\"buffer\"":{"mean":984.559858440177,"sqsum":6192.111262440139,"variance":213.5210780151772,"size":30}},"readable-readall":{"n=5000":{"mean":1346.0945752754383,"sqsum":92480.36619312942,"variance":3188.9781445906697,"size":30}},"readable-unevenread":{"n=1000":{"mean":164.85599594469284,"sqsum":483.9331585907598,"variance":16.687350296233095,"size":30}},"writable-manywrites":{"callback=\"yes\" len=1024 n=2000000 sync=\"yes\" writev=\"yes\"":{"mean":20551533.447793994,"sqsum":682141281431.1638,"variance":23522113152.79875,"size":30},"callback=\"yes\" len=32768 n=2000000 sync=\"yes\" writev=\"yes\"":{"mean":20532496.05054055,"sqsum":778516738275.4558,"variance":26845404768.119167,"size":30},"callback=\"no\" len=1024 n=2000000 sync=\"yes\" writev=\"yes\"":{"mean":20212379.402752575,"sqsum":556293893614.114,"variance":19182548055.659103,"size":30},"callback=\"no\" len=32768 n=2000000 sync=\"yes\" writev=\"yes\"":{"mean":20218413.17704638,"sqsum":505722994595.9708,"variance":17438723951.5852,"size":30},"callback=\"yes\" len=1024 n=2000000 sync=\"yes\" writev=\"no\"":{"mean":22248394.23907285,"sqsum":1121323072036.103,"variance":38666312828.83114,"size":30},"callback=\"yes\" len=32768 n=2000000 sync=\"yes\" writev=\"no\"":{"mean":22329472.981632102,"sqsum":1023834665139.4299,"variance":35304643625.49758,"size":30},"callback=\"no\" len=1024 n=2000000 sync=\"yes\" writev=\"no\"":{"mean":21869598.84054528,"sqsum":865437722623.0918,"variance":29842680090.451443,"size":30},"callback=\"no\" len=32768 n=2000000 sync=\"yes\" writev=\"no\"":{"mean":21840379.168117836,"sqsum":909670715222.4972,"variance":31367955697.32749,"size":30},"callback=\"yes\" len=1024 n=2000000 sync=\"no\" writev=\"yes\"":{"mean":12288035.438405007,"sqsum":607105540651.2987,"variance":20934673815.562023,"size":30},"callback=\"yes\" len=32768 n=2000000 sync=\"no\" writev=\"yes\"":{"mean":5087394.795579075,"sqsum":2618347815020.5405,"variance":90287855690.36346,"size":30},"callback=\"no\" len=1024 n=2000000 sync=\"no\" writev=\"yes\"":{"mean":14218861.138203915,"sqsum":1179086707092.2634,"variance":40658162313.52633,"size":30},"callback=\"no\" len=32768 n=2000000 sync=\"no\" writev=\"yes\"":{"mean":5078789.89767648,"sqsum":926337216751.6958,"variance":31942662646.610203,"size":30},"callback=\"yes\" len=1024 n=2000000 sync=\"no\" writev=\"no\"":{"mean":4951377.066468412,"sqsum":285792830855.9421,"variance":9854925201.929037,"size":30},"callback=\"yes\" len=32768 n=2000000 sync=\"no\" writev=\"no\"":{"mean":5299125.914238969,"sqsum":279564969065.4801,"variance":9640171347.08552,"size":30},"callback=\"no\" len=1024 n=2000000 sync=\"no\" writev=\"no\"":{"mean":5007737.723001249,"sqsum":140565121212.9215,"variance":4847073145.273156,"size":30},"callback=\"no\" len=32768 n=2000000 sync=\"no\" writev=\"no\"":{"mean":5230916.290682825,"sqsum":443139977831.4886,"variance":15280688890.740986,"size":30}}}