{"lookup-promises":{"all=\"true\" n=5000000 name=\"127.0.0.1\"":{"mean":15458964364.20008,"sqsum":19533289724690460000,"variance":673561714644498700,"size":30},"all=\"false\" n=5000000 name=\"127.0.0.1\"":{"mean":16162402121.981089,"sqsum":1132101110182285800,"variance":39037969316630540,"size":30},"all=\"true\" n=5000000 name=\"::1\"":{"mean":4569707158.713572,"sqsum":274447242883736860,"variance":9463698030473684,"size":30},"all=\"false\" n=5000000 name=\"::1\"":{"mean":4664743048.285589,"sqsum":415487357781909440,"variance":14327150268341704,"size":30}},"lookup":{"all=\"true\" n=5000000 name=\"127.0.0.1\"":{"mean":6132787.448875496,"sqsum":17739389590.987545,"variance":611703089.3443981,"size":30},"all=\"false\" n=5000000 name=\"127.0.0.1\"":{"mean":6769320.469490978,"sqsum":2447354610025.428,"variance":84391538276.73889,"size":30},"all=\"true\" n=5000000 name=\"::1\"":{"mean":3703254.8820694513,"sqsum":12965310029.883791,"variance":447079656.2028894,"size":30},"all=\"false\" n=5000000 name=\"::1\"":{"mean":4047264.4341621515,"sqsum":127171820045.34384,"variance":4385235173.977374,"size":30}}}