{"convertprotocols":{"n=1":{"mean":2444.669060337131,"sqsum":1255089.3355514167,"variance":43278.942605221266,"size":30},"n=50000":{"mean":587978.7255594748,"sqsum":1177748312.2502403,"variance":40612010.767249666,"size":30}},"secure-pair":{"dur=5 securing=\"SecurePair\" size=100":{"mean":332.7794948307604,"sqsum":49.13062311301072,"variance":1.6941594176900248,"size":30},"dur=5 securing=\"SecurePair\" size=1024":{"mean":366.08707372617545,"sqsum":92.31711253539515,"variance":3.183348708117074,"size":30},"dur=5 securing=\"SecurePair\" size=1048576":{"mean":439.63151318375833,"sqsum":79.57325384705048,"variance":2.7439053050707063,"size":30},"dur=5 securing=\"TLSSocket\" size=100":{"mean":330.89299461937264,"sqsum":53.12820028927179,"variance":1.8320069065266134,"size":30},"dur=5 securing=\"TLSSocket\" size=1024":{"mean":374.01846778963505,"sqsum":62.08914476317027,"variance":2.1410049918334573,"size":30},"dur=5 securing=\"TLSSocket\" size=1048576":{"mean":447.22668875016643,"sqsum":23.190431211572935,"variance":0.7996700417783771,"size":30},"dur=5 securing=\"clear\" size=100":{"mean":247.00654067900703,"sqsum":287.66511864444436,"variance":9.919486849808425,"size":30},"dur=5 securing=\"clear\" size=1024":{"mean":1840.3888253506123,"sqsum":60684.70793873368,"variance":2092.5761358184027,"size":30},"dur=5 securing=\"clear\" size=1048576":{"mean":5770.821339769634,"sqsum":29490.52882598742,"variance":1016.9147871030145,"size":30}},"throughput":{"dur=5 size=100 type=\"buf\"":{"mean":367.9484115077761,"sqsum":43.93309338135225,"variance":1.5149342545293878,"size":30},"dur=5 size=1024 type=\"buf\"":{"mean":423.30015839931787,"sqsum":47.976516673571595,"variance":1.654362643916262,"size":30},"dur=5 size=1048576 type=\"buf\"":{"mean":497.2101499482796,"sqsum":73.63408665743823,"variance":2.5391064364633875,"size":30},"dur=5 size=4194304 type=\"buf\"":{"mean":491.47275693525523,"sqsum":23.54001918712035,"variance":0.8117247995558742,"size":30},"dur=5 size=16777216 type=\"buf\"":{"mean":491.5269532697558,"sqsum":45.09229460518298,"variance":1.554906710523551,"size":30},"dur=5 size=100 type=\"asc\"":{"mean":299.1440583799482,"sqsum":174.55864221463543,"variance":6.019263524642601,"size":30},"dur=5 size=1024 type=\"asc\"":{"mean":410.51921635247106,"sqsum":82.48563568371893,"variance":2.8443322649558254,"size":30},"dur=5 size=1048576 type=\"asc\"":{"mean":494.7319306153601,"sqsum":44.82048021655176,"variance":1.5455338005707502,"size":30},"dur=5 size=4194304 type=\"asc\"":{"mean":487.5659262909659,"sqsum":18.954289810232645,"variance":0.6535962003528498,"size":30},"dur=5 size=16777216 type=\"asc\"":{"mean":483.0669087392431,"sqsum":121.22489028728448,"variance":4.180168630596016,"size":30},"dur=5 size=100 type=\"utf\"":{"mean":307.3646978508947,"sqsum":141.29846471934667,"variance":4.872360852391265,"size":30},"dur=5 size=1024 type=\"utf\"":{"mean":411.72368732802164,"sqsum":16.242969305739617,"variance":0.5601023898530902,"size":30},"dur=5 size=1048576 type=\"utf\"":{"mean":462.4811008463932,"sqsum":23.72190391639749,"variance":0.8179966867723273,"size":30},"dur=5 size=4194304 type=\"utf\"":{"mean":458.1969781206891,"sqsum":104.05113430684581,"variance":3.5879701485119244,"size":30},"dur=5 size=16777216 type=\"utf\"":{"mean":446.7642479206897,"sqsum":63.2470712364188,"variance":2.1809334909109928,"size":30}},"tls-connect":{"concurrency=1 dur=5":{"mean":296.47393544564784,"sqsum":21.98654007291932,"variance":0.7581565542385972,"size":30},"concurrency=10 dur=5":{"mean":304.9491248817703,"sqsum":49.12104381435326,"variance":1.693829097046664,"size":30}}}