{"basename-posix":{"n=100000 pathext=\"\"":{"mean":10901598.202563476,"sqsum":250557271689.43335,"variance":8639905920.325289,"size":30},"n=100000 pathext=\"/\"":{"mean":9820530.33888478,"sqsum":173501970260.01016,"variance":5982826560.690006,"size":30},"n=100000 pathext=\"/foo\"":{"mean":8553779.709970376,"sqsum":47223376425.46419,"variance":1628392290.533248,"size":30},"n=100000 pathext=\"/foo/.bar.baz\"":{"mean":5970299.392883297,"sqsum":45746769864.76518,"variance":1577474822.9229372,"size":30},"n=100000 pathext=\"/foo/.bar.baz|.baz\"":{"mean":4431926.76499188,"sqsum":30215557092.11374,"variance":1041915761.7970254,"size":30},"n=100000 pathext=\"foo\"":{"mean":9080058.488441033,"sqsum":75613144776.41357,"variance":2607349819.87633,"size":30},"n=100000 pathext=\"foo/bar.\"":{"mean":6971373.510702141,"sqsum":57320890062.23526,"variance":1976582415.939147,"size":30},"n=100000 pathext=\"foo/bar.|.\"":{"mean":5085693.897060809,"sqsum":43153114755.37739,"variance":1488038439.8405995,"size":30},"n=100000 pathext=\"/foo/bar/baz/asdf/quux.html\"":{"mean":5871685.595585216,"sqsum":31125919143.762062,"variance":1073307556.6814504,"size":30},"n=100000 pathext=\"/foo/bar/baz/asdf/quux.html|.html\"":{"mean":4234481.98287874,"sqsum":17217874265.83636,"variance":593719802.2702193,"size":30}},"basename-win32":{"n=100000 pathext=\"\"":{"mean":10175018.408815019,"sqsum":150022803731.19708,"variance":5173200128.661968,"size":30},"n=100000 pathext=\"C:\\\\\"":{"mean":7729997.490656753,"sqsum":49759739246.20477,"variance":1715853077.455337,"size":30},"n=100000 pathext=\"C:\\\\foo\"":{"mean":6947521.405470428,"sqsum":54234704588.398705,"variance":1870162227.1861622,"size":30},"n=100000 pathext=\"D:\\\\foo\\\\.bar.baz\"":{"mean":4994502.9130941685,"sqsum":38668664538.97984,"variance":1333402225.4820635,"size":30},"n=100000 pathext=\"E:\\\\foo\\\\.bar.baz|.baz\"":{"mean":4045530.90901567,"sqsum":9712826788.85672,"variance":334925061.6847145,"size":30},"n=100000 pathext=\"foo\"":{"mean":7793787.288074189,"sqsum":408951173363.1169,"variance":14101764598.728168,"size":30},"n=100000 pathext=\"foo\\\\bar.\"":{"mean":5713489.646148463,"sqsum":37809555716.53806,"variance":1303777783.3288987,"size":30},"n=100000 pathext=\"foo\\\\bar.|.\"":{"mean":4884604.016873954,"sqsum":23079068418.281254,"variance":795829945.4579742,"size":30},"n=100000 pathext=\"\\\\foo\\\\bar\\\\baz\\\\asdf\\\\quux.html\"":{"mean":5325027.00194166,"sqsum":18831633004.966995,"variance":649366655.3436894,"size":30},"n=100000 pathext=\"\\\\foo\\\\bar\\\\baz\\\\asdf\\\\quux.html|.html\"":{"mean":4164035.6654299623,"sqsum":48932815282.92042,"variance":1687338458.0317385,"size":30}},"dirname-posix":{"n=100000 path=\"\"":{"mean":11406000.23180522,"sqsum":386372330653.4695,"variance":13323183815.636879,"size":30},"n=100000 path=\"/\"":{"mean":9571154.07890438,"sqsum":203147997086.8828,"variance":7005103347.823545,"size":30},"n=100000 path=\"/foo\"":{"mean":8729100.015168024,"sqsum":129589438388.574,"variance":4468601323.743931,"size":30},"n=100000 path=\"/foo/bar\"":{"mean":6718642.379696142,"sqsum":46683162016.143845,"variance":1609764207.4532359,"size":30},"n=100000 path=\"foo\"":{"mean":8915322.286150865,"sqsum":130774695413.10278,"variance":4509472255.624234,"size":30},"n=100000 path=\"foo/bar\"":{"mean":8053000.825390115,"sqsum":110793003867.6063,"variance":3820448409.227803,"size":30},"n=100000 path=\"/foo/bar/baz/asdf/quux\"":{"mean":6284295.245150732,"sqsum":70572647404.75864,"variance":2433539565.6813326,"size":30}},"dirname-win32":{"n=100000 path=\"\"":{"mean":9969826.393784678,"sqsum":151005465711.30295,"variance":5207085024.527688,"size":30},"n=100000 path=\"\\\\\"":{"mean":8343541.779671783,"sqsum":77662808419.65666,"variance":2678027876.5398846,"size":30},"n=100000 path=\"\\\\foo\"":{"mean":7186870.960969878,"sqsum":710372217394.8926,"variance":24495593703.272156,"size":30},"n=100000 path=\"C:\\\\foo\\\\bar\"":{"mean":5520666.110655729,"sqsum":30044360023.139805,"variance":1036012414.5910277,"size":30},"n=100000 path=\"foo\"":{"mean":7532942.421958408,"sqsum":156590886442.16818,"variance":5399685739.38511,"size":30},"n=100000 path=\"foo\\\\bar\"":{"mean":6847638.630149635,"sqsum":72416453226.38492,"variance":2497119076.771894,"size":30},"n=100000 path=\"D:\\\\foo\\\\bar\\\\baz\\\\asdf\\\\quux\"":{"mean":5198617.0497279735,"sqsum":22300476308.540035,"variance":768981941.6737944,"size":30}},"extname-posix":{"n=100000 path=\"\"":{"mean":12589902.240651693,"sqsum":541640064492.10077,"variance":18677243603.175888,"size":30},"n=100000 path=\"/\"":{"mean":10809434.537560979,"sqsum":214536588803.69998,"variance":7397813407.0241375,"size":30},"n=100000 path=\"/foo\"":{"mean":9287752.253206285,"sqsum":2652909779866.5864,"variance":91479647581.60643,"size":30},"n=100000 path=\"foo/.bar.baz\"":{"mean":5592548.16585941,"sqsum":39831247600.19242,"variance":1373491296.5583594,"size":30},"n=100000 path=\"index.html\"":{"mean":5795448.425759431,"sqsum":61257121066.47097,"variance":2112314519.5334818,"size":30},"n=100000 path=\"index\"":{"mean":8821900.784525728,"sqsum":220671794530.67117,"variance":7609372225.195558,"size":30},"n=100000 path=\"foo/bar/..baz.quux\"":{"mean":5009552.1397345355,"sqsum":725636859791.6926,"variance":25021960682.472157,"size":30},"n=100000 path=\"foo/bar/...baz.quux\"":{"mean":4823042.02949104,"sqsum":33587669306.284374,"variance":1158195493.3201509,"size":30},"n=100000 path=\"/foo/bar/baz/asdf/quux\"":{"mean":6988810.468607939,"sqsum":728839036707.0524,"variance":25132380576.105255,"size":30},"n=100000 path=\"/foo/bar/baz/asdf/quux.foobarbazasdfquux\"":{"mean":3809162.735816914,"sqsum":10547023718.073475,"variance":363690473.0370164,"size":30}},"extname-win32":{"n=100000 path=\"\"":{"mean":10897394.808558336,"sqsum":265625119080.09625,"variance":9159486864.830906,"size":30},"n=100000 path=\"\\\\\"":{"mean":9536618.500197517,"sqsum":89955255701.38037,"variance":3101905369.0131164,"size":30},"n=100000 path=\"C:\\\\foo\"":{"mean":7355317.758298949,"sqsum":270501008723.7469,"variance":9327620990.474031,"size":30},"n=100000 path=\"foo\\\\.bar.baz\"":{"mean":5174819.630620095,"sqsum":28483723017.8303,"variance":982197345.442424,"size":30},"n=100000 path=\"index.html\"":{"mean":5437020.315405756,"sqsum":466798318433.5464,"variance":16096493739.087807,"size":30},"n=100000 path=\"index\"":{"mean":7840139.935062019,"sqsum":84136109675.48497,"variance":2901245161.2236195,"size":30},"n=100000 path=\"foo\\\\bar\\\\..baz.quux\"":{"mean":4609385.785513163,"sqsum":22666325998.491314,"variance":781597448.2238384,"size":30},"n=100000 path=\"foo\\\\bar\\\\...baz.quux\"":{"mean":4507548.862723278,"sqsum":21492715978.70781,"variance":741128137.196821,"size":30},"n=100000 path=\"D:\\\\foo\\\\bar\\\\baz\\\\asdf\\\\quux\"":{"mean":5892762.606612668,"sqsum":86059961272.36766,"variance":2967584871.460954,"size":30},"n=100000 path=\"\\\\foo\\\\bar\\\\baz\\\\asdf\\\\quux.foobarbazasdfquux\"":{"mean":3652391.552796154,"sqsum":17533125954.531425,"variance":604590550.1562561,"size":30}},"format-posix":{"n=1000000 props=\"/|/home/user/dir|index.html|.html|index\"":{"mean":6643175.721192532,"sqsum":21292693692.86044,"variance":734230816.9951875,"size":30}},"format-win32":{"n=1000000 props=\"C:\\\\|C:\\\\path\\\\dir|index.html|.html|index\"":{"mean":6277051.942443255,"sqsum":14028783056.792095,"variance":483751139.8893826,"size":30}},"isAbsolute-posix":{"n=100000 path=\"\"":{"mean":16132683.75668826,"sqsum":1121670392144.1462,"variance":38678289384.28091,"size":30},"n=100000 path=\".\"":{"mean":13770688.054140935,"sqsum":558585473214.5455,"variance":19261568041.88088,"size":30},"n=100000 path=\"/foo/bar\"":{"mean":10061616.124751886,"sqsum":208684381857.08713,"variance":7196013167.485764,"size":30},"n=100000 path=\"/baz/..\"":{"mean":12451013.057927491,"sqsum":636711450728.3408,"variance":21955567266.494514,"size":30},"n=100000 path=\"bar/baz\"":{"mean":12424063.255690824,"sqsum":478464273326.71204,