{"convertprotocols":{"n=1":{"mean":2570.323709308884,"sqsum":156192.15231684974,"variance":5385.936286787922,"size":30},"n=50000":{"mean":677177.9750186615,"sqsum":11102288215.885113,"variance":382837524.68569356,"size":30}},"secure-pair":{"dur=5 securing=\"SecurePair\" size=100":{"mean":346.37861036694494,"sqsum":93.54884127508102,"variance":3.225822112933828,"size":30},"dur=5 securing=\"SecurePair\" size=1024":{"mean":380.5225846099788,"sqsum":62.348593760943885,"variance":2.1499515089980648,"size":30},"dur=5 securing=\"SecurePair\" size=1048576":{"mean":458.1374159546432,"sqsum":77.48963494926974,"variance":2.6720563775610255,"size":30},"dur=5 securing=\"TLSSocket\" size=100":{"mean":345.73219010571404,"sqsum":82.81646006998396,"variance":2.85574000241324,"size":30},"dur=5 securing=\"TLSSocket\" size=1024":{"mean":385.3721288447569,"sqsum":35.777876657323546,"variance":1.2337198847352946,"size":30},"dur=5 securing=\"TLSSocket\" size=1048576":{"mean":458.3633564509184,"sqsum":28.37482525444701,"variance":0.9784422501533453,"size":30},"dur=5 securing=\"clear\" size=100":{"mean":258.3179881134263,"sqsum":416.15600726062434,"variance":14.35020714691808,"size":30},"dur=5 securing=\"clear\" size=1024":{"mean":1969.4224154576139,"sqsum":94303.78315350636,"variance":3251.854591500219,"size":30},"dur=5 securing=\"clear\" size=1048576":{"mean":6390.347877935016,"sqsum":37402.41194704688,"variance":1289.7383430016166,"size":30}},"throughput":{"dur=5 size=100 type=\"buf\"":{"mean":381.7562147502884,"sqsum":142.72492372086816,"variance":4.92154909382304,"size":30},"dur=5 size=1024 type=\"buf\"":{"mean":435.15328457125884,"sqsum":82.38962418776283,"variance":2.84102152371596,"size":30},"dur=5 size=1048576 type=\"buf\"":{"mean":505.2109605564235,"sqsum":90.38481991170228,"variance":3.116717927989734,"size":30},"dur=5 size=4194304 type=\"buf\"":{"mean":497.48832983615875,"sqsum":70.01111454918816,"variance":2.414176363765109,"size":30},"dur=5 size=16777216 type=\"buf\"":{"mean":490.913322591507,"sqsum":329.8868574639168,"variance":11.375408878066095,"size":30},"dur=5 size=100 type=\"asc\"":{"mean":294.2295569337326,"sqsum":146.3439761615404,"variance":5.046344005570359,"size":30},"dur=5 size=1024 type=\"asc\"":{"mean":418.7817605995101,"sqsum":66.72637492069252,"variance":2.30090948002388,"size":30},"dur=5 size=1048576 type=\"asc\"":{"mean":500.3680785658956,"sqsum":28.790852182729544,"variance":0.9927880063010188,"size":30},"dur=5 size=4194304 type=\"asc\"":{"mean":492.1476607777908,"sqsum":14.229047476711012,"variance":0.490656809541759,"size":30},"dur=5 size=16777216 type=\"asc\"":{"mean":491.9817137664999,"sqsum":251.39280668634657,"variance":8.668717471942985,"size":30},"dur=5 size=100 type=\"utf\"":{"mean":303.9610005143956,"sqsum":169.78119215283948,"variance":5.854523867339292,"size":30},"dur=5 size=1024 type=\"utf\"":{"mean":417.826766959877,"sqsum":19.768820102173148,"variance":0.6816834517990741,"size":30},"dur=5 size=1048576 type=\"utf\"":{"mean":469.4413091268752,"sqsum":44.48437515452761,"variance":1.5339439708457796,"size":30},"dur=5 size=4194304 type=\"utf\"":{"mean":463.53570038438625,"sqsum":84.05994575351173,"variance":2.898618819086611,"size":30},"dur=5 size=16777216 type=\"utf\"":{"mean":451.57820755647134,"sqsum":49.6581644457289,"variance":1.7123504981285829,"size":30}},"tls-connect":{"concurrency=1 dur=5":{"mean":290.57770469519943,"sqsum":25.123658874537718,"variance":0.8663330646392317,"size":30},"concurrency=10 dur=5":{"mean":299.515571897489,"sqsum":43.23407081697399,"variance":1.490830028171517,"size":30}}}