{"createInflate":{"chunkLen=1024 inputLen=16777216 n=100":{"mean":27.835481639553088,"sqsum":1993.9670469888288,"variance":68.75748437892513,"size":30}},"creation":{"n=500000 options=\"true\" type=\"Deflate\"":{"mean":189729.3854562817,"sqsum":390073862.49574304,"variance":13450822.844680795,"size":30},"n=500000 options=\"false\" type=\"Deflate\"":{"mean":210477.891348562,"sqsum":199940945.10479367,"variance":6894515.34844116,"size":30},"n=500000 options=\"true\" type=\"DeflateRaw\"":{"mean":188518.21362779505,"sqsum":249614251.60824454,"variance":8607387.98649119,"size":30},"n=500000 options=\"false\" type=\"DeflateRaw\"":{"mean":210338.46379071238,"sqsum":479605629.5633379,"variance":16538125.15735648,"size":30},"n=500000 options=\"true\" type=\"Inflate\"":{"mean":186247.34138985653,"sqsum":566359533.9566696,"variance":19529639.101954125,"size":30},"n=500000 options=\"false\" type=\"Inflate\"":{"mean":209988.63130787958,"sqsum":354809190.1661009,"variance":12234799.660900032,"size":30},"n=500000 options=\"true\" type=\"InflateRaw\"":{"mean":190630.70531201872,"sqsum":319295493.4967489,"variance":11010189.430922376,"size":30},"n=500000 options=\"false\" type=\"InflateRaw\"":{"mean":209727.30330711586,"sqsum":381123824.3297303,"variance":13142200.838956216,"size":30},"n=500000 options=\"true\" type=\"Gzip\"":{"mean":190035.2068528021,"sqsum":393117363.46038043,"variance":13555771.153806223,"size":30},"n=500000 options=\"false\" type=\"Gzip\"":{"mean":210670.3557987925,"sqsum":595317947.6450542,"variance":20528205.091208767,"size":30},"n=500000 options=\"true\" type=\"Gunzip\"":{"mean":185759.1072681081,"sqsum":362931149.085284,"variance":12514867.209837379,"size":30},"n=500000 options=\"false\" type=\"Gunzip\"":{"mean":210695.11837345298,"sqsum":256016862.60575253,"variance":8828167.67606043,"size":30},"n=500000 options=\"true\" type=\"Unzip\"":{"mean":187575.30829740776,"sqsum":418140784.4090111,"variance":14418647.738241762,"size":30},"n=500000 options=\"false\" type=\"Unzip\"":{"mean":211597.3777281372,"sqsum":215686938.27140707,"variance":7437480.630048519,"size":30},"n=500000 options=\"true\" type=\"BrotliCompress\"":{"mean":177180.5147952435,"sqsum":261041661.49525142,"variance":9001436.603284532,"size":30},"n=500000 options=\"false\" type=\"BrotliCompress\"":{"mean":191398.63055329336,"sqsum":330480016.7008978,"variance":11395862.644858545,"size":30},"n=500000 options=\"true\" type=\"BrotliDecompress\"":{"mean":174414.77937406494,"sqsum":280449240.70987916,"variance":9670663.472754452,"size":30},"n=500000 options=\"false\" type=\"BrotliDecompress\"":{"mean":189361.39016637308,"sqsum":275809233.7725771,"variance":9510663.233537141,"size":30}},"deflate":{"inputLen=1024 method=\"createDeflate\" n=400000":{"mean":28534.607284528833,"sqsum":1859793115.0236242,"variance":64130797.06978015,"size":30},"inputLen=1024 method=\"deflate\" n=400000":{"mean":10294.714482013675,"sqsum":228323736.54679874,"variance":7873232.294717197,"size":30},"inputLen=1024 method=\"deflateSync\" n=400000":{"mean":47572.36500372478,"sqsum":4323420.39394394,"variance":149083.46186013587,"size":30}},"inflate":{"inputLen=1024 method=\"inflate\" n=400000":{"mean":17784.067943139707,"sqsum":240933234.0895055,"variance":8308042.554810534,"size":30},"inputLen=1024 method=\"inflateSync\" n=400000":{"mean":135760.42745562486,"sqsum":199076862.0967447,"variance":6864719.382646369,"size":30}},"pipe":{"algorithm=\"gzip\" duration=5 inputLen=1024 type=\"string\"":{"mean":0.05310257404968405,"sqsum":0.0010983144617711684,"variance":0.00003787291247486787,"size":30},"algorithm=\"brotli\" duration=5 inputLen=1024 type=\"string\"":{"mean":0.1255429269923791,"sqsum":0.01031870700426781,"variance":0.00035581748290578656,"size":30},"algorithm=\"gzip\" duration=5 inputLen=1024 type=\"buffer\"":{"mean":0.0768543818315675,"sqsum":0.01601141476619747,"variance":0.0005521177505585335,"size":30},"algorithm=\"brotli\" duration=5 inputLen=1024 type=\"buffer\"":{"mean":0.12746683221097152,"sqsum":0.01793414931255205,"variance":0.0006184189418121396,"size":30}}}