{"bench-env":{"n=1000000 operation=\"get\"":{"mean":2920753.1860126634,"sqsum":807239850189.0851,"variance":27835856903.0719,"size":30},"n=1000000 operation=\"set\"":{"mean":1918196.1359719788,"sqsum":1198760080717.4045,"variance":41336554507.496704,"size":30},"n=1000000 operation=\"enumerate\"":{"mean":20662.60669184023,"sqsum":11000563.587911615,"variance":379329.778893504,"size":30},"n=1000000 operation=\"query\"":{"mean":2991969.466326859,"sqsum":1472834892075.1646,"variance":50787410071.557396,"size":30},"n=1000000 operation=\"delete\"":{"mean":2272110.670244297,"sqsum":1069038612419.3599,"variance":36863400428.25379,"size":30}},"bench-hrtime":{"n=1000000 type=\"raw\"":{"mean":17288976.840345033,"sqsum":2698550932395.8574,"variance":93053480427.44336,"size":30},"n=1000000 type=\"diff\"":{"mean":15506999.475956045,"sqsum":31821199127813.535,"variance":1097282728545.2943,"size":30},"n=1000000 type=\"bigint\"":{"mean":17893524.624448758,"sqsum":6278283047510.545,"variance":216492518879.67395,"size":30}},"coverage":{"n=100000":{"mean":290128.11959309515,"sqsum":402936254.77687085,"variance":13894353.612995546,"size":30}},"memoryUsage":{"n=100000":{"mean":105292.15495895692,"sqsum":74979781.22139232,"variance":2585509.6972893905,"size":30}},"next-tick-breadth-args":{"n=10000000":{"mean":1731036.2073067809,"sqsum":24432545638.600178,"variance":842501573.7448337,"size":30}},"next-tick-breadth":{"n=10000000":{"mean":4093064.6725894967,"sqsum":49762675022.48551,"variance":1715954311.1201901,"size":30}},"next-tick-depth-args":{"n=7000000":{"mean":6536206.359644445,"sqsum":1530559103622.6587,"variance":52777900124.919266,"size":30}},"next-tick-depth":{"n=7000000":{"mean":9053160.724279199,"sqsum":820524096795.9729,"variance":28293934372.27493,"size":30}},"next-tick-exec-args":{"n=4000000":{"mean":26799977.101357237,"sqsum":6958626384678.889,"variance":239952633954.44446,"size":30}},"next-tick-exec":{"n=4000000":{"mean":30258974.81396446,"sqsum":1047266836388.3107,"variance":36112649530.6314,"size":30}},"queue-microtask-breadth":{"n=400000":{"mean":1967989.5163591232,"sqsum":11025294632.56459,"variance":380182573.53671,"size":30}},"queue-microtask-depth":{"n=1200000":{"mean":4242421.1081915535,"sqsum":2356838976626.375,"variance":81270309538.84052,"size":30}},"resourceUsage":{"n=100000":{"mean":715392.2409866484,"sqsum":3908696563.666997,"variance":134782640.12644818,"size":30}}}