{"defaultparams-bench":{"method=\"withoutdefaults\" n=100000000":{"mean":670857927.6942362,"sqsum":1245799916238862,"variance":42958617801340.07,"size":30},"method=\"withdefaults\" n=100000000":{"mean":670283906.2747037,"sqsum":1030431391555654.8,"variance":35532116950194.99,"size":30}},"destructuring-bench":{"method=\"swap\" n=100000000":{"mean":424771296.1456453,"sqsum":46486960283353.41,"variance":1602998630460.4624,"size":30},"method=\"destructure\" n=100000000":{"mean":285791206.69100785,"sqsum":41175889972625.85,"variance":1419858274918.1328,"size":30}},"destructuring-object-bench":{"method=\"normal\" n=100000000":{"mean":1660425024.3904295,"sqsum":7953234830823012,"variance":274249476924931.47,"size":30},"method=\"destructureObject\" n=100000000":{"mean":1667527383.2713346,"sqsum":7630763039734086,"variance":263129759990830.56,"size":30}},"foreach-bench":{"count=5 method=\"for\" n=5000000":{"mean":186721421.0366363,"sqsum":18268297061266.785,"variance":629941277974.7168,"size":30},"count=10 method=\"for\" n=5000000":{"mean":120177481.03630768,"sqsum":13490781624825.645,"variance":465199366373.2981,"size":30},"count=20 method=\"for\" n=5000000":{"mean":69311636.89699289,"sqsum":319437834106226.94,"variance":11015097727800.928,"size":30},"count=100 method=\"for\" n=5000000":{"mean":14280436.181544239,"sqsum":63510022641.471855,"variance":2190000780.740409,"size":30},"count=5 method=\"for-of\" n=5000000":{"mean":124287798.05808641,"sqsum":275715868115884.8,"variance":9507443728133.959,"size":30},"count=10 method=\"for-of\" n=5000000":{"mean":74388351.52765843,"sqsum":1322413690213436,"variance":45600472076325.375,"size":30},"count=20 method=\"for-of\" n=5000000":{"mean":29543629.238693662,"sqsum":3108963014819.5103,"variance":107205621200.67278,"size":30},"count=100 method=\"for-of\" n=5000000":{"mean":12613103.009962004,"sqsum":47773255255.700424,"variance":1647353629.5069113,"size":30},"count=5 method=\"for-in\" n=5000000":{"mean":3526363.1986548603,"sqsum":4462336461.8572235,"variance":153873671.09852496,"size":30},"count=10 method=\"for-in\" n=5000000":{"mean":2194819.85553291,"sqsum":2950709781.2244015,"variance":101748613.14566901,"size":30},"count=20 method=\"for-in\" n=5000000":{"mean":1309291.4603276185,"sqsum":560854746.7695032,"variance":19339818.854120802,"size":30},"count=100 method=\"for-in\" n=5000000":{"mean":325089.93490736274,"sqsum":47270396.57300972,"variance":1630013.6749313697,"size":30},"count=5 method=\"forEach\" n=5000000":{"mean":144148957.7183918,"sqsum":608866424051342.2,"variance":20995393932804.906,"size":30},"count=10 method=\"forEach\" n=5000000":{"mean":107257293.03690408,"sqsum":85759185148428.36,"variance":2957213280980.288,"size":30},"count=20 method=\"forEach\" n=5000000":{"mean":80318162.480415,"sqsum":31057997859756.766,"variance":1070965443439.8885,"size":30},"count=100 method=\"forEach\" n=5000000":{"mean":22988494.77576341,"sqsum":507517781037.9369,"variance":17500613139.239204,"size":30}},"map-bench":{"method=\"object\" n=1000000":{"mean":491960.41495974,"sqsum":160501762.64163485,"variance":5534543.539366719,"size":30},"method=\"nullProtoObject\" n=1000000":{"mean":510461.54470106284,"sqsum":315385381.1652677,"variance":10875357.97121613,"size":30},"method=\"nullProtoLiteralObject\" n=1000000":{"mean":510542.82764518855,"sqsum":171846550.18118006,"variance":5925743.109695864,"size":30},"method=\"storageObject\" n=1000000":{"mean":505381.7977209644,"sqsum":506542946.69990087,"variance":17466998.162065547,"size":30},"method=\"fakeMap\" n=1000000":{"mean":447800.2035959215,"sqsum":77667250.96021663,"variance":2678181.0675936765,"size":30},"method=\"map\" n=1000000":{"mean":884747.6885039445,"sqsum":513695380.3745743,"variance":17713633.806019805,"size":30}},"restparams-bench":{"method=\"copy\" n=100000000":{"mean":40608478.7806781,"sqsum":1203119567505.7534,"variance":41486881638.129425,"size":30},"method=\"rest\" n=100000000":{"mean":184725246.30488274,"sqsum":1164178511926345,"variance":40144086618149.83,"size":30},"method=\"arguments\" n=100000000":{"mean":183978815.39660183,"sqsum":1173409996816484.8,"variance":40462413683327.06,"size":30}},"spread-assign":{"count=5 method=\"spread\" n=1000000":{"mean":36876479.27121937,"sqsum":3620253318978.62,"variance":124836321344.09035,"size":30},"count=10 method=\"spread\" n=1000000":{"mean":29419549.55312805,"sqsum":503680479522.14325,"variance":17368292397.315285,"size":30},"count=20 method=\"spread\" n=1000000":{"mean":161226.61279723764,"sqsum":416188027.49189955,"variance":14351311.292824123,"size":30},"count=5 method=\"assign\" n=1000000":{"mean":7881004.579051052,"sqsum":177394173937.63623,"variance":6117040480.608147,"size":30},"count=10 method=\"assign\" n=1000000":{"mean":3949034.3819673453,"sqsum":13899837451.04776,"variance":479304739.69130206,"size":30},"count=20 method=\"assign\" n=1000000":{"mean":132913.34463825866,"sqsum":186697023.0194737,"variance":6437828.379981852,"size":30},"count=5 method=\"_extend\" n=1000000":{"mean":5025650.262344687,"sqsum":9130322187.31533,"variance":314838696.11432177,"size":30},"count=10 method=\"_extend\" n=1000000":{"mean":2596741.1517122523,"sqsum":1831639776.3633747,"variance":63159992.28839223,"size":30},"count=20 method=\"_extend\" n=1000000":{"mean":420668.87519588636,"sqsum":1292807319.8745031,"variance":44579562.75429321,"size":30}},"spread-bench":{"context=\"context\" count=5 method=\"apply\" n=5000000 rest=0":{"mean":47014097.675723016,"sqsum":9795680702815.17,"variance":337782093200.52313,"size":30},"context=\"context\" count=5 method=\"apply\" n=5000000 rest=1":{"mean":46834317.288037956,"sqsum":12520011922654.273,"variance":431724549057.0439,"size":30},"context=\"null\" count=5 method=\"apply\" n=5000000 rest=0":{"mean":47445451.7495573,"sqsum":21300810598178.633,"variance":734510710282.0219,"size":30},"context=\"null\" count=5 method=\"apply\" n=5000000 rest=1":{"mean":46615932.20240074,"sqsum":5081485128226.8,"variance":175223625111.26898,"size":30},"context=\"context\" count=10 method=\"apply\" n=5000000 rest=0":{"mean":39066679.48136381,"sqsum":7678749589591.469,"variance":264784468606.60236,"size":30},"context=\"context\" count=10 method=\"apply\" n=5000000 rest=1":{"mean":38781279.2839382,"sqsum":57583198932004.69,"variance":1985627549379.472,"size":30},"context=\"null\" count=10 method=\"apply\" n=5000000 rest=0":{"mean":38926660.11519384,"sqsum":3491974748661.507,"variance":120412922367.63817,"size":30},"context=\"null\" count=10 method=\"apply\" n=5000000 rest=1":{"mean":38586440.468433775,"sqsum":56753679309019.98,"variance":1957023424448.9646,"size":30},"context=\"context\" count=20 method=\"apply\" n=5000000 rest=0":{"mean":31969829.0403742,"sqsum":2413580821283.82,"variance":83226924871.85585,"size":30},"context=\"context\" count=20 method=\"apply\" n=5000000 rest=1":{"mean":31901763.728559487,"sqsum":3544330386124.1816,"variance":122218289176.6959,"size":30},"context=\"null\" count=20 method=\"apply\" n=5000000 rest=0":{"mean":31946626.34022498,"sqsum":5787846786727.504,"variance":199580923680.25876,"size":30},"context=\"null\" count=20 method=\"apply\" n=5000000 rest=1":{"mean":31766219.947830796,"sqsum":4216964983645.4985,"variance":145412585642.9482,"size":30},"context=\"context\" count=5 method=\"spread\" n=5000000 rest=0":{"mean":51113306.49169772,"sqsum":11230320149111.17,"variance":387252418934.8679,"size":30},"context=\"context\" count=5 method=\"spread\" n=5000000 rest=1":{"mean":48235558.861006476,"sqsum":6281451281523.201,"variance":216601768328.38623,"size":30},"context=\"null\" count=5 method=\"spread\" n=5000000 rest=0":{"mean":58731880.03341003,"sqsum":16455994852759.59,"variance":567448098371.0204,"size":30},"context=\"null\" count=5 method=\"spread\" n=5000000 rest=1":{"mean":54779091.31680041,"sqsum":10708101316331.705,"variance":369244872976.9554,"size":30},"context=\"context\" count=10 method=\"spread\" n=5000000 rest=0":{"mean":40370625.28557084,