{"array-vs-concat":{"chunks=1 dur=5 len=64 num=100 type=\"concat\"":{"mean":0.12193232086221197,"sqsum":0.00010155377856532844,"variance":0.00000350185443328719,"size":30},"chunks=1 dur=5 len=64 num=100 type=\"multi\"":{"mean":0.12364329238699416,"sqsum":0.00014010545766789725,"variance":0.00000483122267820335,"size":30},"chunks=2 dur=5 len=64 num=100 type=\"concat\"":{"mean":0.11756048828553409,"sqsum":0.00009203399200134952,"variance":0.00000317358593108102,"size":30},"chunks=2 dur=5 len=64 num=100 type=\"multi\"":{"mean":0.11564629768432065,"sqsum":0.00007080375053466665,"variance":0.00000244150863912644,"size":30},"chunks=4 dur=5 len=64 num=100 type=\"concat\"":{"mean":0.11085906180973853,"sqsum":0.00007057659002031973,"variance":0.00000243367551794206,"size":30},"chunks=4 dur=5 len=64 num=100 type=\"multi\"":{"mean":0.10476360988261701,"sqsum":0.000055798047388410047,"variance":0.00000192407059960035,"size":30},"chunks=8 dur=5 len=64 num=100 type=\"concat\"":{"mean":0.100798959273739,"sqsum":0.00007390823733966624,"variance":0.00000254855990826435,"size":30},"chunks=8 dur=5 len=64 num=100 type=\"multi\"":{"mean":0.08665690541580184,"sqsum":0.000055523998679973554,"variance":0.00000191462064413702,"size":30},"chunks=1 dur=5 len=256 num=100 type=\"concat\"":{"mean":0.47885629668879237,"sqsum":0.0016482360966414307,"variance":0.00005683572747039416,"size":30},"chunks=1 dur=5 len=256 num=100 type=\"multi\"":{"mean":0.490702798770268,"sqsum":0.0011349584676020549,"variance":0.00003913649888282948,"size":30},"chunks=2 dur=5 len=256 num=100 type=\"concat\"":{"mean":0.4634381097484365,"sqsum":0.001474260596071247,"variance":0.00005083657227831886,"size":30},"chunks=2 dur=5 len=256 num=100 type=\"multi\"":{"mean":0.4593688019505843,"sqsum":0.0014028881171565162,"variance":0.00004837545231574194,"size":30},"chunks=4 dur=5 len=256 num=100 type=\"concat\"":{"mean":0.4387684553031,"sqsum":0.0023356265271437977,"variance":0.00008053884576357921,"size":30},"chunks=4 dur=5 len=256 num=100 type=\"multi\"":{"mean":0.4149119418277356,"sqsum":0.00042699531350761445,"variance":0.00001472397632784877,"size":30},"chunks=8 dur=5 len=256 num=100 type=\"concat\"":{"mean":0.39815035872699467,"sqsum":0.0006908103843277225,"variance":0.0000238210477354387,"size":30},"chunks=8 dur=5 len=256 num=100 type=\"multi\"":{"mean":0.34150758465075165,"sqsum":0.0010577496860288268,"variance":0.0000364741271044423,"size":30},"chunks=1 dur=5 len=512 num=100 type=\"concat\"":{"mean":0.9228320385558423,"sqsum":0.006761964752994749,"variance":0.00023317119837912927,"size":30},"chunks=1 dur=5 len=512 num=100 type=\"multi\"":{"mean":0.9802586248848045,"sqsum":0.006267950183882723,"variance":0.00021613621323733528,"size":30},"chunks=2 dur=5 len=512 num=100 type=\"concat\"":{"mean":0.8938881884771435,"sqsum":0.00625928475510554,"variance":0.00021583740534846692,"size":30},"chunks=2 dur=5 len=512 num=100 type=\"multi\"":{"mean":0.9159052970063356,"sqsum":0.00557279522120187,"variance":0.0001921653524552369,"size":30},"chunks=4 dur=5 len=512 num=100 type=\"concat\"":{"mean":0.8416303808052946,"sqsum":0.003156834111798252,"variance":0.00010885634868269834,"size":30},"chunks=4 dur=5 len=512 num=100 type=\"multi\"":{"mean":0.8242027362052107,"sqsum":0.003540846948635873,"variance":0.0001220981706426163,"size":30},"chunks=8 dur=5 len=512 num=100 type=\"concat\"":{"mean":0.7708623235462826,"sqsum":0.0022045858507173297,"variance":0.00007602020174887343,"size":30},"chunks=8 dur=5 len=512 num=100 type=\"multi\"":{"mean":0.6753570619418161,"sqsum":0.0034841613430206843,"variance":0.00012014349458692014,"size":30},"chunks=1 dur=5 len=1024 num=100 type=\"concat\"":{"mean":1.7835117449889648,"sqsum":0.016346415094168246,"variance":0.0005636694860058016,"size":30},"chunks=1 dur=5 len=1024 num=100 type=\"multi\"":{"mean":1.940410672056294,"sqsum":0.036449283508209494,"variance":0.0012568718451106723,"size":30},"chunks=2 dur=5 len=1024 num=100 type=\"concat\"":{"mean":1.7267570964966545,"sqsum":0.021426505553315472,"variance":0.0007388450190798438,"size":30},"chunks=2 dur=5 len=1024 num=100 type=\"multi\"":{"mean":1.8189947194592886,"sqsum":0.020986967206962734,"variance":0.0007236885243780253,"size":30},"chunks=4 dur=5 len=1024 num=100 type=\"concat\"":{"mean":1.6452603054101973,"sqsum":0.01352454201870841,"variance":0.0004663635178864969,"size":30},"chunks=4 dur=5 len=1024 num=100 type=\"multi\"":{"mean":1.6462755676601641,"sqsum":0.007875794964130444,"variance":0.00027157913669415327,"size":30},"chunks=8 dur=5 len=1024 num=100 type=\"concat\"":{"mean":1.5003478340538636,"sqsum":0.008417530901609118,"variance":0.00029025968626238336,"size":30},"chunks=8 dur=5 len=1024 num=100 type=\"multi\"":{"mean":1.3486456214065778,"sqsum":0.006506818706273005,"variance":0.00022437305883700015,"size":30}},"bind-params":{"address=\"true\" n=10000 port=\"true\"":{"mean":281043.1735543754,"sqsum":830815975.7988484,"variance":28648826.751684427,"size":30},"address=\"false\" n=10000 port=\"true\"":{"mean":280186.7974208035,"sqsum":408965568.21885425,"variance":14102260.97306394,"size":30},"address=\"false\" n=10000 port=\"false\"":{"mean":281820.9084331306,"sqsum":446468039.727281,"variance":15395449.645768309,"size":30}},"multi-buffer":{"chunks=1 dur=5 len=64 num=100 type=\"send\"":{"mean":0.12382739949658719,"sqsum":0.00008986454601887172,"variance":0.00000309877744892661,"size":30},"chunks=1 dur=5 len=64 num=100 type=\"recv\"":{"mean":0.03962153797276466,"sqsum":0.000007628814267562296,"variance":2.6306256095042e-7,"size":30},"chunks=2 dur=5 len=64 num=100 type=\"send\"":{"mean":0.1160481044238903,"sqsum":0.00008245655348498454,"variance":0.00000284332943051671,"size":30},"chunks=2 dur=5 len=64 num=100 type=\"recv\"":{"mean":0.03699522129906651,"sqsum":0.000010213720579326009,"variance":3.5219726135607e-7,"size":30},"chunks=4 dur=5 len=64 num=100 type=\"send\"":{"mean":0.10442412767539606,"sqsum":0.00006486134647473455,"variance":0.00000223659815430119,"size":30},"chunks=4 dur=5 len=64 num=100 type=\"recv\"":{"mean":0.0333496204255994,"sqsum":0.000007877856810821992,"variance":2.7165023485593e-7,"size":30},"chunks=8 dur=5 len=64 num=100 type=\"send\"":{"mean":0.08633218180912752,"sqsum":0.000068076230318124,"variance":0.00000234745621786635,"size":30},"chunks=8 dur=5 len=64 num=100 type=\"recv\"":{"mean":0.027626340617111236,"sqsum":0.000004106739437194241,"variance":1.4161170473084e-7,"size":30},"chunks=1 dur=5 len=256 num=100 type=\"send\"":{"mean":0.4899617651101099,"sqsum":0.003059995723266874,"variance":0.00010551709390575428,"size":30},"chunks=1 dur=5 len=256 num=100 type=\"recv\"":{"mean":0.15741176742263868,"sqsum":0.00015604153513176927,"variance":0.00000538074259075066,"size":30},"chunks=2 dur=5 len=256 num=100 type=\"send\"":{"mean":0.4607978168127742,"sqsum":0.001060221902446895,"variance":0.00003655937594644466,"size":30},"chunks=2 dur=5 len=256 num=100 type=\"recv\"":{"mean":0.1479137726905647,"sqsum":0.00012800613639514123,"variance":0.00000441400470328073,"size":30},"chunks=4 dur=5 len=256 num=100 type=\"send\"":{"mean":0.41427702587603465,"sqsum":0.0010771131602166518,"variance":0.00003714183311091903,"size":30},"chunks=4 dur=5 len=256 num=100 type=\"recv\"":{"mean":0.13235238648682304,"sqsum":0.00010692299719725658,"variance":0.00000368699990335368,"size":30},"chunks=8 dur=5 len=256 num=100 type=\"send\"":{"mean":0.3410477696418514,"sqsum":0.0008228846832719445,"variance":0.00002837533390592912,"size":30},"chunks=8 dur=5 len=256 num=100 type=\"recv\"":{"mean":0.10880972336957818,"sqsum":0.00015222756792289394,"variance":0.00000524922648009979,"size":30},"chunks=1 dur=5 len=1024 num=100 type=\"send\"":{"mean":1.9490895267531692,"sqsum":0.01645527568459355,"variance":0.0005674232994687432,"size":30},"chunks=1 dur=5 len=1024 num=100 type=\"recv\"":{"mean":0.6248036383781704,"sqsum":0.002353302653470853,"variance":0.0000811483673610639,"size":30},