{"arguments":{"method=\"restAndSpread\" n=1000000":{"mean":4950500.26554376,"sqsum":98440530920.19287,"variance":3394501066.213547,"size":30},"method=\"argumentsAndApply\" n=1000000":{"mean":4976917.427310189,"sqsum":21572555356.705837,"variance":743881219.1967529,"size":30},"method=\"restAndApply\" n=1000000":{"mean":4967118.52911334,"sqsum":69922735788.85672,"variance":2411128820.3054037,"size":30},"method=\"predefined\" n=1000000":{"mean":5004750.477793703,"sqsum":29601985105.45215,"variance":1020758107.0845568,"size":30}},"freelist":{"n=100000":{"mean":180552.64656749082,"sqsum":11176372.0887761,"variance":385392.14099227934,"size":30}},"getstringwidth":{"n=100000 type=\"ascii\"":{"mean":283611.0148131264,"sqsum":16922649.694304813,"variance":583539.6446312005,"size":30},"n=100000 type=\"mixed\"":{"mean":153054.8429748711,"sqsum":3933817.813209217,"variance":135648.89011066264,"size":30},"n=100000 type=\"emojiseq\"":{"mean":202982.33182087576,"sqsum":14186105.30965466,"variance":489176.0451605055,"size":30},"n=100000 type=\"fullwidth\"":{"mean":280189.1401590998,"sqsum":45600343.398937225,"variance":1572425.634446111,"size":30}},"hidestackframes":{"n=100000 type=\"hide-stackframes-throw\"":{"mean":115729.87708643886,"sqsum":128128289.49895023,"variance":4418216.879274146,"size":30},"n=100000 type=\"direct-call-throw\"":{"mean":115896.02979260059,"sqsum":85817449.23070334,"variance":2959222.3872656324,"size":30},"n=100000 type=\"hide-stackframes-noerr\"":{"mean":64099046.67894513,"sqsum":36011465274094.375,"variance":1241774664623.944,"size":30},"n=100000 type=\"direct-call-noerr\"":{"mean":63774836.3433556,"sqsum":40399745786776.266,"variance":1393094682302.6296,"size":30}},"object-property-bench":{"method=\"property\" n=1000000000":{"mean":1156791302.126934,"sqsum":47212495763723.96,"variance":1628017095300.8262,"size":30},"method=\"string\" n=1000000000":{"mean":1158565281.2359185,"sqsum":82338972347477.42,"variance":2839274908533.704,"size":30},"method=\"variable\" n=1000000000":{"mean":1158342180.3893409,"sqsum":74346739407495.77,"variance":2563680669223.9917,"size":30},"method=\"symbol\" n=1000000000":{"mean":1158903061.26235,"sqsum":66913421465152.58,"variance":2307359360867.33,"size":30}},"print":{"code=\"1\" dur=1":{"mean":28.512886268152783,"sqsum":0.5450807371670572,"variance":0.018795887488519212,"size":30},"code=\"\\\"string\\\"\" dur=1":{"mean":28.47861129785942,"sqsum":0.515444501352688,"variance":0.017773948322506485,"size":30},"code=\"process.versions\" dur=1":{"mean":28.441289073992568,"sqsum":0.6115357074835236,"variance":0.02108743818908702,"size":30},"code=\"process\" dur=1":{"mean":28.350800105862376,"sqsum":0.733492476020769,"variance":0.025292844000716172,"size":30}},"punycode":{"method=\"punycode\" n=1024 val=\"افغانستا.icom.museum\"":{"mean":170616.9106684088,"sqsum":457828610.9796482,"variance":15787193.482056834,"size":30},"method=\"punycode\" n=1024 val=\"الجزائر.icom.museum\"":{"mean":175429.44757967774,"sqsum":1172511845.952818,"variance":40431442.96389027,"size":30},"method=\"punycode\" n=1024 val=\"österreich.icom.museum\"":{"mean":154680.64036153723,"sqsum":85501076.64385948,"variance":2948312.9877192923,"size":30},"method=\"punycode\" n=1024 val=\"বাংলাদেশ.icom.museum\"":{"mean":166619.84100775866,"sqsum":571398792.1288466,"variance":19703406.625132643,"size":30},"method=\"punycode\" n=1024 val=\"беларусь.icom.museum\"":{"mean":167014.12494655632,"sqsum":466380880.6062641,"variance":16082099.331250487,"size":30},"method=\"punycode\" n=1024 val=\"belgië.icom.museum\"":{"mean":154581.64411320715,"sqsum":93600409.07419221,"variance":3227600.3129031793,"size":30},"method=\"punycode\" n=1024 val=\"българия.icom.museum\"":{"mean":167973.68768163773,"sqsum":282111317.59265214,"variance":9727976.468712142,"size":30},"method=\"punycode\" n=1024 val=\"تشادر.icom.museum\"":{"mean":184146.3214907678,"sqsum":444185946.8441064,"variance":15316756.787727807,"size":30},"method=\"punycode\" n=1024 val=\"中国.icom.museum\"":{"mean":156863.30260087192,"sqsum":109872003.55203782,"variance":3788689.7776564765,"size":30},"method=\"punycode\" n=1024 val=\"القمر.icom.museum\"":{"mean":185033.32587569766,"sqsum":868241741.8380373,"variance":29939370.40820818,"size":30},"method=\"punycode\" n=1024 val=\"κυπρος.icom.museum\"":{"mean":181805.78239783607,"sqsum":1603134054.7403126,"variance":55280484.646217674,"size":30},"method=\"punycode\" n=1024 val=\"českárepublika.icom.museum\"":{"mean":175564.78332098198,"sqsum":678691731.2402261,"variance":23403163.146214698,"size":30},"method=\"punycode\" n=1024 val=\"مصر.icom.museum\"":{"mean":161670.60253288774,"sqsum":216406915.21911308,"variance":7462307.421348726,"size":30},"method=\"punycode\" n=1024 val=\"ελλάδα.icom.museum\"":{"mean":183272.3551962215,"sqsum":639407696.0004357,"variance":22048541.241394334,"size":30},"method=\"punycode\" n=1024 val=\"magyarország.icom.museum\"":{"mean":155695.58746755784,"sqsum":115767552.44933146,"variance":3991984.567218326,"size":30},"method=\"punycode\" n=1024 val=\"ísland.icom.museum\"":{"mean":154179.84791211513,"sqsum":159091197.53280872,"variance":5485903.363200301,"size":30},"method=\"punycode\" n=1024 val=\"भारत.icom.museum\"":{"mean":172915.42259831054,"sqsum":415635573.334701,"variance":14332261.149472449,"size":30},"method=\"punycode\" n=1024 val=\"ايران.icom.museum\"":{"mean":169997.50365455277,"sqsum":311275669.92296964,"variance":10733643.790447228,"size":30},"method=\"punycode\" n=1024 val=\"éire.icom.museum\"":{"mean":155042.50333463255,"sqsum":255239766.73854548,"variance":8801371.266846396,"size":30},"method=\"punycode\" n=1024 val=\"איקו״ם.ישראל.museum\"":{"mean":140897.4368358988,"sqsum":148746940.9375515,"variance":5129204.8599155685,"size":30},"method=\"punycode\" n=1024 val=\"日本.icom.museum\"":{"mean":157729.41260321613,"sqsum":80771919.70946798,"variance":2785238.6106713098,"size":30},"method=\"punycode\" n=1024 val=\"الأردن.icom.museum\"":{"mean":179852.21285524472,"sqsum":438341918.71609557,"variance":15115238.576417089,"size":30},"method=\"icu\" n=1024 val=\"افغانستا.icom.museum\"":{"mean":373780.94905918156,"sqsum":1146082424.656393,"variance":39520083.60884114,"size":30},"method=\"icu\" n=1024 val=\"الجزائر.icom.museum\"":{"mean":409140.935876602,"sqsum":1431421229.8941345,"variance":49359352.754970156,"size":30},"method=\"icu\" n=1024 val=\"österreich.icom.museum\"":{"mean":459652.6828749984,"sqsum":2436877350.705488,"variance":84030253.47260304,"size":30},"method=\"icu\" n=1024 val=\"বাংলাদেশ.icom.museum\"":{"mean":340883.96408741747,"sqsum":774784182.8387707,"variance":26716695.959957615,"size":30},"method=\"icu\" n=1024 val=\"беларусь.icom.museum\"":{"mean":376302.43413079664,"sqsum":1481999966.577992,"variance":51103447.12337903,"size":30},"method=\"icu\" n=1024 val=\"belgië.icom.museum\"":{"mean":495433.78748430725,"sqsum":2122663592.7899024,"variance":73195296.3031001,"size":30},"method=\"icu\" n=1024 val=\"българия.icom.museum\"":{"mean":372390.40062342136,"sqsum":990283403.4855644,"variance":34147703.568467736,"size":30},"method=\"icu\" n=1024 val=\"تشادر.icom.museum\"":{"mean":447168.4930498598,"sqsum":1981398464.3625095,"variance":68324084.97801757,"size":30},"method=\"icu\" n=1024 val=\"中国.icom.museum\"":{"mean":501696.58737355564,"sqsum":2677684906.967875,"variance":92333962.30923708,"size":30},"method=\"icu\" n=1024 val=\"القمر.icom.museum\"":{"mean":443402.8476756766,"sqsum":3060054317.2878866,"variance":105519114.38923748,"size":30},"method=\"icu\" n=1024 val=\"κυπρος.icom.museum\"":{"mean":429895.8999019874,"sqsum":1829704555.388239,"variance":63093260.530628935,"size":30},"method=\"icu\" n=1024 val=\"českárepublika.icom.museum\"":{"mean":406644.0843453316,"sqsum":1538743065.7529128,"variance":53060105.71561768,"size":30},"method=\"icu\" n=1024 val=\"مصر.icom.museum\"":{"mean":488188.7977731585,"sqsum":1515479083.2237647,"variance":52257899.42150913,"size":30},