{"createInflate":{"chunkLen=1024 inputLen=16777216 n=100":{"mean":71.14249247925908,"sqsum":152.83167368196544,"variance":5.270057713171222,"size":30}},"creation":{"n=500000 options=\"true\" type=\"Deflate\"":{"mean":321171.35490992566,"sqsum":2306668919.242729,"variance":79540307.5600941,"size":30},"n=500000 options=\"false\" type=\"Deflate\"":{"mean":320575.7903489783,"sqsum":1455617334.7384572,"variance":50193701.19787784,"size":30},"n=500000 options=\"true\" type=\"DeflateRaw\"":{"mean":320271.9841002989,"sqsum":1889032855.7462246,"variance":65139063.99124912,"size":30},"n=500000 options=\"false\" type=\"DeflateRaw\"":{"mean":323916.3237135916,"sqsum":4287968231.1078534,"variance":147860973.4864777,"size":30},"n=500000 options=\"true\" type=\"Inflate\"":{"mean":319313.30803061154,"sqsum":3069213873.05728,"variance":105834961.13990621,"size":30},"n=500000 options=\"false\" type=\"Inflate\"":{"mean":320780.28169035725,"sqsum":2048528937.1996171,"variance":70638928.86895232,"size":30},"n=500000 options=\"true\" type=\"InflateRaw\"":{"mean":315356.5358913989,"sqsum":2053429521.7906947,"variance":70807914.54450671,"size":30},"n=500000 options=\"false\" type=\"InflateRaw\"":{"mean":319869.96225692343,"sqsum":878889743.4617447,"variance":30306542.877991196,"size":30},"n=500000 options=\"true\" type=\"Gzip\"":{"mean":315234.86771728634,"sqsum":1845045642.7034445,"variance":63622263.54149808,"size":30},"n=500000 options=\"false\" type=\"Gzip\"":{"mean":321331.64607600693,"sqsum":2341073604.7351217,"variance":80726676.02534902,"size":30},"n=500000 options=\"true\" type=\"Gunzip\"":{"mean":319384.3239911971,"sqsum":3643183863.7346954,"variance":125627029.78395502,"size":30},"n=500000 options=\"false\" type=\"Gunzip\"":{"mean":320086.5150128918,"sqsum":3552590699.1075172,"variance":122503127.55543163,"size":30},"n=500000 options=\"true\" type=\"Unzip\"":{"mean":320181.36756943987,"sqsum":3116170091.173552,"variance":107454141.07495007,"size":30},"n=500000 options=\"false\" type=\"Unzip\"":{"mean":321803.4643631211,"sqsum":1955351317.4963543,"variance":67425907.4998743,"size":30},"n=500000 options=\"true\" type=\"BrotliCompress\"":{"mean":291241.76118509454,"sqsum":821392309.9661254,"variance":28323872.7574526,"size":30},"n=500000 options=\"false\" type=\"BrotliCompress\"":{"mean":283759.9961048747,"sqsum":4256145058.2332506,"variance":146763622.6976983,"size":30},"n=500000 options=\"true\" type=\"BrotliDecompress\"":{"mean":295377.69717812137,"sqsum":691521600.4304852,"variance":23845572.428637423,"size":30},"n=500000 options=\"false\" type=\"BrotliDecompress\"":{"mean":290732.58792369324,"sqsum":2100893547.7234664,"variance":72444605.09391263,"size":30}},"deflate":{"inputLen=1024 method=\"createDeflate\" n=400000":{"mean":81785.82977920787,"sqsum":71449320.22719915,"variance":2463769.6630068673,"size":30},"inputLen=1024 method=\"deflate\" n=400000":{"mean":29844.109132107573,"sqsum":8401140.44871168,"variance":289694.4982314373,"size":30},"inputLen=1024 method=\"deflateSync\" n=400000":{"mean":88139.06700833284,"sqsum":25960865.27358519,"variance":895202.2508132823,"size":30}},"inflate":{"inputLen=1024 method=\"inflate\" n=400000":{"mean":48828.77709376956,"sqsum":25636961.13730436,"variance":884033.1426656676,"size":30},"inputLen=1024 method=\"inflateSync\" n=400000":{"mean":235600.89074552117,"sqsum":2623476976.073443,"variance":90464723.31287734,"size":30}},"pipe":{"algorithm=\"gzip\" duration=5 inputLen=1024 type=\"string\"":{"mean":0.3426427351028837,"sqsum":0.008617870991195837,"variance":0.00029716796521364955,"size":30},"algorithm=\"brotli\" duration=5 inputLen=1024 type=\"string\"":{"mean":0.2700879742347746,"sqsum":0.0009731043596283669,"variance":0.00003355532274580576,"size":30},"algorithm=\"gzip\" duration=5 inputLen=1024 type=\"buffer\"":{"mean":0.3676126773036357,"sqsum":0.0032958474008062347,"variance":0.00011364991037262879,"size":30},"algorithm=\"brotli\" duration=5 inputLen=1024 type=\"buffer\"":{"mean":0.27536745488104447,"sqsum":0.00015168333692259454,"variance":0.00000523045989388257,"size":30}}}