{"convertprotocols":{"n=1":{"mean":2482.4224024299174,"sqsum":708216.9834375735,"variance":24421.275290950813,"size":30},"n=50000":{"mean":595513.3428558008,"sqsum":2928107438.905,"variance":100969222.0312069,"size":30}},"secure-pair":{"dur=5 securing=\"SecurePair\" size=100":{"mean":334.0008322143621,"sqsum":66.0160738395496,"variance":2.2764163392948142,"size":30},"dur=5 securing=\"SecurePair\" size=1024":{"mean":368.21532900237077,"sqsum":21.72013404545425,"variance":0.7489701394984224,"size":30},"dur=5 securing=\"SecurePair\" size=1048576":{"mean":440.4481347501768,"sqsum":56.239073246576666,"variance":1.9392783878129884,"size":30},"dur=5 securing=\"TLSSocket\" size=100":{"mean":332.7631986123491,"sqsum":68.21047461942305,"variance":2.352085331704243,"size":30},"dur=5 securing=\"TLSSocket\" size=1024":{"mean":376.5458213755988,"sqsum":44.52337878518532,"variance":1.53528892362708,"size":30},"dur=5 securing=\"TLSSocket\" size=1048576":{"mean":447.5905359616572,"sqsum":27.803657194664485,"variance":0.9587467998160167,"size":30},"dur=5 securing=\"clear\" size=100":{"mean":242.52703358542996,"sqsum":501.7407112127845,"variance":17.301403834923605,"size":30},"dur=5 securing=\"clear\" size=1024":{"mean":1838.0665001978866,"sqsum":50320.328921099965,"variance":1735.1837558999987,"size":30},"dur=5 securing=\"clear\" size=1048576":{"mean":5794.621732443874,"sqsum":57154.997245526916,"variance":1970.8619739836868,"size":30}},"throughput":{"dur=5 size=100 type=\"buf\"":{"mean":370.0379972991766,"sqsum":52.66440391270996,"variance":1.8160139280244814,"size":30},"dur=5 size=1024 type=\"buf\"":{"mean":425.7455302846747,"sqsum":26.00694138079974,"variance":0.8967910820965428,"size":30},"dur=5 size=1048576 type=\"buf\"":{"mean":498.91387596111514,"sqsum":49.95829223210758,"variance":1.7226997321416406,"size":30},"dur=5 size=4194304 type=\"buf\"":{"mean":492.2578325461637,"sqsum":19.861153880004505,"variance":0.6848673751725691,"size":30},"dur=5 size=16777216 type=\"buf\"":{"mean":493.0792228222863,"sqsum":198.14106548040687,"variance":6.832450533807133,"size":30},"dur=5 size=100 type=\"asc\"":{"mean":300.2288375891452,"sqsum":326.67355665045733,"variance":11.264605401739908,"size":30},"dur=5 size=1024 type=\"asc\"":{"mean":413.07346359896906,"sqsum":53.814245854018075,"variance":1.8556636501385542,"size":30},"dur=5 size=1048576 type=\"asc\"":{"mean":495.2640969744308,"sqsum":36.09327908097651,"variance":1.2445958303785,"size":30},"dur=5 size=4194304 type=\"asc\"":{"mean":488.81413669467867,"sqsum":19.65399697367077,"variance":0.677724033574854,"size":30},"dur=5 size=16777216 type=\"asc\"":{"mean":485.0599930434964,"sqsum":67.9869852005346,"variance":2.344378800018435,"size":30},"dur=5 size=100 type=\"utf\"":{"mean":308.6639339503983,"sqsum":95.9461539075272,"variance":3.3084880657768,"size":30},"dur=5 size=1024 type=\"utf\"":{"mean":413.03649673515014,"sqsum":46.11717418890447,"variance":1.590247385824292,"size":30},"dur=5 size=1048576 type=\"utf\"":{"mean":463.60785410288764,"sqsum":29.376711062150683,"variance":1.0129900366258855,"size":30},"dur=5 size=4194304 type=\"utf\"":{"mean":457.6908315157917,"sqsum":79.20210839512005,"variance":2.731107186038622,"size":30},"dur=5 size=16777216 type=\"utf\"":{"mean":446.97449206298984,"sqsum":39.6531735998103,"variance":1.3673508137865622,"size":30}},"tls-connect":{"concurrency=1 dur=5":{"mean":296.91638394393317,"sqsum":21.101260053570883,"variance":0.7276296570196856,"size":30},"concurrency=10 dur=5":{"mean":304.9020313937134,"sqsum":44.824842266204904,"variance":1.5456842160760311,"size":30}}}