{"module-loader-circular":{"n=10000":{"mean":6246.671383925944,"sqsum":300039.57550481375,"variance":10346.192258786681,"size":30}},"module-loader-deep":{"cache=\"true\" ext=\"\" files=1000":{"mean":838190.7234087957,"sqsum":25699989752.223682,"variance":886206543.180127,"size":30},"cache=\"false\" ext=\"\" files=1000":{"mean":5679.82282361682,"sqsum":143106.290283242,"variance":4934.6996649393795,"size":30},"cache=\"true\" ext=\".js\" files=1000":{"mean":814841.4341329134,"sqsum":45634218878.33793,"variance":1573593754.4254458,"size":30},"cache=\"false\" ext=\".js\" files=1000":{"mean":5768.772053553245,"sqsum":166074.96662022683,"variance":5726.722986904373,"size":30}},"module-loader":{"cache=\"true\" dir=\"rel\" files=500 n=1 name=\"\"":{"mean":18623.926780845908,"sqsum":210215.64976353923,"variance":7248.81550908756,"size":30},"cache=\"false\" dir=\"rel\" files=500 n=1 name=\"\"":{"mean":4544.509431091855,"sqsum":51758.56055128797,"variance":1784.7779500444128,"size":30},"cache=\"true\" dir=\"rel\" files=500 n=1000 name=\"\"":{"mean":1916268.4721617855,"sqsum":15704784231.6927,"variance":541544283.8514724,"size":30},"cache=\"false\" dir=\"rel\" files=500 n=1000 name=\"\"":{"mean":1440011.2309234054,"sqsum":6633845854.629963,"variance":228753305.3320677,"size":30},"cache=\"true\" dir=\"abs\" files=500 n=1 name=\"\"":{"mean":18611.8626838615,"sqsum":391820.87582214945,"variance":13511.064683522394,"size":30},"cache=\"false\" dir=\"abs\" files=500 n=1 name=\"\"":{"mean":4606.0980481930455,"sqsum":72237.25106466259,"variance":2490.9396918849166,"size":30},"cache=\"true\" dir=\"abs\" files=500 n=1000 name=\"\"":{"mean":1924621.5921097193,"sqsum":3041660093.3599424,"variance":104884830.80551526,"size":30},"cache=\"false\" dir=\"abs\" files=500 n=1000 name=\"\"":{"mean":1445531.2207950568,"sqsum":1198531056.2633944,"variance":41328657.11253084,"size":30},"cache=\"true\" dir=\"rel\" files=500 n=1 name=\"/\"":{"mean":18653.912044632707,"sqsum":170852.3256394274,"variance":5891.459504807842,"size":30},"cache=\"false\" dir=\"rel\" files=500 n=1 name=\"/\"":{"mean":4710.364014835923,"sqsum":61862.67344298532,"variance":2133.195635965011,"size":30},"cache=\"true\" dir=\"rel\" files=500 n=1000 name=\"/\"":{"mean":1873498.195259698,"sqsum":47317543387.77182,"variance":1631639427.1645455,"size":30},"cache=\"false\" dir=\"rel\" files=500 n=1000 name=\"/\"":{"mean":1420165.6332677267,"sqsum":706759522.4616342,"variance":24371018.015918422,"size":30},"cache=\"true\" dir=\"abs\" files=500 n=1 name=\"/\"":{"mean":18645.003692730843,"sqsum":251964.87337164045,"variance":8688.443909366912,"size":30},"cache=\"false\" dir=\"abs\" files=500 n=1 name=\"/\"":{"mean":4780.183232564347,"sqsum":67874.32822129008,"variance":2340.4940765962097,"size":30},"cache=\"true\" dir=\"abs\" files=500 n=1000 name=\"/\"":{"mean":1851262.8228156134,"sqsum":21913414281.011227,"variance":755634975.2072837,"size":30},"cache=\"false\" dir=\"abs\" files=500 n=1000 name=\"/\"":{"mean":1432249.9929862404,"sqsum":1139502555.2839289,"variance":39293191.56151479,"size":30},"cache=\"true\" dir=\"rel\" files=500 n=1 name=\"/index.js\"":{"mean":18678.11807118491,"sqsum":202946.0103221113,"variance":6998.138286969355,"size":30},"cache=\"false\" dir=\"rel\" files=500 n=1 name=\"/index.js\"":{"mean":4922.517894703825,"sqsum":69738.29421486997,"variance":2404.7687660299985,"size":30},"cache=\"true\" dir=\"rel\" files=500 n=1000 name=\"/index.js\"":{"mean":1830332.1977274904,"sqsum":11870158188.298933,"variance":409315799.59651494,"size":30},"cache=\"false\" dir=\"rel\" files=500 n=1000 name=\"/index.js\"":{"mean":1411396.2072014224,"sqsum":814131160.873334,"variance":28073488.305977035,"size":30},"cache=\"true\" dir=\"abs\" files=500 n=1 name=\"/index.js\"":{"mean":18907.996963741694,"sqsum":2680499.309184698,"variance":92431.01066154131,"size":30},"cache=\"false\" dir=\"abs\" files=500 n=1 name=\"/index.js\"":{"mean":4985.676262706441,"sqsum":91820.2365140629,"variance":3166.215052209065,"size":30},"cache=\"true\" dir=\"abs\" files=500 n=1000 name=\"/index.js\"":{"mean":1809808.3289510969,"sqsum":7415232965.482335,"variance":255697688.4649081,"size":30},"cache=\"false\" dir=\"abs\" files=500 n=1000 name=\"/index.js\"":{"mean":1412735.8344270394,"sqsum":1239033786.1122553,"variance":42725302.96938812,"size":30}},"module-require":{"n=10000 type=\".js\"":{"mean":10458.298799517988,"sqsum":535286.7735939049,"variance":18458.164606686376,"size":30},"n=10000 type=\".json\"":{"mean":21247.892989412812,"sqsum":1989212.0542744396,"variance":68593.5191129117,"size":30},"n=10000 type=\"dir\"":{"mean":8809.604756862824,"sqsum":220396.06251545067,"variance":7599.864224670712,"size":30}}}