{"ee-add-remove":{"n=1000000 newListener=0 removeListener=0":{"mean":1204939.176748376,"sqsum":459521708.54889274,"variance":15845576.156858372,"size":30},"n=1000000 newListener=0 removeListener=1":{"mean":819110.3735272943,"sqsum":3310723245.920515,"variance":114162870.54898328,"size":30},"n=1000000 newListener=1 removeListener=0":{"mean":935656.4833916966,"sqsum":1153183118.133747,"variance":39764935.10806025,"size":30},"n=1000000 newListener=1 removeListener=1":{"mean":702872.5324450221,"sqsum":3525171578.7395263,"variance":121557640.64619057,"size":30}},"ee-emit":{"argc=0 listeners=1 n=2000000":{"mean":63318513.386077635,"sqsum":34812853291453.004,"variance":1200443216946.6553,"size":30},"argc=0 listeners=5 n=2000000":{"mean":15935751.290506298,"sqsum":13908227536252.807,"variance":479594052974.23474,"size":30},"argc=0 listeners=10 n=2000000":{"mean":9155850.534973443,"sqsum":81689100877.10768,"variance":2816865547.4864717,"size":30},"argc=2 listeners=1 n=2000000":{"mean":63105383.169961154,"sqsum":5958774833287.277,"variance":205474994251.28543,"size":30},"argc=2 listeners=5 n=2000000":{"mean":15918544.13206873,"sqsum":130393123100.01085,"variance":4496314589.655547,"size":30},"argc=2 listeners=10 n=2000000":{"mean":7742400.745741842,"sqsum":149645048692.63638,"variance":5160174092.849531,"size":30},"argc=4 listeners=1 n=2000000":{"mean":62787076.37318169,"sqsum":14411143544122.096,"variance":496935984280.07227,"size":30},"argc=4 listeners=5 n=2000000":{"mean":15919839.423914727,"sqsum":236406683856.84402,"variance":8151954615.753242,"size":30},"argc=4 listeners=10 n=2000000":{"mean":7372327.086932051,"sqsum":70498303757.76366,"variance":2430975991.6470222,"size":30},"argc=10 listeners=1 n=2000000":{"mean":62060929.92588044,"sqsum":13484912941189.43,"variance":464996997972.0493,"size":30},"argc=10 listeners=5 n=2000000":{"mean":14106450.837536836,"sqsum":1017472475916.0657,"variance":35085257790.20916,"size":30},"argc=10 listeners=10 n=2000000":{"mean":6851672.7070812015,"sqsum":39484853223.89503,"variance":1361546662.892932,"size":30}},"ee-listener-count-on-prototype":{"n=50000000":{"mean":76964791.78106777,"sqsum":135350012033020.11,"variance":4667241794242.072,"size":30}},"ee-listeners":{"listeners=5 n=5000000 raw=\"true\"":{"mean":53571005.43576006,"sqsum":73184226934898,"variance":2523594032237.862,"size":30},"listeners=5 n=5000000 raw=\"false\"":{"mean":28413895.10978914,"sqsum":3073875442581.9854,"variance":105995704916.6202,"size":30},"listeners=50 n=5000000 raw=\"true\"":{"mean":19291472.09146848,"sqsum":1776236493977.3225,"variance":61249534275.08009,"size":30},"listeners=50 n=5000000 raw=\"false\"":{"mean":5771606.343393678,"sqsum":24774001291.46773,"variance":854275906.6023356,"size":30}},"ee-once":{"argc=0 n=20000000":{"mean":7794352.329647152,"sqsum":23767727002.583397,"variance":819576793.192531,"size":30},"argc=1 n=20000000":{"mean":7663704.380290498,"sqsum":25134302489.719086,"variance":866700085.8523823,"size":30},"argc=4 n=20000000":{"mean":7562102.68554589,"sqsum":13722858172.702526,"variance":473202005.95525956,"size":30},"argc=5 n=20000000":{"mean":7482034.721613912,"sqsum":33893007150.458717,"variance":1168724384.4985764,"size":30}},"eventtarget":{"listeners=1 n=1000000":{"mean":3125434.521315378,"sqsum":16713061150.014229,"variance":576312453.4487666,"size":30},"listeners=5 n=1000000":{"mean":2678239.9403445404,"sqsum":34936428107.49978,"variance":1204704417.4999924,"size":30},"listeners=10 n=1000000":{"mean":2242737.996921301,"sqsum":13481305258.484537,"variance":464872595.12015647,"size":30}}}