{"format":{"n=100000 type=\"string\"":{"mean":5203403.84001127,"sqsum":51788554946.90559,"variance":1785812239.5484686,"size":30},"n=100000 type=\"string-2\"":{"mean":3629127.1873100107,"sqsum":7247977504.584914,"variance":249930258.77879015,"size":30},"n=100000 type=\"number\"":{"mean":4404114.537420451,"sqsum":21244792892.921497,"variance":732579065.2731551,"size":30},"n=100000 type=\"replace-object\"":{"mean":2232581.3364895224,"sqsum":321870827093.8392,"variance":11098994037.718592,"size":30},"n=100000 type=\"unknown\"":{"mean":7182605.49814099,"sqsum":53421265947.04969,"variance":1842112618.8637824,"size":30},"n=100000 type=\"no-replace\"":{"mean":4653588.171773118,"sqsum":27173312861.19425,"variance":937010788.3170431,"size":30},"n=100000 type=\"no-replace-2\"":{"mean":7883024.540161182,"sqsum":151206478294.17975,"variance":5214016492.902749,"size":30},"n=100000 type=\"only-objects\"":{"mean":462709.33404825535,"sqsum":248635684.62114343,"variance":8573644.297280809,"size":30},"n=100000 type=\"many-%\"":{"mean":2739224.3335830285,"sqsum":6623328782.217667,"variance":228390647.66267818,"size":30},"n=100000 type=\"object-to-string\"":{"mean":3725324.1382030207,"sqsum":110994578609.12299,"variance":3827399262.383551,"size":30},"n=100000 type=\"object-%s\"":{"mean":567697.9348700439,"sqsum":8580198908.032705,"variance":295868927.86319673,"size":30}},"inspect-array":{"len=100 n=500 type=\"denseArray\"":{"mean":17379.17766356284,"sqsum":160481.77660964796,"variance":5533.85436584993,"size":30},"len=100 n=500 type=\"sparseArray\"":{"mean":113601.06846616136,"sqsum":135984421.1765415,"variance":4689117.97160488,"size":30},"len=100 n=500 type=\"mixedArray\"":{"mean":17715.056081411454,"sqsum":426434.00590975955,"variance":14704.620893439984,"size":30},"len=100 n=500 type=\"denseArray_showHidden\"":{"mean":16479.58993524262,"sqsum":290308.1457957744,"variance":10010.62571709567,"size":30},"len=100000 n=500 type=\"denseArray\"":{"mean":16634.61710198883,"sqsum":288447.84357991716,"variance":9946.477364824728,"size":30},"len=100000 n=500 type=\"sparseArray\"":{"mean":4280.770976110702,"sqsum":22400.36741632321,"variance":772.4264626318347,"size":30},"len=100000 n=500 type=\"mixedArray\"":{"mean":3542.4494003980017,"sqsum":4380.948502623583,"variance":151.06718974564083,"size":30},"len=100000 n=500 type=\"denseArray_showHidden\"":{"mean":15452.891269118365,"sqsum":266069.2757703589,"variance":9174.802612770998,"size":30}},"inspect-proxy":{"isProxy=0 n=100000 showProxy=0":{"mean":444194.8352998885,"sqsum":1439586801.6977656,"variance":49640924.19647468,"size":30},"isProxy=1 n=100000 showProxy=0":{"mean":440214.78852511937,"sqsum":1484184711.8336165,"variance":51178783.16667643,"size":30},"isProxy=0 n=100000 showProxy=1":{"mean":444727.8636638951,"sqsum":1530915454.6644735,"variance":52790188.0918784,"size":30},"isProxy=1 n=100000 showProxy=1":{"mean":229052.2609346969,"sqsum":219448635.4454688,"variance":7567194.325705822,"size":30}},"inspect":{"method=\"Object\" n=20000 option=\"showHidden\"":{"mean":381788.84244198457,"sqsum":489823224.734338,"variance":16890456.025322,"size":30},"method=\"Object\" n=20000 option=\"colors\"":{"mean":223614.35726878766,"sqsum":429947080.9274862,"variance":14825761.411292627,"size":30},"method=\"Object\" n=20000 option=\"none\"":{"mean":411436.2090847569,"sqsum":159208714.08698064,"variance":5489955.658171746,"size":30},"method=\"Object_empty\" n=20000 option=\"showHidden\"":{"mean":1037150.302471708,"sqsum":12973858632.411917,"variance":447374435.60041094,"size":30},"method=\"Object_empty\" n=20000 option=\"colors\"":{"mean":1089238.0582726803,"sqsum":7500220323.049859,"variance":258628287.00171927,"size":30},"method=\"Object_empty\" n=20000 option=\"none\"":{"mean":1248127.6493047285,"sqsum":4070739735.240392,"variance":140370335.69794455,"size":30},"method=\"Object_deep_ln\" n=20000 option=\"showHidden\"":{"mean":182667.89010283418,"sqsum":48203655.51281673,"variance":1662195.0176833353,"size":30},"method=\"Object_deep_ln\" n=20000 option=\"colors\"":{"mean":91862.01346450574,"sqsum":18646194.676803976,"variance":642972.2302346199,"size":30},"method=\"Object_deep_ln\" n=20000 option=\"none\"":{"mean":194547.35724174118,"sqsum":73811984.9031961,"variance":2545240.8587308996,"size":30},"method=\"String\" n=20000 option=\"showHidden\"":{"mean":1577896.7158123762,"sqsum":6029792455.933249,"variance":207923877.7908017,"size":30},"method=\"String\" n=20000 option=\"colors\"":{"mean":1318443.201177971,"sqsum":2476110300.204478,"variance":85383113.8001544,"size":30},"method=\"String\" n=20000 option=\"none\"":{"mean":1859875.8589177856,"sqsum":13106554306.540714,"variance":451950148.5014039,"size":30},"method=\"String_complex\" n=20000 option=\"showHidden\"":{"mean":1019045.0173248205,"sqsum":1552099263.0228612,"variance":53520664.24216763,"size":30},"method=\"String_complex\" n=20000 option=\"colors\"":{"mean":906521.664408362,"sqsum":1780835927.4290786,"variance":61408135.42858892,"size":30},"method=\"String_complex\" n=20000 option=\"none\"":{"mean":1139380.285507112,"sqsum":3245737543.6804175,"variance":111921984.26484197,"size":30},"method=\"String_boxed\" n=20000 option=\"showHidden\"":{"mean":307766.7715674214,"sqsum":632784758.4974785,"variance":21820164.08611995,"size":30},"method=\"String_boxed\" n=20000 option=\"colors\"":{"mean":440326.07875165984,"sqsum":1022528660.4151249,"variance":35259608.9798319,"size":30},"method=\"String_boxed\" n=20000 option=\"none\"":{"mean":520195.66522019013,"sqsum":2882458833.7288866,"variance":99395132.19754782,"size":30},"method=\"Date\" n=20000 option=\"showHidden\"":{"mean":664075.374529618,"sqsum":3159835457.122041,"variance":108959843.3490359,"size":30},"method=\"Date\" n=20000 option=\"colors\"":{"mean":656919.5825997008,"sqsum":3806872923.811142,"variance":131271480.13141868,"size":30},"method=\"Date\" n=20000 option=\"none\"":{"mean":781825.9174675411,"sqsum":3225620163.9456067,"variance":111228281.51536575,"size":30},"method=\"Set\" n=20000 option=\"showHidden\"":{"mean":533157.2621970229,"sqsum":1465098086.9829233,"variance":50520623.68906632,"size":30},"method=\"Set\" n=20000 option=\"colors\"":{"mean":408730.409767691,"sqsum":1823478838.038645,"variance":62878580.62202224,"size":30},"method=\"Set\" n=20000 option=\"none\"":{"mean":593269.0434841352,"sqsum":554590068.1469321,"variance":19123795.453342486,"size":30},"method=\"Error\" n=20000 option=\"showHidden\"":{"mean":124959.07075194364,"sqsum":41961108.59729535,"variance":1446934.779217081,"size":30},"method=\"Error\" n=20000 option=\"colors\"":{"mean":336772.76714695495,"sqsum":958144889.1729908,"variance":33039478.936999682,"size":30},"method=\"Error\" n=20000 option=\"none\"":{"mean":489535.54085611895,"sqsum":430786090.895986,"variance":14854692.789516758,"size":30},"method=\"Array\" n=20000 option=\"showHidden\"":{"mean":72961.78802685822,"sqsum":3116045.3625311,"variance":107449.84008727931,"size":30},"method=\"Array\" n=20000 option=\"colors\"":{"mean":34551.759168856974,"sqsum":11011043.34070443,"variance":379691.1496794631,"size":30},"method=\"Array\" n=20000 option=\"none\"":{"mean":83483.47780288271,"sqsum":1013733.8898191483,"variance":34956.3410282465,"size":30},"method=\"TypedArray\" n=20000 option=\"showHidden\"":{"mean":146637.47589732127,"sqsum":51082081.675336584,"variance":1761451.0922529858,"size":30},"method=\"TypedArray\" n=20000 option=\"colors\"":{"mean":46135.474129896356,"sqsum":4036695.756505315,"variance":139196.405396735,"size":30},"method=\"TypedArray\" n=20000 option=\"none\"":{"mean":181844.4893166213,"sqsum":23050664.152441237,"variance":794850.4880152151,"size":30},"method=\"TypedArray_extra\" n=20000 option=\"showHidden\"":{"mean":117043.47637820535,"sqsum":53990541.60635834,"variance":1861742.8140123566,"size":30},"method=\"TypedArray_extra\" n=20000 option=\"colors\"":{"mean":38348.45611188994,"sqsum":1876783.5405540194,"variance":64716.67381220756,"size":30},