{"echo":{"n=100000 payload=\"string\" sendsPerBroadcast=1 serialization=\"json\" workers=1":{"mean":39234.50690805729,"sqsum":19999006.07493548,"variance":689620.8991357062,"size":30},"n=100000 payload=\"string\" sendsPerBroadcast=1 serialization=\"advanced\" workers=1":{"mean":29060.248151028907,"sqsum":7674591.787618229,"variance":264641.0961247665,"size":30},"n=100000 payload=\"string\" sendsPerBroadcast=10 serialization=\"json\" workers=1":{"mean":17819.95790680823,"sqsum":2264951.3321865555,"variance":78101.77007539845,"size":30},"n=100000 payload=\"string\" sendsPerBroadcast=10 serialization=\"advanced\" workers=1":{"mean":8525.431386519516,"sqsum":616777.3403853818,"variance":21268.184151220063,"size":30},"n=100000 payload=\"object\" sendsPerBroadcast=1 serialization=\"json\" workers=1":{"mean":33718.99311017526,"sqsum":11739232.403209433,"variance":404801.11735204945,"size":30},"n=100000 payload=\"object\" sendsPerBroadcast=1 serialization=\"advanced\" workers=1":{"mean":23397.129778629045,"sqsum":2231908.387367058,"variance":76962.35818507096,"size":30},"n=100000 payload=\"object\" sendsPerBroadcast=10 serialization=\"json\" workers=1":{"mean":13824.21450129752,"sqsum":1350193.6627036142,"variance":46558.40216219359,"size":30},"n=100000 payload=\"object\" sendsPerBroadcast=10 serialization=\"advanced\" workers=1":{"mean":6290.738471911609,"sqsum":203384.09997476448,"variance":7013.244826716017,"size":30}}}