{"bench-env":{"n=1000000 operation=\"get\"":{"mean":4147832.942400975,"sqsum":286069052526.3338,"variance":9864450087.114958,"size":30},"n=1000000 operation=\"set\"":{"mean":3264004.464742533,"sqsum":203056609300.28714,"variance":7001952044.837487,"size":30},"n=1000000 operation=\"enumerate\"":{"mean":31245.207451631093,"sqsum":3364310.5695684883,"variance":116010.70929546512,"size":30},"n=1000000 operation=\"query\"":{"mean":4669892.73993326,"sqsum":373932602952.0443,"variance":12894227688.001528,"size":30},"n=1000000 operation=\"delete\"":{"mean":3922717.1379111446,"sqsum":245261235773.82578,"variance":8457283992.200889,"size":30}},"bench-hrtime":{"n=1000000 type=\"raw\"":{"mean":22669288.418627303,"sqsum":4875184671696.901,"variance":168109816265.41037,"size":30},"n=1000000 type=\"diff\"":{"mean":20144583.365665805,"sqsum":5698449416945.891,"variance":196498255756.75485,"size":30},"n=1000000 type=\"bigint\"":{"mean":21928896.59606449,"sqsum":1405434635111.4167,"variance":48463263279.704025,"size":30}},"coverage":{"n=100000":{"mean":484499.6412754336,"sqsum":1488194145.9543593,"variance":51317039.515667565,"size":30}},"memoryUsage":{"n=100000":{"mean":191836.01835781604,"sqsum":301343201.44351465,"variance":10391144.877362574,"size":30}},"next-tick-breadth-args":{"n=10000000":{"mean":2560569.288403651,"sqsum":39527282288.42064,"variance":1363009734.0834703,"size":30}},"next-tick-breadth":{"n=10000000":{"mean":5200150.16461628,"sqsum":57664998838.0802,"variance":1988448235.795869,"size":30}},"next-tick-depth-args":{"n=7000000":{"mean":10012842.098764136,"sqsum":491844380549.72723,"variance":16960151053.43887,"size":30}},"next-tick-depth":{"n=7000000":{"mean":11787215.632012976,"sqsum":1187956239154.4297,"variance":40964008246.704475,"size":30}},"next-tick-exec-args":{"n=4000000":{"mean":32401134.42059841,"sqsum":28863352532670.617,"variance":995288018367.9523,"size":30}},"next-tick-exec":{"n=4000000":{"mean":34732393.91770975,"sqsum":141276923300.30585,"variance":4871618044.838133,"size":30}},"queue-microtask-breadth":{"n=400000":{"mean":3057281.5938209863,"sqsum":23154510939.11196,"variance":798431411.6935159,"size":30}},"queue-microtask-depth":{"n=1200000":{"mean":6283127.460563877,"sqsum":184072732930.40698,"variance":6347335618.289896,"size":30}},"resourceUsage":{"n=100000":{"mean":1252097.5356305412,"sqsum":1062659911.2419829,"variance":36643445.21524079,"size":30}}}