{"array-vs-concat":{"chunks=1 dur=5 len=64 num=100 type=\"concat\"":{"mean":0.04544525255655594,"sqsum":0.000010397660549835259,"variance":3.5854001895984e-7,"size":30},"chunks=1 dur=5 len=64 num=100 type=\"multi\"":{"mean":0.046538934059597324,"sqsum":0.000006453846718482353,"variance":2.2254643856836e-7,"size":30},"chunks=2 dur=5 len=64 num=100 type=\"concat\"":{"mean":0.044940386213637405,"sqsum":0.000006639289411224256,"variance":2.2894101418015e-7,"size":30},"chunks=2 dur=5 len=64 num=100 type=\"multi\"":{"mean":0.045494455981270575,"sqsum":0.000008595039348708689,"variance":2.9638066719685e-7,"size":30},"chunks=4 dur=5 len=64 num=100 type=\"concat\"":{"mean":0.04496008169080462,"sqsum":0.00001026815036538016,"variance":3.5407415053035e-7,"size":30},"chunks=4 dur=5 len=64 num=100 type=\"multi\"":{"mean":0.043227123520249294,"sqsum":0.000009858891464182404,"variance":3.3996177462698e-7,"size":30},"chunks=8 dur=5 len=64 num=100 type=\"concat\"":{"mean":0.04444722839170179,"sqsum":0.000008092898022377406,"variance":2.790654490475e-7,"size":30},"chunks=8 dur=5 len=64 num=100 type=\"multi\"":{"mean":0.03906313886119395,"sqsum":0.00001227311925797078,"variance":4.2321100889554e-7,"size":30},"chunks=1 dur=5 len=256 num=100 type=\"concat\"":{"mean":0.1798876854607121,"sqsum":0.0001299724713253514,"variance":0.0000044818093560466,"size":30},"chunks=1 dur=5 len=256 num=100 type=\"multi\"":{"mean":0.18412358449623772,"sqsum":0.00010770460838680842,"variance":0.00000371395201333822,"size":30},"chunks=2 dur=5 len=256 num=100 type=\"concat\"":{"mean":0.1794841145540693,"sqsum":0.00014641744950641896,"variance":0.00000504887756918686,"size":30},"chunks=2 dur=5 len=256 num=100 type=\"multi\"":{"mean":0.1807384355560402,"sqsum":0.00013422134470879432,"variance":0.00000462832223133773,"size":30},"chunks=4 dur=5 len=256 num=100 type=\"concat\"":{"mean":0.17891305756724074,"sqsum":0.00011145554069662405,"variance":0.00000384329450678014,"size":30},"chunks=4 dur=5 len=256 num=100 type=\"multi\"":{"mean":0.17180919777495515,"sqsum":0.0001225643678669083,"variance":0.00000422635751265201,"size":30},"chunks=8 dur=5 len=256 num=100 type=\"concat\"":{"mean":0.17724115456108627,"sqsum":0.0000874227164098287,"variance":0.00000301457642792513,"size":30},"chunks=8 dur=5 len=256 num=100 type=\"multi\"":{"mean":0.15609501363033987,"sqsum":0.00016300224094228553,"variance":0.00000562076692904433,"size":30},"chunks=1 dur=5 len=512 num=100 type=\"concat\"":{"mean":0.35683261418245255,"sqsum":0.0005153975088850625,"variance":0.00001777232789258836,"size":30},"chunks=1 dur=5 len=512 num=100 type=\"multi\"":{"mean":0.36527848780917194,"sqsum":0.0005129040694822019,"variance":0.0000176863472235242,"size":30},"chunks=2 dur=5 len=512 num=100 type=\"concat\"":{"mean":0.35376635527659306,"sqsum":0.0006733948438038489,"variance":0.00002322051185530513,"size":30},"chunks=2 dur=5 len=512 num=100 type=\"multi\"":{"mean":0.3599157166477508,"sqsum":0.0005361765201905694,"variance":0.00001848884552381274,"size":30},"chunks=4 dur=5 len=512 num=100 type=\"concat\"":{"mean":0.35440360530302256,"sqsum":0.0006405670965460536,"variance":0.00002208852057055357,"size":30},"chunks=4 dur=5 len=512 num=100 type=\"multi\"":{"mean":0.34076385971553336,"sqsum":0.0005368440042865364,"variance":0.00001851186221677712,"size":30},"chunks=8 dur=5 len=512 num=100 type=\"concat\"":{"mean":0.35092513170027057,"sqsum":0.000476221533700679,"variance":0.00001642143219657514,"size":30},"chunks=8 dur=5 len=512 num=100 type=\"multi\"":{"mean":0.3097011543686903,"sqsum":0.001128607732091961,"variance":0.00003891750800317107,"size":30},"chunks=1 dur=5 len=1024 num=100 type=\"concat\"":{"mean":0.6913468849400454,"sqsum":0.0015120292947331916,"variance":0.00005213894119769626,"size":30},"chunks=1 dur=5 len=1024 num=100 type=\"multi\"":{"mean":0.7175487065766056,"sqsum":0.0019796475234646984,"variance":0.00006826370770567926,"size":30},"chunks=2 dur=5 len=1024 num=100 type=\"concat\"":{"mean":0.6912929875261858,"sqsum":0.0018478701337923565,"variance":0.00006371965978594333,"size":30},"chunks=2 dur=5 len=1024 num=100 type=\"multi\"":{"mean":0.7043343099742181,"sqsum":0.003040630364791107,"variance":0.00010484932292383127,"size":30},"chunks=4 dur=5 len=1024 num=100 type=\"concat\"":{"mean":0.6878551650299709,"sqsum":0.0016881279636890188,"variance":0.00005821130909272479,"size":30},"chunks=4 dur=5 len=1024 num=100 type=\"multi\"":{"mean":0.6712351995537785,"sqsum":0.0020925334878630444,"variance":0.00007215632716769119,"size":30},"chunks=8 dur=5 len=1024 num=100 type=\"concat\"":{"mean":0.6837239555275941,"sqsum":0.001975714455923013,"variance":0.00006812808468700044,"size":30},"chunks=8 dur=5 len=1024 num=100 type=\"multi\"":{"mean":0.6141610137732734,"sqsum":0.0024295723188987426,"variance":0.00008377835582409456,"size":30}},"bind-params":{"address=\"true\" n=10000 port=\"true\"":{"mean":122019.61852808707,"sqsum":33073759.16484488,"variance":1140474.4539601684,"size":30},"address=\"false\" n=10000 port=\"true\"":{"mean":121301.31381696969,"sqsum":82659175.52566002,"variance":2850316.3974365527,"size":30},"address=\"false\" n=10000 port=\"false\"":{"mean":120448.35981985126,"sqsum":116218519.78507632,"variance":4007535.165002632,"size":30}},"multi-buffer":{"chunks=1 dur=5 len=64 num=100 type=\"send\"":{"mean":0.046516774624182966,"sqsum":0.0000088890608349311,"variance":3.0651933913556e-7,"size":30},"chunks=1 dur=5 len=64 num=100 type=\"recv\"":{"mean":0.015320379319778525,"sqsum":8.791137625738896e-7,"variance":3.031426767496e-8,"size":30},"chunks=2 dur=5 len=64 num=100 type=\"send\"":{"mean":0.04530090850262635,"sqsum":0.00001232107892064244,"variance":4.2486479036698e-7,"size":30},"chunks=2 dur=5 len=64 num=100 type=\"recv\"":{"mean":0.014916868714035147,"sqsum":0.0000014568126613006931,"variance":5.02349193552e-8,"size":30},"chunks=4 dur=5 len=64 num=100 type=\"send\"":{"mean":0.04309231714718867,"sqsum":0.000007889868691720645,"variance":2.7206443764554e-7,"size":30},"chunks=4 dur=5 len=64 num=100 type=\"recv\"":{"mean":0.01428015294554115,"sqsum":9.391755350856263e-7,"variance":3.238536327881e-8,"size":30},"chunks=8 dur=5 len=64 num=100 type=\"send\"":{"mean":0.03891138799082009,"sqsum":0.000010517889617827803,"variance":3.6268584889061e-7,"size":30},"chunks=8 dur=5 len=64 num=100 type=\"recv\"":{"mean":0.012876108248880191,"sqsum":7.96528726630371e-7,"variance":2.746650781484e-8,"size":30},"chunks=1 dur=5 len=256 num=100 type=\"send\"":{"mean":0.18474644815092833,"sqsum":0.00012668963659388772,"variance":0.00000436860815840992,"size":30},"chunks=1 dur=5 len=256 num=100 type=\"recv\"":{"mean":0.060825173033934886,"sqsum":0.00001410737260436061,"variance":4.864611242883e-7,"size":30},"chunks=2 dur=5 len=256 num=100 type=\"send\"":{"mean":0.18102278181838577,"sqsum":0.00012030050696797973,"variance":0.00000414829334372344,"size":30},"chunks=2 dur=5 len=256 num=100 type=\"recv\"":{"mean":0.05960416191008895,"sqsum":0.0000133455021923296,"variance":4.6018973076999e-7,"size":30},"chunks=4 dur=5 len=256 num=100 type=\"send\"":{"mean":0.1714730736622377,"sqsum":0.00011292033121507872,"variance":0.00000389380452465789,"size":30},"chunks=4 dur=5 len=256 num=100 type=\"recv\"":{"mean":0.056544933138228684,"sqsum":0.000018545335557019823,"variance":6.3949432955241e-7,"size":30},"chunks=8 dur=5 len=256 num=100 type=\"send\"":{"mean":0.15588330923930313,"sqsum":0.00008960751399284755,"variance":0.00000308991427561543,"size":30},"chunks=8 dur=5 len=256 num=100 type=\"recv\"":{"mean":0.051314334087453624,"sqsum":0.000026590945351106578,"variance":9.1692915003816e-7,"size":30},"chunks=1 dur=5 len=1024 num=100 type=\"send\"":{"mean":0.7168140219023479,"sqsum":0.0009013970113087434,"variance":0.00003108265556237046,"size":30},"chunks=1 dur=5 len=1024 num=100 type=\"recv\"":{"mean":0.23691231578818164,"sqsum":0.00026458573378654006,"variance":0.00000912364599263931,"size":30},