{"module-loader-circular":{"n=10000":{"mean":3372.620092282162,"sqsum":56696.85312967572,"variance":1955.0639010233008,"size":30}},"module-loader-deep":{"cache=\"true\" ext=\"\" files=1000":{"mean":402595.94629755075,"sqsum":3651474934.544018,"variance":125912928.77737993,"size":30},"cache=\"false\" ext=\"\" files=1000":{"mean":2967.1576072705852,"sqsum":24638.95263922781,"variance":849.6190565250969,"size":30},"cache=\"true\" ext=\".js\" files=1000":{"mean":401574.3649502466,"sqsum":2528311291.886267,"variance":87183147.99607818,"size":30},"cache=\"false\" ext=\".js\" files=1000":{"mean":3022.8501253909462,"sqsum":27263.91419805454,"variance":940.1349723467083,"size":30}},"module-loader":{"cache=\"true\" dir=\"rel\" files=500 n=1 name=\"\"":{"mean":11371.59131434216,"sqsum":391756.82673031266,"variance":13508.856094148712,"size":30},"cache=\"false\" dir=\"rel\" files=500 n=1 name=\"\"":{"mean":2497.0144887932374,"sqsum":20658.9424942501,"variance":712.3773273879344,"size":30},"cache=\"true\" dir=\"rel\" files=500 n=1000 name=\"\"":{"mean":1334637.1396763776,"sqsum":3538701471.583995,"variance":122024188.67531016,"size":30},"cache=\"false\" dir=\"rel\" files=500 n=1000 name=\"\"":{"mean":932581.7051126265,"sqsum":6103560190.467942,"variance":210467592.77475664,"size":30},"cache=\"true\" dir=\"abs\" files=500 n=1 name=\"\"":{"mean":11322.318604414266,"sqsum":365469.9858794848,"variance":12602.41330618913,"size":30},"cache=\"false\" dir=\"abs\" files=500 n=1 name=\"\"":{"mean":2550.2004643932005,"sqsum":30505.031750007136,"variance":1051.8976465519702,"size":30},"cache=\"true\" dir=\"abs\" files=500 n=1000 name=\"\"":{"mean":1325650.8406664545,"sqsum":13357072875.466045,"variance":460588719.8436567,"size":30},"cache=\"false\" dir=\"abs\" files=500 n=1000 name=\"\"":{"mean":936826.3402904599,"sqsum":4534660194.434127,"variance":156367592.9115216,"size":30},"cache=\"true\" dir=\"rel\" files=500 n=1 name=\"/\"":{"mean":11381.173062517491,"sqsum":384280.67482355394,"variance":13251.057752536344,"size":30},"cache=\"false\" dir=\"rel\" files=500 n=1 name=\"/\"":{"mean":2606.9963066747528,"sqsum":15465.69886740271,"variance":533.299960944921,"size":30},"cache=\"true\" dir=\"rel\" files=500 n=1000 name=\"/\"":{"mean":1263182.9840379406,"sqsum":14293593502.24733,"variance":492882534.5602527,"size":30},"cache=\"false\" dir=\"rel\" files=500 n=1000 name=\"/\"":{"mean":908060.4228260835,"sqsum":5888674284.072375,"variance":203057733.93353018,"size":30},"cache=\"true\" dir=\"abs\" files=500 n=1 name=\"/\"":{"mean":11295.405222879099,"sqsum":332094.0016208568,"variance":11451.517297270924,"size":30},"cache=\"false\" dir=\"abs\" files=500 n=1 name=\"/\"":{"mean":2656.6826826041734,"sqsum":13243.108398048753,"variance":456.6589102775432,"size":30},"cache=\"true\" dir=\"abs\" files=500 n=1000 name=\"/\"":{"mean":1256227.036748705,"sqsum":2473976108.3163786,"variance":85309520.97642685,"size":30},"cache=\"false\" dir=\"abs\" files=500 n=1000 name=\"/\"":{"mean":904719.536029428,"sqsum":4613873780.787744,"variance":159099095.88923255,"size":30},"cache=\"true\" dir=\"rel\" files=500 n=1 name=\"/index.js\"":{"mean":11200.42649042514,"sqsum":238099.25506628482,"variance":8210.319140216718,"size":30},"cache=\"false\" dir=\"rel\" files=500 n=1 name=\"/index.js\"":{"mean":2713.0726721482347,"sqsum":18486.158992462057,"variance":637.4537583607606,"size":30},"cache=\"true\" dir=\"rel\" files=500 n=1000 name=\"/index.js\"":{"mean":1268385.196398586,"sqsum":6176971621.7183485,"variance":212999021.43856373,"size":30},"cache=\"false\" dir=\"rel\" files=500 n=1000 name=\"/index.js\"":{"mean":922813.0617819667,"sqsum":3676478853.5756326,"variance":126775132.88191836,"size":30},"cache=\"true\" dir=\"abs\" files=500 n=1 name=\"/index.js\"":{"mean":11224.529225493254,"sqsum":691880.5292043441,"variance":23857.94928290842,"size":30},"cache=\"false\" dir=\"abs\" files=500 n=1 name=\"/index.js\"":{"mean":2763.152037242019,"sqsum":27735.59798041557,"variance":956.3999303591576,"size":30},"cache=\"true\" dir=\"abs\" files=500 n=1000 name=\"/index.js\"":{"mean":1269628.2084251347,"sqsum":2041687326.953247,"variance":70403011.2742499,"size":30},"cache=\"false\" dir=\"abs\" files=500 n=1000 name=\"/index.js\"":{"mean":928880.7800208702,"sqsum":1698169241.4494088,"variance":58557560.04997961,"size":30}}}