{"bench-env":{"n=1000000 operation=\"get\"":{"mean":2807720.8794891224,"sqsum":199041928033.8724,"variance":6863514759.788704,"size":30},"n=1000000 operation=\"set\"":{"mean":1942169.4397344382,"sqsum":1049469814507.8569,"variance":36188614293.374374,"size":30},"n=1000000 operation=\"enumerate\"":{"mean":20057.409212014783,"sqsum":7989817.034229682,"variance":275510.9322148166,"size":30},"n=1000000 operation=\"query\"":{"mean":3296115.783932314,"sqsum":459805004621.561,"variance":15855344986.950378,"size":30},"n=1000000 operation=\"delete\"":{"mean":2547041.869342565,"sqsum":863712408835.4827,"variance":29783186511.568367,"size":30}},"bench-hrtime":{"n=1000000 type=\"raw\"":{"mean":5636461.363526493,"sqsum":678057159629.989,"variance":23381281366.551346,"size":30},"n=1000000 type=\"diff\"":{"mean":5489162.374836552,"sqsum":1047072189834.5558,"variance":36105937580.50192,"size":30},"n=1000000 type=\"bigint\"":{"mean":5607959.152796914,"sqsum":1452805642899.7761,"variance":50096746306.88883,"size":30}},"memoryUsage":{"n=100000":{"mean":105106.91060094582,"sqsum":129797244.0314698,"variance":4475767.035567924,"size":30}},"next-tick-breadth-args":{"n=10000000":{"mean":2931439.938034127,"sqsum":626653944497.0137,"variance":21608756706.793575,"size":30}},"next-tick-breadth":{"n=10000000":{"mean":7359418.569444832,"sqsum":1385051343676.5754,"variance":47760391161.26122,"size":30}},"next-tick-depth-args":{"n=7000000":{"mean":6403718.083370207,"sqsum":2175016239932.3887,"variance":75000559997.66858,"size":30}},"next-tick-depth":{"n=7000000":{"mean":8693518.802742844,"sqsum":7057924809805.987,"variance":243376717579.5168,"size":30}},"next-tick-exec-args":{"n=4000000":{"mean":27657322.115569107,"sqsum":1315418982911.3818,"variance":45359275272.806274,"size":30}},"next-tick-exec":{"n=4000000":{"mean":30326606.96158027,"sqsum":5458986112435.457,"variance":188240900428.80887,"size":30}},"queue-microtask-breadth":{"n=400000":{"mean":1843434.9454265968,"sqsum":30651962359.195023,"variance":1056964219.2825869,"size":30}},"queue-microtask-depth":{"n=1200000":{"mean":3854082.1476176595,"sqsum":169855680051.07587,"variance":5857092415.554339,"size":30}}}