{"create-context":{"n=100":{"mean":1464.656306234583,"sqsum":4231.053181539069,"variance":145.8983855703127,"size":30}},"run-in-context":{"breakOnSigint=0 n=1 withSigintListener=0":{"mean":1898.1145542451206,"sqsum":667579.9751648293,"variance":23019.9991436148,"size":30},"breakOnSigint=0 n=1 withSigintListener=1":{"mean":1951.1059482235898,"sqsum":143317.96729668934,"variance":4941.998872299632,"size":30},"breakOnSigint=1 n=1 withSigintListener=0":{"mean":1134.2684075454422,"sqsum":486753.89024139807,"variance":16784.616904875795,"size":30},"breakOnSigint=1 n=1 withSigintListener=1":{"mean":832.5602522382616,"sqsum":180641.9045601345,"variance":6229.031191728776,"size":30}},"run-in-this-context":{"breakOnSigint=0 n=1 withSigintListener=0":{"mean":2021.4239392165493,"sqsum":84738.98692777441,"variance":2922.034031992221,"size":30},"breakOnSigint=0 n=1 withSigintListener=1":{"mean":1994.987533324138,"sqsum":300347.2245487691,"variance":10356.80084650928,"size":30},"breakOnSigint=1 n=1 withSigintListener=0":{"mean":1152.7692785562347,"sqsum":438893.2685399803,"variance":15134.250639309665,"size":30},"breakOnSigint=1 n=1 withSigintListener=1":{"mean":863.5014308227767,"sqsum":132537.12967520906,"variance":4570.245850869277,"size":30}}}