{"convertprotocols":{"n=1":{"mean":2363.332175393213,"sqsum":22221.49282055052,"variance":766.2583731224317,"size":30},"n=50000":{"mean":671905.0856281591,"sqsum":4650705113.511174,"variance":160369141.8452129,"size":30}},"secure-pair":{"dur=5 securing=\"SecurePair\" size=100":{"mean":344.77667533679505,"sqsum":194.26028479791972,"variance":6.698630510273094,"size":30},"dur=5 securing=\"SecurePair\" size=1024":{"mean":379.5160329729685,"sqsum":93.22330115096113,"variance":3.214596591412453,"size":30},"dur=5 securing=\"SecurePair\" size=1048576":{"mean":456.71245352647776,"sqsum":69.1865732279492,"variance":2.385743904412041,"size":30},"dur=5 securing=\"TLSSocket\" size=100":{"mean":344.77458035484995,"sqsum":198.08888584238497,"variance":6.830651235944309,"size":30},"dur=5 securing=\"TLSSocket\" size=1024":{"mean":384.204769885608,"sqsum":25.777914796189616,"variance":0.8888936136617109,"size":30},"dur=5 securing=\"TLSSocket\" size=1048576":{"mean":456.4772501161126,"sqsum":30.18831972378246,"variance":1.0409765421993953,"size":30},"dur=5 securing=\"clear\" size=100":{"mean":251.5419974868235,"sqsum":441.76277992965987,"variance":15.233199307919307,"size":30},"dur=5 securing=\"clear\" size=1024":{"mean":1949.4291977123114,"sqsum":30025.739321905483,"variance":1035.3703214450168,"size":30},"dur=5 securing=\"clear\" size=1048576":{"mean":6330.83426557,"sqsum":52134.07581495114,"variance":1797.7267522396944,"size":30}},"throughput":{"dur=5 size=100 type=\"buf\"":{"mean":381.7043801925317,"sqsum":91.98177088571546,"variance":3.171785202955706,"size":30},"dur=5 size=1024 type=\"buf\"":{"mean":433.0399784707181,"sqsum":60.33799347589418,"variance":2.0806204646860063,"size":30},"dur=5 size=1048576 type=\"buf\"":{"mean":505.41246523119287,"sqsum":61.61832323103135,"variance":2.124769766587288,"size":30},"dur=5 size=4194304 type=\"buf\"":{"mean":496.82083674803465,"sqsum":110.20352139410927,"variance":3.800121427383078,"size":30},"dur=5 size=16777216 type=\"buf\"":{"mean":489.5136617471134,"sqsum":133.88970556579116,"variance":4.616886398820385,"size":30},"dur=5 size=100 type=\"asc\"":{"mean":292.8483338896476,"sqsum":352.3272351482924,"variance":12.149215005113533,"size":30},"dur=5 size=1024 type=\"asc\"":{"mean":416.31908483785685,"sqsum":89.85867132244492,"variance":3.098574873187756,"size":30},"dur=5 size=1048576 type=\"asc\"":{"mean":499.82812061074594,"sqsum":28.46466300824102,"variance":0.9815401037324489,"size":30},"dur=5 size=4194304 type=\"asc\"":{"mean":491.1662799702495,"sqsum":125.87846178857211,"variance":4.340636613399038,"size":30},"dur=5 size=16777216 type=\"asc\"":{"mean":490.16375465940513,"sqsum":178.45130344709688,"variance":6.153493222313686,"size":30},"dur=5 size=100 type=\"utf\"":{"mean":300.3135075079955,"sqsum":121.80688226807496,"variance":4.200237319588791,"size":30},"dur=5 size=1024 type=\"utf\"":{"mean":415.6268900126115,"sqsum":64.60765945953851,"variance":2.2278503261909828,"size":30},"dur=5 size=1048576 type=\"utf\"":{"mean":468.3256695617997,"sqsum":66.87633985655624,"variance":2.306080684708836,"size":30},"dur=5 size=4194304 type=\"utf\"":{"mean":462.31628759397324,"sqsum":50.48617795023149,"variance":1.740902687939017,"size":30},"dur=5 size=16777216 type=\"utf\"":{"mean":451.11461002323307,"sqsum":87.93854662302734,"variance":3.0323636766561153,"size":30}},"tls-connect":{"concurrency=1 dur=5":{"mean":289.8602780772595,"sqsum":27.102970623401927,"variance":0.9345851939104113,"size":30},"concurrency=10 dur=5":{"mean":298.7871546737416,"sqsum":46.289104955521985,"variance":1.596176032949034,"size":30}}}