{"bench-env":{"n=1000000 operation=\"get\"":{"mean":4092436.918024357,"sqsum":632092112474.7401,"variance":21796279740.50828,"size":30},"n=1000000 operation=\"set\"":{"mean":3283664.1218888094,"sqsum":117405184819.27504,"variance":4048454648.940519,"size":30},"n=1000000 operation=\"enumerate\"":{"mean":30554.283148161874,"sqsum":24823348.917624988,"variance":855977.5488836203,"size":30},"n=1000000 operation=\"query\"":{"mean":4601221.052724012,"sqsum":184777533955.15762,"variance":6371639101.901987,"size":30},"n=1000000 operation=\"delete\"":{"mean":3903811.746583539,"sqsum":245408941409.67758,"variance":8462377289.988882,"size":30}},"bench-hrtime":{"n=1000000 type=\"raw\"":{"mean":22675491.049990784,"sqsum":2502936333770.729,"variance":86308149440.36996,"size":30},"n=1000000 type=\"diff\"":{"mean":20122576.057333797,"sqsum":14685611753850.514,"variance":506400405305.1901,"size":30},"n=1000000 type=\"bigint\"":{"mean":22475011.52330082,"sqsum":5020417709832.667,"variance":173117852063.1954,"size":30}},"coverage":{"n=100000":{"mean":483633.9297929199,"sqsum":2088773395.2583597,"variance":72026668.8020124,"size":30}},"memoryUsage":{"n=100000":{"mean":189757.0412114051,"sqsum":159801944.21008968,"variance":5510411.869313437,"size":30}},"next-tick-breadth-args":{"n=10000000":{"mean":2553110.0063616177,"sqsum":19915800591.052185,"variance":686751744.519041,"size":30}},"next-tick-breadth":{"n=10000000":{"mean":5218724.430292921,"sqsum":175143485437.71844,"variance":6039430532.335118,"size":30}},"next-tick-depth-args":{"n=7000000":{"mean":10005013.11160874,"sqsum":7174355203665.721,"variance":247391558747.0938,"size":30}},"next-tick-depth":{"n=7000000":{"mean":11771804.301965613,"sqsum":11630338466556.18,"variance":401046154019.17865,"size":30}},"next-tick-exec-args":{"n=4000000":{"mean":31956944.740370847,"sqsum":6779185210441.98,"variance":233765007256.62003,"size":30}},"next-tick-exec":{"n=4000000":{"mean":34726899.79016654,"sqsum":118780213575.87923,"variance":4095869433.6510077,"size":30}},"queue-microtask-breadth":{"n=400000":{"mean":3000739.7899219994,"sqsum":39664264506.92105,"variance":1367733258.8593466,"size":30}},"queue-microtask-depth":{"n=1200000":{"mean":6247739.3290831195,"sqsum":331961701661.12146,"variance":11446955229.693844,"size":30}},"resourceUsage":{"n=100000":{"mean":1183997.5400216887,"sqsum":1607262554.7136183,"variance":55422846.7142627,"size":30}}}