{"defaultparams-bench":{"method=\"withoutdefaults\" n=100000000":{"mean":554282884.1639963,"sqsum":86137421618827.1,"variance":2970255917890.5894,"size":30},"method=\"withdefaults\" n=100000000":{"mean":555800361.8619246,"sqsum":131794139413284.27,"variance":4544625497009.802,"size":30}},"destructuring-bench":{"method=\"swap\" n=100000000":{"mean":373350822.6394977,"sqsum":28373932002822.402,"variance":978411448373.1863,"size":30},"method=\"destructure\" n=100000000":{"mean":281307868.7530263,"sqsum":17671576999250.766,"variance":609364724112.0953,"size":30}},"destructuring-object-bench":{"method=\"normal\" n=100000000":{"mean":1107075657.3331845,"sqsum":2094621103179597.2,"variance":72228313902744.73,"size":30},"method=\"destructureObject\" n=100000000":{"mean":1106422501.1726973,"sqsum":1548448055175513,"variance":53394760523293.55,"size":30}},"foreach-bench":{"count=5 method=\"for\" n=5000000":{"mean":126883488.73782372,"sqsum":38316299534663.24,"variance":1321251708091.836,"size":30},"count=10 method=\"for\" n=5000000":{"mean":81243697.41709661,"sqsum":12713332665625.621,"variance":438390781573.29724,"size":30},"count=20 method=\"for\" n=5000000":{"mean":47461842.212465316,"sqsum":4098813899692.2495,"variance":141338410334.21548,"size":30},"count=100 method=\"for\" n=5000000":{"mean":10389131.851505727,"sqsum":7952150864.979821,"variance":274212098.79240763,"size":30},"count=5 method=\"for-of\" n=5000000":{"mean":85697294.87776549,"sqsum":12760936177881.96,"variance":440032281995.9297,"size":30},"count=10 method=\"for-of\" n=5000000":{"mean":52720479.412455104,"sqsum":3032311364430.478,"variance":104562460842.43028,"size":30},"count=20 method=\"for-of\" n=5000000":{"mean":32768314.40360807,"sqsum":811973255147.0597,"variance":27999077763.69171,"size":30},"count=100 method=\"for-of\" n=5000000":{"mean":9884354.19868002,"sqsum":7378772612.642763,"variance":254440434.91871595,"size":30},"count=5 method=\"for-in\" n=5000000":{"mean":2544026.457765858,"sqsum":41224693916.19303,"variance":1421541169.5238976,"size":30},"count=10 method=\"for-in\" n=5000000":{"mean":1661402.2857696929,"sqsum":64666703713.699326,"variance":2229886334.955149,"size":30},"count=20 method=\"for-in\" n=5000000":{"mean":976055.7272977986,"sqsum":1867237721.8561077,"variance":64387507.65021061,"size":30},"count=100 method=\"for-in\" n=5000000":{"mean":226692.41335530454,"sqsum":402614311.9240954,"variance":13883252.135313634,"size":30},"count=5 method=\"forEach\" n=5000000":{"mean":98711078.5953017,"sqsum":28295558885763.246,"variance":975708927095.2844,"size":30},"count=10 method=\"forEach\" n=5000000":{"mean":64860742.084128484,"sqsum":12685813373466.607,"variance":437441840464.3658,"size":30},"count=20 method=\"forEach\" n=5000000":{"mean":46537337.765989155,"sqsum":2928560529788.786,"variance":100984845854.78574,"size":30},"count=100 method=\"forEach\" n=5000000":{"mean":13706376.860319631,"sqsum":40453500415.91496,"variance":1394948290.2039642,"size":30}},"map-bench":{"method=\"object\" n=1000000":{"mean":310502.6318266303,"sqsum":483960646.2337096,"variance":16688298.145989984,"size":30},"method=\"nullProtoObject\" n=1000000":{"mean":322962.0039880598,"sqsum":756464672.0008367,"variance":26084988.689684026,"size":30},"method=\"nullProtoLiteralObject\" n=1000000":{"mean":322279.43959484063,"sqsum":728128618.7752413,"variance":25107883.406042803,"size":30},"method=\"storageObject\" n=1000000":{"mean":319265.868427229,"sqsum":909855384.9627689,"variance":31374323.61940582,"size":30},"method=\"fakeMap\" n=1000000":{"mean":291634.68148157944,"sqsum":427371750.8707974,"variance":14736956.92657922,"size":30},"method=\"map\" n=1000000":{"mean":634662.1344131478,"sqsum":162243756.66839594,"variance":5594612.298910204,"size":30}},"restparams-bench":{"method=\"copy\" n=100000000":{"mean":29763176.972869538,"sqsum":33187302120001.582,"variance":1144389728275.9167,"size":30},"method=\"rest\" n=100000000":{"mean":140146674.7540406,"sqsum":2113794521868128.2,"variance":72889466271314.77,"size":30},"method=\"arguments\" n=100000000":{"mean":140166209.65961346,"sqsum":2116903179821386.8,"variance":72996661373151.27,"size":30}},"spread-assign":{"count=5 method=\"spread\" n=1000000":{"mean":23553404.201543804,"sqsum":2935445662403.999,"variance":101222264220.82756,"size":30},"count=10 method=\"spread\" n=1000000":{"mean":19336264.01294466,"sqsum":2388135691902.434,"variance":82349506617.32532,"size":30},"count=20 method=\"spread\" n=1000000":{"mean":109193.78235196031,"sqsum":101073159.85492761,"variance":3485281.374307849,"size":30},"count=5 method=\"assign\" n=1000000":{"mean":5714633.795933046,"sqsum":729129824754.8721,"variance":25142407750.168003,"size":30},"count=10 method=\"assign\" n=1000000":{"mean":2779452.100218313,"sqsum":56654743455.021736,"variance":1953611843.2766116,"size":30},"count=20 method=\"assign\" n=1000000":{"mean":86835.79575420507,"sqsum":91612123.8449324,"variance":3159038.7532735313,"size":30},"count=5 method=\"_extend\" n=1000000":{"mean":3328309.11060592,"sqsum":60106455077.74209,"variance":2072636381.9911065,"size":30},"count=10 method=\"_extend\" n=1000000":{"mean":1524431.1461923155,"sqsum":27492656035.99072,"variance":948022621.9307144,"size":30},"count=20 method=\"_extend\" n=1000000":{"mean":258412.52388924896,"sqsum":976134678.5281866,"variance":33659816.50097195,"size":30}},"spread-bench":{"context=\"context\" count=5 method=\"apply\" n=5000000 rest=0":{"mean":31766626.942092627,"sqsum":2733191625649.8706,"variance":94247987091.37486,"size":30},"context=\"context\" count=5 method=\"apply\" n=5000000 rest=1":{"mean":31766705.708975982,"sqsum":13935494284171.371,"variance":480534285661.0817,"size":30},"context=\"null\" count=5 method=\"apply\" n=5000000 rest=0":{"mean":31590291.56391813,"sqsum":21571999385620.297,"variance":743862047780.0103,"size":30},"context=\"null\" count=5 method=\"apply\" n=5000000 rest=1":{"mean":31739174.901327465,"sqsum":13878177749826.979,"variance":478557853442.30963,"size":30},"context=\"context\" count=10 method=\"apply\" n=5000000 rest=0":{"mean":25274587.72993074,"sqsum":13000156889496.188,"variance":448281272051.5927,"size":30},"context=\"context\" count=10 method=\"apply\" n=5000000 rest=1":{"mean":25522044.809979904,"sqsum":5061672542845.142,"variance":174540432511.90146,"size":30},"context=\"null\" count=10 method=\"apply\" n=5000000 rest=0":{"mean":25318635.617810667,"sqsum":18337779110623.168,"variance":632337210711.1438,"size":30},"context=\"null\" count=10 method=\"apply\" n=5000000 rest=1":{"mean":25305134.237292625,"sqsum":20969248191483.906,"variance":723077523844.2726,"size":30},"context=\"context\" count=20 method=\"apply\" n=5000000 rest=0":{"mean":18751846.968788613,"sqsum":702621019981.2969,"variance":24228311033.837822,"size":30},"context=\"context\" count=20 method=\"apply\" n=5000000 rest=1":{"mean":18678278.82438095,"sqsum":3977865244621.0444,"variance":137167767055.89809,"size":30},"context=\"null\" count=20 method=\"apply\" n=5000000 rest=0":{"mean":18688044.710961685,"sqsum":4158742179215.29,"variance":143404902731.5617,"size":30},"context=\"null\" count=20 method=\"apply\" n=5000000 rest=1":{"mean":18695031.833245154,"sqsum":3776865770032.577,"variance":130236750690.77853,"size":30},"context=\"context\" count=5 method=\"spread\" n=5000000 rest=0":{"mean":30719110.173994064,"sqsum":135191724398169.95,"variance":4661783599936.895,"size":30},"context=\"context\" count=5 method=\"spread\" n=5000000 rest=1":{"mean":31411734.578703836,"sqsum":615377127730.1709,"variance":21219900956.212788,"size":30},"context=\"null\" count=5 method=\"spread\" n=5000000 rest=0":{"mean":35154313.53240664,"sqsum":4999108046492.03,"variance":172383036085.93207,"size":30},"context=\"null\" count=5 method=\"spread\" n=5000000 rest=1":{"mean":35068417.13621672,"sqsum":10387959944371,"variance":358205515323.13794,"size":30},"context=\"context\" count=10 method=\"spread\" n=5000000 rest=0":{"mean":24973017.595208798,