{"bench-env":{"n=1000000 operation=\"get\"":{"mean":4250200.614564337,"sqsum":141341219552.03995,"variance":4873835156.966894,"size":30},"n=1000000 operation=\"set\"":{"mean":3293647.1341276886,"sqsum":389239722573.8648,"variance":13422059399.098787,"size":30},"n=1000000 operation=\"enumerate\"":{"mean":31354.418149057165,"sqsum":5025426.442573896,"variance":173290.56698530674,"size":30},"n=1000000 operation=\"query\"":{"mean":4793155.618638111,"sqsum":187846524435.76086,"variance":6477466359.853823,"size":30},"n=1000000 operation=\"delete\"":{"mean":4042409.944851958,"sqsum":364675368802.9843,"variance":12575012717.344288,"size":30}},"bench-hrtime":{"n=1000000 type=\"raw\"":{"mean":17915486.268443197,"sqsum":1681930401720.9783,"variance":57997600059.34407,"size":30},"n=1000000 type=\"diff\"":{"mean":16378098.577386081,"sqsum":4713694249862.705,"variance":162541181029.74844,"size":30},"n=1000000 type=\"bigint\"":{"mean":17959652.887971457,"sqsum":3610700140523.15,"variance":124506901397.35,"size":30}},"coverage":{"n=100000":{"mean":481784.2498214031,"sqsum":2705378279.566279,"variance":93288906.19194067,"size":30}},"memoryUsage":{"n=100000":{"mean":190627.52466761624,"sqsum":83388188.4169209,"variance":2875454.772997272,"size":30}},"next-tick-breadth-args":{"n=10000000":{"mean":3319013.0173853273,"sqsum":10847232872.376833,"variance":374042512.84058046,"size":30}},"next-tick-breadth":{"n=10000000":{"mean":4597343.295941276,"sqsum":61661172515.14381,"variance":2126247328.108407,"size":30}},"next-tick-depth-args":{"n=7000000":{"mean":9788971.391222797,"sqsum":1808273803056.1519,"variance":62354269070.90179,"size":30}},"next-tick-depth":{"n=7000000":{"mean":12374377.107536016,"sqsum":1612749214679.5889,"variance":55612041885.50307,"size":30}},"next-tick-exec-args":{"n=4000000":{"mean":32096125.72644565,"sqsum":3288534365288.4546,"variance":113397736734.08463,"size":30}},"next-tick-exec":{"n=4000000":{"mean":39496367.83031109,"sqsum":219950416693.01224,"variance":7584497127.34525,"size":30}},"queue-microtask-breadth":{"n=400000":{"mean":2994237.9203831586,"sqsum":10760080192.040903,"variance":371037248.0014105,"size":30}},"queue-microtask-depth":{"n=1200000":{"mean":5729908.902799308,"sqsum":187267524836.52377,"variance":6457500856.431854,"size":30}},"resourceUsage":{"n=100000":{"mean":1254449.3461548204,"sqsum":2191195088.212526,"variance":75558451.3176733,"size":30}}}