{"format":{"n=100000 type=\"string\"":{"mean":5354381.7728048535,"sqsum":29633390433.70556,"variance":1021841049.4381226,"size":30},"n=100000 type=\"string-2\"":{"mean":4271012.252717526,"sqsum":29160219896.561554,"variance":1005524824.0193639,"size":30},"n=100000 type=\"number\"":{"mean":5386678.88547394,"sqsum":16433109994.585987,"variance":566658965.3305513,"size":30},"n=100000 type=\"replace-object\"":{"mean":2489093.1710597225,"sqsum":29731746741.25691,"variance":1025232646.2502382,"size":30},"n=100000 type=\"unknown\"":{"mean":7628132.369167353,"sqsum":78564091547.02196,"variance":2709106605.0697227,"size":30},"n=100000 type=\"no-replace\"":{"mean":6307951.6147446325,"sqsum":64038443149.7201,"variance":2208222177.5765553,"size":30},"n=100000 type=\"no-replace-2\"":{"mean":8174450.123874486,"sqsum":128699569402.85776,"variance":4437916186.30544,"size":30},"n=100000 type=\"only-objects\"":{"mean":521363.52998750395,"sqsum":2962606901.627257,"variance":102158858.67680196,"size":30},"n=100000 type=\"many-%\"":{"mean":3049262.5432101027,"sqsum":48064587382.99076,"variance":1657399564.9307158,"size":30},"n=100000 type=\"object-to-string\"":{"mean":3841741.705574203,"sqsum":22479260923.247005,"variance":775146928.3878278,"size":30},"n=100000 type=\"object-%s\"":{"mean":629623.2443214481,"sqsum":1966638483.850417,"variance":67815120.132773,"size":30}},"inspect-array":{"len=100 n=500 type=\"denseArray\"":{"mean":16272.426480670443,"sqsum":805288.8340988039,"variance":27768.58048616565,"size":30},"len=100 n=500 type=\"sparseArray\"":{"mean":116776.08840972855,"sqsum":228848450.98430893,"variance":7891325.896010652,"size":30},"len=100 n=500 type=\"mixedArray\"":{"mean":17458.938152002866,"sqsum":542521.6848878842,"variance":18707.644306478764,"size":30},"len=100 n=500 type=\"denseArray_showHidden\"":{"mean":15748.331922737058,"sqsum":312323.89676262485,"variance":10769.789543538789,"size":30},"len=100000 n=500 type=\"denseArray\"":{"mean":15985.957098653935,"sqsum":1820423.3798978666,"variance":62773.21999647816,"size":30},"len=100000 n=500 type=\"sparseArray\"":{"mean":3068.15182487779,"sqsum":6325.306614073469,"variance":218.1140211749472,"size":30},"len=100000 n=500 type=\"mixedArray\"":{"mean":2672.549408830941,"sqsum":8462.38295666446,"variance":291.8063088504986,"size":30},"len=100000 n=500 type=\"denseArray_showHidden\"":{"mean":14925.149179378303,"sqsum":356094.90501690586,"variance":12279.134655755375,"size":30}},"inspect-proxy":{"isProxy=0 n=100000 showProxy=0":{"mean":457629.58744108706,"sqsum":3272955379.823154,"variance":112860530.33872946,"size":30},"isProxy=1 n=100000 showProxy=0":{"mean":456000.9513039418,"sqsum":1883635438.926254,"variance":64952946.16987083,"size":30},"isProxy=0 n=100000 showProxy=1":{"mean":461148.0127880191,"sqsum":1731396782.7813597,"variance":59703337.33728827,"size":30},"isProxy=1 n=100000 showProxy=1":{"mean":238556.4401754514,"sqsum":76555516.50070955,"variance":2639845.3965761913,"size":30}},"inspect":{"method=\"Object\" n=20000 option=\"showHidden\"":{"mean":393854.5228652988,"sqsum":609565931.6769857,"variance":21019514.8854133,"size":30},"method=\"Object\" n=20000 option=\"colors\"":{"mean":224310.16743097754,"sqsum":171961843.0208581,"variance":5929718.724857177,"size":30},"method=\"Object\" n=20000 option=\"none\"":{"mean":412417.19854756875,"sqsum":413484845.184043,"variance":14258098.109794585,"size":30},"method=\"Object_empty\" n=20000 option=\"showHidden\"":{"mean":937293.886404524,"sqsum":5774094909.527559,"variance":199106721.0181917,"size":30},"method=\"Object_empty\" n=20000 option=\"colors\"":{"mean":1054977.5158234006,"sqsum":7780061934.928494,"variance":268277997.75615498,"size":30},"method=\"Object_empty\" n=20000 option=\"none\"":{"mean":1119890.750426234,"sqsum":9531462555.74983,"variance":328671122.6120631,"size":30},"method=\"Object_deep_ln\" n=20000 option=\"showHidden\"":{"mean":183674.0463921286,"sqsum":338014708.34272134,"variance":11655679.598024875,"size":30},"method=\"Object_deep_ln\" n=20000 option=\"colors\"":{"mean":92387.7046446517,"sqsum":59142179.31411166,"variance":2039385.4935900571,"size":30},"method=\"Object_deep_ln\" n=20000 option=\"none\"":{"mean":196720.93161968037,"sqsum":161842126.29982612,"variance":5580762.975856073,"size":30},"method=\"String\" n=20000 option=\"showHidden\"":{"mean":1805619.569949598,"sqsum":20199012916.651947,"variance":696517686.7811016,"size":30},"method=\"String\" n=20000 option=\"colors\"":{"mean":1476242.549696374,"sqsum":5614803744.557546,"variance":193613922.22612226,"size":30},"method=\"String\" n=20000 option=\"none\"":{"mean":2002429.9931327908,"sqsum":8609360495.543966,"variance":296874499.84634364,"size":30},"method=\"String_complex\" n=20000 option=\"showHidden\"":{"mean":1273797.9852877657,"sqsum":2820026808.312259,"variance":97242303.73490548,"size":30},"method=\"String_complex\" n=20000 option=\"colors\"":{"mean":1093606.9407365588,"sqsum":2326247324.1905007,"variance":80215424.97208624,"size":30},"method=\"String_complex\" n=20000 option=\"none\"":{"mean":1357438.6571816986,"sqsum":2773791754.0584126,"variance":95647991.51925561,"size":30},"method=\"String_boxed\" n=20000 option=\"showHidden\"":{"mean":288214.01092447684,"sqsum":697940073.7622569,"variance":24066899.095250238,"size":30},"method=\"String_boxed\" n=20000 option=\"colors\"":{"mean":413016.45569369895,"sqsum":638054649.6847692,"variance":22001884.47188859,"size":30},"method=\"String_boxed\" n=20000 option=\"none\"":{"mean":465864.9267049046,"sqsum":347072046.178575,"variance":11968001.592364654,"size":30},"method=\"Date\" n=20000 option=\"showHidden\"":{"mean":658758.9780658382,"sqsum":5970182690.213585,"variance":205868368.62805465,"size":30},"method=\"Date\" n=20000 option=\"colors\"":{"mean":643908.5820153155,"sqsum":2157170129.193872,"variance":74385176.86875421,"size":30},"method=\"Date\" n=20000 option=\"none\"":{"mean":737075.2938088202,"sqsum":3660124482.655674,"variance":126211189.0570922,"size":30},"method=\"Set\" n=20000 option=\"showHidden\"":{"mean":526756.202448626,"sqsum":971611860.8002907,"variance":33503857.26897554,"size":30},"method=\"Set\" n=20000 option=\"colors\"":{"mean":401804.8081870045,"sqsum":796174333.2057682,"variance":27454287.35192304,"size":30},"method=\"Set\" n=20000 option=\"none\"":{"mean":562699.886253427,"sqsum":1658711226.752875,"variance":57196938.85354742,"size":30},"method=\"Error\" n=20000 option=\"showHidden\"":{"mean":136944.63441429587,"sqsum":140480540.75962365,"variance":4844156.577918057,"size":30},"method=\"Error\" n=20000 option=\"colors\"":{"mean":346750.27302054665,"sqsum":878623151.1966091,"variance":30297350.041262385,"size":30},"method=\"Error\" n=20000 option=\"none\"":{"mean":654269.7179526606,"sqsum":5931020962.4079685,"variance":204517964.22096443,"size":30},"method=\"Array\" n=20000 option=\"showHidden\"":{"mean":75596.25575108983,"sqsum":7942512.3628764255,"variance":273879.7366509112,"size":30},"method=\"Array\" n=20000 option=\"colors\"":{"mean":35258.69586059913,"sqsum":3997411.5767003843,"variance":137841.7785069098,"size":30},"method=\"Array\" n=20000 option=\"none\"":{"mean":84398.04547247755,"sqsum":75501858.12160106,"variance":2603512.3490207265,"size":30},"method=\"TypedArray\" n=20000 option=\"showHidden\"":{"mean":155773.06165879476,"sqsum":55974536.01812438,"variance":1930156.414418082,"size":30},"method=\"TypedArray\" n=20000 option=\"colors\"":{"mean":47240.75696489158,"sqsum":1522379.510327882,"variance":52495.84518372006,"size":30},"method=\"TypedArray\" n=20000 option=\"none\"":{"mean":202286.96019682885,"sqsum":100850373.00986148,"variance":3477599.0693055685,"size":30},"method=\"TypedArray_extra\" n=20000 option=\"showHidden\"":{"mean":119265.31963165897,"sqsum":70029936.49163184,"variance":2414825.396263167,"size":30},"method=\"TypedArray_extra\" n=20000 option=\"colors\"":{"mean":37993.82163885533,"sqsum":1201321.7599492709,"variance":41424.88827411279,"size":30},