{"bench-env":{"n=1000000 operation=\"get\"":{"mean":4177755.1123116408,"sqsum":829399813824.9138,"variance":28599993580.169445,"size":30},"n=1000000 operation=\"set\"":{"mean":3264193.6059216186,"sqsum":209695736794.4067,"variance":7230887475.669197,"size":30},"n=1000000 operation=\"enumerate\"":{"mean":30647.360333846875,"sqsum":20642931.89350745,"variance":711825.2377071534,"size":30},"n=1000000 operation=\"query\"":{"mean":4708234.896876747,"sqsum":258604885579.08362,"variance":8917409847.554607,"size":30},"n=1000000 operation=\"delete\"":{"mean":3937585.2093802034,"sqsum":579082162800.2856,"variance":19968350441.38916,"size":30}},"bench-hrtime":{"n=1000000 type=\"raw\"":{"mean":22113011.818319082,"sqsum":5767563165097.318,"variance":198881488451.63165,"size":30},"n=1000000 type=\"diff\"":{"mean":19755514.45252526,"sqsum":4443534090667.464,"variance":153225313471.29187,"size":30},"n=1000000 type=\"bigint\"":{"mean":21393167.654355656,"sqsum":1401998075776.0867,"variance":48344761233.658165,"size":30}},"coverage":{"n=100000":{"mean":483714.5693015179,"sqsum":2365068652.9289603,"variance":81554091.48030898,"size":30}},"memoryUsage":{"n=100000":{"mean":191924.4183823586,"sqsum":88587132.70890872,"variance":3054728.714100301,"size":30}},"next-tick-breadth-args":{"n=10000000":{"mean":2608141.6746938503,"sqsum":33044091412.716526,"variance":1139451428.0247078,"size":30}},"next-tick-breadth":{"n=10000000":{"mean":5425418.676957232,"sqsum":65210164264.29922,"variance":2248626353.9413524,"size":30}},"next-tick-depth-args":{"n=7000000":{"mean":10122527.498980695,"sqsum":218597932864.2669,"variance":7537859753.940238,"size":30}},"next-tick-depth":{"n=7000000":{"mean":12216865.271713348,"sqsum":2547102491516.879,"variance":87831120397.13376,"size":30}},"next-tick-exec-args":{"n=4000000":{"mean":32498869.665540755,"sqsum":45594522534794.39,"variance":1572224914992.9102,"size":30}},"next-tick-exec":{"n=4000000":{"mean":35799947.981811434,"sqsum":5183554228659.274,"variance":178743249264.1129,"size":30}},"queue-microtask-breadth":{"n=400000":{"mean":3108981.2791920956,"sqsum":21526550425.598564,"variance":742294842.2620194,"size":30}},"queue-microtask-depth":{"n=1200000":{"mean":6333770.288882662,"sqsum":377506765945.8875,"variance":13017474687.789225,"size":30}},"resourceUsage":{"n=100000":{"mean":1251472.6245329762,"sqsum":3610563687.6477,"variance":124502196.12578276,"size":30}}}