{"createInflate":{"chunkLen=1024 inputLen=16777216 n=100":{"mean":70.39727455223985,"sqsum":110.966993684934,"variance":3.8264480581011724,"size":30}},"creation":{"n=500000 options=\"true\" type=\"Deflate\"":{"mean":327075.8971684974,"sqsum":2687191474.3763313,"variance":92661774.97849418,"size":30},"n=500000 options=\"false\" type=\"Deflate\"":{"mean":334879.42403643456,"sqsum":1915456818.9385207,"variance":66050235.13581105,"size":30},"n=500000 options=\"true\" type=\"DeflateRaw\"":{"mean":330993.9761486024,"sqsum":1864522138.2724004,"variance":64293866.83697932,"size":30},"n=500000 options=\"false\" type=\"DeflateRaw\"":{"mean":336306.9275692847,"sqsum":1110530823.837099,"variance":38294166.33921031,"size":30},"n=500000 options=\"true\" type=\"Inflate\"":{"mean":327458.179886055,"sqsum":2231418066.83405,"variance":76945450.58048448,"size":30},"n=500000 options=\"false\" type=\"Inflate\"":{"mean":334482.2595981084,"sqsum":2641454789.7212067,"variance":91084647.92142093,"size":30},"n=500000 options=\"true\" type=\"InflateRaw\"":{"mean":325380.1354702803,"sqsum":7205651585.828507,"variance":248470744.33891407,"size":30},"n=500000 options=\"false\" type=\"InflateRaw\"":{"mean":334406.7795380713,"sqsum":2853492334.263076,"variance":98396287.38838193,"size":30},"n=500000 options=\"true\" type=\"Gzip\"":{"mean":328845.7531397123,"sqsum":2684733334.2053747,"variance":92577011.52432325,"size":30},"n=500000 options=\"false\" type=\"Gzip\"":{"mean":333392.18903286714,"sqsum":1261923238.5944717,"variance":43514594.43429213,"size":30},"n=500000 options=\"true\" type=\"Gunzip\"":{"mean":326893.49354355666,"sqsum":1469538172.2771535,"variance":50673730.07852253,"size":30},"n=500000 options=\"false\" type=\"Gunzip\"":{"mean":335746.8346614437,"sqsum":2305482934.9955106,"variance":79499411.55156934,"size":30},"n=500000 options=\"true\" type=\"Unzip\"":{"mean":326294.73553135275,"sqsum":2437422914.8835077,"variance":84049066.03046578,"size":30},"n=500000 options=\"false\" type=\"Unzip\"":{"mean":331912.1093526311,"sqsum":3910434955.9350867,"variance":134842584.6874168,"size":30},"n=500000 options=\"true\" type=\"BrotliCompress\"":{"mean":242190.0511102756,"sqsum":780097861.7991755,"variance":26899926.26893709,"size":30},"n=500000 options=\"false\" type=\"BrotliCompress\"":{"mean":242960.73852234552,"sqsum":1050893079.47035,"variance":36237692.395529315,"size":30},"n=500000 options=\"true\" type=\"BrotliDecompress\"":{"mean":250270.95376621216,"sqsum":4513811318.914521,"variance":155648666.16946623,"size":30},"n=500000 options=\"false\" type=\"BrotliDecompress\"":{"mean":248525.65371198187,"sqsum":3415666749.417457,"variance":117781612.04887784,"size":30}},"deflate":{"inputLen=1024 method=\"createDeflate\" n=400000":{"mean":74403.38519765998,"sqsum":97255085.12990142,"variance":3353623.6251690146,"size":30},"inputLen=1024 method=\"deflate\" n=400000":{"mean":30229.11746339732,"sqsum":8729495.921032425,"variance":301017.100725256,"size":30},"inputLen=1024 method=\"deflateSync\" n=400000":{"mean":80800.144401331,"sqsum":19436497.88379395,"variance":670224.0649584121,"size":30}},"inflate":{"inputLen=1024 method=\"inflate\" n=400000":{"mean":49276.96928160156,"sqsum":29971588.168595728,"variance":1033503.0402964045,"size":30},"inputLen=1024 method=\"inflateSync\" n=400000":{"mean":254345.43024537826,"sqsum":629366198.5760608,"variance":21702282.709519338,"size":30}},"pipe":{"algorithm=\"gzip\" duration=5 inputLen=1024 type=\"string\"":{"mean":0.3413465096767946,"sqsum":0.007918956425144416,"variance":0.0002730674629360144,"size":30},"algorithm=\"brotli\" duration=5 inputLen=1024 type=\"string\"":{"mean":0.27453886871129796,"sqsum":0.00015029554232435136,"variance":0.00000518260490773625,"size":30},"algorithm=\"gzip\" duration=5 inputLen=1024 type=\"buffer\"":{"mean":0.3656483506050699,"sqsum":0.008853045595849401,"variance":0.00030527743433963453,"size":30},"algorithm=\"brotli\" duration=5 inputLen=1024 type=\"buffer\"":{"mean":0.28693106638044735,"sqsum":0.00015645904452871146,"variance":0.00000539513946650729,"size":30}}}