{"bench-env":{"n=1000000 operation=\"get\"":{"mean":2703882.707224048,"sqsum":414549113282.58704,"variance":14294797009.74438,"size":30},"n=1000000 operation=\"set\"":{"mean":1952485.6799448954,"sqsum":932348825609.4346,"variance":32149959503.773605,"size":30},"n=1000000 operation=\"enumerate\"":{"mean":20379.28098809305,"sqsum":12411135.624977212,"variance":427970.1939647314,"size":30},"n=1000000 operation=\"query\"":{"mean":3030143.6124440716,"sqsum":463018624171.0393,"variance":15966159454.173769,"size":30},"n=1000000 operation=\"delete\"":{"mean":2482902.252937316,"sqsum":1402159784359.5603,"variance":48350337391.70897,"size":30}},"bench-hrtime":{"n=1000000 type=\"raw\"":{"mean":6938041.698801999,"sqsum":374213957325.8616,"variance":12903929562.960743,"size":30},"n=1000000 type=\"diff\"":{"mean":6815162.998140135,"sqsum":989291027889.7972,"variance":34113483720.337833,"size":30},"n=1000000 type=\"bigint\"":{"mean":6836643.047695101,"sqsum":345947878421.5704,"variance":11929237186.950703,"size":30}},"memoryUsage":{"n=100000":{"mean":104346.12211812896,"sqsum":50964635.37739399,"variance":1757401.2199101376,"size":30}},"next-tick-breadth-args":{"n=10000000":{"mean":2497610.737897639,"sqsum":40706361640.8341,"variance":1403667642.7873828,"size":30}},"next-tick-breadth":{"n=10000000":{"mean":3720610.1741207647,"sqsum":110009152815.23897,"variance":3793419062.594447,"size":30}},"next-tick-depth-args":{"n=7000000":{"mean":6021746.502052798,"sqsum":3000038405008.352,"variance":103449600172.7018,"size":30}},"next-tick-depth":{"n=7000000":{"mean":8441288.9290139,"sqsum":1141617279669.2366,"variance":39366113092.04264,"size":30}},"next-tick-exec-args":{"n=4000000":{"mean":26997727.493609305,"sqsum":31450093632750.457,"variance":1084485987336.2227,"size":30}},"next-tick-exec":{"n=4000000":{"mean":29747277.305915996,"sqsum":1135777136150.9883,"variance":39164728832.7927,"size":30}},"queue-microtask-breadth":{"n=400000":{"mean":1696485.790826461,"sqsum":7954673538.948627,"variance":274299087.5499527,"size":30}},"queue-microtask-depth":{"n=1200000":{"mean":4138566.884973589,"sqsum":592856808961.0193,"variance":20443338240.035145,"size":30}}}