{"creation":{"kind=\"duplex\" n=50000000":{"mean":2040089.7095789488,"sqsum":47826298232.62953,"variance":1649182697.6768804,"size":30},"kind=\"readable\" n=50000000":{"mean":3846779.050148217,"sqsum":99221021376.70164,"variance":3421414530.2310915,"size":30},"kind=\"transform\" n=50000000":{"mean":2304548.068512088,"sqsum":93979394395.45735,"variance":3240668772.25715,"size":30},"kind=\"writable\" n=50000000":{"mean":4804274.774511363,"sqsum":664401659639.0977,"variance":22910402056.52061,"size":30}},"pipe-object-mode":{"n=5000000":{"mean":7874339.863679771,"sqsum":260885577155.00702,"variance":8996054384.655415,"size":30}},"pipe":{"n=5000000":{"mean":6686684.062191004,"sqsum":1978880050727.8271,"variance":68237243128.54576,"size":30}},"readable-bigread":{"n=1000":{"mean":806.5180366736138,"sqsum":38363.361988132645,"variance":1322.8745513149188,"size":30}},"readable-bigunevenread":{"n=1000":{"mean":568.4444531806668,"sqsum":7181.119941215335,"variance":247.62482555914949,"size":30}},"readable-boundaryread":{"n=2000 type=\"string\"":{"mean":207.2582467189453,"sqsum":936.1394650157282,"variance":32.28067120743891,"size":30},"n=2000 type=\"buffer\"":{"mean":1014.3241274290408,"sqsum":5194.979516406133,"variance":179.13722470365977,"size":30}},"readable-readall":{"n=5000":{"mean":1439.1715605299887,"sqsum":67624.89702332004,"variance":2331.8930008041393,"size":30}},"readable-unevenread":{"n=1000":{"mean":165.10334146262264,"sqsum":195.0963439322955,"variance":6.727460135596397,"size":30}},"writable-manywrites":{"callback=\"yes\" len=1024 n=2000000 sync=\"yes\" writev=\"yes\"":{"mean":19979570.814074703,"sqsum":2139309469613.6704,"variance":73769292055.6438,"size":30},"callback=\"yes\" len=32768 n=2000000 sync=\"yes\" writev=\"yes\"":{"mean":19974745.50894538,"sqsum":2201180282956.4604,"variance":75902768377.80899,"size":30},"callback=\"no\" len=1024 n=2000000 sync=\"yes\" writev=\"yes\"":{"mean":19301309.762799796,"sqsum":1756346514454.7173,"variance":60563672912.23163,"size":30},"callback=\"no\" len=32768 n=2000000 sync=\"yes\" writev=\"yes\"":{"mean":19272670.994972628,"sqsum":1366179467827.2844,"variance":47109636821.6305,"size":30},"callback=\"yes\" len=1024 n=2000000 sync=\"yes\" writev=\"no\"":{"mean":21910167.670265283,"sqsum":7609252430275.032,"variance":262388014837.07007,"size":30},"callback=\"yes\" len=32768 n=2000000 sync=\"yes\" writev=\"no\"":{"mean":22148298.55306232,"sqsum":1988154809186.33,"variance":68557062385.73552,"size":30},"callback=\"no\" len=1024 n=2000000 sync=\"yes\" writev=\"no\"":{"mean":21121922.30271479,"sqsum":3931305125167.468,"variance":135562245695.42992,"size":30},"callback=\"no\" len=32768 n=2000000 sync=\"yes\" writev=\"no\"":{"mean":21091826.562896676,"sqsum":1840960274517.456,"variance":63481388776.464,"size":30},"callback=\"yes\" len=1024 n=2000000 sync=\"no\" writev=\"yes\"":{"mean":11032783.39609412,"sqsum":1906184968821.059,"variance":65730516166.243416,"size":30},"callback=\"yes\" len=32768 n=2000000 sync=\"no\" writev=\"yes\"":{"mean":4666723.998169738,"sqsum":354047751527.23413,"variance":12208543156.11152,"size":30},"callback=\"no\" len=1024 n=2000000 sync=\"no\" writev=\"yes\"":{"mean":13040745.854965182,"sqsum":1214820536686.177,"variance":41890363334.0061,"size":30},"callback=\"no\" len=32768 n=2000000 sync=\"no\" writev=\"yes\"":{"mean":4597177.681687456,"sqsum":717122335571.3193,"variance":24728356399.011013,"size":30},"callback=\"yes\" len=1024 n=2000000 sync=\"no\" writev=\"no\"":{"mean":4705842.93751028,"sqsum":299396972846.15857,"variance":10324033546.419262,"size":30},"callback=\"yes\" len=32768 n=2000000 sync=\"no\" writev=\"no\"":{"mean":4682807.563935917,"sqsum":344248570612.3883,"variance":11870640365.944424,"size":30},"callback=\"no\" len=1024 n=2000000 sync=\"no\" writev=\"no\"":{"mean":4742513.15505055,"sqsum":335614977242.8684,"variance":11572930249.754084,"size":30},"callback=\"no\" len=32768 n=2000000 sync=\"no\" writev=\"no\"":{"mean":4706917.476171273,"sqsum":268821430962.37607,"variance":9269704515.944002,"size":30}}}