{"ee-add-remove":{"n=1000000":{"mean":818356.6810360423,"sqsum":12334474711.032066,"variance":425326714.17351955,"size":30}},"ee-emit":{"argc=0 listeners=1 n=2000000":{"mean":33356444.576838586,"sqsum":12689655348591.947,"variance":437574322365.23956,"size":30},"argc=0 listeners=5 n=2000000":{"mean":10394083.088599496,"sqsum":597732387436.5363,"variance":20611461635.74263,"size":30},"argc=0 listeners=10 n=2000000":{"mean":6187724.5804089345,"sqsum":891766397926.1299,"variance":30750565445.728615,"size":30},"argc=2 listeners=1 n=2000000":{"mean":31209486.861396074,"sqsum":20569359849329.8,"variance":709288270666.5449,"size":30},"argc=2 listeners=5 n=2000000":{"mean":9301242.238326073,"sqsum":3886001971068.923,"variance":134000067967.89389,"size":30},"argc=2 listeners=10 n=2000000":{"mean":5305288.2386701945,"sqsum":1750730769065.4949,"variance":60370026519.499825,"size":30},"argc=4 listeners=1 n=2000000":{"mean":30936606.01468486,"sqsum":9810247474055.547,"variance":338284395657.0878,"size":30},"argc=4 listeners=5 n=2000000":{"mean":8915451.297726378,"sqsum":5624057611987.19,"variance":193933021103.00656,"size":30},"argc=4 listeners=10 n=2000000":{"mean":5296088.484896164,"sqsum":23941600266.53735,"variance":825572422.9840466,"size":30},"argc=10 listeners=1 n=2000000":{"mean":30104208.998160377,"sqsum":12142679239465.932,"variance":418713077222.9632,"size":30},"argc=10 listeners=5 n=2000000":{"mean":8619754.589901404,"sqsum":2811021562729.971,"variance":96931778025.17142,"size":30},"argc=10 listeners=10 n=2000000":{"mean":5001992.324121598,"sqsum":934937797402.201,"variance":32239234393.179348,"size":30}},"ee-listener-count-on-prototype":{"n=50000000":{"mean":58828836.66899905,"sqsum":89417113946608.5,"variance":3083348756779.6035,"size":30}},"ee-listeners-many":{"n=5000000":{"mean":5941159.277099933,"sqsum":152034144768.70737,"variance":5242556716.162323,"size":30}},"ee-listeners":{"n=5000000":{"mean":24031535.667317115,"sqsum":11524887264909.09,"variance":397409905686.5203,"size":30}},"ee-once":{"argc=0 n=20000000":{"mean":4973233.808087691,"sqsum":129388362770.58664,"variance":4461667681.744367,"size":30},"argc=1 n=20000000":{"mean":4707415.1026590085,"sqsum":126220933121.11972,"variance":4352445969.693784,"size":30},"argc=4 n=20000000":{"mean":4681961.458321187,"sqsum":111128211575.1513,"variance":3832007295.694873,"size":30},"argc=5 n=20000000":{"mean":4637446.7068702,"sqsum":150494767433.19247,"variance":5189474739.075603,"size":30}}}