{"bench-env":{"n=1000000 operation=\"get\"":{"mean":4568592.167097698,"sqsum":425039518897.7226,"variance":14656535134.404226,"size":30},"n=1000000 operation=\"set\"":{"mean":3423884.5891595148,"sqsum":194997788908.89673,"variance":6724061686.5136795,"size":30},"n=1000000 operation=\"enumerate\"":{"mean":31589.231168477498,"sqsum":3781441.6486490904,"variance":130394.53960858933,"size":30},"n=1000000 operation=\"query\"":{"mean":4785752.67533503,"sqsum":172015661804.48627,"variance":5931574544.9822855,"size":30},"n=1000000 operation=\"delete\"":{"mean":4048625.337037739,"sqsum":149208379979.9792,"variance":5145116551.033766,"size":30}},"bench-hrtime":{"n=1000000 type=\"raw\"":{"mean":17943961.01191363,"sqsum":1025503521022.3446,"variance":35362190380.08085,"size":30},"n=1000000 type=\"diff\"":{"mean":16630186.624560911,"sqsum":2016048456402.269,"variance":69518912289.73341,"size":30},"n=1000000 type=\"bigint\"":{"mean":18533120.595073946,"sqsum":4904227058396.905,"variance":169111277875.75537,"size":30}},"coverage":{"n=100000":{"mean":438981.8714584304,"sqsum":2342690706.102921,"variance":80782438.14148004,"size":30}},"memoryUsage":{"n=100000":{"mean":202106.23997476022,"sqsum":284990485.6910221,"variance":9827258.127276624,"size":30}},"next-tick-breadth-args":{"n=10000000":{"mean":3347122.218572069,"sqsum":18173926663.49064,"variance":626687126.3272634,"size":30}},"next-tick-breadth":{"n=10000000":{"mean":4854527.534735775,"sqsum":67192084321.238014,"variance":2316968424.8702765,"size":30}},"next-tick-depth-args":{"n=7000000":{"mean":10202846.8959276,"sqsum":314872910225.6305,"variance":10857686559.5045,"size":30}},"next-tick-depth":{"n=7000000":{"mean":12501913.26657145,"sqsum":286297487402.0174,"variance":9872327151.793703,"size":30}},"next-tick-exec-args":{"n=4000000":{"mean":33641996.94760971,"sqsum":61308513179808.73,"variance":2114086661372.7146,"size":30}},"next-tick-exec":{"n=4000000":{"mean":36955699.00079568,"sqsum":298893130680189.5,"variance":10306659678627.225,"size":30}},"queue-microtask-breadth":{"n=400000":{"mean":2095807.3589210475,"sqsum":1881270657.3405044,"variance":64871401.97725877,"size":30}},"queue-microtask-depth":{"n=1200000":{"mean":6452891.112406168,"sqsum":211677246113.05084,"variance":7299215383.208651,"size":30}},"resourceUsage":{"n=100000":{"mean":1260300.3992430412,"sqsum":1825372693.3142207,"variance":62943885.97635244,"size":30}}}