{"convertprotocols":{"n=1":{"mean":3863.774796994455,"sqsum":867518.4986803004,"variance":29914.430988975877,"size":30},"n=50000":{"mean":1059179.6297326966,"sqsum":3022850400.086296,"variance":104236220.69263089,"size":30}},"secure-pair":{"dur=5 securing=\"SecurePair\" size=100":{"mean":1833.4460244461454,"sqsum":15363.114826620626,"variance":529.7625802282975,"size":30},"dur=5 securing=\"SecurePair\" size=1024":{"mean":2656.806717188541,"sqsum":33473.94804147489,"variance":1154.2740703956858,"size":30},"dur=5 securing=\"SecurePair\" size=1048576":{"mean":3876.9712987002567,"sqsum":113256.27100890962,"variance":3905.3886554796422,"size":30},"dur=5 securing=\"TLSSocket\" size=100":{"mean":1852.7917747999434,"sqsum":22956.83471743696,"variance":791.6149902564468,"size":30},"dur=5 securing=\"TLSSocket\" size=1024":{"mean":2703.47111893494,"sqsum":65415.76656950655,"variance":2255.7160886036745,"size":30},"dur=5 securing=\"TLSSocket\" size=1048576":{"mean":4198.3158151325215,"sqsum":64260.26785948289,"variance":2215.87130549941,"size":30},"dur=5 securing=\"clear\" size=100":{"mean":626.525834948013,"sqsum":3834.871794902763,"variance":132.23695844492286,"size":30},"dur=5 securing=\"clear\" size=1024":{"mean":4114.821333403193,"sqsum":2277243.7124254135,"variance":78525.64525604874,"size":30},"dur=5 securing=\"clear\" size=1048576":{"mean":8851.1420807146,"sqsum":5565697.7569965385,"variance":191920.61231022546,"size":30}},"throughput-c2s":{"dur=5 size=100 type=\"buf\"":{"mean":2163.2454968187903,"sqsum":11825.517258344615,"variance":407.77645718429704,"size":30},"dur=5 size=1024 type=\"buf\"":{"mean":3648.1685383301983,"sqsum":78056.644137512,"variance":2691.608418534897,"size":30},"dur=5 size=1048576 type=\"buf\"":{"mean":6443.52365002655,"sqsum":87467.1188327858,"variance":3016.107545958131,"size":30},"dur=5 size=4194304 type=\"buf\"":{"mean":6003.37825832287,"sqsum":44499.0845577042,"variance":1534.4511916449724,"size":30},"dur=5 size=16777216 type=\"buf\"":{"mean":5865.723270179536,"sqsum":38026.294941692184,"variance":1311.2515497135234,"size":30},"dur=5 size=100 type=\"asc\"":{"mean":1174.1499433571842,"sqsum":1714.288528001228,"variance":59.11339751728372,"size":30},"dur=5 size=1024 type=\"asc\"":{"mean":3105.056891147306,"sqsum":40724.31884897659,"variance":1404.2868568612619,"size":30},"dur=5 size=1048576 type=\"asc\"":{"mean":6080.032890937851,"sqsum":57384.81381937628,"variance":1978.7866834267681,"size":30},"dur=5 size=4194304 type=\"asc\"":{"mean":5311.946625442279,"sqsum":53033.21110387435,"variance":1828.7314173749778,"size":30},"dur=5 size=16777216 type=\"asc\"":{"mean":5428.4427168486145,"sqsum":30049.87448163363,"variance":1036.2025683321942,"size":30},"dur=5 size=100 type=\"utf\"":{"mean":1229.0425830084175,"sqsum":491.6835715724837,"variance":16.95460591629254,"size":30},"dur=5 size=1024 type=\"utf\"":{"mean":3061.4434788667504,"sqsum":15654.303410035556,"variance":539.803565863295,"size":30},"dur=5 size=1048576 type=\"utf\"":{"mean":4474.558454955635,"sqsum":21158.487455282728,"variance":729.6030156994044,"size":30},"dur=5 size=4194304 type=\"utf\"":{"mean":4254.68826121251,"sqsum":22872.563772404785,"variance":788.709095600165,"size":30},"dur=5 size=16777216 type=\"utf\"":{"mean":4165.492217715582,"sqsum":15203.555882944707,"variance":524.2605476877485,"size":30}},"throughput-s2c":{"dur=5 recvbufgenfn=\"true\" recvbuflen=0 sendchunklen=256 type=\"buf\"":{"mean":3030.0006998874346,"sqsum":22048.010728901674,"variance":760.2762320310921,"size":30},"dur=5 recvbufgenfn=\"false\" recvbuflen=0 sendchunklen=256 type=\"buf\"":{"mean":3031.703679715168,"sqsum":25868.47555241001,"variance":892.0163983589658,"size":30},"dur=5 recvbufgenfn=\"true\" recvbuflen=65536 sendchunklen=256 type=\"buf\"":{"mean":3425.589570622365,"sqsum":53197.565773492934,"variance":1834.3988197756184,"size":30},"dur=5 recvbufgenfn=\"false\" recvbuflen=65536 sendchunklen=256 type=\"buf\"":{"mean":3441.5017090081014,"sqsum":67367.76521432139,"variance":2323.0263867007375,"size":30},"dur=5 recvbufgenfn=\"true\" recvbuflen=1048576 sendchunklen=256 type=\"buf\"":{"mean":3427.8549805376147,"sqsum":51771.6658789135,"variance":1785.229857893569,"size":30},"dur=5 recvbufgenfn=\"false\" recvbuflen=1048576 sendchunklen=256 type=\"buf\"":{"mean":3449.2036332395323,"sqsum":42101.86501218474,"variance":1451.7884486960256,"size":30},"dur=5 recvbufgenfn=\"true\" recvbuflen=0 sendchunklen=32768 type=\"buf\"":{"mean":5851.508458343826,"sqsum":86595.33633682127,"variance":2986.0460805800435,"size":30},"dur=5 recvbufgenfn=\"false\" recvbuflen=0 sendchunklen=32768 type=\"buf\"":{"mean":5863.022609062065,"sqsum":66775.22720884657,"variance":2302.594041684364,"size":30},"dur=5 recvbufgenfn=\"true\" recvbuflen=65536 sendchunklen=32768 type=\"buf\"":{"mean":7037.681313569292,"sqsum":151556.7856138935,"variance":5226.0960556515,"size":30},"dur=5 recvbufgenfn=\"false\" recvbuflen=65536 sendchunklen=32768 type=\"buf\"":{"mean":7099.840531309369,"sqsum":144182.0141870396,"variance":4971.793592656539,"size":30},"dur=5 recvbufgenfn=\"true\" recvbuflen=1048576 sendchunklen=32768 type=\"buf\"":{"mean":7058.773453169572,"sqsum":110697.8031372074,"variance":3817.1656254209447,"size":30},"dur=5 recvbufgenfn=\"false\" recvbuflen=1048576 sendchunklen=32768 type=\"buf\"":{"mean":7117.694625097272,"sqsum":123397.37650558786,"variance":4255.081948468547,"size":30},"dur=5 recvbufgenfn=\"true\" recvbuflen=0 sendchunklen=131072 type=\"buf\"":{"mean":6346.672414077003,"sqsum":57551.92012419672,"variance":1984.548969799887,"size":30},"dur=5 recvbufgenfn=\"false\" recvbuflen=0 sendchunklen=131072 type=\"buf\"":{"mean":6324.075565612276,"sqsum":111364.3601131935,"variance":3840.1503487308105,"size":30},"dur=5 recvbufgenfn=\"true\" recvbuflen=65536 sendchunklen=131072 type=\"buf\"":{"mean":7786.348123760797,"sqsum":132873.1706489062,"variance":4581.833470651938,"size":30},"dur=5 recvbufgenfn=\"false\" recvbuflen=65536 sendchunklen=131072 type=\"buf\"":{"mean":7855.489763232332,"sqsum":140545.26022741443,"variance":4846.3882837039455,"size":30},"dur=5 recvbufgenfn=\"true\" recvbuflen=1048576 sendchunklen=131072 type=\"buf\"":{"mean":7802.165973688006,"sqsum":108830.66240127757,"variance":3752.7814621130196,"size":30},"dur=5 recvbufgenfn=\"false\" recvbuflen=1048576 sendchunklen=131072 type=\"buf\"":{"mean":7856.867280859633,"sqsum":104326.71243724923,"variance":3597.4728426637666,"size":30},"dur=5 recvbufgenfn=\"true\" recvbuflen=0 sendchunklen=16777216 type=\"buf\"":{"mean":5881.53160569645,"sqsum":42945.17371058154,"variance":1480.8680589855703,"size":30},"dur=5 recvbufgenfn=\"false\" recvbuflen=0 sendchunklen=16777216 type=\"buf\"":{"mean":5887.724031803204,"sqsum":44589.81110883938,"variance":1537.5796934082543,"size":30},"dur=5 recvbufgenfn=\"true\" recvbuflen=65536 sendchunklen=16777216 type=\"buf\"":{"mean":6961.360988362312,"sqsum":33384.05747660744,"variance":1151.1743957450842,"size":30},"dur=5 recvbufgenfn=\"false\" recvbuflen=65536 sendchunklen=16777216 type=\"buf\"":{"mean":7030.810275434831,"sqsum":40040.36268125001,"variance":1380.702161422414,"size":30},"dur=5 recvbufgenfn=\"true\" recvbuflen=1048576 sendchunklen=16777216 type=\"buf\"":{"mean":6965.572867939362,"sqsum":41999.32033902546,"variance":1448.2524254836364,"size":30},"dur=5 recvbufgenfn=\"false\" recvbuflen=1048576 sendchunklen=16777216 type=\"buf\"":{"mean":7024.772390221886,"sqsum":36830.92542032381,"variance":1270.0319110456487,"size":30},"dur=5 recvbufgenfn=\"true\" recvbuflen=0 sendchunklen=256 type=\"asc\"":{"mean":2047.2155773276609,"sqsum":13453.456835888737,"variance":463.9123046858185,"size":30},"dur=5 recvbufgenfn=\"false\" recvbuflen=0 sendchunklen=256 type=\"asc\"":{"mean":2047.697754276995,"sqsum":9936.090752700029,"variance":342.6238190586217,"size":30},"dur=5 recvbufgenfn=\"true\" recvbuflen=65536 sendchunklen=256 type=\"asc\"":{"mean":2224.4873701960105,"sqsum":23640.582208582066,"variance":815.1924899511057,"size":30},