{"array-vs-concat":{"chunks=1 dur=5 len=64 num=100 type=\"concat\"":{"mean":0.12513146692698107,"sqsum":0.00014666033705145696,"variance":0.00000505725300177438,"size":30},"chunks=1 dur=5 len=64 num=100 type=\"multi\"":{"mean":0.12543425733957883,"sqsum":0.00010261389987543555,"variance":0.00000353841034053226,"size":30},"chunks=2 dur=5 len=64 num=100 type=\"concat\"":{"mean":0.12339223466347127,"sqsum":0.00017386093196867838,"variance":0.00000599520455064408,"size":30},"chunks=2 dur=5 len=64 num=100 type=\"multi\"":{"mean":0.11839713141902536,"sqsum":0.00012576122422170138,"variance":0.00000433659393867936,"size":30},"chunks=4 dur=5 len=64 num=100 type=\"concat\"":{"mean":0.12259746095483995,"sqsum":0.00015760692854981505,"variance":0.00000543472167413155,"size":30},"chunks=4 dur=5 len=64 num=100 type=\"multi\"":{"mean":0.1055598834290586,"sqsum":0.000056097884346402194,"variance":0.00000193440980504835,"size":30},"chunks=8 dur=5 len=64 num=100 type=\"concat\"":{"mean":0.1195953676685636,"sqsum":0.00014117553438646528,"variance":0.00000486812187539535,"size":30},"chunks=8 dur=5 len=64 num=100 type=\"multi\"":{"mean":0.0890984423308687,"sqsum":0.000024058071650451464,"variance":8.2958867760177e-7,"size":30},"chunks=1 dur=5 len=256 num=100 type=\"concat\"":{"mean":0.483664678758621,"sqsum":0.0015416681177987414,"variance":0.00005316096957926695,"size":30},"chunks=1 dur=5 len=256 num=100 type=\"multi\"":{"mean":0.5026612843031659,"sqsum":0.002534712250929056,"variance":0.00008740387072169158,"size":30},"chunks=2 dur=5 len=256 num=100 type=\"concat\"":{"mean":0.48212721611586473,"sqsum":0.0012067684671844328,"variance":0.00004161270576498045,"size":30},"chunks=2 dur=5 len=256 num=100 type=\"multi\"":{"mean":0.47204043813491886,"sqsum":0.0016606248101894696,"variance":0.00005726292448929206,"size":30},"chunks=4 dur=5 len=256 num=100 type=\"concat\"":{"mean":0.479496640251722,"sqsum":0.001346945983309828,"variance":0.00004644641321758028,"size":30},"chunks=4 dur=5 len=256 num=100 type=\"multi\"":{"mean":0.4221329312377581,"sqsum":0.0007580673259672504,"variance":0.00002614025261956036,"size":30},"chunks=8 dur=5 len=256 num=100 type=\"concat\"":{"mean":0.46688816375013203,"sqsum":0.0016954054367108594,"variance":0.0000584622564383055,"size":30},"chunks=8 dur=5 len=256 num=100 type=\"multi\"":{"mean":0.350516939821242,"sqsum":0.0008237778735133937,"variance":0.00002840613356942737,"size":30},"chunks=1 dur=5 len=512 num=100 type=\"concat\"":{"mean":0.9446006154644444,"sqsum":0.006032272743350031,"variance":0.0002080094049431045,"size":30},"chunks=1 dur=5 len=512 num=100 type=\"multi\"":{"mean":1.0062418809875853,"sqsum":0.010206621067108972,"variance":0.00035195245058996453,"size":30},"chunks=2 dur=5 len=512 num=100 type=\"concat\"":{"mean":0.9387512497990907,"sqsum":0.010229879813561731,"variance":0.00035275447632971487,"size":30},"chunks=2 dur=5 len=512 num=100 type=\"multi\"":{"mean":0.9346735321453471,"sqsum":0.007392432738451948,"variance":0.00025491147373972234,"size":30},"chunks=4 dur=5 len=512 num=100 type=\"concat\"":{"mean":0.9376385640431644,"sqsum":0.004610108350265352,"variance":0.00015896925345742596,"size":30},"chunks=4 dur=5 len=512 num=100 type=\"multi\"":{"mean":0.8342123377737704,"sqsum":0.0030836150429354114,"variance":0.00010633155320466935,"size":30},"chunks=8 dur=5 len=512 num=100 type=\"concat\"":{"mean":0.9103282870514926,"sqsum":0.004945529075417883,"variance":0.00017053548535923732,"size":30},"chunks=8 dur=5 len=512 num=100 type=\"multi\"":{"mean":0.6914679789788625,"sqsum":0.0018781607656690649,"variance":0.00006476416433341603,"size":30},"chunks=1 dur=5 len=1024 num=100 type=\"concat\"":{"mean":1.8085649866327502,"sqsum":0.015987845720847955,"variance":0.0005513050248568261,"size":30},"chunks=1 dur=5 len=1024 num=100 type=\"multi\"":{"mean":1.9823602975278476,"sqsum":0.02313524435982572,"variance":0.0007977670468905421,"size":30},"chunks=2 dur=5 len=1024 num=100 type=\"concat\"":{"mean":1.8080079583688011,"sqsum":0.029668580461259437,"variance":0.0010230544986641185,"size":30},"chunks=2 dur=5 len=1024 num=100 type=\"multi\"":{"mean":1.867331234374066,"sqsum":0.026576394818950497,"variance":0.0009164274075500171,"size":30},"chunks=4 dur=5 len=1024 num=100 type=\"concat\"":{"mean":1.7934394227514068,"sqsum":0.015436645951294639,"variance":0.0005322981362515393,"size":30},"chunks=4 dur=5 len=1024 num=100 type=\"multi\"":{"mean":1.6594589658323908,"sqsum":0.018667292280758974,"variance":0.000643699733819275,"size":30},"chunks=8 dur=5 len=1024 num=100 type=\"concat\"":{"mean":1.7540978732931332,"sqsum":0.018512235689046936,"variance":0.0006383529547947219,"size":30},"chunks=8 dur=5 len=1024 num=100 type=\"multi\"":{"mean":1.3773503977938988,"sqsum":0.009932561936501865,"variance":0.0003425021357414436,"size":30}},"bind-params":{"address=\"true\" n=10000 port=\"true\"":{"mean":237409.92424087788,"sqsum":230570727.49909377,"variance":7950714.741348062,"size":30},"address=\"false\" n=10000 port=\"true\"":{"mean":236815.37440622048,"sqsum":199380059.52576604,"variance":6875174.466405725,"size":30},"address=\"false\" n=10000 port=\"false\"":{"mean":235423.1700089169,"sqsum":144698581.42129317,"variance":4989606.255906661,"size":30}},"multi-buffer":{"chunks=1 dur=5 len=64 num=100 type=\"send\"":{"mean":0.12522589058878295,"sqsum":0.00013510444317402158,"variance":0.00000465877390255247,"size":30},"chunks=1 dur=5 len=64 num=100 type=\"recv\"":{"mean":0.04025911378152793,"sqsum":0.00001381400522097418,"variance":4.763450076198e-7,"size":30},"chunks=2 dur=5 len=64 num=100 type=\"send\"":{"mean":0.11801274136741578,"sqsum":0.00013583044363873757,"variance":0.00000468380840133578,"size":30},"chunks=2 dur=5 len=64 num=100 type=\"recv\"":{"mean":0.03793128185028007,"sqsum":0.00000974323959667122,"variance":3.3597377919556e-7,"size":30},"chunks=4 dur=5 len=64 num=100 type=\"send\"":{"mean":0.10594815325364794,"sqsum":0.00008781817127042137,"variance":0.00000302821280242832,"size":30},"chunks=4 dur=5 len=64 num=100 type=\"recv\"":{"mean":0.03394274589847338,"sqsum":0.000007187850525797404,"variance":2.4785691468267e-7,"size":30},"chunks=8 dur=5 len=64 num=100 type=\"send\"":{"mean":0.08858270840631163,"sqsum":0.00004236467125300017,"variance":0.00000146085073286207,"size":30},"chunks=8 dur=5 len=64 num=100 type=\"recv\"":{"mean":0.02814080621501226,"sqsum":0.000004865343347861281,"variance":1.6777046027108e-7,"size":30},"chunks=1 dur=5 len=256 num=100 type=\"send\"":{"mean":0.5028032927854577,"sqsum":0.0024759335767445224,"variance":0.00008537701988774216,"size":30},"chunks=1 dur=5 len=256 num=100 type=\"recv\"":{"mean":0.16033779010986393,"sqsum":0.00029485295223608384,"variance":0.00001016734318055462,"size":30},"chunks=2 dur=5 len=256 num=100 type=\"send\"":{"mean":0.47156346021425505,"sqsum":0.0017556812547578056,"variance":0.00006054073292268295,"size":30},"chunks=2 dur=5 len=256 num=100 type=\"recv\"":{"mean":0.15077698423464567,"sqsum":0.00013121749235541177,"variance":0.00000452474111570385,"size":30},"chunks=4 dur=5 len=256 num=100 type=\"send\"":{"mean":0.4238755053385276,"sqsum":0.0009854378796213144,"variance":0.00003398061653866601,"size":30},"chunks=4 dur=5 len=256 num=100 type=\"recv\"":{"mean":0.13549779755659164,"sqsum":0.00007243747493252524,"variance":0.00000249784396319053,"size":30},"chunks=8 dur=5 len=256 num=100 type=\"send\"":{"mean":0.3513622709022541,"sqsum":0.0004516784981880211,"variance":0.00001557512062717314,"size":30},"chunks=8 dur=5 len=256 num=100 type=\"recv\"":{"mean":0.11232987795810492,"sqsum":0.00006578558832758382,"variance":0.00000226846856302013,"size":30},"chunks=1 dur=5 len=1024 num=100 type=\"send\"":{"mean":1.9919736097489211,"sqsum":0.03509494840991135,"variance":0.001210170634824529,"size":30},"chunks=1 dur=5 len=1024 num=100 type=\"recv\"":{"mean":0.6386558415863601,"sqsum":0.0016459635728576774,"variance":0.00005675736458129922,"size":30},