{"lookup-promises":{"all=\"true\" n=5000000 name=\"127.0.0.1\"":{"mean":17293816567.41347,"sqsum":11784071937751423000,"variance":406347308198324900,"size":30},"all=\"false\" n=5000000 name=\"127.0.0.1\"":{"mean":17757700375.72849,"sqsum":7292704512056712000,"variance":251472569381265950,"size":30},"all=\"true\" n=5000000 name=\"::1\"":{"mean":4672308425.128944,"sqsum":100549192376599100,"variance":3467213530227555,"size":30},"all=\"false\" n=5000000 name=\"::1\"":{"mean":4729798698.412444,"sqsum":219890237836135870,"variance":7582421994349513,"size":30}},"lookup":{"all=\"true\" n=5000000 name=\"127.0.0.1\"":{"mean":6248731.476513815,"sqsum":60967486173.76618,"variance":2102327109.4402132,"size":30},"all=\"false\" n=5000000 name=\"127.0.0.1\"":{"mean":6688421.874287887,"sqsum":1271173601908.8381,"variance":43833572479.61511,"size":30},"all=\"true\" n=5000000 name=\"::1\"":{"mean":3755385.454399554,"sqsum":3059072498.882399,"variance":105485258.5821517,"size":30},"all=\"false\" n=5000000 name=\"::1\"":{"mean":3861495.1709413966,"sqsum":37216459890.47503,"variance":1283326203.1198287,"size":30}}}