{"echo":{"n=100000 payload=\"string\" sendsPerBroadcast=1 serialization=\"json\" workers=1":{"mean":15832.353131864358,"sqsum":22759789.760736078,"variance":784820.3365771062,"size":30},"n=100000 payload=\"string\" sendsPerBroadcast=1 serialization=\"advanced\" workers=1":{"mean":11407.70192003694,"sqsum":3937434.661496449,"variance":135773.60901711893,"size":30},"n=100000 payload=\"string\" sendsPerBroadcast=10 serialization=\"json\" workers=1":{"mean":7392.010054808116,"sqsum":437538.2551711282,"variance":15087.52604038373,"size":30},"n=100000 payload=\"string\" sendsPerBroadcast=10 serialization=\"advanced\" workers=1":{"mean":3580.875474613385,"sqsum":49628.53140316332,"variance":1711.3286690745972,"size":30},"n=100000 payload=\"object\" sendsPerBroadcast=1 serialization=\"json\" workers=1":{"mean":13484.720876302592,"sqsum":26742633.731308494,"variance":922159.783838224,"size":30},"n=100000 payload=\"object\" sendsPerBroadcast=1 serialization=\"advanced\" workers=1":{"mean":4075.2837752503797,"sqsum":15239364.153675072,"variance":525495.315643968,"size":30},"n=100000 payload=\"object\" sendsPerBroadcast=10 serialization=\"json\" workers=1":{"mean":5151.350266963921,"sqsum":426011.2844078927,"variance":14690.044289927333,"size":30},"n=100000 payload=\"object\" sendsPerBroadcast=10 serialization=\"advanced\" workers=1":{"mean":755.9372714533583,"sqsum":6685.647409268407,"variance":230.53956583684163,"size":30}}}