{"cpus":{"n=30000":{"mean":7325.729387491092,"sqsum":19233.200109362508,"variance":663.2137968745692,"size":30}},"loadavg":{"n=5000000":{"mean":283536.12908419134,"sqsum":388325020.34437513,"variance":13390517.942909487,"size":30}},"networkInterfaces":{"n=10000":{"mean":7577.91694438838,"sqsum":13860.862400129732,"variance":477.96077241826663,"size":30}}}