{"immediate":{"n=5000000 type=\"depth\"":{"mean":735426.6039897591,"sqsum":7347076687.972105,"variance":253347471.9990381,"size":30},"n=5000000 type=\"depth1\"":{"mean":725023.2708143183,"sqsum":9119546575.150362,"variance":314467123.2810469,"size":30},"n=5000000 type=\"breadth\"":{"mean":2817800.4715225603,"sqsum":20586832456.235447,"variance":709890774.3529464,"size":30},"n=5000000 type=\"breadth1\"":{"mean":2373644.922096835,"sqsum":9764772043.937603,"variance":336716277.3771587,"size":30},"n=5000000 type=\"breadth4\"":{"mean":1782597.7344100343,"sqsum":5932732679.381703,"variance":204576988.94419667,"size":30},"n=5000000 type=\"clear\"":{"mean":12614847.187332908,"sqsum":904266470714.1879,"variance":31181602438.420273,"size":30}},"set-immediate-breadth-args":{"n=5000000":{"mean":1463414.3930085066,"sqsum":3830267377.954166,"variance":132078185.44669537,"size":30}},"set-immediate-breadth":{"n=10000000":{"mean":2078419.0174623723,"sqsum":9529136020.068096,"variance":328590897.2437275,"size":30}},"set-immediate-depth-args":{"n=5000000":{"mean":707540.7749259295,"sqsum":3422325717.818628,"variance":118011231.6489182,"size":30}},"timers-breadth-args":{"n=1000000":{"mean":1397566.876279969,"sqsum":6322853167.696555,"variance":218029419.5757433,"size":30}},"timers-breadth":{"n=5000000":{"mean":2240478.0335004255,"sqsum":6444409354.359162,"variance":222221012.21928144,"size":30}},"timers-cancel-pooled":{"n=5000000":{"mean":29367220.777352795,"sqsum":1113658250664.0095,"variance":38402008643.58653,"size":30}},"timers-cancel-unpooled":{"direction=\"start\" n=1000000":{"mean":2359816.1261629714,"sqsum":4687047986.27541,"variance":161622344.35432446,"size":30},"direction=\"end\" n=1000000":{"mean":9024959.30361713,"sqsum":943924255510.3124,"variance":32549112258.976288,"size":30}},"timers-depth":{"n=1000":{"mean":834.69854698144,"sqsum":1085.8416216609664,"variance":37.442814540033325,"size":30}},"timers-insert-pooled":{"n=5000000":{"mean":2025338.7209968818,"sqsum":5059786162.208227,"variance":174475384.90373197,"size":30}},"timers-insert-unpooled":{"direction=\"start\" n=1000000":{"mean":1244764.036400789,"sqsum":2376570605.7005825,"variance":81950710.5413994,"size":30},"direction=\"end\" n=1000000":{"mean":877446.6967721097,"sqsum":605719739.511187,"variance":20886887.569351275,"size":30}},"timers-timeout-nexttick":{"n=50000":{"mean":1309832.6236052027,"sqsum":111602887342.5858,"variance":3848375425.6064067,"size":30},"n=5000000":{"mean":4967045.06999046,"sqsum":50452341919.400696,"variance":1739735928.2551963,"size":30}},"timers-timeout-pooled":{"n=10000000":{"mean":10427517.489164043,"sqsum":3840722211158.072,"variance":132438696936.48524,"size":30}},"timers-timeout-unpooled":{"n=1000000":{"mean":8658669.672151286,"sqsum":3101041299928.7485,"variance":106932458618.23271,"size":30}}}