{"atomics-wait":{"n=10000000":{"mean":10267954.240157679,"sqsum":2012117199317.1807,"variance":69383351700.59244,"size":30}},"bench-eventlooputil":{"method=\"ELU_simple\" n=1000000":{"mean":6476949.626044078,"sqsum":105654982423.87045,"variance":3643275255.9955325,"size":30},"method=\"ELU_passed\" n=1000000":{"mean":5957136.454842556,"sqsum":170880861200.54834,"variance":5892443489.67408,"size":30}},"echo":{"n=100000 payload=\"string\" sendsPerBroadcast=1 workers=1":{"mean":88285.15782579841,"sqsum":1006091574.486731,"variance":34692812.913335554,"size":30},"n=100000 payload=\"string\" sendsPerBroadcast=10 workers=1":{"mean":49509.24371724045,"sqsum":39433479.57734057,"variance":1359775.1578393301,"size":30},"n=100000 payload=\"object\" sendsPerBroadcast=1 workers=1":{"mean":66761.8298244431,"sqsum":158916588.3988575,"variance":5479882.358581293,"size":30},"n=100000 payload=\"object\" sendsPerBroadcast=10 workers=1":{"mean":29524.303647906298,"sqsum":60986871.41281388,"variance":2102995.565959099,"size":30}},"messageport":{"n=1000000 payload=\"string\" style=\"eventtarget\"":{"mean":685337.461941175,"sqsum":20578927964.831966,"variance":709618205.6838609,"size":30},"n=1000000 payload=\"string\" style=\"eventemitter\"":{"mean":1110500.9710878807,"sqsum":17168955856.569323,"variance":592032960.5713559,"size":30},"n=1000000 payload=\"object\" style=\"eventtarget\"":{"mean":372091.19373791624,"sqsum":2079216047.744714,"variance":71697105.09464532,"size":30},"n=1000000 payload=\"object\" style=\"eventemitter\"":{"mean":512036.1934966386,"sqsum":12737173240.152548,"variance":439212870.3500878,"size":30}}}