{"basename-posix":{"n=100000 pathext=\"\"":{"mean":11007393.204066517,"sqsum":461598674827.8044,"variance":15917195683.717394,"size":30},"n=100000 pathext=\"/\"":{"mean":9791441.484834526,"sqsum":233246147497.73013,"variance":8042970603.370005,"size":30},"n=100000 pathext=\"/foo\"":{"mean":8533035.302095367,"sqsum":160322319539.904,"variance":5528355846.203586,"size":30},"n=100000 pathext=\"/foo/.bar.baz\"":{"mean":5959509.400537037,"sqsum":88421061593.00044,"variance":3049002123.8965673,"size":30},"n=100000 pathext=\"/foo/.bar.baz|.baz\"":{"mean":4409450.312536674,"sqsum":29131075684.86611,"variance":1004519851.2022797,"size":30},"n=100000 pathext=\"foo\"":{"mean":9021018.329719378,"sqsum":114595098987.35938,"variance":3951555137.4951506,"size":30},"n=100000 pathext=\"foo/bar.\"":{"mean":6962394.434051949,"sqsum":80091013818.79868,"variance":2761759097.199954,"size":30},"n=100000 pathext=\"foo/bar.|.\"":{"mean":5089788.5937348725,"sqsum":20552508756.933327,"variance":708707198.5149423,"size":30},"n=100000 pathext=\"/foo/bar/baz/asdf/quux.html\"":{"mean":5824121.072104451,"sqsum":1597570735397.7397,"variance":55088646048.19792,"size":30},"n=100000 pathext=\"/foo/bar/baz/asdf/quux.html|.html\"":{"mean":4205555.801345841,"sqsum":11465042310.032543,"variance":395346286.5528463,"size":30}},"basename-win32":{"n=100000 pathext=\"\"":{"mean":10121130.80632562,"sqsum":338992776664.4812,"variance":11689406091.878662,"size":30},"n=100000 pathext=\"C:\\\\\"":{"mean":7801075.617946613,"sqsum":120383741010.95744,"variance":4151163483.1364636,"size":30},"n=100000 pathext=\"C:\\\\foo\"":{"mean":6926581.347785531,"sqsum":70375098048.99702,"variance":2426727518.9309316,"size":30},"n=100000 pathext=\"D:\\\\foo\\\\.bar.baz\"":{"mean":4988888.626296331,"sqsum":16731217464.318275,"variance":576938533.2523544,"size":30},"n=100000 pathext=\"E:\\\\foo\\\\.bar.baz|.baz\"":{"mean":4060501.293517172,"sqsum":74931628947.25755,"variance":2583849274.043364,"size":30},"n=100000 pathext=\"foo\"":{"mean":7845174.6278702505,"sqsum":135543859306.0666,"variance":4673926182.967814,"size":30},"n=100000 pathext=\"foo\\\\bar.\"":{"mean":5712339.326578376,"sqsum":55336902100.63677,"variance":1908169037.9529922,"size":30},"n=100000 pathext=\"foo\\\\bar.|.\"":{"mean":4897923.980142272,"sqsum":10924397450.561768,"variance":376703360.36419886,"size":30},"n=100000 pathext=\"\\\\foo\\\\bar\\\\baz\\\\asdf\\\\quux.html\"":{"mean":5265248.182527943,"sqsum":49474477153.32294,"variance":1706016453.56286,"size":30},"n=100000 pathext=\"\\\\foo\\\\bar\\\\baz\\\\asdf\\\\quux.html|.html\"":{"mean":4201251.789410512,"sqsum":9251877039.972956,"variance":319030242.75768816,"size":30}},"dirname-posix":{"n=100000 path=\"\"":{"mean":11381126.873614512,"sqsum":291754723382.6798,"variance":10060507702.851028,"size":30},"n=100000 path=\"/\"":{"mean":9604175.08356485,"sqsum":152208958914.4725,"variance":5248584790.154224,"size":30},"n=100000 path=\"/foo\"":{"mean":8312589.542114435,"sqsum":173519236535.5959,"variance":5983421949.503306,"size":30},"n=100000 path=\"/foo/bar\"":{"mean":6739050.974647969,"sqsum":49643687437.65144,"variance":1711851290.953498,"size":30},"n=100000 path=\"foo\"":{"mean":8979371.666977847,"sqsum":89348019265.77032,"variance":3080966181.578287,"size":30},"n=100000 path=\"foo/bar\"":{"mean":8031777.399573372,"sqsum":932285772486.0908,"variance":32147785258.141064,"size":30},"n=100000 path=\"/foo/bar/baz/asdf/quux\"":{"mean":6244227.174495064,"sqsum":754595787948.7516,"variance":26020544412.025917,"size":30}},"dirname-win32":{"n=100000 path=\"\"":{"mean":9979683.391352538,"sqsum":165922171736.2891,"variance":5721454197.803072,"size":30},"n=100000 path=\"\\\\\"":{"mean":8314576.105841612,"sqsum":63882525261.5922,"variance":2202845698.6755934,"size":30},"n=100000 path=\"\\\\foo\"":{"mean":7299133.585869933,"sqsum":960766436660.1732,"variance":33129877126.212868,"size":30},"n=100000 path=\"C:\\\\foo\\\\bar\"":{"mean":5535725.8529665675,"sqsum":23007657006.670597,"variance":793367482.9886413,"size":30},"n=100000 path=\"foo\"":{"mean":7581341.3822556315,"sqsum":99273679512.7888,"variance":3423230328.0271997,"size":30},"n=100000 path=\"foo\\\\bar\"":{"mean":6885740.766334882,"sqsum":61390780824.83851,"variance":2116923476.7185693,"size":30},"n=100000 path=\"D:\\\\foo\\\\bar\\\\baz\\\\asdf\\\\quux\"":{"mean":5188758.114283863,"sqsum":36968386699.93935,"variance":1274771955.1703224,"size":30}},"extname-posix":{"n=100000 path=\"\"":{"mean":12476184.989630612,"sqsum":396091027321.3526,"variance":13658311286.943193,"size":30},"n=100000 path=\"/\"":{"mean":10805725.712568067,"sqsum":263388260594.8256,"variance":9082353813.614676,"size":30},"n=100000 path=\"/foo\"":{"mean":9210814.484460913,"sqsum":1549992295291.3198,"variance":53448010182.459305,"size":30},"n=100000 path=\"foo/.bar.baz\"":{"mean":5573781.786476598,"sqsum":28246266094.03341,"variance":974009175.6563245,"size":30},"n=100000 path=\"index.html\"":{"mean":5779397.077892844,"sqsum":21867067434.87883,"variance":754036808.09927,"size":30},"n=100000 path=\"index\"":{"mean":8868600.1049584,"sqsum":154280842464.87613,"variance":5320029050.512971,"size":30},"n=100000 path=\"foo/bar/..baz.quux\"":{"mean":5022426.019995021,"sqsum":25797639556.575912,"variance":889573777.8129624,"size":30},"n=100000 path=\"foo/bar/...baz.quux\"":{"mean":4793237.166253003,"sqsum":30701898449.09203,"variance":1058686153.4169666,"size":30},"n=100000 path=\"/foo/bar/baz/asdf/quux\"":{"mean":6981761.784949115,"sqsum":53073341666.8617,"variance":1830115229.891783,"size":30},"n=100000 path=\"/foo/bar/baz/asdf/quux.foobarbazasdfquux\"":{"mean":3802979.084443019,"sqsum":12559517487.418213,"variance":433086809.91097283,"size":30}},"extname-win32":{"n=100000 path=\"\"":{"mean":10956394.6152958,"sqsum":246441909265.40796,"variance":8497996871.220964,"size":30},"n=100000 path=\"\\\\\"":{"mean":9587770.257108077,"sqsum":186206907208.7047,"variance":6420927834.782921,"size":30},"n=100000 path=\"C:\\\\foo\"":{"mean":7403289.987196163,"sqsum":112083002475.37868,"variance":3864931119.8406444,"size":30},"n=100000 path=\"foo\\\\.bar.baz\"":{"mean":5164472.778178833,"sqsum":51666390977.73368,"variance":1781599688.8873684,"size":30},"n=100000 path=\"index.html\"":{"mean":5435239.507838109,"sqsum":293653929321.773,"variance":10125997562.81976,"size":30},"n=100000 path=\"index\"":{"mean":7883564.108601063,"sqsum":147948035512.94406,"variance":5101656396.998071,"size":30},"n=100000 path=\"foo\\\\bar\\\\..baz.quux\"":{"mean":4600260.758091249,"sqsum":48757506393.808556,"variance":1681293323.924433,"size":30},"n=100000 path=\"foo\\\\bar\\\\...baz.quux\"":{"mean":4485951.027856342,"sqsum":21985994917.698402,"variance":758137755.7827035,"size":30},"n=100000 path=\"D:\\\\foo\\\\bar\\\\baz\\\\asdf\\\\quux\"":{"mean":5898509.769218858,"sqsum":39787853518.03534,"variance":1371994948.8977704,"size":30},"n=100000 path=\"\\\\foo\\\\bar\\\\baz\\\\asdf\\\\quux.foobarbazasdfquux\"":{"mean":3633398.0645236634,"sqsum":24983120243.576736,"variance":861486904.950922,"size":30}},"format-posix":{"n=1000000 props=\"/|/home/user/dir|index.html|.html|index\"":{"mean":6656670.306395579,"sqsum":16197369868.677391,"variance":558529995.4716341,"size":30}},"format-win32":{"n=1000000 props=\"C:\\\\|C:\\\\path\\\\dir|index.html|.html|index\"":{"mean":6239828.592040616,"sqsum":948341787739.0494,"variance":32701440956.518948,"size":30}},"isAbsolute-posix":{"n=100000 path=\"\"":{"mean":16267004.189811295,"sqsum":1132980932146.6611,"variance":39068308005.05728,"size":30},"n=100000 path=\".\"":{"mean":13820937.972551903,"sqsum":287343279655.4032,"variance":9908388953.634592,"size":30},"n=100000 path=\"/foo/bar\"":{"mean":10020344.057125257,"sqsum":193366122006.8038,"variance":6667797310.579442,"size":30},"n=100000 path=\"/baz/..\"":{"mean":12532409.05981565,"sqsum":576159327258.2003,"variance":19867563008.903458,"size":30},"n=100000 path=\"bar/baz\"":{"mean":12517779.853830537,"sqsum":638802224758.8281,