{"echo":{"n=100000 payload=\"string\" sendsPerBroadcast=1 serialization=\"json\" workers=1":{"mean":40032.14897395473,"sqsum":14934861.262216711,"variance":514995.2159385073,"size":30},"n=100000 payload=\"string\" sendsPerBroadcast=1 serialization=\"advanced\" workers=1":{"mean":26966.37415989525,"sqsum":3973662.498264135,"variance":137022.8447677288,"size":30},"n=100000 payload=\"string\" sendsPerBroadcast=10 serialization=\"json\" workers=1":{"mean":18161.148409044843,"sqsum":1639808.3536284645,"variance":56545.11564236085,"size":30},"n=100000 payload=\"string\" sendsPerBroadcast=10 serialization=\"advanced\" workers=1":{"mean":8014.277842707528,"sqsum":451673.35678910714,"variance":15574.943337555418,"size":30},"n=100000 payload=\"object\" sendsPerBroadcast=1 serialization=\"json\" workers=1":{"mean":34671.71995529785,"sqsum":6869875.026508878,"variance":236892.2422934096,"size":30},"n=100000 payload=\"object\" sendsPerBroadcast=1 serialization=\"advanced\" workers=1":{"mean":22033.831051818714,"sqsum":1977944.6081383347,"variance":68204.98648752879,"size":30},"n=100000 payload=\"object\" sendsPerBroadcast=10 serialization=\"json\" workers=1":{"mean":14400.558334457102,"sqsum":1599685.396771843,"variance":55161.56540592562,"size":30},"n=100000 payload=\"object\" sendsPerBroadcast=10 serialization=\"advanced\" workers=1":{"mean":5980.825817125652,"sqsum":146428.98753827042,"variance":5049.275432354152,"size":30}}}