{"creation":{"kind=\"duplex\" n=50000000":{"mean":2343643.340592327,"sqsum":47646581587.404465,"variance":1642985571.9794643,"size":30},"kind=\"readable\" n=50000000":{"mean":3700275.6543797636,"sqsum":310049615315.29553,"variance":10691366045.355019,"size":30},"kind=\"transform\" n=50000000":{"mean":2572268.6669418034,"sqsum":146448581175.97934,"variance":5049951075.033771,"size":30},"kind=\"writable\" n=50000000":{"mean":4461898.752533491,"sqsum":117417838555.6735,"variance":4048890984.678396,"size":30}},"pipe-object-mode":{"n=5000000":{"mean":6803803.885559785,"sqsum":186621338808.1151,"variance":6435218579.590177,"size":30}},"pipe":{"n=5000000":{"mean":5906105.718656921,"sqsum":469453572051.1538,"variance":16188054208.660475,"size":30}},"readable-async-iterator":{"n=100000 sync=\"yes\"":{"mean":1336092.2314372712,"sqsum":21150932822.838753,"variance":729342511.1323708,"size":30},"n=100000 sync=\"no\"":{"mean":570469.6874875576,"sqsum":3779017098.4216275,"variance":130310934.42833199,"size":30}},"readable-bigread":{"n=1000":{"mean":890.5752726160296,"sqsum":3265.819105004359,"variance":112.61445189670202,"size":30}},"readable-bigunevenread":{"n=1000":{"mean":395.27528266588007,"sqsum":94000.1027928794,"variance":3241.3828549268765,"size":30}},"readable-boundaryread":{"n=2000 type=\"string\"":{"mean":207.21217011305254,"sqsum":1944.1419870107422,"variance":67.03937886243939,"size":30},"n=2000 type=\"buffer\"":{"mean":1019.8107474904185,"sqsum":4375.81595024692,"variance":150.89020518092826,"size":30}},"readable-readall":{"n=5000":{"mean":1239.8874333702452,"sqsum":17848.489787605868,"variance":615.4651650898575,"size":30}},"readable-unevenread":{"n=1000":{"mean":172.4657282420586,"sqsum":564.572995558821,"variance":19.468034329614518,"size":30}},"writable-manywrites":{"callback=\"yes\" len=1024 n=2000000 sync=\"yes\" writev=\"yes\"":{"mean":20077416.920711722,"sqsum":1442354212671.7153,"variance":49736352161.093636,"size":30},"callback=\"yes\" len=32768 n=2000000 sync=\"yes\" writev=\"yes\"":{"mean":4400408.441652332,"sqsum":798510968916.6346,"variance":27534860997.12533,"size":30},"callback=\"no\" len=1024 n=2000000 sync=\"yes\" writev=\"yes\"":{"mean":19766414.93642828,"sqsum":826938527222.9067,"variance":28515121628.376095,"size":30},"callback=\"no\" len=32768 n=2000000 sync=\"yes\" writev=\"yes\"":{"mean":4397091.140089828,"sqsum":130707803591.40923,"variance":4507165641.0830765,"size":30},"callback=\"yes\" len=1024 n=2000000 sync=\"yes\" writev=\"no\"":{"mean":21807716.43285285,"sqsum":1032818496933.7897,"variance":35614430928.751366,"size":30},"callback=\"yes\" len=32768 n=2000000 sync=\"yes\" writev=\"no\"":{"mean":4663477.932643607,"sqsum":82909485394.99438,"variance":2858947772.2411857,"size":30},"callback=\"no\" len=1024 n=2000000 sync=\"yes\" writev=\"no\"":{"mean":21327988.1487546,"sqsum":750947114985.7122,"variance":25894728102.955593,"size":30},"callback=\"no\" len=32768 n=2000000 sync=\"yes\" writev=\"no\"":{"mean":4577477.41486236,"sqsum":380107188408.8255,"variance":13107144427.890535,"size":30},"callback=\"yes\" len=1024 n=2000000 sync=\"no\" writev=\"yes\"":{"mean":12170282.89181859,"sqsum":2665162731398.99,"variance":91902163151.68932,"size":30},"callback=\"yes\" len=32768 n=2000000 sync=\"no\" writev=\"yes\"":{"mean":5058690.539146204,"sqsum":149751033927.5722,"variance":5163828756.123179,"size":30},"callback=\"no\" len=1024 n=2000000 sync=\"no\" writev=\"yes\"":{"mean":14347650.081273528,"sqsum":506793766429.40436,"variance":17475647118.25532,"size":30},"callback=\"no\" len=32768 n=2000000 sync=\"no\" writev=\"yes\"":{"mean":5104974.702196605,"sqsum":189207615460.4213,"variance":6524400533.117976,"size":30},"callback=\"yes\" len=1024 n=2000000 sync=\"no\" writev=\"no\"":{"mean":4954539.01230833,"sqsum":373627452181.04236,"variance":12883705247.62215,"size":30},"callback=\"yes\" len=32768 n=2000000 sync=\"no\" writev=\"no\"":{"mean":5186853.176147799,"sqsum":196392565914.9118,"variance":6772157445.341786,"size":30},"callback=\"no\" len=1024 n=2000000 sync=\"no\" writev=\"no\"":{"mean":4967230.194807829,"sqsum":159890454674.7637,"variance":5513463954.3021965,"size":30},"callback=\"no\" len=32768 n=2000000 sync=\"no\" writev=\"no\"":{"mean":5179003.403949329,"sqsum":185799341799.2509,"variance":6406873855.146583,"size":30}}}