{"create-context":{"n=100":{"mean":1492.7891857996324,"sqsum":3274.89342454524,"variance":112.92735946707724,"size":30}},"run-in-context":{"breakOnSigint=0 n=1 withSigintListener=0":{"mean":1998.1193261978892,"sqsum":703985.5727877602,"variance":24275.36457888828,"size":30},"breakOnSigint=0 n=1 withSigintListener=1":{"mean":1928.4478158037828,"sqsum":1366972.274934898,"variance":47136.9749977551,"size":30},"breakOnSigint=1 n=1 withSigintListener=0":{"mean":1149.821795111188,"sqsum":474505.8718578018,"variance":16362.271443372476,"size":30},"breakOnSigint=1 n=1 withSigintListener=1":{"mean":869.6730243647568,"sqsum":112562.48127297449,"variance":3881.464871481879,"size":30}},"run-in-this-context":{"breakOnSigint=0 n=1 withSigintListener=0":{"mean":2120.287842116869,"sqsum":128621.98983499546,"variance":4435.241028792947,"size":30},"breakOnSigint=0 n=1 withSigintListener=1":{"mean":2118.4822989107524,"sqsum":256831.12377515854,"variance":8856.24564741926,"size":30},"breakOnSigint=1 n=1 withSigintListener=0":{"mean":1176.4100589682296,"sqsum":807904.296989714,"variance":27858.768861714274,"size":30},"breakOnSigint=1 n=1 withSigintListener=1":{"mean":883.3181490002584,"sqsum":220969.1195489348,"variance":7619.624812032234,"size":30}}}