{"creation":{"kind=\"duplex\" n=50000000":{"mean":1844747.7095718705,"sqsum":85786414569.82198,"variance":2958152226.545585,"size":30},"kind=\"readable\" n=50000000":{"mean":3789829.842430403,"sqsum":251445578382.52197,"variance":8670537185.604206,"size":30},"kind=\"transform\" n=50000000":{"mean":2387675.50571109,"sqsum":168424866085.2068,"variance":5807754002.938166,"size":30},"kind=\"writable\" n=50000000":{"mean":4362561.623467123,"sqsum":476209526117.7751,"variance":16421018141.992245,"size":30}},"pipe-object-mode":{"n=5000000":{"mean":6938452.860764093,"sqsum":3512109557607.7812,"variance":121107226124.40625,"size":30}},"pipe":{"n=5000000":{"mean":6175286.1584192505,"sqsum":263524656099.4615,"variance":9087057106.877983,"size":30}},"readable-bigread":{"n=1000":{"mean":815.5425100990269,"sqsum":24378.62622098751,"variance":840.6422834823279,"size":30}},"readable-bigunevenread":{"n=1000":{"mean":566.8671401053041,"sqsum":11058.121840072354,"variance":381.3145462093915,"size":30}},"readable-boundaryread":{"n=2000 type=\"string\"":{"mean":208.4578436880975,"sqsum":1942.021133307371,"variance":66.96624597611624,"size":30},"n=2000 type=\"buffer\"":{"mean":994.5212878300705,"sqsum":2882.1635641683147,"variance":99.38495048856257,"size":30}},"readable-readall":{"n=5000":{"mean":1439.9497766580148,"sqsum":61131.09165107658,"variance":2107.96867762333,"size":30}},"readable-unevenread":{"n=1000":{"mean":160.0545470695699,"sqsum":969.765561050452,"variance":33.44019176036041,"size":30}},"writable-manywrites":{"callback=\"yes\" len=1024 n=2000000 sync=\"yes\" writev=\"yes\"":{"mean":19308307.475111187,"sqsum":945435467251.6893,"variance":32601223008.67894,"size":30},"callback=\"yes\" len=32768 n=2000000 sync=\"yes\" writev=\"yes\"":{"mean":19253652.092805754,"sqsum":2200546946182.0415,"variance":75880929178.69109,"size":30},"callback=\"no\" len=1024 n=2000000 sync=\"yes\" writev=\"yes\"":{"mean":18321952.224588294,"sqsum":881216347126.9171,"variance":30386770590.583347,"size":30},"callback=\"no\" len=32768 n=2000000 sync=\"yes\" writev=\"yes\"":{"mean":18379134.968317267,"sqsum":2429063036853.8213,"variance":83760794374.2697,"size":30},"callback=\"yes\" len=1024 n=2000000 sync=\"yes\" writev=\"no\"":{"mean":21857336.454120055,"sqsum":1925850025074.0188,"variance":66408621554.27651,"size":30},"callback=\"yes\" len=32768 n=2000000 sync=\"yes\" writev=\"no\"":{"mean":21903129.47572428,"sqsum":1875380470131.836,"variance":64668292073.51159,"size":30},"callback=\"no\" len=1024 n=2000000 sync=\"yes\" writev=\"no\"":{"mean":21090640.561974544,"sqsum":1997540061028.3303,"variance":68880691759.5976,"size":30},"callback=\"no\" len=32768 n=2000000 sync=\"yes\" writev=\"no\"":{"mean":21097823.1339991,"sqsum":921787794456.3562,"variance":31785786015.73642,"size":30},"callback=\"yes\" len=1024 n=2000000 sync=\"no\" writev=\"yes\"":{"mean":11208882.032790191,"sqsum":922755337335.4797,"variance":31819149563.292404,"size":30},"callback=\"yes\" len=32768 n=2000000 sync=\"no\" writev=\"yes\"":{"mean":4686744.981886958,"sqsum":367657367525.57446,"variance":12677840259.502567,"size":30},"callback=\"no\" len=1024 n=2000000 sync=\"no\" writev=\"yes\"":{"mean":13024473.266792696,"sqsum":1308378988638.5066,"variance":45116516849.603676,"size":30},"callback=\"no\" len=32768 n=2000000 sync=\"no\" writev=\"yes\"":{"mean":4707044.456003532,"sqsum":145121796920.0361,"variance":5004199893.794349,"size":30},"callback=\"yes\" len=1024 n=2000000 sync=\"no\" writev=\"no\"":{"mean":4721817.528859994,"sqsum":336975333876.2479,"variance":11619839099.180962,"size":30},"callback=\"yes\" len=32768 n=2000000 sync=\"no\" writev=\"no\"":{"mean":4739829.775626137,"sqsum":394539222398.7141,"variance":13604800772.369452,"size":30},"callback=\"no\" len=1024 n=2000000 sync=\"no\" writev=\"no\"":{"mean":4733972.070454736,"sqsum":185310697013.18054,"variance":6390024034.937261,"size":30},"callback=\"no\" len=32768 n=2000000 sync=\"no\" writev=\"no\"":{"mean":4710567.778921736,"sqsum":543157163666.20325,"variance":18729557367.800114,"size":30}}}