{"ee-add-remove":{"n=1000000":{"mean":813180.1944891871,"sqsum":34113770994.503544,"variance":1176336930.8449497,"size":30}},"ee-emit":{"argc=0 listeners=1 n=2000000":{"mean":34090921.045692205,"sqsum":14059916639225.006,"variance":484824711697.414,"size":30},"argc=0 listeners=5 n=2000000":{"mean":10047285.37693839,"sqsum":1084684108652.7866,"variance":37402900298.371956,"size":30},"argc=0 listeners=10 n=2000000":{"mean":5963065.837355359,"sqsum":40626239542.18073,"variance":1400904811.7993355,"size":30},"argc=2 listeners=1 n=2000000":{"mean":31732782.492166966,"sqsum":24407719406629.766,"variance":841645496780.3368,"size":30},"argc=2 listeners=5 n=2000000":{"mean":8965309.27616042,"sqsum":489085289727.62714,"variance":16865009990.607832,"size":30},"argc=2 listeners=10 n=2000000":{"mean":5227268.531568043,"sqsum":179578922953.41052,"variance":6192376653.565881,"size":30},"argc=4 listeners=1 n=2000000":{"mean":31763042.060303077,"sqsum":12670730839811.285,"variance":436921753096.94086,"size":30},"argc=4 listeners=5 n=2000000":{"mean":8813015.135102933,"sqsum":303611342164.7009,"variance":10469356626.368998,"size":30},"argc=4 listeners=10 n=2000000":{"mean":5148766.984069591,"sqsum":37557685589.220985,"variance":1295092606.5248616,"size":30},"argc=10 listeners=1 n=2000000":{"mean":30455581.044567857,"sqsum":4362892845981.7188,"variance":150444580895.92133,"size":30},"argc=10 listeners=5 n=2000000":{"mean":8490206.685059087,"sqsum":116759041670.69429,"variance":4026173850.713596,"size":30},"argc=10 listeners=10 n=2000000":{"mean":4887344.222301066,"sqsum":248642729193.67957,"variance":8573887213.575157,"size":30}},"ee-listener-count-on-prototype":{"n=50000000":{"mean":59103424.79893408,"sqsum":54183576839570.22,"variance":1868399201364.4902,"size":30}},"ee-listeners-many":{"n=5000000":{"mean":5083936.119854969,"sqsum":106575922933.97928,"variance":3675031825.3096304,"size":30}},"ee-listeners":{"n=5000000":{"mean":22098725.97996914,"sqsum":17633615124836.57,"variance":608055693959.8817,"size":30}},"ee-once":{"argc=0 n=20000000":{"mean":4953785.454563884,"sqsum":143086706906.20334,"variance":4934024376.075977,"size":30},"argc=1 n=20000000":{"mean":4651297.729233186,"sqsum":222280645552.69766,"variance":7664849846.644747,"size":30},"argc=4 n=20000000":{"mean":4631391.886123883,"sqsum":122355187524.41325,"variance":4219144397.3935604,"size":30},"argc=5 n=20000000":{"mean":4638116.390269851,"sqsum":109243447725.43304,"variance":3767015438.808036,"size":30}}}