{"bench-env":{"n=1000000 operation=\"get\"":{"mean":2907752.148804595,"sqsum":511580045711.7885,"variance":17640691231.440983,"size":30},"n=1000000 operation=\"set\"":{"mean":1987846.6278969476,"sqsum":1170347755116.3208,"variance":40356819141.94209,"size":30},"n=1000000 operation=\"enumerate\"":{"mean":21588.416681020026,"sqsum":8609412.303795485,"variance":296876.28633777535,"size":30},"n=1000000 operation=\"query\"":{"mean":3476207.226370116,"sqsum":1044532783862.1953,"variance":36018371857.31708,"size":30},"n=1000000 operation=\"delete\"":{"mean":2488704.6432728865,"sqsum":1182183520987.1367,"variance":40764948999.556435,"size":30}},"bench-hrtime":{"n=1000000 type=\"raw\"":{"mean":5670313.958439506,"sqsum":441878608433.04736,"variance":15237193394.243011,"size":30},"n=1000000 type=\"diff\"":{"mean":5651492.239155396,"sqsum":457719565939.25226,"variance":15783433308.250078,"size":30},"n=1000000 type=\"bigint\"":{"mean":5582727.372351731,"sqsum":1767442953767.0493,"variance":60946308750.587906,"size":30}},"memoryUsage":{"n=100000":{"mean":106573.7604183166,"sqsum":65060817.851197556,"variance":2243476.477627502,"size":30}},"next-tick-breadth-args":{"n=10000000":{"mean":2900865.1497603557,"sqsum":779543271136.6649,"variance":26880802452.988445,"size":30}},"next-tick-breadth":{"n=10000000":{"mean":7475987.711284096,"sqsum":671831716383.681,"variance":23166610909.782104,"size":30}},"next-tick-depth-args":{"n=7000000":{"mean":6514411.550310819,"sqsum":2288231564866.4287,"variance":78904536719.53203,"size":30}},"next-tick-depth":{"n=7000000":{"mean":8695332.671584174,"sqsum":16563393626263.082,"variance":571151504353.8994,"size":30}},"next-tick-exec-args":{"n=4000000":{"mean":27701063.709391616,"sqsum":5326321224722.837,"variance":183666249128.37366,"size":30}},"next-tick-exec":{"n=4000000":{"mean":30378362.50701005,"sqsum":539440741247.7528,"variance":18601404870.612164,"size":30}},"queue-microtask-breadth":{"n=400000":{"mean":1849666.6170143434,"sqsum":23557225538.284737,"variance":812318122.0098186,"size":30}},"queue-microtask-depth":{"n=1200000":{"mean":3888681.620421476,"sqsum":327896769875.19037,"variance":11306785168.110012,"size":30}}}