{"createInflate":{"chunkLen=1024 inputLen=16777216 n=100":{"mean":25.54663891955993,"sqsum":1680.9610894986379,"variance":57.96417549995303,"size":30}},"creation":{"n=500000 options=\"true\" type=\"Deflate\"":{"mean":36394.622362250884,"sqsum":8027839.134592428,"variance":276822.03912387684,"size":30},"n=500000 options=\"false\" type=\"Deflate\"":{"mean":37677.46395767127,"sqsum":21820679.69601318,"variance":752437.2308970062,"size":30},"n=500000 options=\"true\" type=\"DeflateRaw\"":{"mean":36194.28117033474,"sqsum":29090400.875307012,"variance":1003117.2715623108,"size":30},"n=500000 options=\"false\" type=\"DeflateRaw\"":{"mean":37689.6357699788,"sqsum":35742411.9850733,"variance":1232496.9650025277,"size":30},"n=500000 options=\"true\" type=\"Inflate\"":{"mean":160468.29430750108,"sqsum":408100283.1928134,"variance":14072423.558372876,"size":30},"n=500000 options=\"false\" type=\"Inflate\"":{"mean":177118.75307188238,"sqsum":383437125.0320505,"variance":13221969.828691397,"size":30},"n=500000 options=\"true\" type=\"InflateRaw\"":{"mean":161237.60470794293,"sqsum":314347161.36145973,"variance":10839557.288326198,"size":30},"n=500000 options=\"false\" type=\"InflateRaw\"":{"mean":177119.64010473297,"sqsum":370337152.0025092,"variance":12770246.620776178,"size":30},"n=500000 options=\"true\" type=\"Gzip\"":{"mean":36424.206202455614,"sqsum":25721387.148715332,"variance":886944.3844384598,"size":30},"n=500000 options=\"false\" type=\"Gzip\"":{"mean":37895.416642923614,"sqsum":17268071.47672086,"variance":595450.7405765813,"size":30},"n=500000 options=\"true\" type=\"Gunzip\"":{"mean":160935.17574346502,"sqsum":365972498.9128945,"variance":12619741.341823949,"size":30},"n=500000 options=\"false\" type=\"Gunzip\"":{"mean":176363.13693197214,"sqsum":293420464.43325704,"variance":10117947.049422655,"size":30},"n=500000 options=\"true\" type=\"Unzip\"":{"mean":160554.2112319753,"sqsum":301664341.92783135,"variance":10402218.6871666,"size":30},"n=500000 options=\"false\" type=\"Unzip\"":{"mean":177450.64132142422,"sqsum":369478183.4588399,"variance":12740627.015822066,"size":30},"n=500000 options=\"true\" type=\"BrotliCompress\"":{"mean":159949.16017219287,"sqsum":395713412.3121432,"variance":13645290.079729076,"size":30},"n=500000 options=\"false\" type=\"BrotliCompress\"":{"mean":164454.9498271767,"sqsum":453686533.18094957,"variance":15644363.213136192,"size":30},"n=500000 options=\"true\" type=\"BrotliDecompress\"":{"mean":160854.63791555766,"sqsum":397108102.65713364,"variance":13693382.850245986,"size":30},"n=500000 options=\"false\" type=\"BrotliDecompress\"":{"mean":164417.3539920446,"sqsum":324725085.8016037,"variance":11197416.751779437,"size":30}},"deflate":{"inputLen=1024 method=\"createDeflate\" n=400000":{"mean":37441.69153478856,"sqsum":2274906781.856818,"variance":78445061.44333856,"size":30},"inputLen=1024 method=\"deflate\" n=400000":{"mean":9283.120534907786,"sqsum":87965795.8372397,"variance":3033303.3047324033,"size":30},"inputLen=1024 method=\"deflateSync\" n=400000":{"mean":50547.92819226918,"sqsum":26004330.724199187,"variance":896701.0594551443,"size":30}},"inflate":{"inputLen=1024 method=\"inflate\" n=400000":{"mean":15078.769145888004,"sqsum":113727726.96333444,"variance":3921645.7573563596,"size":30},"inputLen=1024 method=\"inflateSync\" n=400000":{"mean":124188.47432924568,"sqsum":126122136.74957287,"variance":4349039.198261133,"size":30}},"pipe":{"algorithm=\"gzip\" duration=5 inputLen=1024 type=\"string\"":{"mean":0.05498571063326162,"sqsum":0.0021140953872160247,"variance":0.00007289984093848361,"size":30},"algorithm=\"brotli\" duration=5 inputLen=1024 type=\"string\"":{"mean":0.1265343653080645,"sqsum":0.007587354438610978,"variance":0.00026163291167624066,"size":30},"algorithm=\"gzip\" duration=5 inputLen=1024 type=\"buffer\"":{"mean":0.0639733496164848,"sqsum":0.0049931337488524855,"variance":0.0001721770258224995,"size":30},"algorithm=\"brotli\" duration=5 inputLen=1024 type=\"buffer\"":{"mean":0.11447053403091421,"sqsum":0.022062857654529297,"variance":0.0007607881949837688,"size":30}}}