{"format":{"n=100000 type=\"string\"":{"mean":3847822.562546886,"sqsum":323623995275.16144,"variance":11159448112.936602,"size":30},"n=100000 type=\"string-2\"":{"mean":2980419.9039938226,"sqsum":120048457797.36565,"variance":4139601993.0126085,"size":30},"n=100000 type=\"number\"":{"mean":3872138.9370201277,"sqsum":268882941948.06525,"variance":9271825584.416042,"size":30},"n=100000 type=\"replace-object\"":{"mean":1592991.9099678684,"sqsum":57068535704.83149,"variance":1967880541.5459135,"size":30},"n=100000 type=\"unknown\"":{"mean":5284389.9153779065,"sqsum":449965056192.6669,"variance":15516036420.436789,"size":30},"n=100000 type=\"no-replace\"":{"mean":2882221.2127104853,"sqsum":66324061355.35233,"variance":2287036598.4604254,"size":30},"n=100000 type=\"no-replace-2\"":{"mean":5802272.856862274,"sqsum":450005101510.40515,"variance":15517417293.462246,"size":30},"n=100000 type=\"only-objects\"":{"mean":275853.74596650415,"sqsum":5842959084.353894,"variance":201481347.73634118,"size":30},"n=100000 type=\"many-%\"":{"mean":1957989.6911407684,"sqsum":37304202974.19733,"variance":1286351826.6964595,"size":30},"n=100000 type=\"object-to-string\"":{"mean":2511377.3445525467,"sqsum":235557628397.8431,"variance":8122676841.3049345,"size":30},"n=100000 type=\"object-%s\"":{"mean":338203.80595362495,"sqsum":2924528052.4655433,"variance":100845794.91260494,"size":30}},"inspect-array":{"len=100 n=500 type=\"denseArray\"":{"mean":9424.267112540065,"sqsum":1405945.7283352797,"variance":48480.88718397517,"size":30},"len=100 n=500 type=\"sparseArray\"":{"mean":50730.108865029215,"sqsum":56692038.514402285,"variance":1954897.8798069754,"size":30},"len=100 n=500 type=\"mixedArray\"":{"mean":9870.004221058556,"sqsum":876081.6943587482,"variance":30209.71359857752,"size":30},"len=100 n=500 type=\"denseArray_showHidden\"":{"mean":9068.345600334773,"sqsum":1725932.3985708246,"variance":59514.91029554568,"size":30},"len=100000 n=500 type=\"denseArray\"":{"mean":9201.160368485693,"sqsum":749355.7183644973,"variance":25839.852357396456,"size":30},"len=100000 n=500 type=\"sparseArray\"":{"mean":2547.4918830268366,"sqsum":2286.5316125473064,"variance":78.84591767404504,"size":30},"len=100000 n=500 type=\"mixedArray\"":{"mean":2098.619139840965,"sqsum":3399.747105833718,"variance":117.23265882185234,"size":30},"len=100000 n=500 type=\"denseArray_showHidden\"":{"mean":8502.392683880882,"sqsum":1312133.7844143284,"variance":45245.99256601132,"size":30}},"inspect-proxy":{"isProxy=0 n=100000 showProxy=0":{"mean":252718.68717763317,"sqsum":3001207504.449494,"variance":103489913.94653426,"size":30},"isProxy=1 n=100000 showProxy=0":{"mean":246611.33921192112,"sqsum":1170372380.6796103,"variance":40357668.2992969,"size":30},"isProxy=0 n=100000 showProxy=1":{"mean":250836.44109958629,"sqsum":2541102228.494317,"variance":87624214.7756661,"size":30},"isProxy=1 n=100000 showProxy=1":{"mean":133337.82540978122,"sqsum":281844925.12157726,"variance":9718790.521433698,"size":30}},"inspect":{"method=\"Object\" n=20000 option=\"showHidden\"":{"mean":216489.50822494205,"sqsum":181584364.5243302,"variance":6261529.8111838,"size":30},"method=\"Object\" n=20000 option=\"colors\"":{"mean":116549.48186454625,"sqsum":178489256.66754106,"variance":6154801.95405314,"size":30},"method=\"Object\" n=20000 option=\"none\"":{"mean":231413.01397556468,"sqsum":165737507.9895542,"variance":5715086.482398421,"size":30},"method=\"Object_empty\" n=20000 option=\"showHidden\"":{"mean":511616.79648026556,"sqsum":3470857160.568976,"variance":119684729.67479227,"size":30},"method=\"Object_empty\" n=20000 option=\"colors\"":{"mean":572480.6312419118,"sqsum":3312487239.795135,"variance":114223697.92397018,"size":30},"method=\"Object_empty\" n=20000 option=\"none\"":{"mean":624053.8066987395,"sqsum":1479065531.2744231,"variance":51002259.69911804,"size":30},"method=\"Object_deep_ln\" n=20000 option=\"showHidden\"":{"mean":112106.69388347969,"sqsum":70087334.38919614,"variance":2416804.634110212,"size":30},"method=\"Object_deep_ln\" n=20000 option=\"colors\"":{"mean":53996.73478537131,"sqsum":17678402.94028937,"variance":609600.1013892887,"size":30},"method=\"Object_deep_ln\" n=20000 option=\"none\"":{"mean":120322.53573981531,"sqsum":91679594.4601034,"variance":3161365.3262104616,"size":30},"method=\"String\" n=20000 option=\"showHidden\"":{"mean":894147.7077261623,"sqsum":4640140518.422032,"variance":160004845.46282873,"size":30},"method=\"String\" n=20000 option=\"colors\"":{"mean":745565.9770707908,"sqsum":2015892648.9057393,"variance":69513539.61743928,"size":30},"method=\"String\" n=20000 option=\"none\"":{"mean":1013887.1916456596,"sqsum":8504004246.028806,"variance":293241525.7251312,"size":30},"method=\"String_complex\" n=20000 option=\"showHidden\"":{"mean":656231.7025732971,"sqsum":4625683319.757978,"variance":159506321.37096477,"size":30},"method=\"String_complex\" n=20000 option=\"colors\"":{"mean":584273.0032807523,"sqsum":1828414153.2832513,"variance":63048763.90631901,"size":30},"method=\"String_complex\" n=20000 option=\"none\"":{"mean":717842.6528543095,"sqsum":1115057335.865737,"variance":38450252.96088748,"size":30},"method=\"String_boxed\" n=20000 option=\"showHidden\"":{"mean":116097.72745766277,"sqsum":113333310.8109874,"variance":3908045.2003788757,"size":30},"method=\"String_boxed\" n=20000 option=\"colors\"":{"mean":192255.67349927753,"sqsum":286169911.34961826,"variance":9867927.977573045,"size":30},"method=\"String_boxed\" n=20000 option=\"none\"":{"mean":237778.450312348,"sqsum":274622963.49022967,"variance":9469757.361732056,"size":30},"method=\"Date\" n=20000 option=\"showHidden\"":{"mean":339776.9513985978,"sqsum":1991801049.5029583,"variance":68682794.81044684,"size":30},"method=\"Date\" n=20000 option=\"colors\"":{"mean":334387.0833086492,"sqsum":1400677478.1313365,"variance":48299223.38383919,"size":30},"method=\"Date\" n=20000 option=\"none\"":{"mean":394299.59830889053,"sqsum":2337212752.2193856,"variance":80593543.17997882,"size":30},"method=\"Set\" n=20000 option=\"showHidden\"":{"mean":261063.11286620935,"sqsum":492448391.7280012,"variance":16980979.025103487,"size":30},"method=\"Set\" n=20000 option=\"colors\"":{"mean":206462.47463282495,"sqsum":330503500.2934268,"variance":11396672.42391127,"size":30},"method=\"Set\" n=20000 option=\"none\"":{"mean":281938.6570982366,"sqsum":590512476.334749,"variance":20362499.18395686,"size":30},"method=\"Error\" n=20000 option=\"showHidden\"":{"mean":67628.9218255261,"sqsum":22343653.33127757,"variance":770470.8045268127,"size":30},"method=\"Error\" n=20000 option=\"colors\"":{"mean":154342.385723258,"sqsum":285839090.539021,"variance":9856520.363414519,"size":30},"method=\"Error\" n=20000 option=\"none\"":{"mean":328209.1910664712,"sqsum":872274237.579578,"variance":30078421.985502694,"size":30},"method=\"Array\" n=20000 option=\"showHidden\"":{"mean":45946.21464990916,"sqsum":11569497.898752972,"variance":398948.2034052749,"size":30},"method=\"Array\" n=20000 option=\"colors\"":{"mean":23814.07450216099,"sqsum":1491212.5955844563,"variance":51421.12398567091,"size":30},"method=\"Array\" n=20000 option=\"none\"":{"mean":55155.36908785516,"sqsum":28878183.54891733,"variance":995799.4327212874,"size":30},"method=\"TypedArray\" n=20000 option=\"showHidden\"":{"mean":88811.45663275641,"sqsum":12308763.789393775,"variance":424440.13066875085,"size":30},"method=\"TypedArray\" n=20000 option=\"colors\"":{"mean":30879.78852680445,"sqsum":2681634.263688235,"variance":92470.14702373225,"size":30},"method=\"TypedArray\" n=20000 option=\"none\"":{"mean":118830.34637104042,"sqsum":39565417.29959719,"variance":1364324.7344688687,"size":30},"method=\"TypedArray_extra\" n=20000 option=\"showHidden\"":{"mean":62194.81622026727,"sqsum":13147754.53842712,"variance":453370.84615265933,"size":30},"method=\"TypedArray_extra\" n=20000 option=\"colors\"":{"mean":23434.036373558338,"sqsum":1022293.8557794675,"variance":35251.5122682575,"size":30},