{"defaultparams-bench":{"method=\"withoutdefaults\" n=100000000":{"mean":562109839.5207273,"sqsum":464174798465888.25,"variance":16006027533306.492,"size":30},"method=\"withdefaults\" n=100000000":{"mean":565258616.5759985,"sqsum":420860616162060.6,"variance":14512435040071.055,"size":30}},"destructuring-bench":{"method=\"swap\" n=100000000":{"mean":377751716.05770457,"sqsum":49855710806796.336,"variance":1719162441613.6667,"size":30},"method=\"destructure\" n=100000000":{"mean":264200790.3021454,"sqsum":22993581309910.723,"variance":792882114134.8524,"size":30}},"destructuring-object-bench":{"method=\"normal\" n=100000000":{"mean":1116883570.4052043,"sqsum":3068747081679250.5,"variance":105818864885491.4,"size":30},"method=\"destructureObject\" n=100000000":{"mean":1127668756.8253903,"sqsum":3124881240490430,"variance":107754525534152.77,"size":30}},"foreach-bench":{"count=5 method=\"for\" n=5000000":{"mean":177147355.29012933,"sqsum":84845636249532.33,"variance":2925711594811.4595,"size":30},"count=10 method=\"for\" n=5000000":{"mean":115685930.06030835,"sqsum":3780699149734.932,"variance":130368936197.75629,"size":30},"count=20 method=\"for\" n=5000000":{"mean":68408583.33230597,"sqsum":91689101328366.38,"variance":3161693149254.013,"size":30},"count=100 method=\"for\" n=5000000":{"mean":14280592.33965356,"sqsum":179440165418.35468,"variance":6187591910.977747,"size":30},"count=5 method=\"for-of\" n=5000000":{"mean":124757311.45426182,"sqsum":20588625520369.418,"variance":709952604150.6696,"size":30},"count=10 method=\"for-of\" n=5000000":{"mean":84522203.44444792,"sqsum":7199552035481.799,"variance":248260415016.61374,"size":30},"count=20 method=\"for-of\" n=5000000":{"mean":30169240.087634165,"sqsum":54593600673120.47,"variance":1882537954245.5334,"size":30},"count=100 method=\"for-of\" n=5000000":{"mean":12638368.048559569,"sqsum":35834354792.145874,"variance":1235667406.6257198,"size":30},"count=5 method=\"for-in\" n=5000000":{"mean":3821304.277994544,"sqsum":736097792.8656198,"variance":25382682.512607582,"size":30},"count=10 method=\"for-in\" n=5000000":{"mean":2342356.704151017,"sqsum":35147723311.30796,"variance":1211990459.0106194,"size":30},"count=20 method=\"for-in\" n=5000000":{"mean":1440268.6627304638,"sqsum":73929995.1407266,"variance":2549310.1772664343,"size":30},"count=100 method=\"for-in\" n=5000000":{"mean":350014.52016055473,"sqsum":7596724.280737739,"variance":261956.0096806117,"size":30},"count=5 method=\"forEach\" n=5000000":{"mean":149430995.89559016,"sqsum":19783870935022.406,"variance":682202446035.2555,"size":30},"count=10 method=\"forEach\" n=5000000":{"mean":114280143.01343307,"sqsum":142170149008579.8,"variance":4902418931330.339,"size":30},"count=20 method=\"forEach\" n=5000000":{"mean":78062053.4041915,"sqsum":26510710502927.4,"variance":914162431135.4275,"size":30},"count=100 method=\"forEach\" n=5000000":{"mean":23020128.427794807,"sqsum":640286240021.2784,"variance":22078835862.802708,"size":30}},"map-bench":{"method=\"object\" n=1000000":{"mean":481141.465755642,"sqsum":397544568.00342035,"variance":13708433.379428288,"size":30},"method=\"nullProtoObject\" n=1000000":{"mean":496228.82528960117,"sqsum":271266354.7879321,"variance":9354012.234066624,"size":30},"method=\"nullProtoLiteralObject\" n=1000000":{"mean":495325.20052615437,"sqsum":253999755.15696254,"variance":8758612.246791812,"size":30},"method=\"storageObject\" n=1000000":{"mean":493011.86443989415,"sqsum":172885578.38130027,"variance":5961571.6683207,"size":30},"method=\"fakeMap\" n=1000000":{"mean":407011.31250148366,"sqsum":126589799.54373434,"variance":4365165.50150808,"size":30},"method=\"map\" n=1000000":{"mean":864483.3463694621,"sqsum":511455022.4259999,"variance":17636380.083655167,"size":30}},"restparams-bench":{"method=\"copy\" n=100000000":{"mean":43946865.77169681,"sqsum":808495491119.869,"variance":27879154866.202377,"size":30},"method=\"rest\" n=100000000":{"mean":170764654.84852716,"sqsum":15944613026474.996,"variance":549814242292.2412,"size":30},"method=\"arguments\" n=100000000":{"mean":170646532.84837183,"sqsum":10939627755910.16,"variance":377228543307.2469,"size":30}},"spread-assign":{"count=5 method=\"spread\" n=1000000":{"mean":34088653.77930523,"sqsum":2490356046064.158,"variance":85874346416.00545,"size":30},"count=10 method=\"spread\" n=1000000":{"mean":29826368.28893793,"sqsum":865717106792.2559,"variance":29852314027.319168,"size":30},"count=20 method=\"spread\" n=1000000":{"mean":163403.47628973113,"sqsum":233313747.37583268,"variance":8045301.633649402,"size":30},"count=5 method=\"assign\" n=1000000":{"mean":8900348.455935668,"sqsum":184464086589.1721,"variance":6360830572.040417,"size":30},"count=10 method=\"assign\" n=1000000":{"mean":4653164.438954446,"sqsum":23231063385.046005,"variance":801071151.208483,"size":30},"count=20 method=\"assign\" n=1000000":{"mean":135704.02810490283,"sqsum":181521926.6297802,"variance":6259376.780337248,"size":30},"count=5 method=\"_extend\" n=1000000":{"mean":4800577.703680875,"sqsum":15178913453.271044,"variance":523410808.7334842,"size":30},"count=10 method=\"_extend\" n=1000000":{"mean":2485409.07493513,"sqsum":5341206660.063529,"variance":184179540.00219065,"size":30},"count=20 method=\"_extend\" n=1000000":{"mean":423809.73833031894,"sqsum":824110217.0164571,"variance":28417593.690222654,"size":30}},"spread-bench":{"context=\"context\" count=5 method=\"apply\" n=5000000 rest=0":{"mean":46540158.09773403,"sqsum":2801508183053.816,"variance":96603730450.13159,"size":30},"context=\"context\" count=5 method=\"apply\" n=5000000 rest=1":{"mean":44371372.86914244,"sqsum":8245958613582.919,"variance":284343400468.3765,"size":30},"context=\"null\" count=5 method=\"apply\" n=5000000 rest=0":{"mean":46982212.16933197,"sqsum":5098202789021.791,"variance":175800096173.1652,"size":30},"context=\"null\" count=5 method=\"apply\" n=5000000 rest=1":{"mean":44264469.38583337,"sqsum":12251971990858.895,"variance":422481792788.2378,"size":30},"context=\"context\" count=10 method=\"apply\" n=5000000 rest=0":{"mean":38912321.53789154,"sqsum":3618223995199.4272,"variance":124766344662.04921,"size":30},"context=\"context\" count=10 method=\"apply\" n=5000000 rest=1":{"mean":37142100.92774808,"sqsum":3749729488397.0547,"variance":129301016841.27776,"size":30},"context=\"null\" count=10 method=\"apply\" n=5000000 rest=0":{"mean":38903432.16826401,"sqsum":4929029948489.738,"variance":169966549947.922,"size":30},"context=\"null\" count=10 method=\"apply\" n=5000000 rest=1":{"mean":37035025.17380001,"sqsum":3841230985624.1147,"variance":132456240883.59016,"size":30},"context=\"context\" count=20 method=\"apply\" n=5000000 rest=0":{"mean":28939803.808647275,"sqsum":28118115589983.777,"variance":969590192758.0614,"size":30},"context=\"context\" count=20 method=\"apply\" n=5000000 rest=1":{"mean":28029163.838294126,"sqsum":1572191594291.5498,"variance":54213503251.43275,"size":30},"context=\"null\" count=20 method=\"apply\" n=5000000 rest=0":{"mean":29133097.451427657,"sqsum":1293839330002.0957,"variance":44615149310.41709,"size":30},"context=\"null\" count=20 method=\"apply\" n=5000000 rest=1":{"mean":28045487.848751977,"sqsum":1374121911423.968,"variance":47383514187.03338,"size":30},"context=\"context\" count=5 method=\"spread\" n=5000000 rest=0":{"mean":48326312.9788375,"sqsum":7951172173028.236,"variance":274178350794.07712,"size":30},"context=\"context\" count=5 method=\"spread\" n=5000000 rest=1":{"mean":45963328.26662001,"sqsum":8323494206884.449,"variance":287017041616.70514,"size":30},"context=\"null\" count=5 method=\"spread\" n=5000000 rest=0":{"mean":56105927.05261802,"sqsum":10095179720464.775,"variance":348109645533.2681,"size":30},"context=\"null\" count=5 method=\"spread\" n=5000000 rest=1":{"mean":52561821.43625329,"sqsum":8481716636603.01,"variance":292472987469.0693,"size":30},"context=\"context\" count=10 method=\"spread\" n=5000000 rest=0":{"mean":36849033.239851564,