{"atomics-wait":{"n=10000000":{"mean":10664393.202337384,"sqsum":1109578654205.621,"variance":38261332903.642105,"size":30}},"bench-eventlooputil":{"method=\"ELU_simple\" n=1000000":{"mean":6474360.066460613,"sqsum":244278718797.33942,"variance":8423404096.45998,"size":30},"method=\"ELU_passed\" n=1000000":{"mean":5901912.553720308,"sqsum":802681108273.9572,"variance":27678658905.998524,"size":30}},"echo":{"n=100000 payload=\"string\" sendsPerBroadcast=1 workers=1":{"mean":84701.07152510117,"sqsum":61582008.69880679,"variance":2123517.5413381653,"size":30},"n=100000 payload=\"string\" sendsPerBroadcast=10 workers=1":{"mean":46751.16268976499,"sqsum":24098262.382864766,"variance":830974.5649263712,"size":30},"n=100000 payload=\"object\" sendsPerBroadcast=1 workers=1":{"mean":63804.338989125885,"sqsum":52948713.860984236,"variance":1825817.719344284,"size":30},"n=100000 payload=\"object\" sendsPerBroadcast=10 workers=1":{"mean":27845.86111174076,"sqsum":21163337.416673467,"variance":729770.2557473609,"size":30}},"messageport":{"n=1000000 payload=\"string\" style=\"eventtarget\"":{"mean":663191.4759910232,"sqsum":15670314876.504305,"variance":540355685.3967001,"size":30},"n=1000000 payload=\"string\" style=\"eventemitter\"":{"mean":1078061.1661760807,"sqsum":34793841944.32627,"variance":1199787653.25263,"size":30},"n=1000000 payload=\"object\" style=\"eventtarget\"":{"mean":342431.28090783174,"sqsum":1600411691.9650242,"variance":55186610.067759454,"size":30},"n=1000000 payload=\"object\" style=\"eventemitter\"":{"mean":485280.0113488888,"sqsum":4672844807.034095,"variance":161132579.55289984,"size":30}}}