{"convertprotocols":{"n=1":{"mean":3923.3133100916175,"sqsum":201559.82345337272,"variance":6950.338739771473,"size":30},"n=50000":{"mean":1059336.2508427736,"sqsum":2132767854.5097032,"variance":73543719.12102425,"size":30}},"secure-pair":{"dur=5 securing=\"SecurePair\" size=100":{"mean":1839.424963190058,"sqsum":10216.330216395994,"variance":352.2872488412412,"size":30},"dur=5 securing=\"SecurePair\" size=1024":{"mean":2650.1688730963324,"sqsum":60399.62504518324,"variance":2082.745691213215,"size":30},"dur=5 securing=\"SecurePair\" size=1048576":{"mean":3884.9471608982362,"sqsum":105953.4094012476,"variance":3653.565841422331,"size":30},"dur=5 securing=\"TLSSocket\" size=100":{"mean":1845.1344154439862,"sqsum":16081.05492851933,"variance":554.5191354661838,"size":30},"dur=5 securing=\"TLSSocket\" size=1024":{"mean":2711.050903316834,"sqsum":32477.839317331956,"variance":1119.925493701102,"size":30},"dur=5 securing=\"TLSSocket\" size=1048576":{"mean":4201.469782291622,"sqsum":124986.60445802301,"variance":4309.882912345621,"size":30},"dur=5 securing=\"clear\" size=100":{"mean":617.1279363249593,"sqsum":3790.8478769341664,"variance":130.71889230807471,"size":30},"dur=5 securing=\"clear\" size=1024":{"mean":4068.640021000522,"sqsum":2577477.967064179,"variance":88878.55058841995,"size":30},"dur=5 securing=\"clear\" size=1048576":{"mean":8817.936000959739,"sqsum":4743890.67506986,"variance":163582.4370713745,"size":30}},"throughput-c2s":{"dur=5 size=100 type=\"buf\"":{"mean":2165.3385721840496,"sqsum":24888.112940713847,"variance":858.2107910590981,"size":30},"dur=5 size=1024 type=\"buf\"":{"mean":3683.673399039205,"sqsum":71640.61932143931,"variance":2470.3661834979075,"size":30},"dur=5 size=1048576 type=\"buf\"":{"mean":6444.2228752356505,"sqsum":92588.82344693267,"variance":3192.7180498942303,"size":30},"dur=5 size=4194304 type=\"buf\"":{"mean":6021.602978617602,"sqsum":55332.28332505763,"variance":1908.0097698295733,"size":30},"dur=5 size=16777216 type=\"buf\"":{"mean":5888.245825004232,"sqsum":34227.37231665974,"variance":1180.254217815853,"size":30},"dur=5 size=100 type=\"asc\"":{"mean":1179.1750053210146,"sqsum":2177.3688707098295,"variance":75.08168519689066,"size":30},"dur=5 size=1024 type=\"asc\"":{"mean":3153.8725958545383,"sqsum":27132.35608978078,"variance":935.5984858545097,"size":30},"dur=5 size=1048576 type=\"asc\"":{"mean":6076.297498063027,"sqsum":74358.3710312245,"variance":2564.0817596973966,"size":30},"dur=5 size=4194304 type=\"asc\"":{"mean":5321.344271008578,"sqsum":47729.283111783436,"variance":1645.8373486821874,"size":30},"dur=5 size=16777216 type=\"asc\"":{"mean":5435.745238384427,"sqsum":22240.11085713225,"variance":766.9003743838707,"size":30},"dur=5 size=100 type=\"utf\"":{"mean":1236.9560462819438,"sqsum":9756.430983125641,"variance":336.4286545905394,"size":30},"dur=5 size=1024 type=\"utf\"":{"mean":3093.383026345838,"sqsum":16403.26624734089,"variance":565.6298705979617,"size":30},"dur=5 size=1048576 type=\"utf\"":{"mean":4482.317727326884,"sqsum":12058.297693706914,"variance":415.8033687485143,"size":30},"dur=5 size=4194304 type=\"utf\"":{"mean":4256.902311007931,"sqsum":12779.510564230226,"variance":440.6727780769043,"size":30},"dur=5 size=16777216 type=\"utf\"":{"mean":4156.5732601439,"sqsum":34181.62769956589,"variance":1178.67681722641,"size":30}},"throughput-s2c":{"dur=5 recvbufgenfn=\"true\" recvbuflen=0 sendchunklen=256 type=\"buf\"":{"mean":3057.722269585022,"sqsum":57932.3006012018,"variance":1997.6655379724757,"size":30},"dur=5 recvbufgenfn=\"false\" recvbuflen=0 sendchunklen=256 type=\"buf\"":{"mean":3047.970775994908,"sqsum":45296.31904874303,"variance":1561.9420361635528,"size":30},"dur=5 recvbufgenfn=\"true\" recvbuflen=65536 sendchunklen=256 type=\"buf\"":{"mean":3456.453403574565,"sqsum":45188.81986406278,"variance":1558.235167726303,"size":30},"dur=5 recvbufgenfn=\"false\" recvbuflen=65536 sendchunklen=256 type=\"buf\"":{"mean":3481.530922844639,"sqsum":64370.25769357363,"variance":2219.6640583990907,"size":30},"dur=5 recvbufgenfn=\"true\" recvbuflen=1048576 sendchunklen=256 type=\"buf\"":{"mean":3455.362279624343,"sqsum":41625.60583134837,"variance":1435.365718322358,"size":30},"dur=5 recvbufgenfn=\"false\" recvbuflen=1048576 sendchunklen=256 type=\"buf\"":{"mean":3490.0517718706365,"sqsum":44807.49756703886,"variance":1545.08612300134,"size":30},"dur=5 recvbufgenfn=\"true\" recvbuflen=0 sendchunklen=32768 type=\"buf\"":{"mean":5883.199101975049,"sqsum":89202.67550971541,"variance":3075.954327921221,"size":30},"dur=5 recvbufgenfn=\"false\" recvbuflen=0 sendchunklen=32768 type=\"buf\"":{"mean":5874.981467939711,"sqsum":96268.1641057135,"variance":3319.5918657142583,"size":30},"dur=5 recvbufgenfn=\"true\" recvbuflen=65536 sendchunklen=32768 type=\"buf\"":{"mean":7061.74730898634,"sqsum":173010.61034383756,"variance":5965.883115304744,"size":30},"dur=5 recvbufgenfn=\"false\" recvbuflen=65536 sendchunklen=32768 type=\"buf\"":{"mean":7107.8694781988825,"sqsum":170021.93639200839,"variance":5862.8253928278755,"size":30},"dur=5 recvbufgenfn=\"true\" recvbuflen=1048576 sendchunklen=32768 type=\"buf\"":{"mean":7058.784242421411,"sqsum":161734.7454215659,"variance":5577.060186950548,"size":30},"dur=5 recvbufgenfn=\"false\" recvbuflen=1048576 sendchunklen=32768 type=\"buf\"":{"mean":7120.615068030483,"sqsum":140449.83349919083,"variance":4843.09770686865,"size":30},"dur=5 recvbufgenfn=\"true\" recvbuflen=0 sendchunklen=131072 type=\"buf\"":{"mean":6351.184772818808,"sqsum":50575.15402107604,"variance":1743.9708283129671,"size":30},"dur=5 recvbufgenfn=\"false\" recvbuflen=0 sendchunklen=131072 type=\"buf\"":{"mean":6358.0032931474125,"sqsum":53254.43543263334,"variance":1836.359842504598,"size":30},"dur=5 recvbufgenfn=\"true\" recvbuflen=65536 sendchunklen=131072 type=\"buf\"":{"mean":7823.458832630183,"sqsum":99336.7564400475,"variance":3425.4053944843963,"size":30},"dur=5 recvbufgenfn=\"false\" recvbuflen=65536 sendchunklen=131072 type=\"buf\"":{"mean":7858.014273955573,"sqsum":79837.41631631275,"variance":2753.0143557349224,"size":30},"dur=5 recvbufgenfn=\"true\" recvbuflen=1048576 sendchunklen=131072 type=\"buf\"":{"mean":7807.748960669549,"sqsum":43060.63631472211,"variance":1484.849528093866,"size":30},"dur=5 recvbufgenfn=\"false\" recvbuflen=1048576 sendchunklen=131072 type=\"buf\"":{"mean":7873.875493412349,"sqsum":68757.81928687028,"variance":2370.9592857541475,"size":30},"dur=5 recvbufgenfn=\"true\" recvbuflen=0 sendchunklen=16777216 type=\"buf\"":{"mean":5889.957457638322,"sqsum":50328.28238419757,"variance":1735.4580132481922,"size":30},"dur=5 recvbufgenfn=\"false\" recvbuflen=0 sendchunklen=16777216 type=\"buf\"":{"mean":5887.169961989951,"sqsum":34248.6907143175,"variance":1180.9893349764654,"size":30},"dur=5 recvbufgenfn=\"true\" recvbuflen=65536 sendchunklen=16777216 type=\"buf\"":{"mean":6974.015474170919,"sqsum":37741.85163181171,"variance":1301.4431597176451,"size":30},"dur=5 recvbufgenfn=\"false\" recvbuflen=65536 sendchunklen=16777216 type=\"buf\"":{"mean":7033.781607170916,"sqsum":20183.14490135696,"variance":695.9705138398953,"size":30},"dur=5 recvbufgenfn=\"true\" recvbuflen=1048576 sendchunklen=16777216 type=\"buf\"":{"mean":6977.829220070062,"sqsum":22309.54818407174,"variance":769.294764967991,"size":30},"dur=5 recvbufgenfn=\"false\" recvbuflen=1048576 sendchunklen=16777216 type=\"buf\"":{"mean":7027.898551809093,"sqsum":42340.117090775864,"variance":1460.0040376129607,"size":30},"dur=5 recvbufgenfn=\"true\" recvbuflen=0 sendchunklen=256 type=\"asc\"":{"mean":2064.5013299351763,"sqsum":24101.568785974356,"variance":831.0885788267019,"size":30},"dur=5 recvbufgenfn=\"false\" recvbuflen=0 sendchunklen=256 type=\"asc\"":{"mean":2065.9224155545403,"sqsum":9143.58581240531,"variance":315.2960624967348,"size":30},"dur=5 recvbufgenfn=\"true\" recvbuflen=65536 sendchunklen=256 type=\"asc\"":{"mean":2237.7651994688113,"sqsum":34466.70656550631,"variance":1188.5071229484934,"size":30},