{"defaultparams-bench":{"method=\"withoutdefaults\" n=100000000":{"mean":561213944.4497155,"sqsum":371164141187427.25,"variance":12798763489221.629,"size":30},"method=\"withdefaults\" n=100000000":{"mean":565326697.896254,"sqsum":467947685090300.4,"variance":16136127072079.322,"size":30}},"destructuring-bench":{"method=\"swap\" n=100000000":{"mean":377947298.0711936,"sqsum":56656624702911.47,"variance":1953676713893.4988,"size":30},"method=\"destructure\" n=100000000":{"mean":264487263.10082477,"sqsum":15469015352972.75,"variance":533414322516.3017,"size":30}},"destructuring-object-bench":{"method=\"normal\" n=100000000":{"mean":1118780784.2069547,"sqsum":2415983318870321.5,"variance":83309769616217.98,"size":30},"method=\"destructureObject\" n=100000000":{"mean":1122918725.8099709,"sqsum":4702721626044416,"variance":162162814691186.75,"size":30}},"foreach-bench":{"count=5 method=\"for\" n=5000000":{"mean":176430283.56622925,"sqsum":56301199775886.266,"variance":1941420681927.1125,"size":30},"count=10 method=\"for\" n=5000000":{"mean":115673508.77290925,"sqsum":5378612541948.114,"variance":185469397998.21082,"size":30},"count=20 method=\"for\" n=5000000":{"mean":68424612.31368445,"sqsum":116273955858043.42,"variance":4009446753725.6353,"size":30},"count=100 method=\"for\" n=5000000":{"mean":14263615.613334386,"sqsum":120799057952.786,"variance":4165484756.9926205,"size":30},"count=5 method=\"for-of\" n=5000000":{"mean":124402499.50370352,"sqsum":55048529041885.805,"variance":1898225139375.3726,"size":30},"count=10 method=\"for-of\" n=5000000":{"mean":84600072.60888438,"sqsum":15329600472483.896,"variance":528606912844.2723,"size":30},"count=20 method=\"for-of\" n=5000000":{"mean":29795348.96599055,"sqsum":2018722087659.365,"variance":69611106471.01259,"size":30},"count=100 method=\"for-of\" n=5000000":{"mean":12622431.4314821,"sqsum":59602139676.25551,"variance":2055246195.7329485,"size":30},"count=5 method=\"for-in\" n=5000000":{"mean":3837301.7054615067,"sqsum":1734422666.5775182,"variance":59807678.15784545,"size":30},"count=10 method=\"for-in\" n=5000000":{"mean":2384954.4129769136,"sqsum":1249976417.2163172,"variance":43102635.07642473,"size":30},"count=20 method=\"for-in\" n=5000000":{"mean":1463844.0010160303,"sqsum":67432077.42087004,"variance":2325244.0489955186,"size":30},"count=100 method=\"for-in\" n=5000000":{"mean":356776.00268145674,"sqsum":16853179.140181866,"variance":581144.1082821334,"size":30},"count=5 method=\"forEach\" n=5000000":{"mean":149265893.30961898,"sqsum":26452862163276.586,"variance":912167660802.641,"size":30},"count=10 method=\"forEach\" n=5000000":{"mean":115458954.38854472,"sqsum":99891657809697.92,"variance":3444539924472.3423,"size":30},"count=20 method=\"forEach\" n=5000000":{"mean":77961739.1777414,"sqsum":24788659490185.785,"variance":854781361730.5443,"size":30},"count=100 method=\"forEach\" n=5000000":{"mean":22931228.00214224,"sqsum":1114940092316.0522,"variance":38446210079.86388,"size":30}},"map-bench":{"method=\"object\" n=1000000":{"mean":483837.4292906858,"sqsum":1091254351.3231246,"variance":37629460.39045258,"size":30},"method=\"nullProtoObject\" n=1000000":{"mean":500429.712400447,"sqsum":1089867576.421221,"variance":37581640.566249005,"size":30},"method=\"nullProtoLiteralObject\" n=1000000":{"mean":498813.15094637725,"sqsum":1540023953.186819,"variance":53104274.24782135,"size":30},"method=\"storageObject\" n=1000000":{"mean":499514.12295178184,"sqsum":922673736.6581533,"variance":31816335.746832874,"size":30},"method=\"fakeMap\" n=1000000":{"mean":407361.23736422404,"sqsum":573369080.5630283,"variance":19771347.605621666,"size":30},"method=\"map\" n=1000000":{"mean":860190.2095807665,"sqsum":312013182.0662695,"variance":10759075.243664468,"size":30}},"restparams-bench":{"method=\"copy\" n=100000000":{"mean":44257554.68589564,"sqsum":228633527898.21082,"variance":7883914755.110718,"size":30},"method=\"rest\" n=100000000":{"mean":169926620.63982746,"sqsum":8613426023024.645,"variance":297014690449.1257,"size":30},"method=\"arguments\" n=100000000":{"mean":170038302.19422302,"sqsum":6791444438706.826,"variance":234187739265.75266,"size":30}},"spread-assign":{"count=5 method=\"spread\" n=1000000":{"mean":34039267.93099752,"sqsum":3128247313650.261,"variance":107870597022.4228,"size":30},"count=10 method=\"spread\" n=1000000":{"mean":29816336.387572177,"sqsum":1899803698340.6624,"variance":65510472356.57456,"size":30},"count=20 method=\"spread\" n=1000000":{"mean":165462.41778620513,"sqsum":189228697.81036487,"variance":6525127.5107022375,"size":30},"count=5 method=\"assign\" n=1000000":{"mean":8898328.660746412,"sqsum":214544178170.0672,"variance":7398075109.312662,"size":30},"count=10 method=\"assign\" n=1000000":{"mean":4554732.8887860635,"sqsum":29944260421.24781,"variance":1032560704.180959,"size":30},"count=20 method=\"assign\" n=1000000":{"mean":136552.4440138919,"sqsum":133711378.8923573,"variance":4610737.203184735,"size":30},"count=5 method=\"_extend\" n=1000000":{"mean":4770460.167517123,"sqsum":8973124296.952736,"variance":309418079.2052667,"size":30},"count=10 method=\"_extend\" n=1000000":{"mean":2497611.7367542544,"sqsum":1905687342.0470765,"variance":65713356.622312985,"size":30},"count=20 method=\"_extend\" n=1000000":{"mean":428421.48606326024,"sqsum":1305428927.240249,"variance":45014790.59449134,"size":30}},"spread-bench":{"context=\"context\" count=5 method=\"apply\" n=5000000 rest=0":{"mean":47241975.4967616,"sqsum":3366935364967.4546,"variance":116101219481.63637,"size":30},"context=\"context\" count=5 method=\"apply\" n=5000000 rest=1":{"mean":46429015.513706855,"sqsum":8620539504857.4,"variance":297259982926.11725,"size":30},"context=\"null\" count=5 method=\"apply\" n=5000000 rest=0":{"mean":47707565.78257822,"sqsum":5943246013723.379,"variance":204939517714.59927,"size":30},"context=\"null\" count=5 method=\"apply\" n=5000000 rest=1":{"mean":46561147.00519382,"sqsum":7828690278289.638,"variance":269954837182.4013,"size":30},"context=\"context\" count=10 method=\"apply\" n=5000000 rest=0":{"mean":39079254.575455554,"sqsum":4134722112789.695,"variance":142576624578.955,"size":30},"context=\"context\" count=10 method=\"apply\" n=5000000 rest=1":{"mean":38941480.202850945,"sqsum":4276233150812.5176,"variance":147456315545.25922,"size":30},"context=\"null\" count=10 method=\"apply\" n=5000000 rest=0":{"mean":39187993.92428649,"sqsum":4092140664209.098,"variance":141108298765.83096,"size":30},"context=\"null\" count=10 method=\"apply\" n=5000000 rest=1":{"mean":39086184.14660787,"sqsum":4523206096637.418,"variance":155972624021.97995,"size":30},"context=\"context\" count=20 method=\"apply\" n=5000000 rest=0":{"mean":28968478.658588167,"sqsum":22471612331226.29,"variance":774883183835.3894,"size":30},"context=\"context\" count=20 method=\"apply\" n=5000000 rest=1":{"mean":29126086.94908163,"sqsum":1696102522832.8098,"variance":58486293890.786545,"size":30},"context=\"null\" count=20 method=\"apply\" n=5000000 rest=0":{"mean":29102053.017532546,"sqsum":2859985489210.2534,"variance":98620189283.1122,"size":30},"context=\"null\" count=20 method=\"apply\" n=5000000 rest=1":{"mean":28816762.09612902,"sqsum":88325078532973.97,"variance":3045692363205.999,"size":30},"context=\"context\" count=5 method=\"spread\" n=5000000 rest=0":{"mean":49933196.756441504,"sqsum":5055235369235.832,"variance":174318461008.13214,"size":30},"context=\"context\" count=5 method=\"spread\" n=5000000 rest=1":{"mean":48268129.364552826,"sqsum":9343410459157.328,"variance":322186567557.1493,"size":30},"context=\"null\" count=5 method=\"spread\" n=5000000 rest=0":{"mean":56098372.139217496,"sqsum":27318332447463.98,"variance":942011463705.6545,"size":30},"context=\"null\" count=5 method=\"spread\" n=5000000 rest=1":{"mean":54675308.360404015,"sqsum":11316671934629.92,"variance":390230066711.3766,"size":30},"context=\"context\" count=10 method=\"spread\" n=5000000 rest=0":{"mean":39042675.03529244,