{"array-vs-concat":{"chunks=1 dur=5 len=64 num=100 type=\"concat\"":{"mean":0.045206932027183726,"sqsum":0.000005602456011950978,"variance":1.9318813834314e-7,"size":30},"chunks=1 dur=5 len=64 num=100 type=\"multi\"":{"mean":0.04609194434767654,"sqsum":0.000008232165034991226,"variance":2.8386775982728e-7,"size":30},"chunks=2 dur=5 len=64 num=100 type=\"concat\"":{"mean":0.04532303590933423,"sqsum":0.000009022510659478036,"variance":3.1112105722338e-7,"size":30},"chunks=2 dur=5 len=64 num=100 type=\"multi\"":{"mean":0.04498619350899885,"sqsum":0.000006197548074641024,"variance":2.1370855429797e-7,"size":30},"chunks=4 dur=5 len=64 num=100 type=\"concat\"":{"mean":0.044713514942486175,"sqsum":0.000007914477677872432,"variance":2.7291302337491e-7,"size":30},"chunks=4 dur=5 len=64 num=100 type=\"multi\"":{"mean":0.04288193379754705,"sqsum":0.00000716747344843224,"variance":2.4715425684249e-7,"size":30},"chunks=8 dur=5 len=64 num=100 type=\"concat\"":{"mean":0.044462306296117325,"sqsum":0.000005432183556257052,"variance":1.8731667435369e-7,"size":30},"chunks=8 dur=5 len=64 num=100 type=\"multi\"":{"mean":0.039006576377473304,"sqsum":0.000006510467242694349,"variance":2.2449887043774e-7,"size":30},"chunks=1 dur=5 len=256 num=100 type=\"concat\"":{"mean":0.1806482081390505,"sqsum":0.00009172141541387902,"variance":0.00000316280742806479,"size":30},"chunks=1 dur=5 len=256 num=100 type=\"multi\"":{"mean":0.18377903890074998,"sqsum":0.00014323758611737127,"variance":0.00000493922710749556,"size":30},"chunks=2 dur=5 len=256 num=100 type=\"concat\"":{"mean":0.1788669826701884,"sqsum":0.00015964672072117946,"variance":0.00000550505933521308,"size":30},"chunks=2 dur=5 len=256 num=100 type=\"multi\"":{"mean":0.1794586444861137,"sqsum":0.00010863639612712814,"variance":0.00000374608262507338,"size":30},"chunks=4 dur=5 len=256 num=100 type=\"concat\"":{"mean":0.17829558343289134,"sqsum":0.0001365195131548324,"variance":0.00000470756941913215,"size":30},"chunks=4 dur=5 len=256 num=100 type=\"multi\"":{"mean":0.1708285916090006,"sqsum":0.0001235578101799915,"variance":0.00000426061414413764,"size":30},"chunks=8 dur=5 len=256 num=100 type=\"concat\"":{"mean":0.1762630034906696,"sqsum":0.00011391768152466826,"variance":0.00000392819591464373,"size":30},"chunks=8 dur=5 len=256 num=100 type=\"multi\"":{"mean":0.15357759724888936,"sqsum":0.00010809414308099872,"variance":0.00000372738424417237,"size":30},"chunks=1 dur=5 len=512 num=100 type=\"concat\"":{"mean":0.3489840664525036,"sqsum":0.0005049746315747465,"variance":0.00001741291833016367,"size":30},"chunks=1 dur=5 len=512 num=100 type=\"multi\"":{"mean":0.3650537051905315,"sqsum":0.0005743975243340263,"variance":0.00001980681118393194,"size":30},"chunks=2 dur=5 len=512 num=100 type=\"concat\"":{"mean":0.3479491224594808,"sqsum":0.0004913419727554969,"variance":0.00001694282664674127,"size":30},"chunks=2 dur=5 len=512 num=100 type=\"multi\"":{"mean":0.3555811394862796,"sqsum":0.00047019909849320353,"variance":0.00001621376201700702,"size":30},"chunks=4 dur=5 len=512 num=100 type=\"concat\"":{"mean":0.3453959074846488,"sqsum":0.0007439515244140139,"variance":0.00002565350084186255,"size":30},"chunks=4 dur=5 len=512 num=100 type=\"multi\"":{"mean":0.33844014764000313,"sqsum":0.0004460539689477351,"variance":0.00001538117134302535,"size":30},"chunks=8 dur=5 len=512 num=100 type=\"concat\"":{"mean":0.34430227001151825,"sqsum":0.0004805055616491079,"variance":0.0000165691572982451,"size":30},"chunks=8 dur=5 len=512 num=100 type=\"multi\"":{"mean":0.30589700602582365,"sqsum":0.0004002199604667579,"variance":0.00001380068829195717,"size":30},"chunks=1 dur=5 len=1024 num=100 type=\"concat\"":{"mean":0.6943816168304949,"sqsum":0.0013112769137645674,"variance":0.00004521644530222646,"size":30},"chunks=1 dur=5 len=1024 num=100 type=\"multi\"":{"mean":0.7217551880581748,"sqsum":0.002593061315929413,"variance":0.00008941590744584183,"size":30},"chunks=2 dur=5 len=1024 num=100 type=\"concat\"":{"mean":0.692068078083225,"sqsum":0.0022623085088514226,"variance":0.00007801063823625597,"size":30},"chunks=2 dur=5 len=1024 num=100 type=\"multi\"":{"mean":0.7006799680696335,"sqsum":0.00244225769259896,"variance":0.00008421578250341241,"size":30},"chunks=4 dur=5 len=1024 num=100 type=\"concat\"":{"mean":0.6902920712715775,"sqsum":0.0018687085100375792,"variance":0.00006443822448405446,"size":30},"chunks=4 dur=5 len=1024 num=100 type=\"multi\"":{"mean":0.6671109063284734,"sqsum":0.002021680620959281,"variance":0.00006971312486066486,"size":30},"chunks=8 dur=5 len=1024 num=100 type=\"concat\"":{"mean":0.6836924775157007,"sqsum":0.0027641356858903675,"variance":0.00009531502365139198,"size":30},"chunks=8 dur=5 len=1024 num=100 type=\"multi\"":{"mean":0.6092110591374718,"sqsum":0.0011306917253079017,"variance":0.0000389893698382035,"size":30}},"bind-params":{"address=\"true\" n=10000 port=\"true\"":{"mean":119065.51840705345,"sqsum":90808123.47851683,"variance":3131314.602707477,"size":30},"address=\"false\" n=10000 port=\"true\"":{"mean":119520.44254709283,"sqsum":132210216.51022446,"variance":4558972.983111189,"size":30},"address=\"false\" n=10000 port=\"false\"":{"mean":118082.11704704,"sqsum":105227450.33331643,"variance":3628532.77011436,"size":30}},"multi-buffer":{"chunks=1 dur=5 len=64 num=100 type=\"send\"":{"mean":0.04595738543359179,"sqsum":0.000010434887260070874,"variance":3.5982369862313e-7,"size":30},"chunks=1 dur=5 len=64 num=100 type=\"recv\"":{"mean":0.014742352896845149,"sqsum":7.349797945917785e-7,"variance":2.534413084799e-8,"size":30},"chunks=2 dur=5 len=64 num=100 type=\"send\"":{"mean":0.044992077730458706,"sqsum":0.000009712001053778604,"variance":3.3489658806133e-7,"size":30},"chunks=2 dur=5 len=64 num=100 type=\"recv\"":{"mean":0.014460450508753301,"sqsum":7.341205955863386e-7,"variance":2.531450329608e-8,"size":30},"chunks=4 dur=5 len=64 num=100 type=\"send\"":{"mean":0.04260180226255697,"sqsum":0.000009689965730875924,"variance":3.3413674934055e-7,"size":30},"chunks=4 dur=5 len=64 num=100 type=\"recv\"":{"mean":0.01376799705658924,"sqsum":9.217325373800164e-7,"variance":3.178388059931e-8,"size":30},"chunks=8 dur=5 len=64 num=100 type=\"send\"":{"mean":0.03912765109412697,"sqsum":0.000005270125867341215,"variance":1.8172847818418e-7,"size":30},"chunks=8 dur=5 len=64 num=100 type=\"recv\"":{"mean":0.012451677632374277,"sqsum":0.0000012078738387493907,"variance":4.165082202584e-8,"size":30},"chunks=1 dur=5 len=256 num=100 type=\"send\"":{"mean":0.18291180960333664,"sqsum":0.00010848345457346497,"variance":0.00000374080877839534,"size":30},"chunks=1 dur=5 len=256 num=100 type=\"recv\"":{"mean":0.058453762720000184,"sqsum":0.000012309933113997915,"variance":4.2448045220682e-7,"size":30},"chunks=2 dur=5 len=256 num=100 type=\"send\"":{"mean":0.17960059703827216,"sqsum":0.0001410732104726426,"variance":0.00000486459346457388,"size":30},"chunks=2 dur=5 len=256 num=100 type=\"recv\"":{"mean":0.05743459986142569,"sqsum":0.00002110911175359022,"variance":7.2790040529621e-7,"size":30},"chunks=4 dur=5 len=256 num=100 type=\"send\"":{"mean":0.17080090532728953,"sqsum":0.0002202511426841971,"variance":0.00000759486698911024,"size":30},"chunks=4 dur=5 len=256 num=100 type=\"recv\"":{"mean":0.0545565971476638,"sqsum":0.000011690655375372964,"variance":4.0312604742665e-7,"size":30},"chunks=8 dur=5 len=256 num=100 type=\"send\"":{"mean":0.15406092231989021,"sqsum":0.000150907217940513,"variance":0.00000520369717036252,"size":30},"chunks=8 dur=5 len=256 num=100 type=\"recv\"":{"mean":0.04907157402650738,"sqsum":0.000012995098837448229,"variance":4.4810685646373e-7,"size":30},"chunks=1 dur=5 len=1024 num=100 type=\"send\"":{"mean":0.7207344906483978,"sqsum":0.002274932457301374,"variance":0.00007844594680349566,"size":30},"chunks=1 dur=5 len=1024 num=100 type=\"recv\"":{"mean":0.23095967350438903,"sqsum":0.0003599910963901934,"variance":0.00001241348608242046,"size":30},