{"bench-env":{"n=1000000 operation=\"get\"":{"mean":2753503.6453821915,"sqsum":1312273684752.1335,"variance":45250816715.59081,"size":30},"n=1000000 operation=\"set\"":{"mean":1946359.9281466708,"sqsum":778289289187.2257,"variance":26837561696.11123,"size":30},"n=1000000 operation=\"enumerate\"":{"mean":21471.21765017913,"sqsum":5677955.417890424,"variance":195791.56613415256,"size":30},"n=1000000 operation=\"query\"":{"mean":3055174.025420513,"sqsum":768577550068.4065,"variance":26502674140.28988,"size":30},"n=1000000 operation=\"delete\"":{"mean":2427605.2945235725,"sqsum":1862005527350.1565,"variance":64207087150.005394,"size":30}},"bench-hrtime":{"n=1000000 type=\"raw\"":{"mean":17375926.478747047,"sqsum":2414339711858.315,"variance":83253093512.35568,"size":30},"n=1000000 type=\"diff\"":{"mean":16009046.547420949,"sqsum":7216587553855.025,"variance":248847846684.65604,"size":30},"n=1000000 type=\"bigint\"":{"mean":17725011.901782006,"sqsum":3492096416734.7397,"variance":120417117818.43932,"size":30}},"memoryUsage":{"n=100000":{"mean":107838.35953556294,"sqsum":71915290.65199904,"variance":2479837.6086896225,"size":30}},"next-tick-breadth-args":{"n=10000000":{"mean":2541668.1525344704,"sqsum":34805772904.888596,"variance":1200199065.6858137,"size":30}},"next-tick-breadth":{"n=10000000":{"mean":3820439.9418880884,"sqsum":38293863354.20135,"variance":1320478046.696598,"size":30}},"next-tick-depth-args":{"n=7000000":{"mean":6678309.303300929,"sqsum":986193941639.387,"variance":34006687642.73748,"size":30}},"next-tick-depth":{"n=7000000":{"mean":9283182.169462813,"sqsum":1671287114319.2754,"variance":57630590148.94053,"size":30}},"next-tick-exec-args":{"n=4000000":{"mean":26874003.286112737,"sqsum":8150210421941.915,"variance":281041738687.6522,"size":30}},"next-tick-exec":{"n=4000000":{"mean":30149840.473410413,"sqsum":386443819336.21643,"variance":13325648942.628153,"size":30}},"queue-microtask-breadth":{"n=400000":{"mean":1564258.4826520418,"sqsum":19299113785.569122,"variance":665486682.2610042,"size":30}},"queue-microtask-depth":{"n=1200000":{"mean":4167278.4412445812,"sqsum":954325188637.207,"variance":32907765125.420933,"size":30}},"resourceUsage":{"n=100000":{"mean":706403.4977601477,"sqsum":4315915264.94687,"variance":148824664.30851275,"size":30}}}