{"querystring-parse":{"n=1000000 type=\"noencode\"":{"mean":2269835.6292426474,"sqsum":35069502205.86016,"variance":1209293179.5124192,"size":30},"n=1000000 type=\"multicharsep\"":{"mean":1601276.33784717,"sqsum":11271410431.453646,"variance":388669325.2225395,"size":30},"n=1000000 type=\"encodefake\"":{"mean":2138045.1970038204,"sqsum":128729171210.72366,"variance":4438936938.300817,"size":30},"n=1000000 type=\"encodemany\"":{"mean":847546.214150358,"sqsum":1424493721.9138892,"variance":49120473.16944446,"size":30},"n=1000000 type=\"encodelast\"":{"mean":1700496.181051751,"sqsum":6606520018.131075,"variance":227811035.1079681,"size":30},"n=1000000 type=\"multivalue\"":{"mean":1579314.9924021254,"sqsum":17110864933.688406,"variance":590029825.2996002,"size":30},"n=1000000 type=\"multivaluemany\"":{"mean":606757.4715814892,"sqsum":2240616724.006495,"variance":77262645.65539639,"size":30},"n=1000000 type=\"manypairs\"":{"mean":439997.56388609775,"sqsum":988373905.7344074,"variance":34081858.818427846,"size":30},"n=1000000 type=\"manyblankpairs\"":{"mean":8821384.608682968,"sqsum":32034663141.678513,"variance":1104643556.609604,"size":30},"n=1000000 type=\"altspaces\"":{"mean":1145412.7600140555,"sqsum":2413841381.5218697,"variance":83235909.70765068,"size":30}},"querystring-stringify":{"n=1000000 type=\"noencode\"":{"mean":3457498.326026816,"sqsum":2980446944.7864923,"variance":102774032.57884458,"size":30},"n=1000000 type=\"encodemany\"":{"mean":2129176.0648411214,"sqsum":615625735.6239798,"variance":21228473.642206203,"size":30},"n=1000000 type=\"encodelast\"":{"mean":2963409.4902085452,"sqsum":321584524.62382793,"variance":11089121.538752686,"size":30},"n=1000000 type=\"array\"":{"mean":2951995.898790419,"sqsum":348397447.7731608,"variance":12013705.095626233,"size":30},"n=1000000 type=\"multiprimitives\"":{"mean":4337579.471607838,"sqsum":12384718080.008648,"variance":427059244.13822925,"size":30}},"querystring-unescapebuffer":{"input=\"there is nothing to unescape here\" n=10000000":{"mean":5454518.056257356,"sqsum":967132659.6775789,"variance":33349402.057847552,"size":30},"input=\"there%20are%20several%20spaces%20that%20need%20to%20be%20unescaped\" n=10000000":{"mean":2417036.9883121126,"sqsum":2761370641.7859,"variance":95219677.30296206,"size":30},"input=\"there%2Qare%0-fake%escaped values in%%%%this%9Hstring\" n=10000000":{"mean":3228309.908138454,"sqsum":745172902.0895835,"variance":25695617.313433915,"size":30},"input=\"%20%21%22%23%24%25%26%27%28%29%2A%2B%2C%2D%2E%2F%30%31%32%33%34%35%36%37\" n=10000000":{"mean":2520757.1708543156,"sqsum":340665131.92134863,"variance":11747073.514529262,"size":30}}}