{"array-vs-concat":{"chunks=1 dur=5 len=64 num=100 type=\"concat\"":{"mean":0.12536411701382005,"sqsum":0.00018816894759458408,"variance":0.00000648858439981324,"size":30},"chunks=1 dur=5 len=64 num=100 type=\"multi\"":{"mean":0.125592930754045,"sqsum":0.0001628619181081709,"variance":0.00000561592821062658,"size":30},"chunks=2 dur=5 len=64 num=100 type=\"concat\"":{"mean":0.12521869580420936,"sqsum":0.00009783301599902158,"variance":0.00000337355227582833,"size":30},"chunks=2 dur=5 len=64 num=100 type=\"multi\"":{"mean":0.11897556986492108,"sqsum":0.00013495145337148422,"variance":0.00000465349839212015,"size":30},"chunks=4 dur=5 len=64 num=100 type=\"concat\"":{"mean":0.1237874265443248,"sqsum":0.00012019285855379203,"variance":0.0000041445813294411,"size":30},"chunks=4 dur=5 len=64 num=100 type=\"multi\"":{"mean":0.10930522254730944,"sqsum":0.00005896847810669609,"variance":0.00000203339579678262,"size":30},"chunks=8 dur=5 len=64 num=100 type=\"concat\"":{"mean":0.12131640138294411,"sqsum":0.00008587027101733346,"variance":0.00000296104382818391,"size":30},"chunks=8 dur=5 len=64 num=100 type=\"multi\"":{"mean":0.09414589032201146,"sqsum":0.00003474276996237706,"variance":0.0000011980265504268,"size":30},"chunks=1 dur=5 len=256 num=100 type=\"concat\"":{"mean":0.4875862253903591,"sqsum":0.0019905441591049817,"variance":0.00006863945376224076,"size":30},"chunks=1 dur=5 len=256 num=100 type=\"multi\"":{"mean":0.4999695839863436,"sqsum":0.001151354036940759,"variance":0.0000397018633427848,"size":30},"chunks=2 dur=5 len=256 num=100 type=\"concat\"":{"mean":0.4871539067274695,"sqsum":0.0017486674053936448,"variance":0.00006029887604805672,"size":30},"chunks=2 dur=5 len=256 num=100 type=\"multi\"":{"mean":0.4746438853989301,"sqsum":0.002195559387455037,"variance":0.00007570894439500128,"size":30},"chunks=4 dur=5 len=256 num=100 type=\"concat\"":{"mean":0.4822388921563657,"sqsum":0.0019816834643315456,"variance":0.00006833391256315674,"size":30},"chunks=4 dur=5 len=256 num=100 type=\"multi\"":{"mean":0.4342739517010253,"sqsum":0.0022120340324227154,"variance":0.0000762770356007833,"size":30},"chunks=8 dur=5 len=256 num=100 type=\"concat\"":{"mean":0.4697658085452819,"sqsum":0.0014621119355952557,"variance":0.00005041765295156054,"size":30},"chunks=8 dur=5 len=256 num=100 type=\"multi\"":{"mean":0.3713520946021229,"sqsum":0.0012437830456731456,"variance":0.0000428890705404533,"size":30},"chunks=1 dur=5 len=512 num=100 type=\"concat\"":{"mean":0.950314137774819,"sqsum":0.009448883044887911,"variance":0.00032582355327199694,"size":30},"chunks=1 dur=5 len=512 num=100 type=\"multi\"":{"mean":0.9959672461441347,"sqsum":0.011070742270490003,"variance":0.0003817497334651725,"size":30},"chunks=2 dur=5 len=512 num=100 type=\"concat\"":{"mean":0.9492666954363194,"sqsum":0.008411266324516215,"variance":0.0002900436663626281,"size":30},"chunks=2 dur=5 len=512 num=100 type=\"multi\"":{"mean":0.9460595040039509,"sqsum":0.00906660183076637,"variance":0.00031264144244021966,"size":30},"chunks=4 dur=5 len=512 num=100 type=\"concat\"":{"mean":0.9427246436936274,"sqsum":0.007109764205554471,"variance":0.00024516428295015416,"size":30},"chunks=4 dur=5 len=512 num=100 type=\"multi\"":{"mean":0.8681626520037204,"sqsum":0.005667138795560386,"variance":0.0001954185791572547,"size":30},"chunks=8 dur=5 len=512 num=100 type=\"concat\"":{"mean":0.9254891965682276,"sqsum":0.0052312093097634065,"variance":0.00018038652792287609,"size":30},"chunks=8 dur=5 len=512 num=100 type=\"multi\"":{"mean":0.7355052512140199,"sqsum":0.0041710670592352474,"variance":0.00014382989859431888,"size":30},"chunks=1 dur=5 len=1024 num=100 type=\"concat\"":{"mean":1.8254263341628327,"sqsum":0.015770706954760048,"variance":0.0005438174811986224,"size":30},"chunks=1 dur=5 len=1024 num=100 type=\"multi\"":{"mean":1.9835899375974682,"sqsum":0.02372192413662505,"variance":0.0008179973840215535,"size":30},"chunks=2 dur=5 len=1024 num=100 type=\"concat\"":{"mean":1.8372986386505605,"sqsum":0.02364354629166321,"variance":0.0008152946997125244,"size":30},"chunks=2 dur=5 len=1024 num=100 type=\"multi\"":{"mean":1.8872095661390433,"sqsum":0.03524240997819484,"variance":0.0012152555164894772,"size":30},"chunks=4 dur=5 len=1024 num=100 type=\"concat\"":{"mean":1.8128752259127907,"sqsum":0.014817551051515953,"variance":0.0005109500362591708,"size":30},"chunks=4 dur=5 len=1024 num=100 type=\"multi\"":{"mean":1.715267397912945,"sqsum":0.017109694671518537,"variance":0.0005899894714316737,"size":30},"chunks=8 dur=5 len=1024 num=100 type=\"concat\"":{"mean":1.7624905789949277,"sqsum":0.016605659901296154,"variance":0.0005726089621136605,"size":30},"chunks=8 dur=5 len=1024 num=100 type=\"multi\"":{"mean":1.4586434275511238,"sqsum":0.014860332229948531,"variance":0.00051242524930857,"size":30}},"bind-params":{"address=\"true\" n=10000 port=\"true\"":{"mean":240429.8267434713,"sqsum":100271096.83544263,"variance":3457624.028808367,"size":30},"address=\"false\" n=10000 port=\"true\"":{"mean":240097.50313297592,"sqsum":160467794.74103227,"variance":5533372.232449389,"size":30},"address=\"false\" n=10000 port=\"false\"":{"mean":239256.22027503373,"sqsum":273708606.76031584,"variance":9438227.819321236,"size":30}},"multi-buffer":{"chunks=1 dur=5 len=64 num=100 type=\"send\"":{"mean":0.1251627188878015,"sqsum":0.00017562502669957593,"variance":0.00000605603540343365,"size":30},"chunks=1 dur=5 len=64 num=100 type=\"recv\"":{"mean":0.040020583786041876,"sqsum":0.0000117794045407641,"variance":4.0618636347462e-7,"size":30},"chunks=2 dur=5 len=64 num=100 type=\"send\"":{"mean":0.11986344563403821,"sqsum":0.0001380437256267004,"variance":0.00000476012846988622,"size":30},"chunks=2 dur=5 len=64 num=100 type=\"recv\"":{"mean":0.038474069261762424,"sqsum":0.000010401034011818917,"variance":3.5865634523514e-7,"size":30},"chunks=4 dur=5 len=64 num=100 type=\"send\"":{"mean":0.10834237669587324,"sqsum":0.00007354968974038469,"variance":0.0000025361961979443,"size":30},"chunks=4 dur=5 len=64 num=100 type=\"recv\"":{"mean":0.03465275660529719,"sqsum":0.00000597517882729839,"variance":2.0604064921719e-7,"size":30},"chunks=8 dur=5 len=64 num=100 type=\"send\"":{"mean":0.09400213635025567,"sqsum":0.00005148723941420282,"variance":0.00000177542204876561,"size":30},"chunks=8 dur=5 len=64 num=100 type=\"recv\"":{"mean":0.030117097641666826,"sqsum":0.000004319311417311413,"variance":1.4894177301074e-7,"size":30},"chunks=1 dur=5 len=256 num=100 type=\"send\"":{"mean":0.49634778742100333,"sqsum":0.0018971649914412859,"variance":0.00006541948246349262,"size":30},"chunks=1 dur=5 len=256 num=100 type=\"recv\"":{"mean":0.15820454741861198,"sqsum":0.0001680120279051189,"variance":0.00000579351820362479,"size":30},"chunks=2 dur=5 len=256 num=100 type=\"send\"":{"mean":0.4804673017091674,"sqsum":0.0017599042706601758,"variance":0.00006068635416069571,"size":30},"chunks=2 dur=5 len=256 num=100 type=\"recv\"":{"mean":0.15256621746662477,"sqsum":0.0001484783324469522,"variance":0.00000511994249817077,"size":30},"chunks=4 dur=5 len=256 num=100 type=\"send\"":{"mean":0.42893992926394947,"sqsum":0.001916041828680432,"variance":0.00006607040788553214,"size":30},"chunks=4 dur=5 len=256 num=100 type=\"recv\"":{"mean":0.137011980123942,"sqsum":0.00010550084189446784,"variance":0.00000363796006532648,"size":30},"chunks=8 dur=5 len=256 num=100 type=\"send\"":{"mean":0.37247565607204336,"sqsum":0.0005591049043862886,"variance":0.00001927947946159616,"size":30},"chunks=8 dur=5 len=256 num=100 type=\"recv\"":{"mean":0.11948217857515334,"sqsum":0.00006957546869588295,"variance":0.00000239915409296148,"size":30},"chunks=1 dur=5 len=1024 num=100 type=\"send\"":{"mean":1.9575917574843962,"sqsum":0.03576793906766502,"variance":0.0012333772092298283,"size":30},"chunks=1 dur=5 len=1024 num=100 type=\"recv\"":{"mean":0.628826907565957,"sqsum":0.0018362224971570323,"variance":0.00006331801714334594,"size":30},