{"lookup-promises":{"all=\"true\" n=5000000 name=\"127.0.0.1\"":{"mean":11534099143.576498,"sqsum":34699420399979975000,"variance":1196531737930344000,"size":30},"all=\"false\" n=5000000 name=\"127.0.0.1\"":{"mean":12506963769.4082,"sqsum":28670958810624200000,"variance":988653752090489700,"size":30},"all=\"true\" n=5000000 name=\"::1\"":{"mean":3650350986.2362323,"sqsum":406625573960502140,"variance":14021571515879384,"size":30},"all=\"false\" n=5000000 name=\"::1\"":{"mean":3709320462.176062,"sqsum":581342473500405800,"variance":20046292189669164,"size":30}},"lookup":{"all=\"true\" n=5000000 name=\"127.0.0.1\"":{"mean":4605709.6363543365,"sqsum":123922446629.86578,"variance":4273187814.822958,"size":30},"all=\"false\" n=5000000 name=\"127.0.0.1\"":{"mean":5204418.2836706005,"sqsum":1603795157382.2712,"variance":55303281289.04384,"size":30},"all=\"true\" n=5000000 name=\"::1\"":{"mean":2797599.5109901014,"sqsum":72939050677.7357,"variance":2515139678.54261,"size":30},"all=\"false\" n=5000000 name=\"::1\"":{"mean":3060845.443178826,"sqsum":87411728770.38231,"variance":3014197543.8062863,"size":30}}}