{"basename-posix":{"n=100000 pathext=\"\"":{"mean":7616669.507689284,"sqsum":1568757637354.134,"variance":54095090943.246,"size":30},"n=100000 pathext=\"/\"":{"mean":6642647.360477112,"sqsum":362903945408.53235,"variance":12513929152.018358,"size":30},"n=100000 pathext=\"/foo\"":{"mean":5986826.587069241,"sqsum":387528818356.9662,"variance":13363062701.964352,"size":30},"n=100000 pathext=\"/foo/.bar.baz\"":{"mean":4234487.372894426,"sqsum":102969152714.05287,"variance":3550660438.4156165,"size":30},"n=100000 pathext=\"/foo/.bar.baz|.baz\"":{"mean":3054994.114088388,"sqsum":139220568289.532,"variance":4800709251.363173,"size":30},"n=100000 pathext=\"foo\"":{"mean":6238561.230448267,"sqsum":489225297071.3313,"variance":16869837830.045908,"size":30},"n=100000 pathext=\"foo/bar.\"":{"mean":5120775.356715382,"sqsum":297224990470.7649,"variance":10249137602.440168,"size":30},"n=100000 pathext=\"foo/bar.|.\"":{"mean":3521924.9183249446,"sqsum":515697399443.7128,"variance":17782668946.334923,"size":30},"n=100000 pathext=\"/foo/bar/baz/asdf/quux.html\"":{"mean":4073348.9853213727,"sqsum":402165581677.98096,"variance":13867778678.551067,"size":30},"n=100000 pathext=\"/foo/bar/baz/asdf/quux.html|.html\"":{"mean":2977026.658257346,"sqsum":327520902608.733,"variance":11293824227.887344,"size":30}},"basename-win32":{"n=100000 pathext=\"\"":{"mean":7102950.667922973,"sqsum":147975045468.59534,"variance":5102587774.77915,"size":30},"n=100000 pathext=\"C:\\\\\"":{"mean":5183874.689729026,"sqsum":829604236837.9521,"variance":28607042649.584557,"size":30},"n=100000 pathext=\"C:\\\\foo\"":{"mean":4819207.709839667,"sqsum":424823222647.14465,"variance":14649076643.004988,"size":30},"n=100000 pathext=\"D:\\\\foo\\\\.bar.baz\"":{"mean":3547996.6311960137,"sqsum":78841096043.6426,"variance":2718658484.263538,"size":30},"n=100000 pathext=\"E:\\\\foo\\\\.bar.baz|.baz\"":{"mean":2949178.2405287353,"sqsum":194357526133.199,"variance":6701983659.765483,"size":30},"n=100000 pathext=\"foo\"":{"mean":5180330.9792737,"sqsum":652563475558.5112,"variance":22502188812.362457,"size":30},"n=100000 pathext=\"foo\\\\bar.\"":{"mean":4151149.4212988173,"sqsum":197174270715.07358,"variance":6799112783.278399,"size":30},"n=100000 pathext=\"foo\\\\bar.|.\"":{"mean":3444398.9060850404,"sqsum":191765692530.64874,"variance":6612610087.263749,"size":30},"n=100000 pathext=\"\\\\foo\\\\bar\\\\baz\\\\asdf\\\\quux.html\"":{"mean":3628999.379457928,"sqsum":77018031972.57721,"variance":2655794205.950938,"size":30},"n=100000 pathext=\"\\\\foo\\\\bar\\\\baz\\\\asdf\\\\quux.html|.html\"":{"mean":2976253.0679379543,"sqsum":149367877969.3331,"variance":5150616481.701141,"size":30}},"dirname-posix":{"n=100000 path=\"\"":{"mean":7572275.678918987,"sqsum":134050003603.47612,"variance":4622413917.361246,"size":30},"n=100000 path=\"/\"":{"mean":6554587.55173648,"sqsum":761317806844.612,"variance":26252338167.055588,"size":30},"n=100000 path=\"/foo\"":{"mean":6036890.160824049,"sqsum":443375002387.0395,"variance":15288793185.759981,"size":30},"n=100000 path=\"/foo/bar\"":{"mean":4992786.684118388,"sqsum":275125008477.0597,"variance":9487069257.829645,"size":30},"n=100000 path=\"foo\"":{"mean":6255183.411015429,"sqsum":168606319880.53018,"variance":5814011030.36311,"size":30},"n=100000 path=\"foo/bar\"":{"mean":5704483.027275056,"sqsum":276400256695.6277,"variance":9531043334.33199,"size":30},"n=100000 path=\"/foo/bar/baz/asdf/quux\"":{"mean":4493338.812031092,"sqsum":150028940476.96878,"variance":5173411740.585131,"size":30}},"dirname-win32":{"n=100000 path=\"\"":{"mean":7684393.573285607,"sqsum":294561388525.7748,"variance":10157289259.509476,"size":30},"n=100000 path=\"\\\\\"":{"mean":6353327.138733173,"sqsum":749028103529.7083,"variance":25828555294.127872,"size":30},"n=100000 path=\"\\\\foo\"":{"mean":5614788.964703391,"sqsum":414715186437.9427,"variance":14300523670.273886,"size":30},"n=100000 path=\"C:\\\\foo\\\\bar\"":{"mean":4194531.731192869,"sqsum":362374963814.9346,"variance":12495688407.411537,"size":30},"n=100000 path=\"foo\"":{"mean":5782717.934559921,"sqsum":236547674378.42847,"variance":8156816357.876844,"size":30},"n=100000 path=\"foo\\\\bar\"":{"mean":4998730.715825462,"sqsum":200732998269.4011,"variance":6921827526.531073,"size":30},"n=100000 path=\"D:\\\\foo\\\\bar\\\\baz\\\\asdf\\\\quux\"":{"mean":3944168.146475038,"sqsum":169643033264.7297,"variance":5849759767.7493,"size":30}},"extname-posix":{"n=100000 path=\"\"":{"mean":8688035.752111865,"sqsum":433509933774.48236,"variance":14948618406.016632,"size":30},"n=100000 path=\"/\"":{"mean":7339848.021333809,"sqsum":619082579811.0492,"variance":21347675165.89825,"size":30},"n=100000 path=\"/foo\"":{"mean":6568784.2618745,"sqsum":790666836021.5204,"variance":27264373655.914497,"size":30},"n=100000 path=\"foo/.bar.baz\"":{"mean":4013885.3830039036,"sqsum":37501457438.531906,"variance":1293153704.7769623,"size":30},"n=100000 path=\"index.html\"":{"mean":3734231.0796676595,"sqsum":115770937572.71846,"variance":3992101295.6109815,"size":30},"n=100000 path=\"index\"":{"mean":6289283.422810194,"sqsum":355952506998.80457,"variance":12274224379.269123,"size":30},"n=100000 path=\"foo/bar/..baz.quux\"":{"mean":3365084.552555504,"sqsum":101724116403.8042,"variance":3507728151.8553176,"size":30},"n=100000 path=\"foo/bar/...baz.quux\"":{"mean":3121242.905470979,"sqsum":88654734370.83893,"variance":3057059805.8909974,"size":30},"n=100000 path=\"/foo/bar/baz/asdf/quux\"":{"mean":5183425.304320024,"sqsum":241814357720.50443,"variance":8338426128.293257,"size":30},"n=100000 path=\"/foo/bar/baz/asdf/quux.foobarbazasdfquux\"":{"mean":2838997.8320171284,"sqsum":25454672368.186382,"variance":877747323.0409098,"size":30}},"extname-win32":{"n=100000 path=\"\"":{"mean":7629680.489603449,"sqsum":160116678219.80185,"variance":5521264766.200064,"size":30},"n=100000 path=\"\\\\\"":{"mean":6341148.254116514,"sqsum":221950484022.60245,"variance":7653464966.296637,"size":30},"n=100000 path=\"C:\\\\foo\"":{"mean":5277258.404498448,"sqsum":240162374662.10806,"variance":8281461195.245106,"size":30},"n=100000 path=\"foo\\\\.bar.baz\"":{"mean":3346178.7179064415,"sqsum":81240215250.47444,"variance":2801386732.7749805,"size":30},"n=100000 path=\"index.html\"":{"mean":3530731.3570960085,"sqsum":51830051336.94629,"variance":1787243149.549872,"size":30},"n=100000 path=\"index\"":{"mean":5487035.125391035,"sqsum":311315818286.31,"variance":10735028216.76931,"size":30},"n=100000 path=\"foo\\\\bar\\\\..baz.quux\"":{"mean":3079071.2455128315,"sqsum":68424305033.595345,"variance":2359458794.2619085,"size":30},"n=100000 path=\"foo\\\\bar\\\\...baz.quux\"":{"mean":2932575.433223148,"sqsum":36710370828.11318,"variance":1265874856.1418338,"size":30},"n=100000 path=\"D:\\\\foo\\\\bar\\\\baz\\\\asdf\\\\quux\"":{"mean":4131661.0444758353,"sqsum":125194089540.5337,"variance":4317037570.363231,"size":30},"n=100000 path=\"\\\\foo\\\\bar\\\\baz\\\\asdf\\\\quux.foobarbazasdfquux\"":{"mean":2672840.096364393,"sqsum":28453342086.966614,"variance":981149727.1367798,"size":30}},"format-posix":{"n=1000000 props=\"/|/home/user/dir|index.html|.html|index\"":{"mean":3972191.7066970975,"sqsum":241958256597.70334,"variance":8343388158.541494,"size":30}},"format-win32":{"n=1000000 props=\"C:\\\\|C:\\\\path\\\\dir|index.html|.html|index\"":{"mean":3753397.7169731595,"sqsum":573928880373.2832,"variance":19790651047.354595,"size":30}},"isAbsolute-posix":{"n=100000 path=\"\"":{"mean":11220123.178265752,"sqsum":288154071365.646,"variance":9936347288.47055,"size":30},"n=100000 path=\".\"":{"mean":9528349.202048322,"sqsum":1275632946556.841,"variance":43987342984.71865,"size":30},"n=100000 path=\"/foo/bar\"":{"mean":7858295.3413367085,"sqsum":675668348357.2861,"variance":23298908564.04435,"size":30},"n=100000 path=\"/baz/..\"":{"mean":9383933.071079157,"sqsum":1032015836631.5833,"variance":35586752987.295975,"size":30},"n=100000 path=\"bar/baz\"":{"mean":9340494.363221027,"sqsum":989090984907.98,