{"module-loader-circular":{"n=10000":{"mean":3342.3785082555028,"sqsum":35026.36560524214,"variance":1207.8057105255912,"size":30}},"module-loader-deep":{"cache=\"true\" ext=\"\" files=1000":{"mean":399937.53696220805,"sqsum":7117585629.965679,"variance":245433987.24019584,"size":30},"cache=\"false\" ext=\"\" files=1000":{"mean":2963.660005605301,"sqsum":20818.62604248416,"variance":717.8836566373849,"size":30},"cache=\"true\" ext=\".js\" files=1000":{"mean":400600.03207036137,"sqsum":5205596665.925262,"variance":179503333.30776766,"size":30},"cache=\"false\" ext=\".js\" files=1000":{"mean":3009.2980354158963,"sqsum":23132.62965592221,"variance":797.6768846869727,"size":30}},"module-loader":{"cache=\"true\" dir=\"rel\" files=500 n=1 name=\"\"":{"mean":11341.697934227172,"sqsum":378768.34770422295,"variance":13060.977507042171,"size":30},"cache=\"false\" dir=\"rel\" files=500 n=1 name=\"\"":{"mean":2501.7131477287016,"sqsum":30888.473012932413,"variance":1065.119759066635,"size":30},"cache=\"true\" dir=\"rel\" files=500 n=1000 name=\"\"":{"mean":1320136.8163543378,"sqsum":38687651116.698235,"variance":1334056935.05856,"size":30},"cache=\"false\" dir=\"rel\" files=500 n=1000 name=\"\"":{"mean":933316.3193166155,"sqsum":3773996207.947312,"variance":130137800.27404524,"size":30},"cache=\"true\" dir=\"abs\" files=500 n=1 name=\"\"":{"mean":11180.29042801613,"sqsum":486839.8423684038,"variance":16787.58077132427,"size":30},"cache=\"false\" dir=\"abs\" files=500 n=1 name=\"\"":{"mean":2534.1634468475827,"sqsum":23093.95431250744,"variance":796.343252155429,"size":30},"cache=\"true\" dir=\"abs\" files=500 n=1000 name=\"\"":{"mean":1314658.7654992156,"sqsum":2199144314.3183465,"variance":75832562.5627016,"size":30},"cache=\"false\" dir=\"abs\" files=500 n=1000 name=\"\"":{"mean":935036.5236984338,"sqsum":3002685224.708722,"variance":103540869.81754214,"size":30},"cache=\"true\" dir=\"rel\" files=500 n=1 name=\"/\"":{"mean":11285.17692110868,"sqsum":410078.93049244804,"variance":14140.652775601657,"size":30},"cache=\"false\" dir=\"rel\" files=500 n=1 name=\"/\"":{"mean":2598.791697056868,"sqsum":25462.77134255463,"variance":878.0265980191252,"size":30},"cache=\"true\" dir=\"rel\" files=500 n=1000 name=\"/\"":{"mean":1253585.4799371322,"sqsum":35938263905.95268,"variance":1239250479.5156097,"size":30},"cache=\"false\" dir=\"rel\" files=500 n=1000 name=\"/\"":{"mean":907016.7241414604,"sqsum":2843479194.579907,"variance":98051006.70965196,"size":30},"cache=\"true\" dir=\"abs\" files=500 n=1 name=\"/\"":{"mean":11155.51085200517,"sqsum":864156.8985994457,"variance":29798.51374480847,"size":30},"cache=\"false\" dir=\"abs\" files=500 n=1 name=\"/\"":{"mean":2649.8050011957553,"sqsum":16485.969052638055,"variance":568.4816914702777,"size":30},"cache=\"true\" dir=\"abs\" files=500 n=1000 name=\"/\"":{"mean":1237409.5429361276,"sqsum":4443256997.097355,"variance":153215758.52059844,"size":30},"cache=\"false\" dir=\"abs\" files=500 n=1000 name=\"/\"":{"mean":905332.1130354644,"sqsum":1291118331.2195802,"variance":44521321.76619242,"size":30},"cache=\"true\" dir=\"rel\" files=500 n=1 name=\"/index.js\"":{"mean":11098.979732320715,"sqsum":338808.0054503079,"variance":11683.034670700272,"size":30},"cache=\"false\" dir=\"rel\" files=500 n=1 name=\"/index.js\"":{"mean":2688.08899113472,"sqsum":17471.03033622384,"variance":602.4493219387532,"size":30},"cache=\"true\" dir=\"rel\" files=500 n=1000 name=\"/index.js\"":{"mean":1252493.2026774618,"sqsum":21165900146.17523,"variance":729858625.7301804,"size":30},"cache=\"false\" dir=\"rel\" files=500 n=1000 name=\"/index.js\"":{"mean":923796.2358981876,"sqsum":2016115840.4377913,"variance":69521235.87716521,"size":30},"cache=\"true\" dir=\"abs\" files=500 n=1 name=\"/index.js\"":{"mean":11237.615612987558,"sqsum":574439.0966973512,"variance":19808.244713701766,"size":30},"cache=\"false\" dir=\"abs\" files=500 n=1 name=\"/index.js\"":{"mean":2752.8014266181813,"sqsum":38916.41161000884,"variance":1341.9452279313396,"size":30},"cache=\"true\" dir=\"abs\" files=500 n=1000 name=\"/index.js\"":{"mean":1247955.977103118,"sqsum":45939852950.64022,"variance":1584132860.3669043,"size":30},"cache=\"false\" dir=\"abs\" files=500 n=1000 name=\"/index.js\"":{"mean":925213.0331223237,"sqsum":1809552511.657636,"variance":62398362.470952965,"size":30}}}