{"lookup-promises":{"all=\"true\" n=5000000 name=\"127.0.0.1\"":{"mean":15926927735.250322,"sqsum":11481411799475675000,"variance":395910751706057800,"size":30},"all=\"false\" n=5000000 name=\"127.0.0.1\"":{"mean":16566544543.518175,"sqsum":1355459241793287200,"variance":46739973854940940,"size":30},"all=\"true\" n=5000000 name=\"::1\"":{"mean":4643231961.395571,"sqsum":173725287418488930,"variance":5990527152361687,"size":30},"all=\"false\" n=5000000 name=\"::1\"":{"mean":4713851996.622212,"sqsum":155339713060632160,"variance":5356541829676971,"size":30}},"lookup":{"all=\"true\" n=5000000 name=\"127.0.0.1\"":{"mean":6197365.6076617185,"sqsum":557960359773.1792,"variance":19240012405.971695,"size":30},"all=\"false\" n=5000000 name=\"127.0.0.1\"":{"mean":6724333.351352757,"sqsum":55606468310.23721,"variance":1917464424.4909384,"size":30},"all=\"true\" n=5000000 name=\"::1\"":{"mean":3715372.0419564047,"sqsum":13079733266.876804,"variance":451025285.0647174,"size":30},"all=\"false\" n=5000000 name=\"::1\"":{"mean":3891939.1106077097,"sqsum":20814544060.294994,"variance":717742898.6308619,"size":30}}}