{"bench-env":{"n=1000000 operation=\"get\"":{"mean":4148514.9078806806,"sqsum":399302793706.63995,"variance":13769061851.953102,"size":30},"n=1000000 operation=\"set\"":{"mean":3265195.481219092,"sqsum":126902169199.87611,"variance":4375936868.961246,"size":30},"n=1000000 operation=\"enumerate\"":{"mean":31095.967998132124,"sqsum":16141889.297281068,"variance":556616.8723200369,"size":30},"n=1000000 operation=\"query\"":{"mean":4790664.261998347,"sqsum":200632155278.87677,"variance":6918350182.030233,"size":30},"n=1000000 operation=\"delete\"":{"mean":3914331.5213075615,"sqsum":273873916966.94217,"variance":9443928171.273867,"size":30}},"bench-hrtime":{"n=1000000 type=\"raw\"":{"mean":22784572.036881525,"sqsum":16435289093055.125,"variance":566734106657.0732,"size":30},"n=1000000 type=\"diff\"":{"mean":20173171.53910478,"sqsum":5792474295306.962,"variance":199740492941.61935,"size":30},"n=1000000 type=\"bigint\"":{"mean":21839065.331054654,"sqsum":4064703218477.8413,"variance":140162179947.51178,"size":30}},"coverage":{"n=100000":{"mean":488151.2374394743,"sqsum":1324561977.3177335,"variance":45674550.941990815,"size":30}},"memoryUsage":{"n=100000":{"mean":192486.28068839197,"sqsum":190484110.09671903,"variance":6568417.589542036,"size":30}},"next-tick-breadth-args":{"n=10000000":{"mean":2567182.658247418,"sqsum":35665281569.61251,"variance":1229837295.5038798,"size":30}},"next-tick-breadth":{"n=10000000":{"mean":5226656.834639757,"sqsum":106737657378.46552,"variance":3680608875.1195006,"size":30}},"next-tick-depth-args":{"n=7000000":{"mean":10073441.308355408,"sqsum":563499159497.7498,"variance":19431005499.922405,"size":30}},"next-tick-depth":{"n=7000000":{"mean":11804002.491331253,"sqsum":2535817165426.3096,"variance":87441971221.59688,"size":30}},"next-tick-exec-args":{"n=4000000":{"mean":32086939.8351312,"sqsum":39176647232507.055,"variance":1350918870086.4502,"size":30}},"next-tick-exec":{"n=4000000":{"mean":34741933.08880928,"sqsum":183579640272.90396,"variance":6330332423.203585,"size":30}},"queue-microtask-breadth":{"n=400000":{"mean":3059205.511549965,"sqsum":23508189195.04291,"variance":810627213.6221694,"size":30}},"queue-microtask-depth":{"n=1200000":{"mean":6395273.035361609,"sqsum":1473156457269.9062,"variance":50798498526.54849,"size":30}},"resourceUsage":{"n=100000":{"mean":1246414.0019249741,"sqsum":1909285867.9631407,"variance":65837443.72286692,"size":30}}}