{"cpus":{"n=30000":{"mean":7347.276853530783,"sqsum":13172.876518916715,"variance":454.2371213419557,"size":30}},"loadavg":{"n=5000000":{"mean":280734.84792904806,"sqsum":249765479.73714766,"variance":8612602.749556815,"size":30}},"networkInterfaces":{"n=10000":{"mean":7591.319657932975,"sqsum":11332.39958333349,"variance":390.77239942529275,"size":30}}}