{"basename-posix":{"n=100000 pathext=\"\"":{"mean":11038436.743582554,"sqsum":266630013076.40445,"variance":9194138381.94498,"size":30},"n=100000 pathext=\"/\"":{"mean":9889251.913247133,"sqsum":180866784716.66736,"variance":6236785679.885081,"size":30},"n=100000 pathext=\"/foo\"":{"mean":8629683.820075903,"sqsum":103596160937.13531,"variance":3572281411.6253557,"size":30},"n=100000 pathext=\"/foo/.bar.baz\"":{"mean":6019793.18838681,"sqsum":33183595922.53402,"variance":1144261928.363242,"size":30},"n=100000 pathext=\"/foo/.bar.baz|.baz\"":{"mean":4453474.264772933,"sqsum":15423463143.202074,"variance":531843556.6621405,"size":30},"n=100000 pathext=\"foo\"":{"mean":9147152.687780343,"sqsum":145226821187.0081,"variance":5007821420.241658,"size":30},"n=100000 pathext=\"foo/bar.\"":{"mean":7021306.418383134,"sqsum":71336723022.78084,"variance":2459887000.785546,"size":30},"n=100000 pathext=\"foo/bar.|.\"":{"mean":5127223.449747583,"sqsum":17976986334.310028,"variance":619896080.4934492,"size":30},"n=100000 pathext=\"/foo/bar/baz/asdf/quux.html\"":{"mean":5891306.757397401,"sqsum":43673871221.380554,"variance":1505995559.3579502,"size":30},"n=100000 pathext=\"/foo/bar/baz/asdf/quux.html|.html\"":{"mean":4255863.459240073,"sqsum":10621748732.883757,"variance":366267197.6856468,"size":30}},"basename-win32":{"n=100000 pathext=\"\"":{"mean":10270672.099781321,"sqsum":104244791512.2396,"variance":3594647983.1806755,"size":30},"n=100000 pathext=\"C:\\\\\"":{"mean":7789299.298248943,"sqsum":147136541457.16165,"variance":5073673843.350402,"size":30},"n=100000 pathext=\"C:\\\\foo\"":{"mean":7029826.468884688,"sqsum":55392672321.9013,"variance":1910092149.0310793,"size":30},"n=100000 pathext=\"D:\\\\foo\\\\.bar.baz\"":{"mean":5011889.921262983,"sqsum":71554157816.36389,"variance":2467384752.28841,"size":30},"n=100000 pathext=\"E:\\\\foo\\\\.bar.baz|.baz\"":{"mean":4064179.8980280356,"sqsum":13528139935.287407,"variance":466487583.9754278,"size":30},"n=100000 pathext=\"foo\"":{"mean":7885512.593548647,"sqsum":155321527240.43143,"variance":5355914732.42867,"size":30},"n=100000 pathext=\"foo\\\\bar.\"":{"mean":5742516.450529984,"sqsum":33290411927.910408,"variance":1147945238.8934624,"size":30},"n=100000 pathext=\"foo\\\\bar.|.\"":{"mean":4922031.6458208505,"sqsum":37263685259.32067,"variance":1284954664.114506,"size":30},"n=100000 pathext=\"\\\\foo\\\\bar\\\\baz\\\\asdf\\\\quux.html\"":{"mean":5354029.926810057,"sqsum":17143783197.814419,"variance":591164937.8556696,"size":30},"n=100000 pathext=\"\\\\foo\\\\bar\\\\baz\\\\asdf\\\\quux.html|.html\"":{"mean":4214569.619290461,"sqsum":10097637967.437824,"variance":348194412.6702698,"size":30}},"dirname-posix":{"n=100000 path=\"\"":{"mean":11512770.990312243,"sqsum":340494006227.24884,"variance":11741172628.525824,"size":30},"n=100000 path=\"/\"":{"mean":9683461.81520115,"sqsum":187661287523.51138,"variance":6471078880.121082,"size":30},"n=100000 path=\"/foo\"":{"mean":8323553.076930635,"sqsum":197738445903.33762,"variance":6818567100.11509,"size":30},"n=100000 path=\"/foo/bar\"":{"mean":6777342.620160727,"sqsum":65037808947.550064,"variance":2242683067.1568985,"size":30},"n=100000 path=\"foo\"":{"mean":9025750.546365153,"sqsum":156001213721.30798,"variance":5379352197.286482,"size":30},"n=100000 path=\"foo/bar\"":{"mean":8121528.539775591,"sqsum":198453139860.35336,"variance":6843211719.32253,"size":30},"n=100000 path=\"/foo/bar/baz/asdf/quux\"":{"mean":6305888.14919769,"sqsum":27136726790.677467,"variance":935749199.6785333,"size":30}},"dirname-win32":{"n=100000 path=\"\"":{"mean":10040811.265380131,"sqsum":159216349555.04883,"variance":5490218950.174097,"size":30},"n=100000 path=\"\\\\\"":{"mean":8415348.22645019,"sqsum":79026059211.80804,"variance":2725036524.545105,"size":30},"n=100000 path=\"\\\\foo\"":{"mean":7414131.248024718,"sqsum":1397560561194.75,"variance":48191743489.47414,"size":30},"n=100000 path=\"C:\\\\foo\\\\bar\"":{"mean":5541853.331644427,"sqsum":185894701660.66083,"variance":6410162126.229684,"size":30},"n=100000 path=\"foo\"":{"mean":7586734.003110641,"sqsum":80528195862.42046,"variance":2776834340.083464,"size":30},"n=100000 path=\"foo\\\\bar\"":{"mean":6887571.148397154,"sqsum":70478651127.24661,"variance":2430298314.7326417,"size":30},"n=100000 path=\"D:\\\\foo\\\\bar\\\\baz\\\\asdf\\\\quux\"":{"mean":5224904.749104604,"sqsum":27684847550.861057,"variance":954649915.5469329,"size":30}},"extname-posix":{"n=100000 path=\"\"":{"mean":12599604.26992155,"sqsum":657336123557.5933,"variance":22666762881.29632,"size":30},"n=100000 path=\"/\"":{"mean":10881722.859825533,"sqsum":213604609034.1722,"variance":7365676173.592145,"size":30},"n=100000 path=\"/foo\"":{"mean":9250338.383183904,"sqsum":147777471727.4478,"variance":5095774887.153373,"size":30},"n=100000 path=\"foo/.bar.baz\"":{"mean":5616379.498132243,"sqsum":33352198139.823036,"variance":1150075797.9249322,"size":30},"n=100000 path=\"index.html\"":{"mean":5835163.248545998,"sqsum":29426732950.035374,"variance":1014714929.3115646,"size":30},"n=100000 path=\"index\"":{"mean":8947884.67163512,"sqsum":330759221219.1563,"variance":11405490386.867458,"size":30},"n=100000 path=\"foo/bar/..baz.quux\"":{"mean":5059934.964147697,"sqsum":27165964621.075645,"variance":936757400.7267464,"size":30},"n=100000 path=\"foo/bar/...baz.quux\"":{"mean":4835666.044631883,"sqsum":24762469582.247356,"variance":853878261.4568055,"size":30},"n=100000 path=\"/foo/bar/baz/asdf/quux\"":{"mean":7012696.79771833,"sqsum":50423842337.177734,"variance":1738753184.0406115,"size":30},"n=100000 path=\"/foo/bar/baz/asdf/quux.foobarbazasdfquux\"":{"mean":3805568.910841772,"sqsum":12479768000.718914,"variance":430336827.6109971,"size":30}},"extname-win32":{"n=100000 path=\"\"":{"mean":11097326.151146177,"sqsum":337826667830.5005,"variance":11649195442.431051,"size":30},"n=100000 path=\"\\\\\"":{"mean":9612493.741270697,"sqsum":150366198177.8107,"variance":5185041316.476232,"size":30},"n=100000 path=\"C:\\\\foo\"":{"mean":7476096.158723112,"sqsum":50920283110.5736,"variance":1755871831.3990896,"size":30},"n=100000 path=\"foo\\\\.bar.baz\"":{"mean":5181027.886729323,"sqsum":20738075709.395435,"variance":715106058.9446702,"size":30},"n=100000 path=\"index.html\"":{"mean":5471315.5383012695,"sqsum":16063391796.053064,"variance":553910061.9328643,"size":30},"n=100000 path=\"index\"":{"mean":7953272.935734584,"sqsum":114384740741.73634,"variance":3944301404.8874598,"size":30},"n=100000 path=\"foo\\\\bar\\\\..baz.quux\"":{"mean":4623086.885592246,"sqsum":28157930063.52928,"variance":970963105.6389408,"size":30},"n=100000 path=\"foo\\\\bar\\\\...baz.quux\"":{"mean":4531476.414840746,"sqsum":61268814349.8027,"variance":2112717736.200093,"size":30},"n=100000 path=\"D:\\\\foo\\\\bar\\\\baz\\\\asdf\\\\quux\"":{"mean":5938351.677005761,"sqsum":23409692816.359745,"variance":807230786.7710257,"size":30},"n=100000 path=\"\\\\foo\\\\bar\\\\baz\\\\asdf\\\\quux.foobarbazasdfquux\"":{"mean":3646353.716998779,"sqsum":21780700038.27478,"variance":751058622.0094751,"size":30}},"format-posix":{"n=1000000 props=\"/|/home/user/dir|index.html|.html|index\"":{"mean":6679067.27519996,"sqsum":17738522100.260582,"variance":611673175.8710545,"size":30}},"format-win32":{"n=1000000 props=\"C:\\\\|C:\\\\path\\\\dir|index.html|.html|index\"":{"mean":6299623.491308534,"sqsum":12165853798.287657,"variance":419512199.94095373,"size":30}},"isAbsolute-posix":{"n=100000 path=\"\"":{"mean":16276648.337624654,"sqsum":1281526246652.5667,"variance":44190560229.39885,"size":30},"n=100000 path=\".\"":{"mean":13988355.823018018,"sqsum":484210076736.4957,"variance":16696899197.810198,"size":30},"n=100000 path=\"/foo/bar\"":{"mean":10145556.85543075,"sqsum":167128253579.1295,"variance":5763043226.866533,"size":30},"n=100000 path=\"/baz/..\"":{"mean":12666187.071279977,"sqsum":966412834416.7456,"variance":33324580497.129158,"size":30},"n=100000 path=\"bar/baz\"":{"mean":12688925.374865148,"sqsum":569767873575.1888,