{"defaultparams-bench":{"method=\"withoutdefaults\" n=100000000":{"mean":554733207.704007,"sqsum":119964970710295.53,"variance":4136723127941.225,"size":30},"method=\"withdefaults\" n=100000000":{"mean":555816961.9141953,"sqsum":161801754535600.84,"variance":5579370846055.201,"size":30}},"destructuring-bench":{"method=\"swap\" n=100000000":{"mean":373726386.9837927,"sqsum":38966759008350.33,"variance":1343681345115.5286,"size":30},"method=\"destructure\" n=100000000":{"mean":280964442.0207061,"sqsum":10187098401348.412,"variance":351279255218.9107,"size":30}},"destructuring-object-bench":{"method=\"normal\" n=100000000":{"mean":1105960639.133807,"sqsum":1551270421420427.8,"variance":53492083497256.13,"size":30},"method=\"destructureObject\" n=100000000":{"mean":1105398309.912489,"sqsum":1407808053434674.2,"variance":48545105290850.836,"size":30}},"foreach-bench":{"count=5 method=\"for\" n=5000000":{"mean":126299051.92647691,"sqsum":22304415925030.613,"variance":769117790518.297,"size":30},"count=10 method=\"for\" n=5000000":{"mean":81090774.46190257,"sqsum":17567076823620.096,"variance":605761269780.0033,"size":30},"count=20 method=\"for\" n=5000000":{"mean":47424468.1329393,"sqsum":1810085445807.6306,"variance":62416739510.607956,"size":30},"count=100 method=\"for\" n=5000000":{"mean":10385255.867526159,"sqsum":5862935645.112185,"variance":202170194.65904084,"size":30},"count=5 method=\"for-of\" n=5000000":{"mean":87385068.75738673,"sqsum":20103786851447.605,"variance":693234029360.2622,"size":30},"count=10 method=\"for-of\" n=5000000":{"mean":53304044.67090725,"sqsum":4101114883693.897,"variance":141417754610.1344,"size":30},"count=20 method=\"for-of\" n=5000000":{"mean":32976448.32798286,"sqsum":575732542623.205,"variance":19852846297.351894,"size":30},"count=100 method=\"for-of\" n=5000000":{"mean":9901521.287960682,"sqsum":8672237900.782106,"variance":299042686.23386574,"size":30},"count=5 method=\"for-in\" n=5000000":{"mean":2282779.247331062,"sqsum":85965152011.24997,"variance":2964315586.594826,"size":30},"count=10 method=\"for-in\" n=5000000":{"mean":1482361.0210299862,"sqsum":15223324053.694895,"variance":524942208.74809986,"size":30},"count=20 method=\"for-in\" n=5000000":{"mean":884068.9427199463,"sqsum":3422636291.543808,"variance":118021941.08771752,"size":30},"count=100 method=\"for-in\" n=5000000":{"mean":210862.2212141706,"sqsum":207255667.54811582,"variance":7146747.156831579,"size":30},"count=5 method=\"forEach\" n=5000000":{"mean":103422934.1100816,"sqsum":27474456685177.52,"variance":947395058109.5696,"size":30},"count=10 method=\"forEach\" n=5000000":{"mean":66756354.07603583,"sqsum":18708316784443.28,"variance":645114371877.3545,"size":30},"count=20 method=\"forEach\" n=5000000":{"mean":47305351.025092475,"sqsum":21222310421837.93,"variance":731803807649.5837,"size":30},"count=100 method=\"forEach\" n=5000000":{"mean":13708792.517703537,"sqsum":51454639639.87819,"variance":1774297918.6164892,"size":30}},"map-bench":{"method=\"object\" n=1000000":{"mean":295909.51100278925,"sqsum":263294155.5341784,"variance":9079108.811523395,"size":30},"method=\"nullProtoObject\" n=1000000":{"mean":305019.82212634897,"sqsum":437811988.5643115,"variance":15096965.122907294,"size":30},"method=\"nullProtoLiteralObject\" n=1000000":{"mean":303418.6587081821,"sqsum":416950592.95585936,"variance":14377606.653650323,"size":30},"method=\"storageObject\" n=1000000":{"mean":301217.4401096239,"sqsum":362717012.1615302,"variance":12507483.1779838,"size":30},"method=\"fakeMap\" n=1000000":{"mean":270835.731107736,"sqsum":270967364.67405605,"variance":9343702.230139865,"size":30},"method=\"map\" n=1000000":{"mean":668751.0423637137,"sqsum":978679792.3282418,"variance":33747579.045801446,"size":30}},"restparams-bench":{"method=\"copy\" n=100000000":{"mean":31692345.09532453,"sqsum":18434054844137.75,"variance":635657063590.9569,"size":30},"method=\"rest\" n=100000000":{"mean":141824470.0528031,"sqsum":685254953178.8331,"variance":23629481144.097694,"size":30},"method=\"arguments\" n=100000000":{"mean":141879606.00566733,"sqsum":993374877594.2601,"variance":34254306123.940002,"size":30}},"spread-assign":{"count=5 method=\"spread\" n=1000000":{"mean":24164165.881623823,"sqsum":13342677316261.084,"variance":460092321250.3822,"size":30},"count=10 method=\"spread\" n=1000000":{"mean":20022774.57995938,"sqsum":5811889474507.106,"variance":200409981879.5554,"size":30},"count=20 method=\"spread\" n=1000000":{"mean":116003.45441984483,"sqsum":176560752.35802555,"variance":6088301.805449157,"size":30},"count=5 method=\"assign\" n=1000000":{"mean":5724441.1329495525,"sqsum":405888174487.5049,"variance":13996143947.844997,"size":30},"count=10 method=\"assign\" n=1000000":{"mean":2774539.753365946,"sqsum":234610756347.5753,"variance":8090026080.950871,"size":30},"count=20 method=\"assign\" n=1000000":{"mean":90058.01021809112,"sqsum":97178788.42087792,"variance":3350992.704168204,"size":30},"count=5 method=\"_extend\" n=1000000":{"mean":3413601.331912457,"sqsum":79512049705.5206,"variance":2741794817.4317446,"size":30},"count=10 method=\"_extend\" n=1000000":{"mean":1593443.087843002,"sqsum":144632595007.53598,"variance":4987330862.328827,"size":30},"count=20 method=\"_extend\" n=1000000":{"mean":265958.009920958,"sqsum":1127227850.9274626,"variance":38869925.89405043,"size":30}},"spread-bench":{"context=\"context\" count=5 method=\"apply\" n=5000000 rest=0":{"mean":31981507.22736233,"sqsum":567007982483.5804,"variance":19551999395.98553,"size":30},"context=\"context\" count=5 method=\"apply\" n=5000000 rest=1":{"mean":31725929.502091132,"sqsum":25150350669590.117,"variance":867253471365.1765,"size":30},"context=\"null\" count=5 method=\"apply\" n=5000000 rest=0":{"mean":31993101.939293023,"sqsum":629174486866.0775,"variance":21695671960.899227,"size":30},"context=\"null\" count=5 method=\"apply\" n=5000000 rest=1":{"mean":31827560.084947817,"sqsum":14364644278837.059,"variance":495332561339.2089,"size":30},"context=\"context\" count=10 method=\"apply\" n=5000000 rest=0":{"mean":25941317.84663701,"sqsum":232573462555.71353,"variance":8019774570.886674,"size":30},"context=\"context\" count=10 method=\"apply\" n=5000000 rest=1":{"mean":25978444.00711894,"sqsum":160591583035.6056,"variance":5537640794.331227,"size":30},"context=\"null\" count=10 method=\"apply\" n=5000000 rest=0":{"mean":25773228.785578948,"sqsum":11577780524032.957,"variance":399233811173.55023,"size":30},"context=\"null\" count=10 method=\"apply\" n=5000000 rest=1":{"mean":25855674.40838137,"sqsum":6101013317228.972,"variance":210379769559.61972,"size":30},"context=\"context\" count=20 method=\"apply\" n=5000000 rest=0":{"mean":18707253.33421576,"sqsum":4299413691160.878,"variance":148255644522.78888,"size":30},"context=\"context\" count=20 method=\"apply\" n=5000000 rest=1":{"mean":18829490.58943038,"sqsum":75385256969.50418,"variance":2599491619.6380754,"size":30},"context=\"null\" count=20 method=\"apply\" n=5000000 rest=0":{"mean":18776904.670917623,"sqsum":1454987954717.802,"variance":50171998438.5449,"size":30},"context=\"null\" count=20 method=\"apply\" n=5000000 rest=1":{"mean":18733019.562134214,"sqsum":2439248855964.173,"variance":84112029516.00597,"size":30},"context=\"context\" count=5 method=\"spread\" n=5000000 rest=0":{"mean":31190077.890213605,"sqsum":31671422900410.99,"variance":1092118031048.6547,"size":30},"context=\"context\" count=5 method=\"spread\" n=5000000 rest=1":{"mean":31386271.1406417,"sqsum":12220372721061.824,"variance":421392162795.23535,"size":30},"context=\"null\" count=5 method=\"spread\" n=5000000 rest=0":{"mean":35356263.83769552,"sqsum":5594763893489.549,"variance":192922892878.94995,"size":30},"context=\"null\" count=5 method=\"spread\" n=5000000 rest=1":{"mean":35406997.30971941,"sqsum":691609379732.4547,"variance":23848599301.11913,"size":30},"context=\"context\" count=10 method=\"spread\" n=5000000 rest=0":{"mean":25228175.392638985,"sqsum":15673812459964.053,