{"lookup-promises":{"all=\"true\" n=5000000 name=\"127.0.0.1\"":{"mean":15836684417.32614,"sqsum":7738363224514158000,"variance":266840111190143360,"size":30},"all=\"false\" n=5000000 name=\"127.0.0.1\"":{"mean":16207496719.748203,"sqsum":12515773023478465000,"variance":431578380119947100,"size":30},"all=\"true\" n=5000000 name=\"::1\"":{"mean":4586215034.372755,"sqsum":208503454587315420,"variance":7189774296114325,"size":30},"all=\"false\" n=5000000 name=\"::1\"":{"mean":4677730333.394431,"sqsum":277146194156257300,"variance":9556765315733010,"size":30}},"lookup":{"all=\"true\" n=5000000 name=\"127.0.0.1\"":{"mean":6134443.568562953,"sqsum":73545892459.83931,"variance":2536065257.235838,"size":30},"all=\"false\" n=5000000 name=\"127.0.0.1\"":{"mean":6894039.889365493,"sqsum":31471676690.663177,"variance":1085230230.7125235,"size":30},"all=\"true\" n=5000000 name=\"::1\"":{"mean":3732034.518806074,"sqsum":17679896064.80815,"variance":609651588.4416604,"size":30},"all=\"false\" n=5000000 name=\"::1\"":{"mean":3991443.4449506253,"sqsum":7982027023.17001,"variance":275242311.1437934,"size":30}}}