{"ee-add-remove":{"n=1000000":{"mean":868907.6365233659,"sqsum":14516304385.50253,"variance":500562220.1897423,"size":30}},"ee-emit":{"argc=0 listeners=1 n=2000000":{"mean":35091677.48493752,"sqsum":21231792476066.734,"variance":732130775036.784,"size":30},"argc=0 listeners=5 n=2000000":{"mean":11634455.598934999,"sqsum":280739438838.6444,"variance":9680670304.780842,"size":30},"argc=0 listeners=10 n=2000000":{"mean":6096690.930854693,"sqsum":1845789166506.5886,"variance":63647902293.33064,"size":30},"argc=2 listeners=1 n=2000000":{"mean":32398717.851225827,"sqsum":12704852284089.943,"variance":438098354623.79114,"size":30},"argc=2 listeners=5 n=2000000":{"mean":10481138.296640681,"sqsum":1183920227486.0122,"variance":40824835430.55215,"size":30},"argc=2 listeners=10 n=2000000":{"mean":5313982.1422423115,"sqsum":284608012788.31934,"variance":9814069406.49377,"size":30},"argc=4 listeners=1 n=2000000":{"mean":31752672.427277796,"sqsum":14694318748829.645,"variance":506700646511.36707,"size":30},"argc=4 listeners=5 n=2000000":{"mean":9733889.23553741,"sqsum":8097350551729.203,"variance":279218984542.3863,"size":30},"argc=4 listeners=10 n=2000000":{"mean":5304285.325465271,"sqsum":154931947036.88855,"variance":5342480932.306502,"size":30},"argc=10 listeners=1 n=2000000":{"mean":31226810.061283864,"sqsum":16480961506324.127,"variance":568309017459.4526,"size":30},"argc=10 listeners=5 n=2000000":{"mean":9436135.442087948,"sqsum":12139830658249.105,"variance":418614850284.45197,"size":30},"argc=10 listeners=10 n=2000000":{"mean":4985269.606204586,"sqsum":295997858211.0479,"variance":10206822696.932688,"size":30}},"ee-listener-count-on-prototype":{"n=50000000":{"mean":60366517.124901876,"sqsum":20602114123482.99,"variance":710417728395.9651,"size":30}},"ee-listeners":{"listeners=5 n=5000000 raw=\"true\"":{"mean":45747631.87893854,"sqsum":68015618756788.39,"variance":2345366164027.186,"size":30},"listeners=5 n=5000000 raw=\"false\"":{"mean":22893816.927633375,"sqsum":3185145941324.3975,"variance":109832618666.35854,"size":30},"listeners=50 n=5000000 raw=\"true\"":{"mean":11017871.01070415,"sqsum":2577423586700.2505,"variance":88876675403.45691,"size":30},"listeners=50 n=5000000 raw=\"false\"":{"mean":4176800.7184551517,"sqsum":61409182503.81414,"variance":2117558017.3729014,"size":30}},"ee-once":{"argc=0 n=20000000":{"mean":4854783.757960623,"sqsum":115656956261.00809,"variance":3988170905.552003,"size":30},"argc=1 n=20000000":{"mean":4600906.009733676,"sqsum":192810778025.11298,"variance":6648647518.107345,"size":30},"argc=4 n=20000000":{"mean":4597110.002390029,"sqsum":131465994981.43297,"variance":4533310171.773551,"size":30},"argc=5 n=20000000":{"mean":4545991.59419599,"sqsum":75293760198.00993,"variance":2596336558.552067,"size":30}},"eventtarget":{"listeners=1 n=1000000":{"mean":1624690.0330114667,"sqsum":90634766256.70343,"variance":3125336767.4725323,"size":30},"listeners=5 n=1000000":{"mean":1475279.558304482,"sqsum":91552513493.31146,"variance":3156983223.907292,"size":30},"listeners=10 n=1000000":{"mean":1311878.0748598427,"sqsum":22273072782.324028,"variance":768036992.493932,"size":30}}}