{"echo":{"n=100000 payload=\"string\" sendsPerBroadcast=1 serialization=\"json\" workers=1":{"mean":38669.85915170953,"sqsum":24793215.733918034,"variance":854938.4735833805,"size":30},"n=100000 payload=\"string\" sendsPerBroadcast=1 serialization=\"advanced\" workers=1":{"mean":28209.668348953117,"sqsum":5350936.710950614,"variance":184515.05899829703,"size":30},"n=100000 payload=\"string\" sendsPerBroadcast=10 serialization=\"json\" workers=1":{"mean":18000.042918770934,"sqsum":6979813.797166875,"variance":240683.23438506466,"size":30},"n=100000 payload=\"string\" sendsPerBroadcast=10 serialization=\"advanced\" workers=1":{"mean":8454.387971441509,"sqsum":245582.8099410101,"variance":8468.372756586556,"size":30},"n=100000 payload=\"object\" sendsPerBroadcast=1 serialization=\"json\" workers=1":{"mean":34434.101213838425,"sqsum":7670542.4196444405,"variance":264501.46274636005,"size":30},"n=100000 payload=\"object\" sendsPerBroadcast=1 serialization=\"advanced\" workers=1":{"mean":22958.589056873185,"sqsum":1670296.5759987943,"variance":57596.43365513084,"size":30},"n=100000 payload=\"object\" sendsPerBroadcast=10 serialization=\"json\" workers=1":{"mean":14562.656700916825,"sqsum":1666189.7993112146,"variance":57454.82066590395,"size":30},"n=100000 payload=\"object\" sendsPerBroadcast=10 serialization=\"advanced\" workers=1":{"mean":6197.549287263607,"sqsum":193569.45046448143,"variance":6674.808636706256,"size":30}}}