{"create-context":{"n=100":{"mean":1767.0357147478933,"sqsum":6833.5109405294825,"variance":235.63830829412007,"size":30}},"run-in-context":{"breakOnSigint=0 n=1 withSigintListener=0":{"mean":3218.872951225525,"sqsum":381880.38820892916,"variance":13168.289248583764,"size":30},"breakOnSigint=0 n=1 withSigintListener=1":{"mean":3218.943558089576,"sqsum":207263.19523757635,"variance":7147.006732330219,"size":30},"breakOnSigint=1 n=1 withSigintListener=0":{"mean":2150.440429923841,"sqsum":1398483.3963184978,"variance":48223.56539029303,"size":30},"breakOnSigint=1 n=1 withSigintListener=1":{"mean":1529.8211943484278,"sqsum":228776.09028123802,"variance":7888.830699353035,"size":30}},"run-in-this-context":{"breakOnSigint=0 n=1 withSigintListener=0":{"mean":3363.718499300091,"sqsum":1124506.761141831,"variance":38776.09521178728,"size":30},"breakOnSigint=0 n=1 withSigintListener=1":{"mean":3437.2881305174333,"sqsum":247829.52740559026,"variance":8545.84577260656,"size":30},"breakOnSigint=1 n=1 withSigintListener=0":{"mean":2204.9976297195235,"sqsum":1579082.1499849022,"variance":54451.10862016904,"size":30},"breakOnSigint=1 n=1 withSigintListener=1":{"mean":1572.9243388115694,"sqsum":262286.02920119814,"variance":9044.345834524072,"size":30}}}