{"atomics-wait":{"n=10000000":{"mean":10568446.346539335,"sqsum":3275859746737.692,"variance":112960680921.98936,"size":30}},"bench-eventlooputil":{"method=\"ELU_simple\" n=1000000":{"mean":6465844.686651427,"sqsum":246573906489.662,"variance":8502548499.643517,"size":30},"method=\"ELU_passed\" n=1000000":{"mean":5920658.587793925,"sqsum":175780506910.73267,"variance":6061396790.025265,"size":30}},"echo":{"n=100000 payload=\"string\" sendsPerBroadcast=1 workers=1":{"mean":84750.576583432,"sqsum":613590873.1758506,"variance":21158305.971581057,"size":30},"n=100000 payload=\"string\" sendsPerBroadcast=10 workers=1":{"mean":51215.50748140308,"sqsum":30973370.288497817,"variance":1068047.251327511,"size":30},"n=100000 payload=\"object\" sendsPerBroadcast=1 workers=1":{"mean":64864.218916043865,"sqsum":130091781.88332929,"variance":4485923.513218251,"size":30},"n=100000 payload=\"object\" sendsPerBroadcast=10 workers=1":{"mean":31193.90050078093,"sqsum":26965415.840764035,"variance":929841.9255435874,"size":30}},"messageport":{"n=1000000 payload=\"string\" style=\"eventtarget\"":{"mean":672943.874397335,"sqsum":7580833617.822232,"variance":261408055.78697354,"size":30},"n=1000000 payload=\"string\" style=\"eventemitter\"":{"mean":1093414.3351586189,"sqsum":15408208488.34237,"variance":531317534.0807714,"size":30},"n=1000000 payload=\"object\" style=\"eventtarget\"":{"mean":362249.6202950345,"sqsum":1875978973.3929465,"variance":64688930.11699816,"size":30},"n=1000000 payload=\"object\" style=\"eventemitter\"":{"mean":519928.05136777554,"sqsum":8215635187.053483,"variance":283297765.0708098,"size":30}}}