{"module-loader-circular":{"n=10000":{"mean":6179.662215804135,"sqsum":157064.2281730193,"variance":5416.007868035149,"size":30}},"module-loader-deep":{"cache=\"true\" ext=\"\" files=1000":{"mean":772086.842054462,"sqsum":29820015433.352375,"variance":1028276394.2535301,"size":30},"cache=\"false\" ext=\"\" files=1000":{"mean":5248.3407409829815,"sqsum":143388.2860295512,"variance":4944.42365619142,"size":30},"cache=\"true\" ext=\".js\" files=1000":{"mean":745481.5457894651,"sqsum":45581841205.98956,"variance":1571787627.7927437,"size":30},"cache=\"false\" ext=\".js\" files=1000":{"mean":5346.484511821653,"sqsum":147411.6672335235,"variance":5083.160939087018,"size":30}},"module-loader":{"cache=\"true\" dir=\"rel\" files=500 n=1 name=\"\"":{"mean":17388.2515426776,"sqsum":201549.4317006728,"variance":6949.980403471476,"size":30},"cache=\"false\" dir=\"rel\" files=500 n=1 name=\"\"":{"mean":4188.597911826511,"sqsum":34158.00387895856,"variance":1177.862202722709,"size":30},"cache=\"true\" dir=\"rel\" files=500 n=1000 name=\"\"":{"mean":1874728.781838135,"sqsum":3505467457.4247875,"variance":120878188.18706164,"size":30},"cache=\"false\" dir=\"rel\" files=500 n=1000 name=\"\"":{"mean":1378183.9649143163,"sqsum":1254447240.8423889,"variance":43256801.40835824,"size":30},"cache=\"true\" dir=\"abs\" files=500 n=1 name=\"\"":{"mean":17405.141857009858,"sqsum":185707.6356659799,"variance":6403.711574688962,"size":30},"cache=\"false\" dir=\"abs\" files=500 n=1 name=\"\"":{"mean":4242.12629726273,"sqsum":54770.81856287386,"variance":1888.6489159611674,"size":30},"cache=\"true\" dir=\"abs\" files=500 n=1000 name=\"\"":{"mean":1868212.2135986944,"sqsum":12910562757.315548,"variance":445191819.21777755,"size":30},"cache=\"false\" dir=\"abs\" files=500 n=1000 name=\"\"":{"mean":1384804.1170637151,"sqsum":2455478966.6978292,"variance":84671688.50682169,"size":30},"cache=\"true\" dir=\"rel\" files=500 n=1 name=\"/\"":{"mean":17398.90193981817,"sqsum":240583.7485736122,"variance":8295.991330124558,"size":30},"cache=\"false\" dir=\"rel\" files=500 n=1 name=\"/\"":{"mean":4316.755120715046,"sqsum":41786.89149390117,"variance":1440.9272928931437,"size":30},"cache=\"true\" dir=\"rel\" files=500 n=1000 name=\"/\"":{"mean":1830881.7899298815,"sqsum":3034026476.0015655,"variance":104621602.62074363,"size":30},"cache=\"false\" dir=\"rel\" files=500 n=1000 name=\"/\"":{"mean":1362583.3998161014,"sqsum":7598357357.727439,"variance":262012322.68025652,"size":30},"cache=\"true\" dir=\"abs\" files=500 n=1 name=\"/\"":{"mean":17408.26391414817,"sqsum":349905.88436454197,"variance":12065.720150501447,"size":30},"cache=\"false\" dir=\"abs\" files=500 n=1 name=\"/\"":{"mean":4402.562907774035,"sqsum":59683.56280989551,"variance":2058.0538899963967,"size":30},"cache=\"true\" dir=\"abs\" files=500 n=1000 name=\"/\"":{"mean":1828195.843360666,"sqsum":10263912016.629185,"variance":353928000.57342017,"size":30},"cache=\"false\" dir=\"abs\" files=500 n=1000 name=\"/\"":{"mean":1372750.5729014468,"sqsum":1505607032.5924828,"variance":51917483.882499404,"size":30},"cache=\"true\" dir=\"rel\" files=500 n=1 name=\"/index.js\"":{"mean":17349.388819573745,"sqsum":1875989.0964764606,"variance":64689.27918884347,"size":30},"cache=\"false\" dir=\"rel\" files=500 n=1 name=\"/index.js\"":{"mean":4515.089829582222,"sqsum":49984.940985470326,"variance":1723.6186546713905,"size":30},"cache=\"true\" dir=\"rel\" files=500 n=1000 name=\"/index.js\"":{"mean":1782391.3737905298,"sqsum":20085849691.06401,"variance":692615506.5884142,"size":30},"cache=\"false\" dir=\"rel\" files=500 n=1000 name=\"/index.js\"":{"mean":1351547.437335487,"sqsum":6135306502.417104,"variance":211562293.18679667,"size":30},"cache=\"true\" dir=\"abs\" files=500 n=1 name=\"/index.js\"":{"mean":17602.93867807357,"sqsum":1631878.2368841402,"variance":56271.66334083242,"size":30},"cache=\"false\" dir=\"abs\" files=500 n=1 name=\"/index.js\"":{"mean":4569.735536278019,"sqsum":43907.025728760884,"variance":1514.0353699572718,"size":30},"cache=\"true\" dir=\"abs\" files=500 n=1000 name=\"/index.js\"":{"mean":1779002.8066361202,"sqsum":3387491543.995281,"variance":116810053.24121659,"size":30},"cache=\"false\" dir=\"abs\" files=500 n=1000 name=\"/index.js\"":{"mean":1353851.0710189801,"sqsum":5803989303.6509695,"variance":200137562.19486102,"size":30}},"module-require":{"n=10000 type=\".js\"":{"mean":10312.99730713142,"sqsum":296839.064045544,"variance":10235.829794673931,"size":30},"n=10000 type=\".json\"":{"mean":20571.799624030988,"sqsum":2650647.7154002525,"variance":91401.6453586294,"size":30},"n=10000 type=\"dir\"":{"mean":8551.11533907641,"sqsum":271380.95159416244,"variance":9357.963848074567,"size":30}}}