{"cpus":{"n=30000":{"mean":6240.179541426786,"sqsum":149410.81115316667,"variance":5152.096936316092,"size":30}},"loadavg":{"n=5000000":{"mean":174187.362208403,"sqsum":436626789.301252,"variance":15056096.182801792,"size":30}},"networkInterfaces":{"n=10000":{"mean":15325.201956992996,"sqsum":298329.4817566957,"variance":10287.223508851575,"size":30}}}