{"async-local-storage-run":{"n=10000000":{"mean":2981679.6602488332,"sqsum":93704441850.18674,"variance":3231187650.006439,"size":30}},"async-resource-vs-destroy":{"asyncMethod=\"callbacks\" benchmarker=\"test-double-http\" connections=500 duration=5 n=1000000 path=\"/\" type=\"async-resource\"":{"mean":382.96666666666664,"sqsum":38.96666666666667,"variance":1.3436781609195403,"size":30},"asyncMethod=\"async\" benchmarker=\"test-double-http\" connections=500 duration=5 n=1000000 path=\"/\" type=\"async-resource\"":{"mean":377.6,"sqsum":21.2,"variance":0.7310344827586207,"size":30},"asyncMethod=\"callbacks\" benchmarker=\"test-double-http\" connections=500 duration=5 n=1000000 path=\"/\" type=\"destroy\"":{"mean":381.46666666666664,"sqsum":47.46666666666667,"variance":1.6367816091954024,"size":30},"asyncMethod=\"async\" benchmarker=\"test-double-http\" connections=500 duration=5 n=1000000 path=\"/\" type=\"destroy\"":{"mean":377.73333333333335,"sqsum":17.866666666666667,"variance":0.6160919540229886,"size":30},"asyncMethod=\"callbacks\" benchmarker=\"test-double-http\" connections=500 duration=5 n=1000000 path=\"/\" type=\"async-local-storage\"":{"mean":379.8666666666667,"sqsum":23.466666666666665,"variance":0.8091954022988506,"size":30},"asyncMethod=\"async\" benchmarker=\"test-double-http\" connections=500 duration=5 n=1000000 path=\"/\" type=\"async-local-storage\"":{"mean":377.4,"sqsum":27.2,"variance":0.9379310344827586,"size":30}},"gc-tracking":{"method=\"trackingEnabled\" n=1000000":{"mean":57033281.65692532,"sqsum":2804804133805.8784,"variance":96717383924.34064,"size":30},"method=\"trackingEnabledWithDestroyHook\" n=1000000":{"mean":1812119.4840079846,"sqsum":3678861532.32596,"variance":126857294.21813655,"size":30},"method=\"trackingDisabled\" n=1000000":{"mean":59778071.98673916,"sqsum":4013668651279.38,"variance":138402367285.49585,"size":30}},"http-server":{"asyncHooks=\"init\" benchmarker=\"test-double-http\" connections=50 duration=5":{"mean":25737.266666666666,"sqsum":1767727.8666666667,"variance":60956.13333333333,"size":30},"asyncHooks=\"init\" benchmarker=\"test-double-http\" connections=500 duration=5":{"mean":25944.7,"sqsum":2309496.3,"variance":79637.80344827587,"size":30},"asyncHooks=\"before\" benchmarker=\"test-double-http\" connections=50 duration=5":{"mean":25909.666666666668,"sqsum":1734080.6666666667,"variance":59795.88505747126,"size":30},"asyncHooks=\"before\" benchmarker=\"test-double-http\" connections=500 duration=5":{"mean":25838.666666666668,"sqsum":1923082.6666666667,"variance":66313.19540229885,"size":30},"asyncHooks=\"after\" benchmarker=\"test-double-http\" connections=50 duration=5":{"mean":25877.7,"sqsum":1979640.2999999998,"variance":68263.45862068965,"size":30},"asyncHooks=\"after\" benchmarker=\"test-double-http\" connections=500 duration=5":{"mean":25836.066666666666,"sqsum":1166245.8666666667,"variance":40215.37471264368,"size":30},"asyncHooks=\"all\" benchmarker=\"test-double-http\" connections=50 duration=5":{"mean":25801.233333333334,"sqsum":3735331.3666666667,"variance":128804.52988505748,"size":30},"asyncHooks=\"all\" benchmarker=\"test-double-http\" connections=500 duration=5":{"mean":25833.533333333333,"sqsum":2137869.466666667,"variance":73719.6367816092,"size":30},"asyncHooks=\"disabled\" benchmarker=\"test-double-http\" connections=50 duration=5":{"mean":25915.6,"sqsum":2269653.2,"variance":78263.90344827587,"size":30},"asyncHooks=\"disabled\" benchmarker=\"test-double-http\" connections=500 duration=5":{"mean":25854.166666666668,"sqsum":2597746.1666666665,"variance":89577.4540229885,"size":30},"asyncHooks=\"none\" benchmarker=\"test-double-http\" connections=50 duration=5":{"mean":25871.2,"sqsum":2058412.8,"variance":70979.75172413792,"size":30},"asyncHooks=\"none\" benchmarker=\"test-double-http\" connections=500 duration=5":{"mean":25863.066666666666,"sqsum":3815819.8666666667,"variance":131579.99540229884,"size":30}},"promises":{"asyncHooks=\"enabled\" n=1000000":{"mean":966642.6134519327,"sqsum":2378617724.6895766,"variance":82021300.85136472,"size":30},"asyncHooks=\"enabledWithDestroy\" n=1000000":{"mean":292431.75161862123,"sqsum":136279368.80155304,"variance":4699288.579363898,"size":30},"asyncHooks=\"enabledWithInitOnly\" n=1000000":{"mean":920074.1582117336,"sqsum":15873745839.769644,"variance":547370546.1989533,"size":30},"asyncHooks=\"disabled\" n=1000000":{"mean":1483052.582316195,"sqsum":13587644739.989548,"variance":468539473.792743,"size":30}}}