{"ee-add-remove":{"n=1000000 newListener=0 removeListener=0":{"mean":1226901.79196918,"sqsum":2450795509.9167275,"variance":84510189.99712853,"size":30},"n=1000000 newListener=0 removeListener=1":{"mean":888936.0659608345,"sqsum":7166209014.00598,"variance":247110655.6553786,"size":30},"n=1000000 newListener=1 removeListener=0":{"mean":960312.6154234553,"sqsum":2604189627.3381343,"variance":89799642.32200463,"size":30},"n=1000000 newListener=1 removeListener=1":{"mean":701904.6416915435,"sqsum":1393513963.904412,"variance":48052205.65187628,"size":30}},"ee-emit":{"argc=0 listeners=1 n=2000000":{"mean":61739033.14943825,"sqsum":14758289532801.025,"variance":508906535613.8284,"size":30},"argc=0 listeners=5 n=2000000":{"mean":16737029.781517223,"sqsum":194575055438.3967,"variance":6709484670.289541,"size":30},"argc=0 listeners=10 n=2000000":{"mean":9164202.543378424,"sqsum":5227256381517.0625,"variance":180250220052.3125,"size":30},"argc=2 listeners=1 n=2000000":{"mean":61173868.61587199,"sqsum":3475499542628.4165,"variance":119844811814.77298,"size":30},"argc=2 listeners=5 n=2000000":{"mean":16393183.844979702,"sqsum":162876843128.26578,"variance":5616442866.491923,"size":30},"argc=2 listeners=10 n=2000000":{"mean":8444504.636997748,"sqsum":76596341995.19365,"variance":2641253172.248057,"size":30},"argc=4 listeners=1 n=2000000":{"mean":61126899.68213917,"sqsum":3630997505225.1357,"variance":125206810525.00468,"size":30},"argc=4 listeners=5 n=2000000":{"mean":15911708.14409364,"sqsum":218350004547.69156,"variance":7529310501.644537,"size":30},"argc=4 listeners=10 n=2000000":{"mean":8211465.816873775,"sqsum":61159227904.07503,"variance":2108938893.2439663,"size":30},"argc=10 listeners=1 n=2000000":{"mean":60305483.37945418,"sqsum":8583018882610.418,"variance":295966168365.8765,"size":30},"argc=10 listeners=5 n=2000000":{"mean":15204144.865826141,"sqsum":199943084286.82507,"variance":6894589113.338796,"size":30},"argc=10 listeners=10 n=2000000":{"mean":7622189.954199858,"sqsum":107265229649.38725,"variance":3698801022.392664,"size":30}},"ee-listener-count-on-prototype":{"n=50000000":{"mean":74437278.31497592,"sqsum":29902084363857.344,"variance":1031106357374.3911,"size":30}},"ee-listeners":{"listeners=5 n=5000000 raw=\"true\"":{"mean":55527980.57930601,"sqsum":36064800390594.32,"variance":1243613806572.2178,"size":30},"listeners=5 n=5000000 raw=\"false\"":{"mean":28980464.39623271,"sqsum":1918659261470.9602,"variance":66160664188.6538,"size":30},"listeners=50 n=5000000 raw=\"true\"":{"mean":20401874.71743723,"sqsum":850437235788.8762,"variance":29325421923.754353,"size":30},"listeners=50 n=5000000 raw=\"false\"":{"mean":5951496.577613065,"sqsum":71629248386.90117,"variance":2469974082.3069367,"size":30}},"ee-once":{"argc=0 n=20000000":{"mean":7661765.315062339,"sqsum":1478644147779.112,"variance":50987729233.76248,"size":30},"argc=1 n=20000000":{"mean":7383999.309229923,"sqsum":19916705565.7596,"variance":686782950.5434345,"size":30},"argc=4 n=20000000":{"mean":7301817.721897132,"sqsum":18230477625.79242,"variance":628637159.5100834,"size":30},"argc=5 n=20000000":{"mean":7262220.23886374,"sqsum":35856046781.499565,"variance":1236415406.2586057,"size":30}},"eventtarget":{"listeners=1 n=1000000":{"mean":2907466.6078985534,"sqsum":311512983203.2005,"variance":10741827007.006914,"size":30},"listeners=5 n=1000000":{"mean":2542449.454557524,"sqsum":220749168215.90555,"variance":7612040283.307088,"size":30},"listeners=10 n=1000000":{"mean":2215335.3936190107,"sqsum":203491971544.06924,"variance":7016964536.002388,"size":30}}}