{"module-loader-circular":{"n=10000":{"mean":6454.262838769183,"sqsum":210452.80599595408,"variance":7256.993310205314,"size":30}},"module-loader-deep":{"cache=\"true\" ext=\"\" files=1000":{"mean":863774.4146104143,"sqsum":10553966412.669191,"variance":363929876.2989376,"size":30},"cache=\"false\" ext=\"\" files=1000":{"mean":5950.295602266362,"sqsum":199434.89419834458,"variance":6877.065317184296,"size":30},"cache=\"true\" ext=\".js\" files=1000":{"mean":870090.1892240159,"sqsum":9938227254.984762,"variance":342697491.5511987,"size":30},"cache=\"false\" ext=\".js\" files=1000":{"mean":6063.019105400717,"sqsum":192609.30034643054,"variance":6641.70001194588,"size":30}},"module-loader":{"cache=\"true\" dir=\"rel\" files=500 n=1 name=\"\"":{"mean":18603.165570367528,"sqsum":260240.70050436506,"variance":8973.817258771209,"size":30},"cache=\"false\" dir=\"rel\" files=500 n=1 name=\"\"":{"mean":4710.717229540993,"sqsum":63626.59348952682,"variance":2194.020465156097,"size":30},"cache=\"true\" dir=\"rel\" files=500 n=1000 name=\"\"":{"mean":1975539.575290131,"sqsum":2435160480.582063,"variance":83971051.05455391,"size":30},"cache=\"false\" dir=\"rel\" files=500 n=1000 name=\"\"":{"mean":1484267.3193358872,"sqsum":1253297438.566299,"variance":43217153.05401031,"size":30},"cache=\"true\" dir=\"abs\" files=500 n=1 name=\"\"":{"mean":18582.498248305998,"sqsum":355383.24487451906,"variance":12254.594650845484,"size":30},"cache=\"false\" dir=\"abs\" files=500 n=1 name=\"\"":{"mean":4819.725745283352,"sqsum":54994.3583197982,"variance":1896.3571834413174,"size":30},"cache=\"true\" dir=\"abs\" files=500 n=1000 name=\"\"":{"mean":1950085.7905284665,"sqsum":5782182256.985848,"variance":199385595.06847754,"size":30},"cache=\"false\" dir=\"abs\" files=500 n=1000 name=\"\"":{"mean":1479219.2172494743,"sqsum":1436277051.2222805,"variance":49526794.86973381,"size":30},"cache=\"true\" dir=\"rel\" files=500 n=1 name=\"/\"":{"mean":18635.818175261902,"sqsum":650227.1918855136,"variance":22421.627306397022,"size":30},"cache=\"false\" dir=\"rel\" files=500 n=1 name=\"/\"":{"mean":4914.399007682508,"sqsum":79561.68454569245,"variance":2743.506363644567,"size":30},"cache=\"true\" dir=\"rel\" files=500 n=1000 name=\"/\"":{"mean":1924094.0992122588,"sqsum":8875521045.752256,"variance":306052449.85352606,"size":30},"cache=\"false\" dir=\"rel\" files=500 n=1000 name=\"/\"":{"mean":1470960.3152995417,"sqsum":1203300263.7866504,"variance":41493112.54436726,"size":30},"cache=\"true\" dir=\"abs\" files=500 n=1 name=\"/\"":{"mean":18628.601852063126,"sqsum":458447.32736488385,"variance":15808.528529823581,"size":30},"cache=\"false\" dir=\"abs\" files=500 n=1 name=\"/\"":{"mean":4993.418206932227,"sqsum":72747.07106702651,"variance":2508.5196919664313,"size":30},"cache=\"true\" dir=\"abs\" files=500 n=1000 name=\"/\"":{"mean":1901812.2736770883,"sqsum":2669845833.6551733,"variance":92063649.43638529,"size":30},"cache=\"false\" dir=\"abs\" files=500 n=1000 name=\"/\"":{"mean":1468564.8341044083,"sqsum":2714694632.308002,"variance":93610159.73475869,"size":30},"cache=\"true\" dir=\"rel\" files=500 n=1 name=\"/index.js\"":{"mean":18623.15306246381,"sqsum":231674.5885910597,"variance":7988.778916933093,"size":30},"cache=\"false\" dir=\"rel\" files=500 n=1 name=\"/index.js\"":{"mean":5129.8757817173455,"sqsum":106421.296989003,"variance":3669.6998961725176,"size":30},"cache=\"true\" dir=\"rel\" files=500 n=1000 name=\"/index.js\"":{"mean":1873947.0867420041,"sqsum":1739859054.9072077,"variance":59995139.82438647,"size":30},"cache=\"false\" dir=\"rel\" files=500 n=1000 name=\"/index.js\"":{"mean":1455290.212955368,"sqsum":1227257474.4759967,"variance":42319223.257792994,"size":30},"cache=\"true\" dir=\"abs\" files=500 n=1 name=\"/index.js\"":{"mean":18964.009125714667,"sqsum":1292036.1516597348,"variance":44552.97074688741,"size":30},"cache=\"false\" dir=\"abs\" files=500 n=1 name=\"/index.js\"":{"mean":5219.606771072605,"sqsum":103223.71947087308,"variance":3559.4386024438995,"size":30},"cache=\"true\" dir=\"abs\" files=500 n=1000 name=\"/index.js\"":{"mean":1852203.3050346777,"sqsum":1771314407.5956662,"variance":61079807.15847125,"size":30},"cache=\"false\" dir=\"abs\" files=500 n=1000 name=\"/index.js\"":{"mean":1446632.1434792632,"sqsum":1407727515.5296302,"variance":48542328.12171139,"size":30}},"module-require":{"n=10000 type=\".js\"":{"mean":10848.503763528282,"sqsum":497083.0575960589,"variance":17140.79508951927,"size":30},"n=10000 type=\".json\"":{"mean":21910.74987884816,"sqsum":5238810.245547043,"variance":180648.6291567946,"size":30},"n=10000 type=\"dir\"":{"mean":9021.33480590956,"sqsum":243720.11726586963,"variance":8404.14197468516,"size":30}}}