{"arguments":{"method=\"restAndSpread\" n=1000000":{"mean":4459002.298457449,"sqsum":88476629654.44356,"variance":3050918263.9463296,"size":30},"method=\"argumentsAndApply\" n=1000000":{"mean":4512993.296493616,"sqsum":21553910699.88961,"variance":743238299.9961934,"size":30},"method=\"restAndApply\" n=1000000":{"mean":4512447.652359625,"sqsum":15608774277.017826,"variance":538233595.7592354,"size":30},"method=\"predefined\" n=1000000":{"mean":4533574.799443632,"sqsum":4194429378.2593474,"variance":144635495.80204645,"size":30}},"freelist":{"n=100000":{"mean":175679.71299917012,"sqsum":29576083.896298382,"variance":1019864.9619413236,"size":30}},"getstringwidth":{"n=100000 type=\"ascii\"":{"mean":268284.24378708116,"sqsum":416570394.9952216,"variance":14364496.379145572,"size":30},"n=100000 type=\"mixed\"":{"mean":143694.44269430527,"sqsum":15018151.039360028,"variance":517867.27721931133,"size":30},"n=100000 type=\"emojiseq\"":{"mean":196513.4084950241,"sqsum":27633734.47330691,"variance":952887.3956312728,"size":30},"n=100000 type=\"fullwidth\"":{"mean":276770.9729066785,"sqsum":167336701.48411334,"variance":5770231.08565908,"size":30}},"hidestackframes":{"n=100000 type=\"hide-stackframes-throw\"":{"mean":93635.99403496792,"sqsum":46066114.01195607,"variance":1588486.6900674507,"size":30},"n=100000 type=\"direct-call-throw\"":{"mean":94261.49857209818,"sqsum":40298522.11864082,"variance":1389604.2109876145,"size":30},"n=100000 type=\"hide-stackframes-noerr\"":{"mean":60188800.44296726,"sqsum":24125673932984.355,"variance":831919790792.564,"size":30},"n=100000 type=\"direct-call-noerr\"":{"mean":59953277.68839685,"sqsum":28115374332971.223,"variance":969495666654.18,"size":30}},"object-property-bench":{"method=\"property\" n=1000000000":{"mean":1156574330.293373,"sqsum":46504468804312.83,"variance":1603602372562.5115,"size":30},"method=\"string\" n=1000000000":{"mean":1158800899.9754245,"sqsum":99143985864033.14,"variance":3418758133242.5225,"size":30},"method=\"variable\" n=1000000000":{"mean":1157695749.0010755,"sqsum":96723642167025.89,"variance":3335298005759.5137,"size":30},"method=\"symbol\" n=1000000000":{"mean":1157892981.3611288,"sqsum":99123392785721.7,"variance":3418048027093.8516,"size":30}},"print":{"code=\"1\" dur=1":{"mean":25.139686195831477,"sqsum":0.3856304905254474,"variance":0.013297603121567152,"size":30},"code=\"\\\"string\\\"\" dur=1":{"mean":25.133950762551216,"sqsum":0.2893755691161437,"variance":0.009978467900556679,"size":30},"code=\"process.versions\" dur=1":{"mean":25.110318174554706,"sqsum":0.37638482497088377,"variance":0.01297878706796151,"size":30},"code=\"process\" dur=1":{"mean":25.033094751716707,"sqsum":0.3390195893306191,"variance":0.011690330666573073,"size":30}},"punycode":{"method=\"punycode\" n=1024 val=\"افغانستا.icom.museum\"":{"mean":181743.83579552465,"sqsum":197011869.99415073,"variance":6793512.758418991,"size":30},"method=\"punycode\" n=1024 val=\"الجزائر.icom.museum\"":{"mean":189263.50405174057,"sqsum":89912304.5177182,"variance":3100424.293714421,"size":30},"method=\"punycode\" n=1024 val=\"österreich.icom.museum\"":{"mean":160824.51896246956,"sqsum":75907600.37615964,"variance":2617503.461246884,"size":30},"method=\"punycode\" n=1024 val=\"বাংলাদেশ.icom.museum\"":{"mean":180609.6247625524,"sqsum":325014048.2568916,"variance":11207380.974375572,"size":30},"method=\"punycode\" n=1024 val=\"беларусь.icom.museum\"":{"mean":181094.88635340467,"sqsum":96970398.33638747,"variance":3343806.839185775,"size":30},"method=\"punycode\" n=1024 val=\"belgië.icom.museum\"":{"mean":157756.1076795851,"sqsum":42506781.8992424,"variance":1465751.099973876,"size":30},"method=\"punycode\" n=1024 val=\"българия.icom.museum\"":{"mean":181804.850533513,"sqsum":206870637.71978736,"variance":7133470.266199564,"size":30},"method=\"punycode\" n=1024 val=\"تشادر.icom.museum\"":{"mean":184521.68989080066,"sqsum":126409018.03750964,"variance":4358931.65646585,"size":30},"method=\"punycode\" n=1024 val=\"中国.icom.museum\"":{"mean":163426.57725508386,"sqsum":96477198.9011906,"variance":3326799.9621100207,"size":30},"method=\"punycode\" n=1024 val=\"القمر.icom.museum\"":{"mean":185413.49150427955,"sqsum":286787485.8158331,"variance":9889223.64882183,"size":30},"method=\"punycode\" n=1024 val=\"κυπρος.icom.museum\"":{"mean":196885.17852369868,"sqsum":215048224.99385193,"variance":7415456.034270756,"size":30},"method=\"punycode\" n=1024 val=\"českárepublika.icom.museum\"":{"mean":173346.67427235702,"sqsum":286218634.61925024,"variance":9869608.090318974,"size":30},"method=\"punycode\" n=1024 val=\"مصر.icom.museum\"":{"mean":166365.03352546625,"sqsum":172746670.89869064,"variance":5956781.755127263,"size":30},"method=\"punycode\" n=1024 val=\"ελλάδα.icom.museum\"":{"mean":194024.11939823994,"sqsum":626516209.5547379,"variance":21604007.226025447,"size":30},"method=\"punycode\" n=1024 val=\"magyarország.icom.museum\"":{"mean":161669.34204379952,"sqsum":135940756.88416544,"variance":4687612.306350533,"size":30},"method=\"punycode\" n=1024 val=\"ísland.icom.museum\"":{"mean":156617.17053920712,"sqsum":53325685.6652015,"variance":1838816.7470759137,"size":30},"method=\"punycode\" n=1024 val=\"भारत.icom.museum\"":{"mean":175323.27930658113,"sqsum":312329428.59828216,"variance":10769980.296492489,"size":30},"method=\"punycode\" n=1024 val=\"ايران.icom.museum\"":{"mean":175678.63061464546,"sqsum":141719292.54456934,"variance":4886872.156709287,"size":30},"method=\"punycode\" n=1024 val=\"éire.icom.museum\"":{"mean":160500.11125366727,"sqsum":100433556.72452906,"variance":3463226.093949278,"size":30},"method=\"punycode\" n=1024 val=\"איקו״ם.ישראל.museum\"":{"mean":149875.06466911375,"sqsum":258207889.30026978,"variance":8903720.320698958,"size":30},"method=\"punycode\" n=1024 val=\"日本.icom.museum\"":{"mean":164357.1106150042,"sqsum":75746453.60752882,"variance":2611946.6761216833,"size":30},"method=\"punycode\" n=1024 val=\"الأردن.icom.museum\"":{"mean":192842.31839652275,"sqsum":76701385.12578183,"variance":2644875.349164891,"size":30},"method=\"icu\" n=1024 val=\"افغانستا.icom.museum\"":{"mean":370672.60096846736,"sqsum":4372745191.065182,"variance":150784316.93328214,"size":30},"method=\"icu\" n=1024 val=\"الجزائر.icom.museum\"":{"mean":408981.2202658537,"sqsum":5037344464.651362,"variance":173701533.26384008,"size":30},"method=\"icu\" n=1024 val=\"österreich.icom.museum\"":{"mean":452958.7150640398,"sqsum":6230739517.20233,"variance":214853086.80008036,"size":30},"method=\"icu\" n=1024 val=\"বাংলাদেশ.icom.museum\"":{"mean":339112.46467296395,"sqsum":1943120315.9037902,"variance":67004148.82426863,"size":30},"method=\"icu\" n=1024 val=\"беларусь.icom.museum\"":{"mean":376211.61620499706,"sqsum":3291378952.6420755,"variance":113495825.95317502,"size":30},"method=\"icu\" n=1024 val=\"belgië.icom.museum\"":{"mean":482455.08028957644,"sqsum":10746565459.54761,"variance":370571222.743021,"size":30},"method=\"icu\" n=1024 val=\"българия.icom.museum\"":{"mean":371481.6433154367,"sqsum":2822071831.570049,"variance":97312821.77827755,"size":30},"method=\"icu\" n=1024 val=\"تشادر.icom.museum\"":{"mean":445087.43249323993,"sqsum":6471598020.886527,"variance":223158552.444363,"size":30},"method=\"icu\" n=1024 val=\"中国.icom.museum\"":{"mean":496883.2248299968,"sqsum":8932872973.817448,"variance":308030102.5454292,"size":30},"method=\"icu\" n=1024 val=\"القمر.icom.museum\"":{"mean":437122.2533789402,"sqsum":8515445789.37686,"variance":293636061.70265037,"size":30},"method=\"icu\" n=1024 val=\"κυπρος.icom.museum\"":{"mean":429869.08650042757,"sqsum":6632245187.848625,"variance":228698109.92581466,"size":30},"method=\"icu\" n=1024 val=\"českárepublika.icom.museum\"":{"mean":402221.41903924017,"sqsum":3903859323.383794,"variance":134615838.73737222,"size":30},"method=\"icu\" n=1024 val=\"مصر.icom.museum\"":{"mean":471027.29805580166,"sqsum":11686325581.886219,"variance":402976744.20297307,"size":30},