{"createInflate":{"chunkLen=1024 inputLen=16777216 n=100":{"mean":73.75460061910614,"sqsum":250.03412641006278,"variance":8.621866427933199,"size":30}},"creation":{"n=500000 options=\"true\" type=\"Deflate\"":{"mean":321598.5195925857,"sqsum":1317613310.475928,"variance":45434941.740549244,"size":30},"n=500000 options=\"false\" type=\"Deflate\"":{"mean":315871.26052515244,"sqsum":1183005754.7148182,"variance":40793301.88671787,"size":30},"n=500000 options=\"true\" type=\"DeflateRaw\"":{"mean":319450.1393211386,"sqsum":1220425531.0062094,"variance":42083639.000214115,"size":30},"n=500000 options=\"false\" type=\"DeflateRaw\"":{"mean":317918.64592843544,"sqsum":2805364022.838132,"variance":96736690.4426942,"size":30},"n=500000 options=\"true\" type=\"Inflate\"":{"mean":322098.0349596649,"sqsum":1189587251.897743,"variance":41020250.06543941,"size":30},"n=500000 options=\"false\" type=\"Inflate\"":{"mean":316280.66953574604,"sqsum":1417543481.0022478,"variance":48880809.689732686,"size":30},"n=500000 options=\"true\" type=\"InflateRaw\"":{"mean":320676.3811874391,"sqsum":1363049496.1354656,"variance":47001706.76329192,"size":30},"n=500000 options=\"false\" type=\"InflateRaw\"":{"mean":316107.5579720645,"sqsum":2342542725.1303334,"variance":80777335.34932184,"size":30},"n=500000 options=\"true\" type=\"Gzip\"":{"mean":320587.8193881733,"sqsum":1516248222.406883,"variance":52284421.46230631,"size":30},"n=500000 options=\"false\" type=\"Gzip\"":{"mean":315511.70854142273,"sqsum":2421722294.4920025,"variance":83507665.32731043,"size":30},"n=500000 options=\"true\" type=\"Gunzip\"":{"mean":318854.05534079426,"sqsum":1061969695.7959335,"variance":36619644.682618394,"size":30},"n=500000 options=\"false\" type=\"Gunzip\"":{"mean":317844.092259833,"sqsum":2492073180.879217,"variance":85933557.96135232,"size":30},"n=500000 options=\"true\" type=\"Unzip\"":{"mean":319285.4309941492,"sqsum":1501747797.4907415,"variance":51784406.81002557,"size":30},"n=500000 options=\"false\" type=\"Unzip\"":{"mean":318536.03569468105,"sqsum":1914545205.827851,"variance":66018800.20096038,"size":30},"n=500000 options=\"true\" type=\"BrotliCompress\"":{"mean":275822.1684266086,"sqsum":467343717.7946087,"variance":16115300.613607196,"size":30},"n=500000 options=\"false\" type=\"BrotliCompress\"":{"mean":277772.90607492026,"sqsum":861927501.7151803,"variance":29721637.99017863,"size":30},"n=500000 options=\"true\" type=\"BrotliDecompress\"":{"mean":283137.5677483254,"sqsum":340084181.89745057,"variance":11727040.755084503,"size":30},"n=500000 options=\"false\" type=\"BrotliDecompress\"":{"mean":282158.450390049,"sqsum":696988445.4660288,"variance":24034084.326414786,"size":30}},"deflate":{"inputLen=1024 method=\"createDeflate\" n=400000":{"mean":73455.86107893958,"sqsum":298296772.8112215,"variance":10286095.61418005,"size":30},"inputLen=1024 method=\"deflate\" n=400000":{"mean":29452.686260209106,"sqsum":10031622.178162338,"variance":345918.0061435289,"size":30},"inputLen=1024 method=\"deflateSync\" n=400000":{"mean":79476.05651371801,"sqsum":22062532.03174725,"variance":760776.9666119742,"size":30}},"inflate":{"inputLen=1024 method=\"inflate\" n=400000":{"mean":46127.327263503226,"sqsum":35656350.124795996,"variance":1229529.3146481377,"size":30},"inputLen=1024 method=\"inflateSync\" n=400000":{"mean":232437.35708045645,"sqsum":495338019.63602287,"variance":17080621.36675941,"size":30}},"pipe":{"algorithm=\"gzip\" duration=5 inputLen=1024 type=\"string\"":{"mean":0.338805434289566,"sqsum":0.006844063138782925,"variance":0.00023600217719941123,"size":30},"algorithm=\"brotli\" duration=5 inputLen=1024 type=\"string\"":{"mean":0.27695133976348285,"sqsum":0.0009156329624522641,"variance":0.00003157355042938842,"size":30},"algorithm=\"gzip\" duration=5 inputLen=1024 type=\"buffer\"":{"mean":0.3623103428059562,"sqsum":0.008429226755955376,"variance":0.0002906629915846682,"size":30},"algorithm=\"brotli\" duration=5 inputLen=1024 type=\"buffer\"":{"mean":0.2882881549609342,"sqsum":0.0006044898943404517,"variance":0.00002084447911518799,"size":30}}}