{"querystring-parse":{"n=1000000 type=\"noencode\"":{"mean":2203115.70541225,"sqsum":24940115528.020245,"variance":860003983.7248361,"size":30},"n=1000000 type=\"multicharsep\"":{"mean":1608400.2325677508,"sqsum":9391392359.560102,"variance":323841115.8469001,"size":30},"n=1000000 type=\"encodefake\"":{"mean":2128032.838335361,"sqsum":39610891135.051735,"variance":1365892797.7604046,"size":30},"n=1000000 type=\"encodemany\"":{"mean":844020.6561793656,"sqsum":2242771882.9071145,"variance":77336961.47955567,"size":30},"n=1000000 type=\"encodelast\"":{"mean":1684720.4959359933,"sqsum":20101526093.995487,"variance":693156072.2067409,"size":30},"n=1000000 type=\"multivalue\"":{"mean":1582576.8391721537,"sqsum":22335607966.020752,"variance":770193378.1386466,"size":30},"n=1000000 type=\"multivaluemany\"":{"mean":603857.1044794096,"sqsum":5329064302.425314,"variance":183760838.01466602,"size":30},"n=1000000 type=\"manypairs\"":{"mean":447714.10517159523,"sqsum":1486581900.1567988,"variance":51261444.83299307,"size":30},"n=1000000 type=\"manyblankpairs\"":{"mean":8811719.377281219,"sqsum":36637588115.56453,"variance":1263365107.4332595,"size":30},"n=1000000 type=\"altspaces\"":{"mean":1193592.170874742,"sqsum":2034351126.7427213,"variance":70150038.85319729,"size":30}},"querystring-stringify":{"n=1000000 type=\"noencode\"":{"mean":3600908.8501846916,"sqsum":6724907351.537588,"variance":231893356.949572,"size":30},"n=1000000 type=\"encodemany\"":{"mean":2247948.9788942244,"sqsum":776822636.6172516,"variance":26786987.4695604,"size":30},"n=1000000 type=\"encodelast\"":{"mean":3069917.9492211547,"sqsum":197419869140.73135,"variance":6807581694.5079775,"size":30},"n=1000000 type=\"array\"":{"mean":3050434.507337785,"sqsum":708060451.940921,"variance":24415877.653135203,"size":30},"n=1000000 type=\"multiprimitives\"":{"mean":4593276.668188427,"sqsum":10345123565.70774,"variance":356728398.8175083,"size":30}},"querystring-unescapebuffer":{"input=\"there is nothing to unescape here\" n=10000000":{"mean":5436359.936484636,"sqsum":488459963.98385084,"variance":16843447.03392589,"size":30},"input=\"there%20are%20several%20spaces%20that%20need%20to%20be%20unescaped\" n=10000000":{"mean":2198558.7374465545,"sqsum":502268438.9102196,"variance":17319601.341731712,"size":30},"input=\"there%2Qare%0-fake%escaped values in%%%%this%9Hstring\" n=10000000":{"mean":3209609.24775218,"sqsum":659138300.0294236,"variance":22728906.897566333,"size":30},"input=\"%20%21%22%23%24%25%26%27%28%29%2A%2B%2C%2D%2E%2F%30%31%32%33%34%35%36%37\" n=10000000":{"mean":2456775.673463759,"sqsum":318536611.43336976,"variance":10984021.083909301,"size":30}}}