{"lookup-promises":{"all=\"true\" n=5000000 name=\"127.0.0.1\"":{"mean":10452380623.023556,"sqsum":15799374690317505000,"variance":544806023804051900,"size":30},"all=\"false\" n=5000000 name=\"127.0.0.1\"":{"mean":11148305918.543896,"sqsum":26857601453449376000,"variance":926124188049978500,"size":30},"all=\"true\" n=5000000 name=\"::1\"":{"mean":3568786911.406742,"sqsum":519836779166483840,"variance":17925406178154616,"size":30},"all=\"false\" n=5000000 name=\"::1\"":{"mean":3649590664.8725615,"sqsum":540940853930627840,"variance":18653132894159580,"size":30}},"lookup":{"all=\"true\" n=5000000 name=\"127.0.0.1\"":{"mean":4516510.884137315,"sqsum":92836229435.29332,"variance":3201249290.872184,"size":30},"all=\"false\" n=5000000 name=\"127.0.0.1\"":{"mean":5236384.660353916,"sqsum":239357700748.23502,"variance":8253713818.904655,"size":30},"all=\"true\" n=5000000 name=\"::1\"":{"mean":2742755.2201899583,"sqsum":19701587276.897095,"variance":679365078.513693,"size":30},"all=\"false\" n=5000000 name=\"::1\"":{"mean":2973850.9586132434,"sqsum":61707408616.23018,"variance":2127841676.4217303,"size":30}}}