{"atomics-wait":{"n=10000000":{"mean":8530077.051231932,"sqsum":524579657317.19543,"variance":18088953700.592945,"size":30}},"echo":{"n=100000 payload=\"string\" sendsPerBroadcast=1 workers=1":{"mean":53474.17341972729,"sqsum":33421363.028221257,"variance":1152460.794076595,"size":30},"n=100000 payload=\"string\" sendsPerBroadcast=10 workers=1":{"mean":20808.954001544742,"sqsum":5325516.544256759,"variance":183638.50152609512,"size":30},"n=100000 payload=\"object\" sendsPerBroadcast=1 workers=1":{"mean":34977.73105310317,"sqsum":5613295.703797404,"variance":193561.92082060012,"size":30},"n=100000 payload=\"object\" sendsPerBroadcast=10 workers=1":{"mean":13178.956741223523,"sqsum":1576573.6254913157,"variance":54364.60777556261,"size":30}},"messageport":{"n=1000000 payload=\"string\" style=\"eventtarget\"":{"mean":279596.13505869405,"sqsum":1159846985.4552822,"variance":39994723.63638904,"size":30},"n=1000000 payload=\"string\" style=\"eventemitter\"":{"mean":528264.8897768417,"sqsum":6404359768.744035,"variance":220839992.02565637,"size":30},"n=1000000 payload=\"object\" style=\"eventtarget\"":{"mean":142694.5034682959,"sqsum":134994464.38406968,"variance":4654981.530485162,"size":30},"n=1000000 payload=\"object\" style=\"eventemitter\"":{"mean":209633.3508265847,"sqsum":688351615.5090379,"variance":23736262.603759926,"size":30}}}