{"cpus":{"n=30000":{"mean":7338.6568651032685,"sqsum":26426.984405416573,"variance":911.2753243247095,"size":30}},"loadavg":{"n=5000000":{"mean":281177.2285810369,"sqsum":110823666.02356693,"variance":3821505.724950584,"size":30}},"networkInterfaces":{"n=10000":{"mean":7574.314878039998,"sqsum":10546.75702856379,"variance":363.6812768470272,"size":30}}}