{"async-local-storage-run":{"n=10000000":{"mean":2733370.2869745824,"sqsum":85198884036.22462,"variance":2937892552.973263,"size":30}},"async-resource-vs-destroy":{"asyncMethod=\"callbacks\" benchmarker=\"test-double-http\" connections=500 duration=5 n=1000000 path=\"/\" type=\"async-resource\"":{"mean":388.43333333333334,"sqsum":45.36666666666667,"variance":1.564367816091954,"size":30},"asyncMethod=\"async\" benchmarker=\"test-double-http\" connections=500 duration=5 n=1000000 path=\"/\" type=\"async-resource\"":{"mean":382.6,"sqsum":71.2,"variance":2.4551724137931035,"size":30},"asyncMethod=\"callbacks\" benchmarker=\"test-double-http\" connections=500 duration=5 n=1000000 path=\"/\" type=\"destroy\"":{"mean":386.56666666666666,"sqsum":103.36666666666667,"variance":3.564367816091954,"size":30},"asyncMethod=\"async\" benchmarker=\"test-double-http\" connections=500 duration=5 n=1000000 path=\"/\" type=\"destroy\"":{"mean":383.06666666666666,"sqsum":123.86666666666667,"variance":4.271264367816092,"size":30},"asyncMethod=\"callbacks\" benchmarker=\"test-double-http\" connections=500 duration=5 n=1000000 path=\"/\" type=\"async-local-storage\"":{"mean":384.3666666666667,"sqsum":86.96666666666667,"variance":2.9988505747126437,"size":30},"asyncMethod=\"async\" benchmarker=\"test-double-http\" connections=500 duration=5 n=1000000 path=\"/\" type=\"async-local-storage\"":{"mean":382.26666666666665,"sqsum":37.86666666666667,"variance":1.3057471264367817,"size":30}},"gc-tracking":{"method=\"trackingEnabled\" n=1000000":{"mean":66281963.140790164,"sqsum":8589841072003.456,"variance":296201416275.98126,"size":30},"method=\"trackingEnabledWithDestroyHook\" n=1000000":{"mean":1877447.2196602386,"sqsum":7852938164.435974,"variance":270790971.18744737,"size":30},"method=\"trackingDisabled\" n=1000000":{"mean":70076247.56132965,"sqsum":25913003605704.51,"variance":893551848472.5695,"size":30}},"http-server":{"asyncHooks=\"init\" benchmarker=\"test-double-http\" connections=50 duration=5":{"mean":26970.3,"sqsum":2782236.3,"variance":95939.1827586207,"size":30},"asyncHooks=\"init\" benchmarker=\"test-double-http\" connections=500 duration=5":{"mean":26942.933333333334,"sqsum":2078217.8666666667,"variance":71662.68505747126,"size":30},"asyncHooks=\"before\" benchmarker=\"test-double-http\" connections=50 duration=5":{"mean":26868.433333333334,"sqsum":2474989.3666666667,"variance":85344.46091954023,"size":30},"asyncHooks=\"before\" benchmarker=\"test-double-http\" connections=500 duration=5":{"mean":26912.133333333335,"sqsum":1935389.4666666666,"variance":66737.56781609195,"size":30},"asyncHooks=\"after\" benchmarker=\"test-double-http\" connections=50 duration=5":{"mean":26882.266666666666,"sqsum":2848951.8666666667,"variance":98239.71954022988,"size":30},"asyncHooks=\"after\" benchmarker=\"test-double-http\" connections=500 duration=5":{"mean":27019.233333333334,"sqsum":2422583.3666666667,"variance":83537.35747126437,"size":30},"asyncHooks=\"all\" benchmarker=\"test-double-http\" connections=50 duration=5":{"mean":27008.466666666667,"sqsum":2650591.466666667,"variance":91399.70574712644,"size":30},"asyncHooks=\"all\" benchmarker=\"test-double-http\" connections=500 duration=5":{"mean":27022.966666666667,"sqsum":3492294.966666667,"variance":120423.9643678161,"size":30},"asyncHooks=\"disabled\" benchmarker=\"test-double-http\" connections=50 duration=5":{"mean":27037.6,"sqsum":2450101.2,"variance":84486.24827586208,"size":30},"asyncHooks=\"disabled\" benchmarker=\"test-double-http\" connections=500 duration=5":{"mean":27055.166666666668,"sqsum":2151750.1666666665,"variance":74198.2816091954,"size":30},"asyncHooks=\"none\" benchmarker=\"test-double-http\" connections=50 duration=5":{"mean":27010.866666666665,"sqsum":2312095.466666667,"variance":79727.42988505747,"size":30},"asyncHooks=\"none\" benchmarker=\"test-double-http\" connections=500 duration=5":{"mean":26958.1,"sqsum":2385442.7,"variance":82256.6448275862,"size":30}},"promises":{"asyncHooks=\"enabled\" n=1000000":{"mean":910684.1296338403,"sqsum":3301731067.0013514,"variance":113852795.41383971,"size":30},"asyncHooks=\"enabledWithDestroy\" n=1000000":{"mean":286775.721907376,"sqsum":200511059.23831365,"variance":6914174.456493574,"size":30},"asyncHooks=\"enabledWithInitOnly\" n=1000000":{"mean":863827.1102871344,"sqsum":13986349252.13147,"variance":482287905.24591273,"size":30},"asyncHooks=\"disabled\" n=1000000":{"mean":1465560.9264982776,"sqsum":8922041480.890652,"variance":307656602.7893328,"size":30}}}