{"defaultparams-bench":{"method=\"withoutdefaults\" n=100000000":{"mean":674399157.6182994,"sqsum":614122133551922.2,"variance":21176625294893.87,"size":30},"method=\"withdefaults\" n=100000000":{"mean":673259444.6971588,"sqsum":999980212815024.5,"variance":34482076303966.36,"size":30}},"destructuring-bench":{"method=\"swap\" n=100000000":{"mean":378199952.4366044,"sqsum":65667541162812.68,"variance":2264397971131.4717,"size":30},"method=\"destructure\" n=100000000":{"mean":285076726.8478324,"sqsum":25123450195841.367,"variance":866325868822.1161,"size":30}},"destructuring-object-bench":{"method=\"normal\" n=100000000":{"mean":1655747114.0261085,"sqsum":3164333766349832,"variance":109114957460339.03,"size":30},"method=\"destructureObject\" n=100000000":{"mean":1661891010.3768256,"sqsum":6946019627933003,"variance":239517918204586.3,"size":30}},"foreach-bench":{"count=5 method=\"for\" n=5000000":{"mean":186434395.53206462,"sqsum":17688458150296.875,"variance":609946832768.8578,"size":30},"count=10 method=\"for\" n=5000000":{"mean":120272300.86912705,"sqsum":12600641865179.379,"variance":434504891902.7372,"size":30},"count=20 method=\"for\" n=5000000":{"mean":68245101.71647666,"sqsum":783147433744095.9,"variance":27005083922210.2,"size":30},"count=100 method=\"for\" n=5000000":{"mean":14303025.522625785,"sqsum":38965623723.80124,"variance":1343642197.3724563,"size":30},"count=5 method=\"for-of\" n=5000000":{"mean":126577059.95439655,"sqsum":49511219456261.37,"variance":1707283429526.254,"size":30},"count=10 method=\"for-of\" n=5000000":{"mean":77184100.54063863,"sqsum":11409851489289.176,"variance":393443154803.075,"size":30},"count=20 method=\"for-of\" n=5000000":{"mean":30199653.662529133,"sqsum":2019048352467.2847,"variance":69622356981.63051,"size":30},"count=100 method=\"for-of\" n=5000000":{"mean":12641291.40387065,"sqsum":37512252223.86846,"variance":1293525938.7540848,"size":30},"count=5 method=\"for-in\" n=5000000":{"mean":3563837.581674744,"sqsum":664561181.5956028,"variance":22915902.813641477,"size":30},"count=10 method=\"for-in\" n=5000000":{"mean":2159020.7296275804,"sqsum":653791003.0347881,"variance":22544517.346027177,"size":30},"count=20 method=\"for-in\" n=5000000":{"mean":1302583.943947808,"sqsum":727112534.4138669,"variance":25072846.01427127,"size":30},"count=100 method=\"for-in\" n=5000000":{"mean":306839.5155493662,"sqsum":12460039.06551336,"variance":429656.51950046065,"size":30},"count=5 method=\"forEach\" n=5000000":{"mean":142256994.37278998,"sqsum":144149849505848.97,"variance":4970684465718.93,"size":30},"count=10 method=\"forEach\" n=5000000":{"mean":115404471.5013229,"sqsum":170632179497317.4,"variance":5883868258528.187,"size":30},"count=20 method=\"forEach\" n=5000000":{"mean":78904297.77875693,"sqsum":760279001840780.2,"variance":26216517304854.492,"size":30},"count=100 method=\"forEach\" n=5000000":{"mean":23098892.3545718,"sqsum":699503494866.4761,"variance":24120810167.80952,"size":30}},"map-bench":{"method=\"object\" n=1000000":{"mean":494341.07843351556,"sqsum":77629192.64364415,"variance":2676868.7118497984,"size":30},"method=\"nullProtoObject\" n=1000000":{"mean":511496.67442878673,"sqsum":660553890.7766047,"variance":22777720.371607058,"size":30},"method=\"nullProtoLiteralObject\" n=1000000":{"mean":512445.7983048711,"sqsum":108577008.36309622,"variance":3744034.771141249,"size":30},"method=\"storageObject\" n=1000000":{"mean":508394.8959628248,"sqsum":135133234.13722536,"variance":4659766.694387082,"size":30},"method=\"fakeMap\" n=1000000":{"mean":446364.5617911871,"sqsum":363499263.92864525,"variance":12534457.376849836,"size":30},"method=\"map\" n=1000000":{"mean":922020.0195786026,"sqsum":8941280822.841805,"variance":308320028.37385535,"size":30}},"restparams-bench":{"method=\"copy\" n=100000000":{"mean":43863599.340786345,"sqsum":1820525410059.105,"variance":62776738277.90017,"size":30},"method=\"rest\" n=100000000":{"mean":190935271.81107932,"sqsum":7971873646845.385,"variance":274892194718.80634,"size":30},"method=\"arguments\" n=100000000":{"mean":191106604.05330598,"sqsum":7353309666322.4375,"variance":253562402286.98062,"size":30}},"spread-assign":{"count=5 method=\"spread\" n=1000000":{"mean":34698912.987614624,"sqsum":4505710908428.556,"variance":155369341669.95016,"size":30},"count=10 method=\"spread\" n=1000000":{"mean":28323006.57180451,"sqsum":1048187638694.7742,"variance":36144401334.30256,"size":30},"count=20 method=\"spread\" n=1000000":{"mean":163141.7962724139,"sqsum":428808931.0398675,"variance":14786514.863443708,"size":30},"count=5 method=\"assign\" n=1000000":{"mean":8473774.463290112,"sqsum":211451925517.07217,"variance":7291445707.485248,"size":30},"count=10 method=\"assign\" n=1000000":{"mean":4367329.197747432,"sqsum":43805191417.46437,"variance":1510523841.98153,"size":30},"count=20 method=\"assign\" n=1000000":{"mean":138562.82284983507,"sqsum":182053035.3678171,"variance":6277690.874752314,"size":30},"count=5 method=\"_extend\" n=1000000":{"mean":4252155.055445219,"sqsum":4253009173676.0996,"variance":146655488747.45172,"size":30},"count=10 method=\"_extend\" n=1000000":{"mean":2294312.063302425,"sqsum":1190766811.3076355,"variance":41060924.5278495,"size":30},"count=20 method=\"_extend\" n=1000000":{"mean":412400.61845944665,"sqsum":596343522.5072024,"variance":20563569.741627667,"size":30}},"spread-bench":{"context=\"context\" count=5 method=\"apply\" n=5000000 rest=0":{"mean":49468849.19040335,"sqsum":3148627564448.9883,"variance":108573364291.34442,"size":30},"context=\"context\" count=5 method=\"apply\" n=5000000 rest=1":{"mean":47494563.24389233,"sqsum":13030925654785.95,"variance":449342263958.13617,"size":30},"context=\"null\" count=5 method=\"apply\" n=5000000 rest=0":{"mean":49944195.836175404,"sqsum":9690667573969.11,"variance":334160950826.521,"size":30},"context=\"null\" count=5 method=\"apply\" n=5000000 rest=1":{"mean":47681275.75510249,"sqsum":10761500423592.879,"variance":371086221503.20276,"size":30},"context=\"context\" count=10 method=\"apply\" n=5000000 rest=0":{"mean":41959693.70139079,"sqsum":70961207040245.66,"variance":2446938173801.574,"size":30},"context=\"context\" count=10 method=\"apply\" n=5000000 rest=1":{"mean":40133514.44487383,"sqsum":11881014847185.814,"variance":409690167144.3384,"size":30},"context=\"null\" count=10 method=\"apply\" n=5000000 rest=0":{"mean":41033242.60668979,"sqsum":316176415034917.75,"variance":10902635001204.06,"size":30},"context=\"null\" count=10 method=\"apply\" n=5000000 rest=1":{"mean":40115856.19594264,"sqsum":7658426194112.038,"variance":264083661865.93234,"size":30},"context=\"context\" count=20 method=\"apply\" n=5000000 rest=0":{"mean":33987843.177057795,"sqsum":4813771626613.745,"variance":165992125055.64636,"size":30},"context=\"context\" count=20 method=\"apply\" n=5000000 rest=1":{"mean":32579433.74013657,"sqsum":7413366606665.884,"variance":255633331264.34082,"size":30},"context=\"null\" count=20 method=\"apply\" n=5000000 rest=0":{"mean":33902284.05166914,"sqsum":4665246688344.852,"variance":160870575460.1673,"size":30},"context=\"null\" count=20 method=\"apply\" n=5000000 rest=1":{"mean":32587952.539681915,"sqsum":3098574342882.581,"variance":106847391133.88211,"size":30},"context=\"context\" count=5 method=\"spread\" n=5000000 rest=0":{"mean":52400883.54062572,"sqsum":16508223602613.238,"variance":569249089745.284,"size":30},"context=\"context\" count=5 method=\"spread\" n=5000000 rest=1":{"mean":51786149.35529747,"sqsum":15088632257311.404,"variance":520297664045.2208,"size":30},"context=\"null\" count=5 method=\"spread\" n=5000000 rest=0":{"mean":60842440.696448006,"sqsum":17699923873476.07,"variance":610342202533.6576,"size":30},"context=\"null\" count=5 method=\"spread\" n=5000000 rest=1":{"mean":58656505.369806774,"sqsum":12441027691777.629,"variance":429000954888.8837,"size":30},"context=\"context\" count=10 method=\"spread\" n=5000000 rest=0":{"mean":41499972.19439358,"sqsum":777687192866963.9,