{"immediate":{"n=5000000 type=\"depth\"":{"mean":378932.7739850442,"sqsum":401190729.4955702,"variance":13834163.086054144,"size":30},"n=5000000 type=\"depth1\"":{"mean":372780.37209258234,"sqsum":724745072.1923715,"variance":24991209.38594384,"size":30},"n=5000000 type=\"breadth\"":{"mean":2759747.289361941,"sqsum":43486934345.06303,"variance":1499549460.174587,"size":30},"n=5000000 type=\"breadth1\"":{"mean":1791093.7283296734,"sqsum":48417199912.481186,"variance":1669558617.671765,"size":30},"n=5000000 type=\"breadth4\"":{"mean":1251466.1528336557,"sqsum":35037450412.530754,"variance":1208187945.2596812,"size":30},"n=5000000 type=\"clear\"":{"mean":9448762.675405448,"sqsum":777726380593.6771,"variance":26818151054.954384,"size":30}},"set-immediate-breadth-args":{"n=5000000":{"mean":1656647.7301030208,"sqsum":66331355226.91545,"variance":2287288111.2729464,"size":30}},"set-immediate-breadth":{"n=10000000":{"mean":2198548.5152868964,"sqsum":460397117704.1779,"variance":15875762679.454412,"size":30}},"set-immediate-depth-args":{"n=5000000":{"mean":356060.6942334192,"sqsum":519963823.2236319,"variance":17929787.007711448,"size":30}},"timers-breadth-args":{"n=1000000":{"mean":1229478.8099529906,"sqsum":28831917974.3344,"variance":994204068.0804967,"size":30}},"timers-breadth":{"n=5000000":{"mean":2158132.303620643,"sqsum":16454233145.343166,"variance":567387349.8394195,"size":30}},"timers-cancel-pooled":{"n=5000000":{"mean":28657692.69151391,"sqsum":3652740078691.428,"variance":125956554437.63545,"size":30}},"timers-cancel-unpooled":{"direction=\"start\" n=1000000":{"mean":1550450.0263655127,"sqsum":6168701922.675831,"variance":212713859.40261483,"size":30},"direction=\"end\" n=1000000":{"mean":6718943.360119104,"sqsum":82539477690.78487,"variance":2846188885.889133,"size":30}},"timers-depth":{"n=1000":{"mean":823.9624179290162,"sqsum":14395.627740834263,"variance":496.4009565804918,"size":30}},"timers-insert-pooled":{"n=5000000":{"mean":1482845.1696713683,"sqsum":349871351130.2276,"variance":12064529349.318192,"size":30}},"timers-insert-unpooled":{"direction=\"start\" n=1000000":{"mean":1621394.5410920854,"sqsum":27911943390.11209,"variance":962480806.5555893,"size":30},"direction=\"end\" n=1000000":{"mean":995280.0457906661,"sqsum":12179283895.173475,"variance":419975306.7301198,"size":30}},"timers-timeout-nexttick":{"n=50000":{"mean":644424.2420413223,"sqsum":4261764256.5084114,"variance":146957388.15546247,"size":30},"n=5000000":{"mean":4079259.2765268204,"sqsum":212760386866.52325,"variance":7336565064.362871,"size":30}},"timers-timeout-pooled":{"n=10000000":{"mean":10431950.388316318,"sqsum":1759145786727.652,"variance":60660199542.332825,"size":30}},"timers-timeout-unpooled":{"n=1000000":{"mean":8503562.789445532,"sqsum":696825131920.696,"variance":24028452824.85159,"size":30}}}