{"array-vs-concat":{"chunks=1 dur=5 len=64 num=100 type=\"concat\"":{"mean":0.12425615009837108,"sqsum":0.0001291128220603391,"variance":0.00000445216627794273,"size":30},"chunks=1 dur=5 len=64 num=100 type=\"multi\"":{"mean":0.12506004390462047,"sqsum":0.00016308027822204495,"variance":0.00000562345786972569,"size":30},"chunks=2 dur=5 len=64 num=100 type=\"concat\"":{"mean":0.12332604721194246,"sqsum":0.00011225726853958841,"variance":0.00000387094029446857,"size":30},"chunks=2 dur=5 len=64 num=100 type=\"multi\"":{"mean":0.11891370225064693,"sqsum":0.00018490440897470635,"variance":0.00000637601410257608,"size":30},"chunks=4 dur=5 len=64 num=100 type=\"concat\"":{"mean":0.12164891964473698,"sqsum":0.00010040823013462569,"variance":0.00000346235276326295,"size":30},"chunks=4 dur=5 len=64 num=100 type=\"multi\"":{"mean":0.10812370785929501,"sqsum":0.00007878626629233782,"variance":0.00000271676780318406,"size":30},"chunks=8 dur=5 len=64 num=100 type=\"concat\"":{"mean":0.11815030886971228,"sqsum":0.000140980510722929,"variance":0.00000486139692148031,"size":30},"chunks=8 dur=5 len=64 num=100 type=\"multi\"":{"mean":0.09198628358692582,"sqsum":0.000053844533944244614,"variance":0.00000185670806704292,"size":30},"chunks=1 dur=5 len=256 num=100 type=\"concat\"":{"mean":0.48761928899602275,"sqsum":0.0018952544130556295,"variance":0.00006535360045019412,"size":30},"chunks=1 dur=5 len=256 num=100 type=\"multi\"":{"mean":0.49524442227835086,"sqsum":0.0038555735840785756,"variance":0.0001329508132440888,"size":30},"chunks=2 dur=5 len=256 num=100 type=\"concat\"":{"mean":0.4872997747519087,"sqsum":0.0019625049719360697,"variance":0.00006767258523917482,"size":30},"chunks=2 dur=5 len=256 num=100 type=\"multi\"":{"mean":0.4700297185273734,"sqsum":0.0025400316733728496,"variance":0.0000875872990818224,"size":30},"chunks=4 dur=5 len=256 num=100 type=\"concat\"":{"mean":0.4816868445866746,"sqsum":0.0018195016742794039,"variance":0.00006274143704411738,"size":30},"chunks=4 dur=5 len=256 num=100 type=\"multi\"":{"mean":0.4300521760832686,"sqsum":0.0007018049102066133,"variance":0.00002420016931746942,"size":30},"chunks=8 dur=5 len=256 num=100 type=\"concat\"":{"mean":0.47047787117750534,"sqsum":0.0011385359955296177,"variance":0.0000392598619148144,"size":30},"chunks=8 dur=5 len=256 num=100 type=\"multi\"":{"mean":0.36288593514182044,"sqsum":0.0008066171524652443,"variance":0.00002781438456776705,"size":30},"chunks=1 dur=5 len=512 num=100 type=\"concat\"":{"mean":0.9399794131539562,"sqsum":0.007244055706312648,"variance":0.00024979502435560854,"size":30},"chunks=1 dur=5 len=512 num=100 type=\"multi\"":{"mean":0.9908899202513786,"sqsum":0.009761444128798206,"variance":0.00033660152168269673,"size":30},"chunks=2 dur=5 len=512 num=100 type=\"concat\"":{"mean":0.9371033283169713,"sqsum":0.004937666905121077,"variance":0.00017026437603865784,"size":30},"chunks=2 dur=5 len=512 num=100 type=\"multi\"":{"mean":0.9376665121540159,"sqsum":0.01077453596924066,"variance":0.0003715357230772641,"size":30},"chunks=4 dur=5 len=512 num=100 type=\"concat\"":{"mean":0.9258917013336576,"sqsum":0.004236859930024317,"variance":0.0001460986182767006,"size":30},"chunks=4 dur=5 len=512 num=100 type=\"multi\"":{"mean":0.8524744245091508,"sqsum":0.005256214188674,"variance":0.0001812487651266897,"size":30},"chunks=8 dur=5 len=512 num=100 type=\"concat\"":{"mean":0.9101831303769904,"sqsum":0.004893360337991959,"variance":0.00016873656337903307,"size":30},"chunks=8 dur=5 len=512 num=100 type=\"multi\"":{"mean":0.7151165570587826,"sqsum":0.0038855682363666036,"variance":0.0001339851115988484,"size":30},"chunks=1 dur=5 len=1024 num=100 type=\"concat\"":{"mean":1.8203101838808615,"sqsum":0.021341168195855697,"variance":0.0007359023515812309,"size":30},"chunks=1 dur=5 len=1024 num=100 type=\"multi\"":{"mean":1.9578704875561677,"sqsum":0.04805227700367525,"variance":0.0016569750690922501,"size":30},"chunks=2 dur=5 len=1024 num=100 type=\"concat\"":{"mean":1.808867648386855,"sqsum":0.015847056204562202,"variance":0.0005464502139504207,"size":30},"chunks=2 dur=5 len=1024 num=100 type=\"multi\"":{"mean":1.8692055398966885,"sqsum":0.01941997731745299,"variance":0.0006696543902569996,"size":30},"chunks=4 dur=5 len=1024 num=100 type=\"concat\"":{"mean":1.799288880637106,"sqsum":0.013434895190024793,"variance":0.0004632722479318894,"size":30},"chunks=4 dur=5 len=1024 num=100 type=\"multi\"":{"mean":1.6791656278545468,"sqsum":0.023759937725567084,"variance":0.0008193081974333477,"size":30},"chunks=8 dur=5 len=1024 num=100 type=\"concat\"":{"mean":1.7537604088666914,"sqsum":0.019987179601923373,"variance":0.0006892130897214956,"size":30},"chunks=8 dur=5 len=1024 num=100 type=\"multi\"":{"mean":1.4284339980728973,"sqsum":0.017696060017272853,"variance":0.000610208966112857,"size":30}},"bind-params":{"address=\"true\" n=10000 port=\"true\"":{"mean":265309.3874587012,"sqsum":419611211.09694284,"variance":14469352.106791133,"size":30},"address=\"false\" n=10000 port=\"true\"":{"mean":265826.5250480198,"sqsum":519627840.5235677,"variance":17918201.3973644,"size":30},"address=\"false\" n=10000 port=\"false\"":{"mean":265806.6450725576,"sqsum":483902656.9157547,"variance":16686298.514336368,"size":30}},"multi-buffer":{"chunks=1 dur=5 len=64 num=100 type=\"send\"":{"mean":0.12446764129829041,"sqsum":0.00009159133712062418,"variance":0.0000031583219696767,"size":30},"chunks=1 dur=5 len=64 num=100 type=\"recv\"":{"mean":0.040063932636303264,"sqsum":0.000008471000802809466,"variance":2.9210347595895e-7,"size":30},"chunks=2 dur=5 len=64 num=100 type=\"send\"":{"mean":0.11900043443497882,"sqsum":0.00017455108278059594,"variance":0.00000601900285450331,"size":30},"chunks=2 dur=5 len=64 num=100 type=\"recv\"":{"mean":0.038146119627510834,"sqsum":0.000018800185288811275,"variance":6.4828225133832e-7,"size":30},"chunks=4 dur=5 len=64 num=100 type=\"send\"":{"mean":0.107964030563843,"sqsum":0.00009824470541879726,"variance":0.00000338774846271715,"size":30},"chunks=4 dur=5 len=64 num=100 type=\"recv\"":{"mean":0.034595687042034445,"sqsum":0.000004741250124702521,"variance":1.6349138361043e-7,"size":30},"chunks=8 dur=5 len=64 num=100 type=\"send\"":{"mean":0.09198143237687113,"sqsum":0.000053949318587102826,"variance":0.00000186032133058975,"size":30},"chunks=8 dur=5 len=64 num=100 type=\"recv\"":{"mean":0.02933500629834895,"sqsum":0.000009998812597596277,"variance":3.4478664129642e-7,"size":30},"chunks=1 dur=5 len=256 num=100 type=\"send\"":{"mean":0.49804263434937335,"sqsum":0.002030183192576292,"variance":0.00007000631698538937,"size":30},"chunks=1 dur=5 len=256 num=100 type=\"recv\"":{"mean":0.15976949595176188,"sqsum":0.00026375566016136065,"variance":0.00000909502276418485,"size":30},"chunks=2 dur=5 len=256 num=100 type=\"send\"":{"mean":0.4713553651435398,"sqsum":0.0029321994842371932,"variance":0.00010111032704266183,"size":30},"chunks=2 dur=5 len=256 num=100 type=\"recv\"":{"mean":0.15057980143928262,"sqsum":0.00019813640069388054,"variance":0.00000683228967909933,"size":30},"chunks=4 dur=5 len=256 num=100 type=\"send\"":{"mean":0.4277882249147019,"sqsum":0.0010965762573816274,"variance":0.00003781297439246991,"size":30},"chunks=4 dur=5 len=256 num=100 type=\"recv\"":{"mean":0.1369885834563591,"sqsum":0.00010440575615592469,"variance":0.00000360019848813533,"size":30},"chunks=8 dur=5 len=256 num=100 type=\"send\"":{"mean":0.36394395302604854,"sqsum":0.0006901232049525492,"variance":0.00002379735189491549,"size":30},"chunks=8 dur=5 len=256 num=100 type=\"recv\"":{"mean":0.11646943699688828,"sqsum":0.00010031001937510454,"variance":0.00000345896618534843,"size":30},"chunks=1 dur=5 len=1024 num=100 type=\"send\"":{"mean":1.9704982792410608,"sqsum":0.025927716224713994,"variance":0.0008940591801625514,"size":30},"chunks=1 dur=5 len=1024 num=100 type=\"recv\"":{"mean":0.629704362572594,"sqsum":0.003880167706833537,"variance":0.00013379888644253577,"size":30},