{"convertprotocols":{"n=1":{"mean":3946.277213909457,"sqsum":598838.3032227439,"variance":20649.596662853237,"size":30},"n=50000":{"mean":1053121.581346037,"sqsum":2502687832.986584,"variance":86299580.44781326,"size":30}},"secure-pair":{"dur=5 securing=\"SecurePair\" size=100":{"mean":1883.2141166009283,"sqsum":26288.123165467518,"variance":906.4870057057765,"size":30},"dur=5 securing=\"SecurePair\" size=1024":{"mean":2671.5471495622437,"sqsum":104405.12291951478,"variance":3600.1766523970614,"size":30},"dur=5 securing=\"SecurePair\" size=1048576":{"mean":3913.5570997134814,"sqsum":51182.411553185375,"variance":1764.910743213289,"size":30},"dur=5 securing=\"TLSSocket\" size=100":{"mean":1904.972316602271,"sqsum":15765.802190313283,"variance":543.6483513901131,"size":30},"dur=5 securing=\"TLSSocket\" size=1024":{"mean":2736.9796595714165,"sqsum":60058.3096371815,"variance":2070.9761943855688,"size":30},"dur=5 securing=\"TLSSocket\" size=1048576":{"mean":4246.177701133735,"sqsum":87953.77305708636,"variance":3032.8887261064265,"size":30},"dur=5 securing=\"clear\" size=100":{"mean":650.6438137100613,"sqsum":1853.9676331068988,"variance":63.92991838299651,"size":30},"dur=5 securing=\"clear\" size=1024":{"mean":4017.6668147263813,"sqsum":2346298.059915239,"variance":80906.82965224962,"size":30},"dur=5 securing=\"clear\" size=1048576":{"mean":10248.602304746139,"sqsum":36179371.442138575,"variance":1247564.532487537,"size":30}},"throughput-c2s":{"dur=5 size=100 type=\"buf\"":{"mean":2212.9365093998795,"sqsum":9968.126590370073,"variance":343.7285031162094,"size":30},"dur=5 size=1024 type=\"buf\"":{"mean":3642.3523906800183,"sqsum":51124.870217553915,"variance":1762.926559225997,"size":30},"dur=5 size=1048576 type=\"buf\"":{"mean":6400.567959150036,"sqsum":70022.69892337426,"variance":2414.5758249439405,"size":30},"dur=5 size=4194304 type=\"buf\"":{"mean":5984.520529045281,"sqsum":53789.42479914074,"variance":1854.8077516945082,"size":30},"dur=5 size=16777216 type=\"buf\"":{"mean":5845.60691763386,"sqsum":38098.55425895174,"variance":1313.743250308681,"size":30},"dur=5 size=100 type=\"asc\"":{"mean":1149.113604127565,"sqsum":2563.7283774111784,"variance":88.40442680728201,"size":30},"dur=5 size=1024 type=\"asc\"":{"mean":3063.860615244455,"sqsum":38349.367728143014,"variance":1322.391990625621,"size":30},"dur=5 size=1048576 type=\"asc\"":{"mean":5993.339941809284,"sqsum":133948.2949591801,"variance":4618.9067227303485,"size":30},"dur=5 size=4194304 type=\"asc\"":{"mean":5263.747201234856,"sqsum":35309.84051716214,"variance":1217.5807074883498,"size":30},"dur=5 size=16777216 type=\"asc\"":{"mean":5393.913056546205,"sqsum":31492.644529664754,"variance":1085.9532596436122,"size":30},"dur=5 size=100 type=\"utf\"":{"mean":1203.880410837141,"sqsum":1525.4814839075086,"variance":52.60280978991409,"size":30},"dur=5 size=1024 type=\"utf\"":{"mean":3035.1391550351436,"sqsum":16806.287123191472,"variance":579.5271421790162,"size":30},"dur=5 size=1048576 type=\"utf\"":{"mean":4445.160740277179,"sqsum":29879.21716972459,"variance":1030.317833438779,"size":30},"dur=5 size=4194304 type=\"utf\"":{"mean":4223.162530883733,"sqsum":12359.882540160646,"variance":426.20284621243604,"size":30},"dur=5 size=16777216 type=\"utf\"":{"mean":4140.106431504636,"sqsum":7709.87627179358,"variance":265.85780247564065,"size":30}},"throughput-s2c":{"dur=5 recvbufgenfn=\"true\" recvbuflen=0 sendchunklen=256 type=\"buf\"":{"mean":3036.812301013608,"sqsum":21530.43100126187,"variance":742.4286552159265,"size":30},"dur=5 recvbufgenfn=\"false\" recvbuflen=0 sendchunklen=256 type=\"buf\"":{"mean":3039.7088789750014,"sqsum":30181.393184601973,"variance":1040.7376960207578,"size":30},"dur=5 recvbufgenfn=\"true\" recvbuflen=65536 sendchunklen=256 type=\"buf\"":{"mean":3467.2733641962564,"sqsum":47047.251116035106,"variance":1622.3190040012107,"size":30},"dur=5 recvbufgenfn=\"false\" recvbuflen=65536 sendchunklen=256 type=\"buf\"":{"mean":3498.164347080222,"sqsum":44931.62591540647,"variance":1549.3664108760852,"size":30},"dur=5 recvbufgenfn=\"true\" recvbuflen=1048576 sendchunklen=256 type=\"buf\"":{"mean":3466.604476286016,"sqsum":36888.77288474265,"variance":1272.0266511980224,"size":30},"dur=5 recvbufgenfn=\"false\" recvbuflen=1048576 sendchunklen=256 type=\"buf\"":{"mean":3473.972076932445,"sqsum":44106.05823569556,"variance":1520.8985598515708,"size":30},"dur=5 recvbufgenfn=\"true\" recvbuflen=0 sendchunklen=32768 type=\"buf\"":{"mean":5840.995409780333,"sqsum":57984.57704873325,"variance":1999.4681740942501,"size":30},"dur=5 recvbufgenfn=\"false\" recvbuflen=0 sendchunklen=32768 type=\"buf\"":{"mean":5821.00723586147,"sqsum":63003.58239099223,"variance":2172.5373238273182,"size":30},"dur=5 recvbufgenfn=\"true\" recvbuflen=65536 sendchunklen=32768 type=\"buf\"":{"mean":7087.342037685862,"sqsum":148744.73900312016,"variance":5129.128931142075,"size":30},"dur=5 recvbufgenfn=\"false\" recvbuflen=65536 sendchunklen=32768 type=\"buf\"":{"mean":7163.718539356373,"sqsum":116804.50658962829,"variance":4027.7416065389066,"size":30},"dur=5 recvbufgenfn=\"true\" recvbuflen=1048576 sendchunklen=32768 type=\"buf\"":{"mean":7069.2990158272005,"sqsum":143724.79549295883,"variance":4956.027430791684,"size":30},"dur=5 recvbufgenfn=\"false\" recvbuflen=1048576 sendchunklen=32768 type=\"buf\"":{"mean":7138.689893460869,"sqsum":102962.42421306645,"variance":3550.428421140223,"size":30},"dur=5 recvbufgenfn=\"true\" recvbuflen=0 sendchunklen=131072 type=\"buf\"":{"mean":6294.1137148192065,"sqsum":67138.9165121561,"variance":2315.1350521433133,"size":30},"dur=5 recvbufgenfn=\"false\" recvbuflen=0 sendchunklen=131072 type=\"buf\"":{"mean":6307.721584510989,"sqsum":60179.10062003544,"variance":2075.141400690877,"size":30},"dur=5 recvbufgenfn=\"true\" recvbuflen=65536 sendchunklen=131072 type=\"buf\"":{"mean":7824.259658409628,"sqsum":86609.66802685725,"variance":2986.540276788181,"size":30},"dur=5 recvbufgenfn=\"false\" recvbuflen=65536 sendchunklen=131072 type=\"buf\"":{"mean":7913.294469585147,"sqsum":76072.32548841777,"variance":2623.1836375316475,"size":30},"dur=5 recvbufgenfn=\"true\" recvbuflen=1048576 sendchunklen=131072 type=\"buf\"":{"mean":7800.968988890805,"sqsum":106800.98519973227,"variance":3682.792593094216,"size":30},"dur=5 recvbufgenfn=\"false\" recvbuflen=1048576 sendchunklen=131072 type=\"buf\"":{"mean":7898.968520685983,"sqsum":87184.09306661246,"variance":3006.34803677974,"size":30},"dur=5 recvbufgenfn=\"true\" recvbuflen=0 sendchunklen=16777216 type=\"buf\"":{"mean":5848.795975846087,"sqsum":40103.532098586234,"variance":1382.8804171926288,"size":30},"dur=5 recvbufgenfn=\"false\" recvbuflen=0 sendchunklen=16777216 type=\"buf\"":{"mean":5854.682800365754,"sqsum":47192.66049597269,"variance":1627.3331205507823,"size":30},"dur=5 recvbufgenfn=\"true\" recvbuflen=65536 sendchunklen=16777216 type=\"buf\"":{"mean":6955.779254051803,"sqsum":34856.55219913636,"variance":1201.9500758322881,"size":30},"dur=5 recvbufgenfn=\"false\" recvbuflen=65536 sendchunklen=16777216 type=\"buf\"":{"mean":7017.328132367983,"sqsum":26865.839565416718,"variance":926.4082608764386,"size":30},"dur=5 recvbufgenfn=\"true\" recvbuflen=1048576 sendchunklen=16777216 type=\"buf\"":{"mean":6949.246848432356,"sqsum":39635.05728863124,"variance":1366.726113401077,"size":30},"dur=5 recvbufgenfn=\"false\" recvbuflen=1048576 sendchunklen=16777216 type=\"buf\"":{"mean":7039.029803126957,"sqsum":32448.842272328573,"variance":1118.925595597537,"size":30},"dur=5 recvbufgenfn=\"true\" recvbuflen=0 sendchunklen=256 type=\"asc\"":{"mean":2022.937785010711,"sqsum":6985.709607037008,"variance":240.88653817368993,"size":30},"dur=5 recvbufgenfn=\"false\" recvbuflen=0 sendchunklen=256 type=\"asc\"":{"mean":2025.969405002477,"sqsum":6460.255777828604,"variance":222.76744061477942,"size":30},"dur=5 recvbufgenfn=\"true\" recvbuflen=65536 sendchunklen=256 type=\"asc\"":{"mean":2200.3871202938453,"sqsum":8754.651064135629,"variance":301.88451945295276,