{"atomics-wait":{"n=10000000":{"mean":10115345.737650508,"sqsum":1107840106617.4397,"variance":38201382986.808266,"size":30}},"echo":{"n=100000 payload=\"string\" sendsPerBroadcast=1 workers=1":{"mean":55593.4521958764,"sqsum":23957631.82972301,"variance":826125.23550769,"size":30},"n=100000 payload=\"string\" sendsPerBroadcast=10 workers=1":{"mean":19636.6700681838,"sqsum":5786923.442812319,"variance":199549.08423490755,"size":30},"n=100000 payload=\"object\" sendsPerBroadcast=1 workers=1":{"mean":34649.501314905465,"sqsum":66268127.40912438,"variance":2285107.8416939443,"size":30},"n=100000 payload=\"object\" sendsPerBroadcast=10 workers=1":{"mean":9806.788368871517,"sqsum":828545.8079685225,"variance":28570.54510236285,"size":30}},"messageport":{"n=1000000 payload=\"string\"":{"mean":456071.31340485875,"sqsum":5253761587.745426,"variance":181164192.68087676,"size":30},"n=1000000 payload=\"object\"":{"mean":196601.80220366217,"sqsum":446287745.9682811,"variance":15389232.619595898,"size":30}}}