{"format":{"n=100000 type=\"string\"":{"mean":5361942.4417827595,"sqsum":33609959890.84645,"variance":1158964134.167119,"size":30},"n=100000 type=\"string-2\"":{"mean":4181459.2800053023,"sqsum":45307258238.233505,"variance":1562319249.594259,"size":30},"n=100000 type=\"number\"":{"mean":5387154.150193819,"sqsum":21767587607.885773,"variance":750606469.2374405,"size":30},"n=100000 type=\"replace-object\"":{"mean":2331336.724933722,"sqsum":37598648078.07782,"variance":1296505106.1406145,"size":30},"n=100000 type=\"unknown\"":{"mean":7633964.748435945,"sqsum":114919558220.43771,"variance":3962743386.9116454,"size":30},"n=100000 type=\"no-replace\"":{"mean":6268900.902579871,"sqsum":52264034002.3531,"variance":1802208069.0466588,"size":30},"n=100000 type=\"no-replace-2\"":{"mean":8129920.5719530005,"sqsum":193436222581.26288,"variance":6670214571.767685,"size":30},"n=100000 type=\"only-objects\"":{"mean":531160.2565168856,"sqsum":5252677635.191929,"variance":181126815.00661826,"size":30},"n=100000 type=\"many-%\"":{"mean":3029208.785930853,"sqsum":5737068989.277487,"variance":197829965.14749956,"size":30},"n=100000 type=\"object-to-string\"":{"mean":3836626.376193236,"sqsum":9061873978.125101,"variance":312478413.03879654,"size":30},"n=100000 type=\"object-%s\"":{"mean":630988.1388862038,"sqsum":3666119067.4922156,"variance":126417898.87904193,"size":30}},"inspect-array":{"len=100 n=500 type=\"denseArray\"":{"mean":16244.679936450379,"sqsum":554087.8607104785,"variance":19106.47795553374,"size":30},"len=100 n=500 type=\"sparseArray\"":{"mean":118202.42881699474,"sqsum":136771115.13424292,"variance":4716245.349456653,"size":30},"len=100 n=500 type=\"mixedArray\"":{"mean":17541.444640107264,"sqsum":625093.7930432119,"variance":21554.958380800414,"size":30},"len=100 n=500 type=\"denseArray_showHidden\"":{"mean":15717.028453035944,"sqsum":387531.6950239698,"variance":13363.161897378268,"size":30},"len=100000 n=500 type=\"denseArray\"":{"mean":15903.05686098631,"sqsum":531364.7148698667,"variance":18322.921202409198,"size":30},"len=100000 n=500 type=\"sparseArray\"":{"mean":3074.5043757574626,"sqsum":5234.34943177149,"variance":180.49480799212034,"size":30},"len=100000 n=500 type=\"mixedArray\"":{"mean":2688.662880305265,"sqsum":9937.88348074759,"variance":342.6856372671583,"size":30},"len=100000 n=500 type=\"denseArray_showHidden\"":{"mean":14943.199502503005,"sqsum":333702.1351655694,"variance":11506.970178123081,"size":30}},"inspect-proxy":{"isProxy=0 n=100000 showProxy=0":{"mean":462057.1095643675,"sqsum":1410859439.2480607,"variance":48650325.49131244,"size":30},"isProxy=1 n=100000 showProxy=0":{"mean":459990.099512724,"sqsum":1781447182.602525,"variance":61429213.19319052,"size":30},"isProxy=0 n=100000 showProxy=1":{"mean":460875.0134247986,"sqsum":2284383588.843374,"variance":78771847.89115082,"size":30},"isProxy=1 n=100000 showProxy=1":{"mean":237463.52535633897,"sqsum":1185383896.237705,"variance":40875306.76681742,"size":30}},"inspect":{"method=\"Object\" n=20000 option=\"showHidden\"":{"mean":392443.69098909275,"sqsum":910022639.3027166,"variance":31380091.010438506,"size":30},"method=\"Object\" n=20000 option=\"colors\"":{"mean":218513.6526341932,"sqsum":1605235232.5750036,"variance":55352939.05431047,"size":30},"method=\"Object\" n=20000 option=\"none\"":{"mean":415969.7441047132,"sqsum":430108075.6754269,"variance":14831312.954325065,"size":30},"method=\"Object_empty\" n=20000 option=\"showHidden\"":{"mean":957950.711778011,"sqsum":850808203.6159024,"variance":29338213.91778974,"size":30},"method=\"Object_empty\" n=20000 option=\"colors\"":{"mean":1078128.8890765475,"sqsum":1397906010.222595,"variance":48203655.524917066,"size":30},"method=\"Object_empty\" n=20000 option=\"none\"":{"mean":1153410.184736509,"sqsum":3368662797.5348973,"variance":116160786.12189302,"size":30},"method=\"Object_deep_ln\" n=20000 option=\"showHidden\"":{"mean":183677.1288308947,"sqsum":256861976.05180413,"variance":8857309.519027729,"size":30},"method=\"Object_deep_ln\" n=20000 option=\"colors\"":{"mean":91423.4124323982,"sqsum":145518170.91331398,"variance":5017867.962528069,"size":30},"method=\"Object_deep_ln\" n=20000 option=\"none\"":{"mean":196950.73085518225,"sqsum":62286933.58755282,"variance":2147825.296122511,"size":30},"method=\"String\" n=20000 option=\"showHidden\"":{"mean":1791980.6866479767,"sqsum":8683154205.127895,"variance":299419110.52165157,"size":30},"method=\"String\" n=20000 option=\"colors\"":{"mean":1462523.9336866548,"sqsum":5603043995.662128,"variance":193208413.64352167,"size":30},"method=\"String\" n=20000 option=\"none\"":{"mean":1981340.128265215,"sqsum":11246467266.351862,"variance":387809216.0810987,"size":30},"method=\"String_complex\" n=20000 option=\"showHidden\"":{"mean":1270451.2833477014,"sqsum":2938121455.3649716,"variance":101314532.94361971,"size":30},"method=\"String_complex\" n=20000 option=\"colors\"":{"mean":1095645.494571829,"sqsum":2788170709.8473053,"variance":96143817.58094156,"size":30},"method=\"String_complex\" n=20000 option=\"none\"":{"mean":1357047.3170035756,"sqsum":2243704969.5662017,"variance":77369136.88159317,"size":30},"method=\"String_boxed\" n=20000 option=\"showHidden\"":{"mean":289522.7226714112,"sqsum":1209041844.0327132,"variance":41691098.07009356,"size":30},"method=\"String_boxed\" n=20000 option=\"colors\"":{"mean":411858.690410073,"sqsum":1149995375.743005,"variance":39655012.956655346,"size":30},"method=\"String_boxed\" n=20000 option=\"none\"":{"mean":471114.3090422196,"sqsum":660472516.8921224,"variance":22774914.37559043,"size":30},"method=\"Date\" n=20000 option=\"showHidden\"":{"mean":652903.8557379371,"sqsum":2428091043.002081,"variance":83727277.34489934,"size":30},"method=\"Date\" n=20000 option=\"colors\"":{"mean":640448.67339686,"sqsum":6962103881.821644,"variance":240072547.6490222,"size":30},"method=\"Date\" n=20000 option=\"none\"":{"mean":734703.4305382863,"sqsum":2320711008.017528,"variance":80024517.5178458,"size":30},"method=\"Set\" n=20000 option=\"showHidden\"":{"mean":517864.17264556873,"sqsum":1232507994.456474,"variance":42500275.6709129,"size":30},"method=\"Set\" n=20000 option=\"colors\"":{"mean":400559.51458762115,"sqsum":1312795730.6218429,"variance":45268818.29730492,"size":30},"method=\"Set\" n=20000 option=\"none\"":{"mean":557769.4584548052,"sqsum":1258364718.6957664,"variance":43391886.85157815,"size":30},"method=\"Error\" n=20000 option=\"showHidden\"":{"mean":140287.854041552,"sqsum":161305176.54403627,"variance":5562247.467035733,"size":30},"method=\"Error\" n=20000 option=\"colors\"":{"mean":348096.3265300665,"sqsum":2393510182.148825,"variance":82534833.86720087,"size":30},"method=\"Error\" n=20000 option=\"none\"":{"mean":662860.1344176001,"sqsum":2526069455.2732267,"variance":87105843.28528368,"size":30},"method=\"Array\" n=20000 option=\"showHidden\"":{"mean":76183.397314261,"sqsum":40048158.66489597,"variance":1380970.9884446885,"size":30},"method=\"Array\" n=20000 option=\"colors\"":{"mean":35371.71844254356,"sqsum":544165.7836022163,"variance":18764.337365593663,"size":30},"method=\"Array\" n=20000 option=\"none\"":{"mean":86601.17786624956,"sqsum":31933545.828557298,"variance":1101156.7527088723,"size":30},"method=\"TypedArray\" n=20000 option=\"showHidden\"":{"mean":158286.33220130927,"sqsum":76118670.94948356,"variance":2624781.7568787434,"size":30},"method=\"TypedArray\" n=20000 option=\"colors\"":{"mean":46912.458526539245,"sqsum":2182249.174608867,"variance":75249.9715382368,"size":30},"method=\"TypedArray\" n=20000 option=\"none\"":{"mean":202888.37492245802,"sqsum":26971236.074216746,"variance":930042.6232488533,"size":30},"method=\"TypedArray_extra\" n=20000 option=\"showHidden\"":{"mean":121053.0672891807,"sqsum":121635218.58554298,"variance":4194317.882260103,"size":30},"method=\"TypedArray_extra\" n=20000 option=\"colors\"":{"mean":38874.48480253139,"sqsum":2276205.7308837045,"variance":78489.85278909326,"size":30},