{"array-vs-concat":{"chunks=1 dur=5 len=64 num=100 type=\"concat\"":{"mean":0.12438900459288872,"sqsum":0.00008912116485908549,"variance":0.00000307314361583053,"size":30},"chunks=1 dur=5 len=64 num=100 type=\"multi\"":{"mean":0.12659932003418167,"sqsum":0.000087041733841851,"variance":0.00000300143909799486,"size":30},"chunks=2 dur=5 len=64 num=100 type=\"concat\"":{"mean":0.1196801380485294,"sqsum":0.0000986828550329913,"variance":0.00000340285707010315,"size":30},"chunks=2 dur=5 len=64 num=100 type=\"multi\"":{"mean":0.11835760605881697,"sqsum":0.00009912976555728909,"variance":0.00000341826777783755,"size":30},"chunks=4 dur=5 len=64 num=100 type=\"concat\"":{"mean":0.11363833570588536,"sqsum":0.00009149074460214292,"variance":0.00000315485326214286,"size":30},"chunks=4 dur=5 len=64 num=100 type=\"multi\"":{"mean":0.10607097570274605,"sqsum":0.00004641061830558721,"variance":0.00000160036614846852,"size":30},"chunks=8 dur=5 len=64 num=100 type=\"concat\"":{"mean":0.10256959608590423,"sqsum":0.000049983010574904646,"variance":0.00000172355208878982,"size":30},"chunks=8 dur=5 len=64 num=100 type=\"multi\"":{"mean":0.08774815543080221,"sqsum":0.00004544203890879194,"variance":0.00000156696685892386,"size":30},"chunks=1 dur=5 len=256 num=100 type=\"concat\"":{"mean":0.4828683823348015,"sqsum":0.0025043765612271273,"variance":0.00008635781245610783,"size":30},"chunks=1 dur=5 len=256 num=100 type=\"multi\"":{"mean":0.5052180166245145,"sqsum":0.000965113036354976,"variance":0.00003327975987430951,"size":30},"chunks=2 dur=5 len=256 num=100 type=\"concat\"":{"mean":0.4637678553116877,"sqsum":0.0012618332435829465,"variance":0.00004351149115803264,"size":30},"chunks=2 dur=5 len=256 num=100 type=\"multi\"":{"mean":0.4727620576710811,"sqsum":0.001876756995964256,"variance":0.00006471575848152607,"size":30},"chunks=4 dur=5 len=256 num=100 type=\"concat\"":{"mean":0.44206011921160204,"sqsum":0.0009890759481490771,"variance":0.00003410606717755438,"size":30},"chunks=4 dur=5 len=256 num=100 type=\"multi\"":{"mean":0.4212804754390265,"sqsum":0.0008123695716931288,"variance":0.0000280127438514872,"size":30},"chunks=8 dur=5 len=256 num=100 type=\"concat\"":{"mean":0.4024146325362262,"sqsum":0.000710498418341271,"variance":0.00002449994546004383,"size":30},"chunks=8 dur=5 len=256 num=100 type=\"multi\"":{"mean":0.3473909274230708,"sqsum":0.0005837181944693075,"variance":0.00002012821360238992,"size":30},"chunks=1 dur=5 len=512 num=100 type=\"concat\"":{"mean":0.942935722788203,"sqsum":0.009592171291907096,"variance":0.00033076452730714125,"size":30},"chunks=1 dur=5 len=512 num=100 type=\"multi\"":{"mean":1.0062866645852937,"sqsum":0.006621899720389303,"variance":0.0002283413696685967,"size":30},"chunks=2 dur=5 len=512 num=100 type=\"concat\"":{"mean":0.9101994344000938,"sqsum":0.004777504619888379,"variance":0.00016474153861684065,"size":30},"chunks=2 dur=5 len=512 num=100 type=\"multi\"":{"mean":0.9413785658508148,"sqsum":0.005479270055935689,"variance":0.00018894034675640307,"size":30},"chunks=4 dur=5 len=512 num=100 type=\"concat\"":{"mean":0.8594465935905602,"sqsum":0.005147724132214275,"variance":0.00017750772869704398,"size":30},"chunks=4 dur=5 len=512 num=100 type=\"multi\"":{"mean":0.8349877540395616,"sqsum":0.0053061101353879545,"variance":0.00018296931501337774,"size":30},"chunks=8 dur=5 len=512 num=100 type=\"concat\"":{"mean":0.7905073716165034,"sqsum":0.0036168906465044543,"variance":0.00012472036712084326,"size":30},"chunks=8 dur=5 len=512 num=100 type=\"multi\"":{"mean":0.689000044826916,"sqsum":0.0017219747331126871,"variance":0.00005937843907285128,"size":30},"chunks=1 dur=5 len=1024 num=100 type=\"concat\"":{"mean":1.78761147783294,"sqsum":0.02961448527881557,"variance":0.0010211891475453644,"size":30},"chunks=1 dur=5 len=1024 num=100 type=\"multi\"":{"mean":2.001637239293992,"sqsum":0.03105346115433361,"variance":0.0010708090053218487,"size":30},"chunks=2 dur=5 len=1024 num=100 type=\"concat\"":{"mean":1.7368454550332442,"sqsum":0.010456075993838776,"variance":0.0003605543446151302,"size":30},"chunks=2 dur=5 len=1024 num=100 type=\"multi\"":{"mean":1.863217348749509,"sqsum":0.02665380987963438,"variance":0.0009190968924011855,"size":30},"chunks=4 dur=5 len=1024 num=100 type=\"concat\"":{"mean":1.6660471798044911,"sqsum":0.011611801875387455,"variance":0.00040040696122025705,"size":30},"chunks=4 dur=5 len=1024 num=100 type=\"multi\"":{"mean":1.6599724406384428,"sqsum":0.015233150110524434,"variance":0.000525281038293946,"size":30},"chunks=8 dur=5 len=1024 num=100 type=\"concat\"":{"mean":1.5199891866168418,"sqsum":0.009026518636029738,"variance":0.00031125926331137025,"size":30},"chunks=8 dur=5 len=1024 num=100 type=\"multi\"":{"mean":1.3741674239161838,"sqsum":0.008013028149920472,"variance":0.000276311315514499,"size":30}},"bind-params":{"address=\"true\" n=10000 port=\"true\"":{"mean":272074.34804968874,"sqsum":506730975.6335446,"variance":17473481.91839809,"size":30},"address=\"false\" n=10000 port=\"true\"":{"mean":276191.9627354702,"sqsum":332029807.8717425,"variance":11449303.719715258,"size":30},"address=\"false\" n=10000 port=\"false\"":{"mean":278090.47284431854,"sqsum":338753041.4907358,"variance":11681139.361749511,"size":30}},"multi-buffer":{"chunks=1 dur=5 len=64 num=100 type=\"send\"":{"mean":0.1259714202465763,"sqsum":0.00016119453956760447,"variance":0.00000555843239888291,"size":30},"chunks=1 dur=5 len=64 num=100 type=\"recv\"":{"mean":0.04062757149763663,"sqsum":0.000013622088585863984,"variance":4.69727192616e-7,"size":30},"chunks=2 dur=5 len=64 num=100 type=\"send\"":{"mean":0.11806207433168718,"sqsum":0.00008857225419703745,"variance":0.00000305421566196681,"size":30},"chunks=2 dur=5 len=64 num=100 type=\"recv\"":{"mean":0.03796621395203018,"sqsum":0.000014596618997521658,"variance":5.0333168956971e-7,"size":30},"chunks=4 dur=5 len=64 num=100 type=\"send\"":{"mean":0.10600873478067273,"sqsum":0.000052229498468015966,"variance":0.00000180101718855227,"size":30},"chunks=4 dur=5 len=64 num=100 type=\"recv\"":{"mean":0.033921366203948165,"sqsum":0.00000637244084170835,"variance":2.1973933936925e-7,"size":30},"chunks=8 dur=5 len=64 num=100 type=\"send\"":{"mean":0.08760163363847177,"sqsum":0.00004234413130776742,"variance":0.00000146014245888853,"size":30},"chunks=8 dur=5 len=64 num=100 type=\"recv\"":{"mean":0.028041927262741885,"sqsum":0.000004288636053846298,"variance":1.4788400185677e-7,"size":30},"chunks=1 dur=5 len=256 num=100 type=\"send\"":{"mean":0.5031145208731304,"sqsum":0.0010206760444910709,"variance":0.00003519572567210589,"size":30},"chunks=1 dur=5 len=256 num=100 type=\"recv\"":{"mean":0.16173225992996818,"sqsum":0.00011773686320366859,"variance":0.00000405989183460926,"size":30},"chunks=2 dur=5 len=256 num=100 type=\"send\"":{"mean":0.4690073984941346,"sqsum":0.0017937405296673226,"variance":0.0000618531217126663,"size":30},"chunks=2 dur=5 len=256 num=100 type=\"recv\"":{"mean":0.15133893243102753,"sqsum":0.0001502614509071446,"variance":0.00000518142934162568,"size":30},"chunks=4 dur=5 len=256 num=100 type=\"send\"":{"mean":0.41930922924312364,"sqsum":0.0013837546081646409,"variance":0.00004771567614360831,"size":30},"chunks=4 dur=5 len=256 num=100 type=\"recv\"":{"mean":0.13476842530247574,"sqsum":0.0000892879038369317,"variance":0.00000307889323575627,"size":30},"chunks=8 dur=5 len=256 num=100 type=\"send\"":{"mean":0.3478968002418606,"sqsum":0.0005169203530625161,"variance":0.00001782483976077642,"size":30},"chunks=8 dur=5 len=256 num=100 type=\"recv\"":{"mean":0.11132393488925943,"sqsum":0.00004559642358121036,"variance":0.0000015722904683176,"size":30},"chunks=1 dur=5 len=1024 num=100 type=\"send\"":{"mean":1.999502649594422,"sqsum":0.029158191697444494,"variance":0.0010054548861187756,"size":30},"chunks=1 dur=5 len=1024 num=100 type=\"recv\"":{"mean":0.6356810985759398,"sqsum":0.003981217898627618,"variance":0.00013728337581474543,"size":30},