{"defaultparams-bench":{"method=\"withoutdefaults\" n=100000000":{"mean":669691838.3352056,"sqsum":1035377363538891.8,"variance":35702667708237.65,"size":30},"method=\"withdefaults\" n=100000000":{"mean":670881874.694188,"sqsum":1091945341835986,"variance":37653287649516.76,"size":30}},"destructuring-bench":{"method=\"swap\" n=100000000":{"mean":378835883.9295665,"sqsum":33057620064175.152,"variance":1139917933247.4192,"size":30},"method=\"destructure\" n=100000000":{"mean":286177842.4869189,"sqsum":30148732984346.348,"variance":1039611482218.8396,"size":30}},"destructuring-object-bench":{"method=\"normal\" n=100000000":{"mean":1666528506.321778,"sqsum":7388615375319713,"variance":254779840528265.97,"size":30},"method=\"destructureObject\" n=100000000":{"mean":1656772069.7619853,"sqsum":5216616168755445,"variance":179883316163980.84,"size":30}},"foreach-bench":{"count=5 method=\"for\" n=5000000":{"mean":186308271.4795579,"sqsum":20065002962791.605,"variance":691896653889.3657,"size":30},"count=10 method=\"for\" n=5000000":{"mean":119998993.43779747,"sqsum":5674262793780.149,"variance":195664234268.281,"size":30},"count=20 method=\"for\" n=5000000":{"mean":68859101.92214012,"sqsum":535938591065717.75,"variance":18480641071231.65,"size":30},"count=100 method=\"for\" n=5000000":{"mean":14276825.700935181,"sqsum":38987874426.121864,"variance":1344409462.9697194,"size":30},"count=5 method=\"for-of\" n=5000000":{"mean":126496357.59007522,"sqsum":80487091977855.16,"variance":2775416964753.626,"size":30},"count=10 method=\"for-of\" n=5000000":{"mean":77277217.91552994,"sqsum":14053864097550.004,"variance":484616003363.7932,"size":30},"count=20 method=\"for-of\" n=5000000":{"mean":30046096.249761704,"sqsum":1295833877125.1628,"variance":44683926797.4194,"size":30},"count=100 method=\"for-of\" n=5000000":{"mean":12626700.593683407,"sqsum":56673616225.77111,"variance":1954262628.474866,"size":30},"count=5 method=\"for-in\" n=5000000":{"mean":3565088.635983882,"sqsum":617916212.6756469,"variance":21307455.609505065,"size":30},"count=10 method=\"for-in\" n=5000000":{"mean":2150490.6098620063,"sqsum":4726153987.681169,"variance":162970827.1614196,"size":30},"count=20 method=\"for-in\" n=5000000":{"mean":1288459.9059527528,"sqsum":1666826941.3719578,"variance":57476791.08179165,"size":30},"count=100 method=\"for-in\" n=5000000":{"mean":309800.19171675184,"sqsum":15559961.551222816,"variance":536550.3983180281,"size":30},"count=5 method=\"forEach\" n=5000000":{"mean":142870118.31999245,"sqsum":90852151258594.55,"variance":3132832802020.5015,"size":30},"count=10 method=\"forEach\" n=5000000":{"mean":115086105.313664,"sqsum":164894419495508.34,"variance":5686014465362.357,"size":30},"count=20 method=\"forEach\" n=5000000":{"mean":79575635.29760593,"sqsum":354805171378951.5,"variance":12234661082032.81,"size":30},"count=100 method=\"forEach\" n=5000000":{"mean":23101666.466467187,"sqsum":426596351022.5093,"variance":14710219000.776182,"size":30}},"map-bench":{"method=\"object\" n=1000000":{"mean":494311.9377255108,"sqsum":209591916.7292565,"variance":7227307.473422638,"size":30},"method=\"nullProtoObject\" n=1000000":{"mean":513724.63942302484,"sqsum":107524410.75897843,"variance":3707738.3020337387,"size":30},"method=\"nullProtoLiteralObject\" n=1000000":{"mean":512433.2293191241,"sqsum":175308187.6771196,"variance":6045109.919900676,"size":30},"method=\"storageObject\" n=1000000":{"mean":509196.25765111163,"sqsum":121669201.71473542,"variance":4195489.714301221,"size":30},"method=\"fakeMap\" n=1000000":{"mean":448814.76640249003,"sqsum":91171438.65951294,"variance":3143842.712396998,"size":30},"method=\"map\" n=1000000":{"mean":923780.7100747798,"sqsum":521191910.7877928,"variance":17972134.854751475,"size":30}},"restparams-bench":{"method=\"copy\" n=100000000":{"mean":44597007.35984491,"sqsum":256260091701.74554,"variance":8836554886.267088,"size":30},"method=\"rest\" n=100000000":{"mean":191019462.5402455,"sqsum":7718819650221.969,"variance":266166194835.2403,"size":30},"method=\"arguments\" n=100000000":{"mean":191087628.69609925,"sqsum":7236356516065.89,"variance":249529535036.7548,"size":30}},"spread-assign":{"count=5 method=\"spread\" n=1000000":{"mean":35961182.86324597,"sqsum":2505316625082.8145,"variance":86390228451.13153,"size":30},"count=10 method=\"spread\" n=1000000":{"mean":29144876.327037454,"sqsum":1871941419536.6108,"variance":64549704121.952095,"size":30},"count=20 method=\"spread\" n=1000000":{"mean":162984.92111149745,"sqsum":357633836.2085395,"variance":12332201.248570327,"size":30},"count=5 method=\"assign\" n=1000000":{"mean":8603370.644851996,"sqsum":193432455523.21906,"variance":6670084673.21445,"size":30},"count=10 method=\"assign\" n=1000000":{"mean":4392797.2718884945,"sqsum":29331924901.90585,"variance":1011445686.2726154,"size":30},"count=20 method=\"assign\" n=1000000":{"mean":138103.56038927555,"sqsum":141655232.22385782,"variance":4884663.180133029,"size":30},"count=5 method=\"_extend\" n=1000000":{"mean":4368778.205932908,"sqsum":1495877085.0833008,"variance":51581968.4511483,"size":30},"count=10 method=\"_extend\" n=1000000":{"mean":2305803.1707006106,"sqsum":1029070687.1572858,"variance":35485196.10887192,"size":30},"count=20 method=\"_extend\" n=1000000":{"mean":422727.7734220481,"sqsum":1077760189.6188908,"variance":37164144.46961693,"size":30}},"spread-bench":{"context=\"context\" count=5 method=\"apply\" n=5000000 rest=0":{"mean":48232243.7564358,"sqsum":5098195751782.017,"variance":175799853509.7247,"size":30},"context=\"context\" count=5 method=\"apply\" n=5000000 rest=1":{"mean":47679295.112689614,"sqsum":9343248315214,"variance":322180976386.68964,"size":30},"context=\"null\" count=5 method=\"apply\" n=5000000 rest=0":{"mean":49066754.311680585,"sqsum":17539180178090.37,"variance":604799316485.8748,"size":30},"context=\"null\" count=5 method=\"apply\" n=5000000 rest=1":{"mean":47595743.27628381,"sqsum":13287655332775.863,"variance":458195011475.0297,"size":30},"context=\"context\" count=10 method=\"apply\" n=5000000 rest=0":{"mean":40679013.772967674,"sqsum":396336301400546,"variance":13666769013811.932,"size":30},"context=\"context\" count=10 method=\"apply\" n=5000000 rest=1":{"mean":40095542.49743591,"sqsum":5328343239203.146,"variance":183735973765.62573,"size":30},"context=\"null\" count=10 method=\"apply\" n=5000000 rest=0":{"mean":41385755.976367004,"sqsum":84599385230266.92,"variance":2917220180354.0317,"size":30},"context=\"null\" count=10 method=\"apply\" n=5000000 rest=1":{"mean":40071741.48574417,"sqsum":6899378480554.063,"variance":237909602777.72632,"size":30},"context=\"context\" count=20 method=\"apply\" n=5000000 rest=0":{"mean":33355319.09790685,"sqsum":2729968237161.9595,"variance":94136835764.20549,"size":30},"context=\"context\" count=20 method=\"apply\" n=5000000 rest=1":{"mean":32290098.548165735,"sqsum":5839496357961.274,"variance":201361943377.97498,"size":30},"context=\"null\" count=20 method=\"apply\" n=5000000 rest=0":{"mean":33330096.354503654,"sqsum":3555000128665.487,"variance":122586211333.29266,"size":30},"context=\"null\" count=20 method=\"apply\" n=5000000 rest=1":{"mean":32172587.782013785,"sqsum":2929990577476.856,"variance":101034157844.02951,"size":30},"context=\"context\" count=5 method=\"spread\" n=5000000 rest=0":{"mean":51920242.78315819,"sqsum":9103167005435.775,"variance":313902310532.2681,"size":30},"context=\"context\" count=5 method=\"spread\" n=5000000 rest=1":{"mean":50982572.31719394,"sqsum":15808946910600.799,"variance":545136100365.5448,"size":30},"context=\"null\" count=5 method=\"spread\" n=5000000 rest=0":{"mean":59614214.40882273,"sqsum":20443944848425.684,"variance":704963615462.9546,"size":30},"context=\"null\" count=5 method=\"spread\" n=5000000 rest=1":{"mean":58198976.954809695,"sqsum":13591936824515.305,"variance":468687476707.4243,"size":30},"context=\"context\" count=10 method=\"spread\" n=5000000 rest=0":{"mean":42135276.84761519,"sqsum":426493275808864.2,