{"basename-posix":{"n=100000 pathext=\"\"":{"mean":10958752.443628484,"sqsum":414929764719.88055,"variance":14307922921.375193,"size":30},"n=100000 pathext=\"/\"":{"mean":9755149.242362134,"sqsum":201436526084.65616,"variance":6946087106.367455,"size":30},"n=100000 pathext=\"/foo\"":{"mean":8585929.091707716,"sqsum":75759058898.93048,"variance":2612381341.3424306,"size":30},"n=100000 pathext=\"/foo/.bar.baz\"":{"mean":5998372.998380069,"sqsum":30862903739.35669,"variance":1064238059.9778169,"size":30},"n=100000 pathext=\"/foo/.bar.baz|.baz\"":{"mean":4410696.78005703,"sqsum":76677365755.74507,"variance":2644047095.025692,"size":30},"n=100000 pathext=\"foo\"":{"mean":9090345.681720933,"sqsum":167530757516.41553,"variance":5776922672.979845,"size":30},"n=100000 pathext=\"foo/bar.\"":{"mean":6992927.753513048,"sqsum":53218259420.28916,"variance":1835112393.8030746,"size":30},"n=100000 pathext=\"foo/bar.|.\"":{"mean":5082472.933505606,"sqsum":15916211200.026754,"variance":548834868.9664398,"size":30},"n=100000 pathext=\"/foo/bar/baz/asdf/quux.html\"":{"mean":5905596.444735484,"sqsum":38863544489.5668,"variance":1340122223.7781656,"size":30},"n=100000 pathext=\"/foo/bar/baz/asdf/quux.html|.html\"":{"mean":4250862.9517464815,"sqsum":17987297213.903683,"variance":620251628.0656443,"size":30}},"basename-win32":{"n=100000 pathext=\"\"":{"mean":10188203.512216032,"sqsum":209917685627.54602,"variance":7238540883.708483,"size":30},"n=100000 pathext=\"C:\\\\\"":{"mean":7748629.523579202,"sqsum":161932355946.92633,"variance":5583874342.997459,"size":30},"n=100000 pathext=\"C:\\\\foo\"":{"mean":6944011.4480101,"sqsum":47355423509.694466,"variance":1632945638.2653263,"size":30},"n=100000 pathext=\"D:\\\\foo\\\\.bar.baz\"":{"mean":4970421.303470628,"sqsum":430356589865.5404,"variance":14839882409.156567,"size":30},"n=100000 pathext=\"E:\\\\foo\\\\.bar.baz|.baz\"":{"mean":4046601.271174181,"sqsum":26699941386.08972,"variance":920687634.0030938,"size":30},"n=100000 pathext=\"foo\"":{"mean":7782083.494523356,"sqsum":2831934950087.819,"variance":97652929313.37306,"size":30},"n=100000 pathext=\"foo\\\\bar.\"":{"mean":5716014.251289283,"sqsum":49520153688.64028,"variance":1707591506.5048375,"size":30},"n=100000 pathext=\"foo\\\\bar.|.\"":{"mean":4922439.986935073,"sqsum":13957364618.009909,"variance":481288435.10379,"size":30},"n=100000 pathext=\"\\\\foo\\\\bar\\\\baz\\\\asdf\\\\quux.html\"":{"mean":5334591.082275427,"sqsum":32732114969.527042,"variance":1128693619.6388636,"size":30},"n=100000 pathext=\"\\\\foo\\\\bar\\\\baz\\\\asdf\\\\quux.html|.html\"":{"mean":4222323.516822947,"sqsum":15823023345.328026,"variance":545621494.6664836,"size":30}},"dirname-posix":{"n=100000 path=\"\"":{"mean":11384074.163499702,"sqsum":299885358329.81616,"variance":10340874425.166075,"size":30},"n=100000 path=\"/\"":{"mean":9586550.626387713,"sqsum":179808201230.65256,"variance":6200282801.056984,"size":30},"n=100000 path=\"/foo\"":{"mean":8324944.471679437,"sqsum":1451630420962.6943,"variance":50056221412.50671,"size":30},"n=100000 path=\"/foo/bar\"":{"mean":6689299.323060853,"sqsum":2260083199068.587,"variance":77933903416.15817,"size":30},"n=100000 path=\"foo\"":{"mean":8973042.84246314,"sqsum":126784233603.18735,"variance":4371870124.24784,"size":30},"n=100000 path=\"foo/bar\"":{"mean":8062696.334747676,"sqsum":99828242062.67815,"variance":3442353174.575108,"size":30},"n=100000 path=\"/foo/bar/baz/asdf/quux\"":{"mean":6313203.143136193,"sqsum":41373739796.53167,"variance":1426680682.639023,"size":30}},"dirname-win32":{"n=100000 path=\"\"":{"mean":9934702.328952473,"sqsum":218431951747.03214,"variance":7532136267.139039,"size":30},"n=100000 path=\"\\\\\"":{"mean":8317920.900711477,"sqsum":104359598225.56064,"variance":3598606835.36416,"size":30},"n=100000 path=\"\\\\foo\"":{"mean":7229797.630189358,"sqsum":1000580053553.3446,"variance":34502760467.35671,"size":30},"n=100000 path=\"C:\\\\foo\\\\bar\"":{"mean":5527702.029435139,"sqsum":15971096041.920467,"variance":550727449.7213954,"size":30},"n=100000 path=\"foo\"":{"mean":7542278.515380575,"sqsum":109929341243.69293,"variance":3790666939.437687,"size":30},"n=100000 path=\"foo\\\\bar\"":{"mean":6833837.37594522,"sqsum":44991171873.85667,"variance":1551419719.7881608,"size":30},"n=100000 path=\"D:\\\\foo\\\\bar\\\\baz\\\\asdf\\\\quux\"":{"mean":5203144.293971504,"sqsum":30454686007.14039,"variance":1050161586.4531168,"size":30}},"extname-posix":{"n=100000 path=\"\"":{"mean":12605905.275556764,"sqsum":589862622700.4418,"variance":20340090437.94627,"size":30},"n=100000 path=\"/\"":{"mean":10758667.343152933,"sqsum":147566807376.3497,"variance":5088510599.184472,"size":30},"n=100000 path=\"/foo\"":{"mean":9162078.56474342,"sqsum":1282344327110.4045,"variance":44218769900.35878,"size":30},"n=100000 path=\"foo/.bar.baz\"":{"mean":5596195.164750412,"sqsum":27799972374.516727,"variance":958619737.0523009,"size":30},"n=100000 path=\"index.html\"":{"mean":5796267.7472747825,"sqsum":43165378997.799484,"variance":1488461344.7517064,"size":30},"n=100000 path=\"index\"":{"mean":8864149.095750462,"sqsum":493825048018.244,"variance":17028449931.663588,"size":30},"n=100000 path=\"foo/bar/..baz.quux\"":{"mean":5051613.170295637,"sqsum":37476420017.6496,"variance":1292290345.436193,"size":30},"n=100000 path=\"foo/bar/...baz.quux\"":{"mean":4808887.724742163,"sqsum":714290968612.3811,"variance":24630723055.59935,"size":30},"n=100000 path=\"/foo/bar/baz/asdf/quux\"":{"mean":7035675.748896441,"sqsum":109696725483.92319,"variance":3782645706.342179,"size":30},"n=100000 path=\"/foo/bar/baz/asdf/quux.foobarbazasdfquux\"":{"mean":3804682.2346171006,"sqsum":98105308761.95451,"variance":3382941681.4467077,"size":30}},"extname-win32":{"n=100000 path=\"\"":{"mean":11003629.85279102,"sqsum":239769289920.27103,"variance":8267906548.974862,"size":30},"n=100000 path=\"\\\\\"":{"mean":9538916.188540023,"sqsum":149348401159.17462,"variance":5149944867.557746,"size":30},"n=100000 path=\"C:\\\\foo\"":{"mean":7737631.949477017,"sqsum":713170885029.277,"variance":24592099483.768173,"size":30},"n=100000 path=\"foo\\\\.bar.baz\"":{"mean":5166986.574634383,"sqsum":71876842187.66757,"variance":2478511799.574744,"size":30},"n=100000 path=\"index.html\"":{"mean":5463928.522662466,"sqsum":17947963347.073185,"variance":618895287.8301097,"size":30},"n=100000 path=\"index\"":{"mean":7897903.958058908,"sqsum":295266593028.8092,"variance":10181606656.165836,"size":30},"n=100000 path=\"foo\\\\bar\\\\..baz.quux\"":{"mean":4615650.986237164,"sqsum":27357333357.4652,"variance":943356322.6712137,"size":30},"n=100000 path=\"foo\\\\bar\\\\...baz.quux\"":{"mean":4504213.340742559,"sqsum":17403616410.351738,"variance":600124703.8052324,"size":30},"n=100000 path=\"D:\\\\foo\\\\bar\\\\baz\\\\asdf\\\\quux\"":{"mean":5898194.329738896,"sqsum":1743034829661.5652,"variance":60104649298.67466,"size":30},"n=100000 path=\"\\\\foo\\\\bar\\\\baz\\\\asdf\\\\quux.foobarbazasdfquux\"":{"mean":3674502.8447102266,"sqsum":9290674044.96674,"variance":320368070.51609445,"size":30}},"format-posix":{"n=1000000 props=\"/|/home/user/dir|index.html|.html|index\"":{"mean":6606933.339003055,"sqsum":14878865979.52005,"variance":513064344.12138104,"size":30}},"format-win32":{"n=1000000 props=\"C:\\\\|C:\\\\path\\\\dir|index.html|.html|index\"":{"mean":6204806.77403656,"sqsum":24961021108.05634,"variance":860724865.7950461,"size":30}},"isAbsolute-posix":{"n=100000 path=\"\"":{"mean":15994434.010975685,"sqsum":817144402322.4346,"variance":28177393183.532227,"size":30},"n=100000 path=\".\"":{"mean":13677571.522872837,"sqsum":401893942868.63306,"variance":13858411823.05631,"size":30},"n=100000 path=\"/foo/bar\"":{"mean":9990539.955473788,"sqsum":948960985114.1373,"variance":32722792590.142666,"size":30},"n=100000 path=\"/baz/..\"":{"mean":13482747.735978255,"sqsum":4538773054944.779,"variance":156509415687.751,"size":30},"n=100000 path=\"bar/baz\"":{"mean":13265762.658747505,"sqsum":7553152228541.914,