{"atomics-wait":{"n=10000000":{"mean":10530145.125193227,"sqsum":442058877896.8397,"variance":15243409582.649645,"size":30}},"bench-eventlooputil":{"method=\"ELU_simple\" n=1000000":{"mean":6531878.45695795,"sqsum":418146507657.45483,"variance":14418845091.636374,"size":30},"method=\"ELU_passed\" n=1000000":{"mean":5965665.668839257,"sqsum":482039577738.5263,"variance":16622054404.77677,"size":30}},"echo":{"n=100000 payload=\"string\" sendsPerBroadcast=1 workers=1":{"mean":82739.6202207263,"sqsum":124768546.41849469,"variance":4302363.669603265,"size":30},"n=100000 payload=\"string\" sendsPerBroadcast=10 workers=1":{"mean":47115.33690795903,"sqsum":20975779.653355617,"variance":723302.746667435,"size":30},"n=100000 payload=\"object\" sendsPerBroadcast=1 workers=1":{"mean":62876.74845632696,"sqsum":98633887.05195285,"variance":3401168.5190328574,"size":30},"n=100000 payload=\"object\" sendsPerBroadcast=10 workers=1":{"mean":29702.95516222952,"sqsum":24708874.73483223,"variance":852030.1632700769,"size":30}},"messageport":{"n=1000000 payload=\"string\" style=\"eventtarget\"":{"mean":657258.1417025445,"sqsum":6256286756.402183,"variance":215734026.0828339,"size":30},"n=1000000 payload=\"string\" style=\"eventemitter\"":{"mean":1090582.8989279198,"sqsum":37888047240.48298,"variance":1306484387.6028614,"size":30},"n=1000000 payload=\"object\" style=\"eventtarget\"":{"mean":350770.6425362133,"sqsum":4141377370.0055304,"variance":142806116.20708725,"size":30},"n=1000000 payload=\"object\" style=\"eventemitter\"":{"mean":513586.55942035845,"sqsum":6708208872.045922,"variance":231317547.31192833,"size":30}}}