{"creation":{"kind=\"duplex\" n=50000000":{"mean":3833124.43216005,"sqsum":102956905931.28334,"variance":3550238135.5614944,"size":30},"kind=\"readable\" n=50000000":{"mean":7784030.976462052,"sqsum":151611611192.85977,"variance":5227986592.857233,"size":30},"kind=\"transform\" n=50000000":{"mean":3636830.8627042538,"sqsum":557049484658.5737,"variance":19208602919.26116,"size":30},"kind=\"writable\" n=50000000":{"mean":7114104.20826252,"sqsum":80042893169.92891,"variance":2760099764.4803076,"size":30}},"pipe-object-mode":{"n=5000000":{"mean":10085500.291274048,"sqsum":108999642099.51959,"variance":3758608348.2592964,"size":30}},"pipe":{"n=5000000":{"mean":8887430.171217475,"sqsum":203974996309.04178,"variance":7033620562.380752,"size":30}},"readable-async-iterator":{"n=100000 sync=\"yes\"":{"mean":2240136.2899700874,"sqsum":10815924224.827127,"variance":372962904.30438375,"size":30},"n=100000 sync=\"no\"":{"mean":932025.1325407021,"sqsum":12327948157.714634,"variance":425101660.61084944,"size":30}},"readable-bigread":{"n=1000":{"mean":1243.7364805809468,"sqsum":41812.61959984633,"variance":1441.8144689602182,"size":30}},"readable-bigunevenread":{"n=1000":{"mean":826.9421567105331,"sqsum":631.4367254332308,"variance":21.773680187352785,"size":30}},"readable-boundaryread":{"n=2000 type=\"string\"":{"mean":263.76237076991634,"sqsum":2006.0960530537666,"variance":69.17572596737126,"size":30},"n=2000 type=\"buffer\"":{"mean":1300.8212827049783,"sqsum":1719.926923347301,"variance":59.30782494301038,"size":30}},"readable-from":{"n=10000000":{"mean":8212239.855923496,"sqsum":38810900505.737915,"variance":1338306913.9909625,"size":30}},"readable-readall":{"n=5000":{"mean":1775.0726715219685,"sqsum":382444.9511820253,"variance":13187.756937311218,"size":30}},"readable-unevenread":{"n=1000":{"mean":249.8537301885036,"sqsum":1042.4024776757094,"variance":35.94491302330032,"size":30}},"writable-manywrites":{"callback=\"yes\" len=1024 n=2000000 sync=\"yes\" writev=\"yes\"":{"mean":24158193.724142276,"sqsum":259942328819.35214,"variance":8963528579.977661,"size":30},"callback=\"yes\" len=32768 n=2000000 sync=\"yes\" writev=\"yes\"":{"mean":6438945.390328214,"sqsum":798221979970.8881,"variance":27524895861.065105,"size":30},"callback=\"no\" len=1024 n=2000000 sync=\"yes\" writev=\"yes\"":{"mean":23894584.528150804,"sqsum":139158359230.63095,"variance":4798564111.401068,"size":30},"callback=\"no\" len=32768 n=2000000 sync=\"yes\" writev=\"yes\"":{"mean":5977695.931546778,"sqsum":1872738877717.871,"variance":64577202679.92659,"size":30},"callback=\"yes\" len=1024 n=2000000 sync=\"yes\" writev=\"no\"":{"mean":26126585.29631078,"sqsum":1803990527032.603,"variance":62206569897.675964,"size":30},"callback=\"yes\" len=32768 n=2000000 sync=\"yes\" writev=\"no\"":{"mean":6429345.522691834,"sqsum":52972425306.896255,"variance":1826635355.4102156,"size":30},"callback=\"no\" len=1024 n=2000000 sync=\"yes\" writev=\"no\"":{"mean":25747062.88956917,"sqsum":2024170100906.8713,"variance":69798968996.78867,"size":30},"callback=\"no\" len=32768 n=2000000 sync=\"yes\" writev=\"no\"":{"mean":6149483.1560511235,"sqsum":41747071188.555984,"variance":1439554178.9157236,"size":30},"callback=\"yes\" len=1024 n=2000000 sync=\"no\" writev=\"yes\"":{"mean":17901211.56251015,"sqsum":196518002811.31033,"variance":6776482855.562426,"size":30},"callback=\"yes\" len=32768 n=2000000 sync=\"no\" writev=\"yes\"":{"mean":7239256.971193797,"sqsum":166783741290.52756,"variance":5751163492.776813,"size":30},"callback=\"no\" len=1024 n=2000000 sync=\"no\" writev=\"yes\"":{"mean":21289776.06134874,"sqsum":746483517999.6073,"variance":25740810965.5037,"size":30},"callback=\"no\" len=32768 n=2000000 sync=\"no\" writev=\"yes\"":{"mean":7134600.776705101,"sqsum":1277782871204.2124,"variance":44061478317.386635,"size":30},"callback=\"yes\" len=1024 n=2000000 sync=\"no\" writev=\"no\"":{"mean":6679474.073477656,"sqsum":80624466349.6022,"variance":2780154012.0552483,"size":30},"callback=\"yes\" len=32768 n=2000000 sync=\"no\" writev=\"no\"":{"mean":7180953.281882988,"sqsum":158651400531.46625,"variance":5470737949.360905,"size":30},"callback=\"no\" len=1024 n=2000000 sync=\"no\" writev=\"no\"":{"mean":6654764.187842419,"sqsum":74893031275.15755,"variance":2582518319.833019,"size":30},"callback=\"no\" len=32768 n=2000000 sync=\"no\" writev=\"no\"":{"mean":7206337.741785466,"sqsum":57533745051.70766,"variance":1983922243.1623328,"size":30}}}