{"querystring-parse":{"n=1000000 type=\"noencode\"":{"mean":2130493.526489593,"sqsum":18605302037.511333,"variance":641562139.2245288,"size":30},"n=1000000 type=\"multicharsep\"":{"mean":1559860.7161768244,"sqsum":58144879545.579346,"variance":2004995846.399288,"size":30},"n=1000000 type=\"encodefake\"":{"mean":2026201.7943661457,"sqsum":27356101679.469635,"variance":943313851.0161942,"size":30},"n=1000000 type=\"encodemany\"":{"mean":834708.0157555062,"sqsum":74059737604.2897,"variance":2553784055.3203344,"size":30},"n=1000000 type=\"encodelast\"":{"mean":1628889.546087438,"sqsum":21950397216.21857,"variance":756910248.8351231,"size":30},"n=1000000 type=\"multivalue\"":{"mean":1507225.2543390614,"sqsum":28549989547.17259,"variance":984482398.1783651,"size":30},"n=1000000 type=\"multivaluemany\"":{"mean":564861.7320961494,"sqsum":12774240294.818287,"variance":440491044.64890647,"size":30},"n=1000000 type=\"manypairs\"":{"mean":422262.070938388,"sqsum":1129762022.0743222,"variance":38957311.106011115,"size":30},"n=1000000 type=\"manyblankpairs\"":{"mean":7725822.552825961,"sqsum":17912664407.968742,"variance":617678083.0334048,"size":30},"n=1000000 type=\"altspaces\"":{"mean":1108881.3468002896,"sqsum":895606394.9119433,"variance":30882979.134894595,"size":30}},"querystring-stringify":{"n=1000000 type=\"noencode\"":{"mean":3366807.529857386,"sqsum":16906001729.828602,"variance":582965576.8906415,"size":30},"n=1000000 type=\"encodemany\"":{"mean":2118263.4655298973,"sqsum":712314032.1903168,"variance":24562552.834148854,"size":30},"n=1000000 type=\"encodelast\"":{"mean":2914266.4345953385,"sqsum":256357196555.64542,"variance":8839903329.505014,"size":30},"n=1000000 type=\"array\"":{"mean":2930250.7306856257,"sqsum":244305942.63350305,"variance":8424342.84943114,"size":30},"n=1000000 type=\"multiprimitives\"":{"mean":4315809.94484706,"sqsum":8420069653.178114,"variance":290347229.419935,"size":30}},"querystring-unescapebuffer":{"input=\"there is nothing to unescape here\" n=10000000":{"mean":4806027.035790591,"sqsum":1655295675387.0266,"variance":57079161220.242294,"size":30},"input=\"there%20are%20several%20spaces%20that%20need%20to%20be%20unescaped\" n=10000000":{"mean":1958876.645775364,"sqsum":4524578395.083571,"variance":156019944.65805417,"size":30},"input=\"there%2Qare%0-fake%escaped values in%%%%this%9Hstring\" n=10000000":{"mean":2708119.985869714,"sqsum":189711408.43092722,"variance":6541772.704514732,"size":30},"input=\"%20%21%22%23%24%25%26%27%28%29%2A%2B%2C%2D%2E%2F%30%31%32%33%34%35%36%37\" n=10000000":{"mean":2050569.5179006436,"sqsum":11672838457.595783,"variance":402511670.95157874,"size":30}}}