{"querystring-parse":{"n=1000000 type=\"noencode\"":{"mean":2249734.47383467,"sqsum":97576552051.31184,"variance":3364708691.4245467,"size":30},"n=1000000 type=\"multicharsep\"":{"mean":1631152.2221671536,"sqsum":10945672470.041693,"variance":377436981.7255756,"size":30},"n=1000000 type=\"encodefake\"":{"mean":2166134.735385226,"sqsum":87966604143.7437,"variance":3033331177.3704724,"size":30},"n=1000000 type=\"encodemany\"":{"mean":850396.2001981367,"sqsum":1612386158.3452866,"variance":55599522.7015616,"size":30},"n=1000000 type=\"encodelast\"":{"mean":1684132.27917876,"sqsum":179202334066.46747,"variance":6179390829.878189,"size":30},"n=1000000 type=\"multivalue\"":{"mean":1601736.4504401528,"sqsum":23274350308.96992,"variance":802563803.7575835,"size":30},"n=1000000 type=\"multivaluemany\"":{"mean":614834.2703490726,"sqsum":2236413279.037332,"variance":77117699.2771494,"size":30},"n=1000000 type=\"manypairs\"":{"mean":446666.63620966004,"sqsum":658831435.0898433,"variance":22718325.34792563,"size":30},"n=1000000 type=\"manyblankpairs\"":{"mean":8807713.357615413,"sqsum":30578452740.17253,"variance":1054429404.8335356,"size":30},"n=1000000 type=\"altspaces\"":{"mean":1197582.8486558585,"sqsum":167417061437.39575,"variance":5773002118.530888,"size":30}},"querystring-stringify":{"n=1000000 type=\"noencode\"":{"mean":3593392.665197271,"sqsum":564047080592.6786,"variance":19449899330.78202,"size":30},"n=1000000 type=\"encodemany\"":{"mean":2269403.4733412336,"sqsum":4361381985.758059,"variance":150392482.26751924,"size":30},"n=1000000 type=\"encodelast\"":{"mean":3103154.3074103114,"sqsum":601366293.9478171,"variance":20736768.75682128,"size":30},"n=1000000 type=\"array\"":{"mean":3046520.0518318512,"sqsum":620911023.5399656,"variance":21410724.949653987,"size":30},"n=1000000 type=\"multiprimitives\"":{"mean":4629328.976397408,"sqsum":13717628319.856108,"variance":473021666.20193475,"size":30}},"querystring-unescapebuffer":{"input=\"there is nothing to unescape here\" n=10000000":{"mean":5429015.88876353,"sqsum":801378127.3660754,"variance":27633728.52986467,"size":30},"input=\"there%20are%20several%20spaces%20that%20need%20to%20be%20unescaped\" n=10000000":{"mean":2206667.4893741487,"sqsum":1083783959.8229618,"variance":37371860.68355041,"size":30},"input=\"there%2Qare%0-fake%escaped values in%%%%this%9Hstring\" n=10000000":{"mean":3222625.9252962163,"sqsum":401123449.2816828,"variance":13831843.078678716,"size":30},"input=\"%20%21%22%23%24%25%26%27%28%29%2A%2B%2C%2D%2E%2F%30%31%32%33%34%35%36%37\" n=10000000":{"mean":2477874.825456167,"sqsum":163039004.1299115,"variance":5622034.625169362,"size":30}}}