{"array-vs-concat":{"chunks=1 dur=5 len=64 num=100 type=\"concat\"":{"mean":0.1204376885732239,"sqsum":0.00004984430350617181,"variance":0.00000171876908641972,"size":30},"chunks=1 dur=5 len=64 num=100 type=\"multi\"":{"mean":0.12386986823367944,"sqsum":0.000100280749560447,"variance":0.00000345795688139472,"size":30},"chunks=2 dur=5 len=64 num=100 type=\"concat\"":{"mean":0.11580410620638389,"sqsum":0.00008376362795349823,"variance":0.00000288840096391373,"size":30},"chunks=2 dur=5 len=64 num=100 type=\"multi\"":{"mean":0.11555809834935647,"sqsum":0.0000892955397549028,"variance":0.00000307915654327251,"size":30},"chunks=4 dur=5 len=64 num=100 type=\"concat\"":{"mean":0.10904829440047867,"sqsum":0.00011612861875392723,"variance":0.00000400443512944577,"size":30},"chunks=4 dur=5 len=64 num=100 type=\"multi\"":{"mean":0.10382692123971651,"sqsum":0.000053835993659739446,"variance":0.00000185641357447377,"size":30},"chunks=8 dur=5 len=64 num=100 type=\"concat\"":{"mean":0.09932976239519511,"sqsum":0.000055636661641314085,"variance":0.00000191850557383842,"size":30},"chunks=8 dur=5 len=64 num=100 type=\"multi\"":{"mean":0.08645815723901457,"sqsum":0.000035020940896155625,"variance":0.00000120761865159157,"size":30},"chunks=1 dur=5 len=256 num=100 type=\"concat\"":{"mean":0.4747788400551872,"sqsum":0.001179399824207718,"variance":0.00004066895945543855,"size":30},"chunks=1 dur=5 len=256 num=100 type=\"multi\"":{"mean":0.48620680372659497,"sqsum":0.0026393008174989377,"variance":0.00009101037301720474,"size":30},"chunks=2 dur=5 len=256 num=100 type=\"concat\"":{"mean":0.4604940849669554,"sqsum":0.000854745449134232,"variance":0.00002947398100462869,"size":30},"chunks=2 dur=5 len=256 num=100 type=\"multi\"":{"mean":0.45876458131403314,"sqsum":0.0011719063017956016,"variance":0.00004041056213088282,"size":30},"chunks=4 dur=5 len=256 num=100 type=\"concat\"":{"mean":0.43323198823119385,"sqsum":0.0006898079132950201,"variance":0.00002378647976879379,"size":30},"chunks=4 dur=5 len=256 num=100 type=\"multi\"":{"mean":0.41184117533888304,"sqsum":0.0014698918679497183,"variance":0.00005068592648102477,"size":30},"chunks=8 dur=5 len=256 num=100 type=\"concat\"":{"mean":0.39319487812327086,"sqsum":0.0010471671857232479,"variance":0.00003610921330080165,"size":30},"chunks=8 dur=5 len=256 num=100 type=\"multi\"":{"mean":0.34520668533732213,"sqsum":0.0005584391701390739,"variance":0.00001925652310824393,"size":30},"chunks=1 dur=5 len=512 num=100 type=\"concat\"":{"mean":0.9209128192426675,"sqsum":0.007949494653681584,"variance":0.00027412050529936494,"size":30},"chunks=1 dur=5 len=512 num=100 type=\"multi\"":{"mean":0.9735931001892615,"sqsum":0.004755763930573236,"variance":0.0001639918596749392,"size":30},"chunks=2 dur=5 len=512 num=100 type=\"concat\"":{"mean":0.8915837154039387,"sqsum":0.00420625930875968,"variance":0.00014504342443998896,"size":30},"chunks=2 dur=5 len=512 num=100 type=\"multi\"":{"mean":0.9178268515404242,"sqsum":0.0041032943990933915,"variance":0.00014149291031356523,"size":30},"chunks=4 dur=5 len=512 num=100 type=\"concat\"":{"mean":0.8452827777404702,"sqsum":0.0037841319485414832,"variance":0.00013048730857039597,"size":30},"chunks=4 dur=5 len=512 num=100 type=\"multi\"":{"mean":0.8229688611079271,"sqsum":0.0029198200749524163,"variance":0.00010068345086042815,"size":30},"chunks=8 dur=5 len=512 num=100 type=\"concat\"":{"mean":0.7690390917429841,"sqsum":0.0028568719428498437,"variance":0.00009851282561551186,"size":30},"chunks=8 dur=5 len=512 num=100 type=\"multi\"":{"mean":0.6833186299079916,"sqsum":0.002989143958072026,"variance":0.00010307392958869054,"size":30},"chunks=1 dur=5 len=1024 num=100 type=\"concat\"":{"mean":1.780997879897167,"sqsum":0.019691447017017805,"variance":0.0006790154143799243,"size":30},"chunks=1 dur=5 len=1024 num=100 type=\"multi\"":{"mean":1.9361946708744315,"sqsum":0.02148942157149112,"variance":0.0007410145369479697,"size":30},"chunks=2 dur=5 len=1024 num=100 type=\"concat\"":{"mean":1.7215436454757609,"sqsum":0.023812063511274892,"variance":0.0008211056383198239,"size":30},"chunks=2 dur=5 len=1024 num=100 type=\"multi\"":{"mean":1.8167308601926706,"sqsum":0.02183908198127766,"variance":0.0007530717924578503,"size":30},"chunks=4 dur=5 len=1024 num=100 type=\"concat\"":{"mean":1.6422049638041147,"sqsum":0.011435381122404773,"variance":0.00039432348697947495,"size":30},"chunks=4 dur=5 len=1024 num=100 type=\"multi\"":{"mean":1.6365871914789523,"sqsum":0.018832886120275363,"variance":0.0006494098662163918,"size":30},"chunks=8 dur=5 len=1024 num=100 type=\"concat\"":{"mean":1.4917851284474761,"sqsum":0.008585435182331581,"variance":0.00029604948904591655,"size":30},"chunks=8 dur=5 len=1024 num=100 type=\"multi\"":{"mean":1.35398453156519,"sqsum":0.0073481703222478085,"variance":0.0002533851835257865,"size":30}},"bind-params":{"address=\"true\" n=10000 port=\"true\"":{"mean":273946.6117014573,"sqsum":230488207.5594625,"variance":7947869.226188362,"size":30},"address=\"false\" n=10000 port=\"true\"":{"mean":276752.48977019236,"sqsum":352477867.8763984,"variance":12154409.237117186,"size":30},"address=\"false\" n=10000 port=\"false\"":{"mean":277154.6126222397,"sqsum":329541214.0622103,"variance":11363490.140076218,"size":30}},"multi-buffer":{"chunks=1 dur=5 len=64 num=100 type=\"send\"":{"mean":0.12374554750913783,"sqsum":0.0001454341771758002,"variance":0.00000501497162675173,"size":30},"chunks=1 dur=5 len=64 num=100 type=\"recv\"":{"mean":0.0395237660800013,"sqsum":0.000023870373620858583,"variance":8.2311633175374e-7,"size":30},"chunks=2 dur=5 len=64 num=100 type=\"send\"":{"mean":0.11623594401204351,"sqsum":0.00009923146160431518,"variance":0.00000342177453807983,"size":30},"chunks=2 dur=5 len=64 num=100 type=\"recv\"":{"mean":0.03730925412512146,"sqsum":0.000008473566677260863,"variance":2.9219195438831e-7,"size":30},"chunks=4 dur=5 len=64 num=100 type=\"send\"":{"mean":0.10396714387715532,"sqsum":0.000057046415854475315,"variance":0.00000196711778808536,"size":30},"chunks=4 dur=5 len=64 num=100 type=\"recv\"":{"mean":0.03333262327453793,"sqsum":0.0000049690531796471375,"variance":1.7134666136714e-7,"size":30},"chunks=8 dur=5 len=64 num=100 type=\"send\"":{"mean":0.08647368140554691,"sqsum":0.00005477776237000545,"variance":0.00000188888835758639,"size":30},"chunks=8 dur=5 len=64 num=100 type=\"recv\"":{"mean":0.027594667691272445,"sqsum":0.000004898745744198493,"variance":1.6892226704133e-7,"size":30},"chunks=1 dur=5 len=256 num=100 type=\"send\"":{"mean":0.4893201553061596,"sqsum":0.0022415797110196803,"variance":0.00007729585210412691,"size":30},"chunks=1 dur=5 len=256 num=100 type=\"recv\"":{"mean":0.15592895051942401,"sqsum":0.0001711771425313787,"variance":0.00000590266008728892,"size":30},"chunks=2 dur=5 len=256 num=100 type=\"send\"":{"mean":0.46051393274509667,"sqsum":0.0011915936768406234,"variance":0.00004108943713243529,"size":30},"chunks=2 dur=5 len=256 num=100 type=\"recv\"":{"mean":0.14700409059213582,"sqsum":0.00020990298951584533,"variance":0.00000723803412123605,"size":30},"chunks=4 dur=5 len=256 num=100 type=\"send\"":{"mean":0.41200129236113603,"sqsum":0.0009103562185241219,"variance":0.0000313915937422111,"size":30},"chunks=4 dur=5 len=256 num=100 type=\"recv\"":{"mean":0.13183998427658664,"sqsum":0.00008189886763002245,"variance":0.00000282409888379388,"size":30},"chunks=8 dur=5 len=256 num=100 type=\"send\"":{"mean":0.34207171004703835,"sqsum":0.001094858187593665,"variance":0.0000377537306066781,"size":30},"chunks=8 dur=5 len=256 num=100 type=\"recv\"":{"mean":0.10985770409346687,"sqsum":0.00007006351597739109,"variance":0.00000241598330956521,"size":30},"chunks=1 dur=5 len=1024 num=100 type=\"send\"":{"mean":1.9359194741471326,"sqsum":0.027532607843401738,"variance":0.0009494002704621289,"size":30},"chunks=1 dur=5 len=1024 num=100 type=\"recv\"":{"mean":0.6212603215756365,"sqsum":0.002978765657715745,"variance":0.0001027160571626119,"size":30},