{"ee-add-remove":{"n=1000000 newListener=0 removeListener=0":{"mean":1188750.6141644446,"sqsum":1966292329.372691,"variance":67803183.7714721,"size":30},"n=1000000 newListener=0 removeListener=1":{"mean":809982.4694522959,"sqsum":1057555914.9340026,"variance":36467445.34255182,"size":30},"n=1000000 newListener=1 removeListener=0":{"mean":941586.6253705989,"sqsum":29198375251.554638,"variance":1006840525.9156772,"size":30},"n=1000000 newListener=1 removeListener=1":{"mean":715257.3430274398,"sqsum":2740794354.321318,"variance":94510150.14901097,"size":30}},"ee-emit":{"argc=0 listeners=1 n=2000000":{"mean":63704751.77581405,"sqsum":47970869891733.305,"variance":1654167927301.1484,"size":30},"argc=0 listeners=5 n=2000000":{"mean":15866058.408663914,"sqsum":197801201822.61163,"variance":6820731097.331435,"size":30},"argc=0 listeners=10 n=2000000":{"mean":9146619.777579598,"sqsum":662492077048.535,"variance":22844554380.983967,"size":30},"argc=2 listeners=1 n=2000000":{"mean":64263226.225550845,"sqsum":37658424631868.555,"variance":1298566366616.1572,"size":30},"argc=2 listeners=5 n=2000000":{"mean":16056257.342351815,"sqsum":161838346087.0963,"variance":5580632623.692976,"size":30},"argc=2 listeners=10 n=2000000":{"mean":7665475.392354691,"sqsum":56219237688.00253,"variance":1938594403.0345702,"size":30},"argc=4 listeners=1 n=2000000":{"mean":64411790.46127913,"sqsum":23634661522623.566,"variance":814988328366.3298,"size":30},"argc=4 listeners=5 n=2000000":{"mean":15915198.816624139,"sqsum":233364737073.66946,"variance":8047059899.092051,"size":30},"argc=4 listeners=10 n=2000000":{"mean":7374576.60347657,"sqsum":178896692158.3404,"variance":6168851453.735875,"size":30},"argc=10 listeners=1 n=2000000":{"mean":63407258.181109585,"sqsum":44975194127026.93,"variance":1550868763000.9285,"size":30},"argc=10 listeners=5 n=2000000":{"mean":14178914.671379954,"sqsum":188772247762.89673,"variance":6509387853.89299,"size":30},"argc=10 listeners=10 n=2000000":{"mean":6849681.164638094,"sqsum":40536839061.604256,"variance":1397822036.6070433,"size":30}},"ee-listener-count-on-prototype":{"n=50000000":{"mean":79644212.8892271,"sqsum":77077016300435.28,"variance":2657828148290.872,"size":30}},"ee-listeners":{"listeners=5 n=5000000 raw=\"true\"":{"mean":54476720.990193345,"sqsum":15888645763313.213,"variance":547884336665.97284,"size":30},"listeners=5 n=5000000 raw=\"false\"":{"mean":28628685.80504019,"sqsum":2221382748729.3145,"variance":76599405128.59705,"size":30},"listeners=50 n=5000000 raw=\"true\"":{"mean":19085870.90784299,"sqsum":608860240708.1431,"variance":20995180714.073902,"size":30},"listeners=50 n=5000000 raw=\"false\"":{"mean":5773384.273567673,"sqsum":13773500833.307373,"variance":474948304.59680593,"size":30}},"ee-once":{"argc=0 n=20000000":{"mean":7786011.710038638,"sqsum":50613944674.700424,"variance":1745308437.0586355,"size":30},"argc=1 n=20000000":{"mean":7742885.023994567,"sqsum":35792057755.06716,"variance":1234208888.1057642,"size":30},"argc=4 n=20000000":{"mean":7599826.040973358,"sqsum":4902823476.5338335,"variance":169062878.50116667,"size":30},"argc=5 n=20000000":{"mean":7518000.661645052,"sqsum":17647110067.419865,"variance":608521036.8075815,"size":30}},"eventtarget":{"listeners=1 n=1000000":{"mean":2924322.444452216,"sqsum":25509294459.85301,"variance":879630843.4432073,"size":30},"listeners=5 n=1000000":{"mean":2521632.6144066164,"sqsum":93384487465.91801,"variance":3220154740.2040696,"size":30},"listeners=10 n=1000000":{"mean":2101208.4708193485,"sqsum":81044160124.84001,"variance":2794626211.20138,"size":30}}}