{"create-context":{"n=100":{"mean":1722.484969422234,"sqsum":5354.1174475662665,"variance":184.62473957125056,"size":30}},"run-in-context":{"breakOnSigint=0 n=1 withSigintListener=0":{"mean":3335.444686543743,"sqsum":335330.5448151593,"variance":11563.122235005494,"size":30},"breakOnSigint=0 n=1 withSigintListener=1":{"mean":3333.9672208973634,"sqsum":38971.03305771337,"variance":1343.8287261280475,"size":30},"breakOnSigint=1 n=1 withSigintListener=0":{"mean":2320.410820134264,"sqsum":2065833.704305141,"variance":71235.64497603934,"size":30},"breakOnSigint=1 n=1 withSigintListener=1":{"mean":1538.585683533156,"sqsum":389709.0039695734,"variance":13438.241516192187,"size":30}},"run-in-this-context":{"breakOnSigint=0 n=1 withSigintListener=0":{"mean":3407.0459046509827,"sqsum":423763.3134147498,"variance":14612.528048784478,"size":30},"breakOnSigint=0 n=1 withSigintListener=1":{"mean":3438.370658434874,"sqsum":251740.39763111435,"variance":8680.70336659015,"size":30},"breakOnSigint=1 n=1 withSigintListener=0":{"mean":2408.2822986410874,"sqsum":918875.9345607103,"variance":31685.3770538176,"size":30},"breakOnSigint=1 n=1 withSigintListener=1":{"mean":1617.2868973495347,"sqsum":345335.2235216398,"variance":11908.111155918616,"size":30}}}