{"createInflate":{"chunkLen=1024 inputLen=16777216 n=100":{"mean":27.40957220188742,"sqsum":2356.7821787674743,"variance":81.26835099198188,"size":30}},"creation":{"n=500000 options=\"true\" type=\"Deflate\"":{"mean":168425.9298854787,"sqsum":750589474.7960281,"variance":25882395.68262166,"size":30},"n=500000 options=\"false\" type=\"Deflate\"":{"mean":187493.76820520204,"sqsum":171289557.32378668,"variance":5906536.45944092,"size":30},"n=500000 options=\"true\" type=\"DeflateRaw\"":{"mean":168512.14065430933,"sqsum":311911769.2715955,"variance":10755578.250744672,"size":30},"n=500000 options=\"false\" type=\"DeflateRaw\"":{"mean":187615.74616996094,"sqsum":260276845.7423676,"variance":8975063.646288538,"size":30},"n=500000 options=\"true\" type=\"Inflate\"":{"mean":169038.08281361658,"sqsum":405881467.7902339,"variance":13995912.682421857,"size":30},"n=500000 options=\"false\" type=\"Inflate\"":{"mean":187493.67036358378,"sqsum":296232883.2253424,"variance":10214927.007770428,"size":30},"n=500000 options=\"true\" type=\"InflateRaw\"":{"mean":168732.25882496018,"sqsum":292219838.81306714,"variance":10076546.165967833,"size":30},"n=500000 options=\"false\" type=\"InflateRaw\"":{"mean":188352.9379243558,"sqsum":670050501.755072,"variance":23105189.71569214,"size":30},"n=500000 options=\"true\" type=\"Gzip\"":{"mean":168605.38306629306,"sqsum":397118350.2355933,"variance":13693736.215020461,"size":30},"n=500000 options=\"false\" type=\"Gzip\"":{"mean":188569.37418656566,"sqsum":341417397.8193404,"variance":11773013.71790829,"size":30},"n=500000 options=\"true\" type=\"Gunzip\"":{"mean":169435.95497730633,"sqsum":523021806.88069975,"variance":18035234.72002413,"size":30},"n=500000 options=\"false\" type=\"Gunzip\"":{"mean":187776.38754492844,"sqsum":304245067.0400357,"variance":10491209.208277093,"size":30},"n=500000 options=\"true\" type=\"Unzip\"":{"mean":170174.9556795423,"sqsum":210775272.87655154,"variance":7268112.857812122,"size":30},"n=500000 options=\"false\" type=\"Unzip\"":{"mean":188783.18762103977,"sqsum":265201765.23183054,"variance":9144888.456270019,"size":30},"n=500000 options=\"true\" type=\"BrotliCompress\"":{"mean":157200.35829567697,"sqsum":281006101.20123184,"variance":9689865.558663165,"size":30},"n=500000 options=\"false\" type=\"BrotliCompress\"":{"mean":171308.37239154836,"sqsum":225370308.79250255,"variance":7771389.9583621565,"size":30},"n=500000 options=\"true\" type=\"BrotliDecompress\"":{"mean":156351.6935299316,"sqsum":469627453.15137535,"variance":16194050.108668115,"size":30},"n=500000 options=\"false\" type=\"BrotliDecompress\"":{"mean":171133.88368230494,"sqsum":319194330.7360543,"variance":11006701.059863942,"size":30}},"deflate":{"inputLen=1024 method=\"createDeflate\" n=400000":{"mean":27741.216984171537,"sqsum":2075137852.541836,"variance":71556477.67385642,"size":30},"inputLen=1024 method=\"deflate\" n=400000":{"mean":10150.50149122441,"sqsum":192028024.75829467,"variance":6621656.026148092,"size":30},"inputLen=1024 method=\"deflateSync\" n=400000":{"mean":45356.18167661086,"sqsum":6714535.087866878,"variance":231535.69268506477,"size":30}},"inflate":{"inputLen=1024 method=\"inflate\" n=400000":{"mean":16752.952908887088,"sqsum":351576255.7471297,"variance":12123319.163694127,"size":30},"inputLen=1024 method=\"inflateSync\" n=400000":{"mean":124606.62259740487,"sqsum":146290778.73824844,"variance":5044509.611663739,"size":30}},"pipe":{"algorithm=\"gzip\" duration=5 inputLen=1024 type=\"string\"":{"mean":0.05377622207106246,"sqsum":0.0012440351196619165,"variance":0.00004289776274696264,"size":30},"algorithm=\"brotli\" duration=5 inputLen=1024 type=\"string\"":{"mean":0.11917747290260342,"sqsum":0.02069009532915404,"variance":0.0007134515630742772,"size":30},"algorithm=\"gzip\" duration=5 inputLen=1024 type=\"buffer\"":{"mean":0.07124058799674168,"sqsum":0.01350604311197967,"variance":0.00046572562455102304,"size":30},"algorithm=\"brotli\" duration=5 inputLen=1024 type=\"buffer\"":{"mean":0.12241587848374418,"sqsum":0.014136432236929137,"variance":0.0004874631805837633,"size":30}}}