{"echo":{"n=100000 payload=\"string\" sendsPerBroadcast=1 serialization=\"json\" workers=1":{"mean":17284.99093242179,"sqsum":5441476.939265405,"variance":187637.1358367381,"size":30},"n=100000 payload=\"string\" sendsPerBroadcast=1 serialization=\"advanced\" workers=1":{"mean":12467.30938636263,"sqsum":3274329.724916894,"variance":112907.92154885842,"size":30},"n=100000 payload=\"string\" sendsPerBroadcast=10 serialization=\"json\" workers=1":{"mean":7462.100046208235,"sqsum":962914.3366169052,"variance":33203.94264196225,"size":30},"n=100000 payload=\"string\" sendsPerBroadcast=10 serialization=\"advanced\" workers=1":{"mean":3699.040907054715,"sqsum":124759.37797941687,"variance":4302.047516531617,"size":30},"n=100000 payload=\"object\" sendsPerBroadcast=1 serialization=\"json\" workers=1":{"mean":14681.391710939759,"sqsum":12409125.148071634,"variance":427900.8671748839,"size":30},"n=100000 payload=\"object\" sendsPerBroadcast=1 serialization=\"advanced\" workers=1":{"mean":9780.660052506075,"sqsum":4884779.470947902,"variance":168440.67141199662,"size":30},"n=100000 payload=\"object\" sendsPerBroadcast=10 serialization=\"json\" workers=1":{"mean":5192.662023128557,"sqsum":72227.2355924366,"variance":2490.5943307736757,"size":30},"n=100000 payload=\"object\" sendsPerBroadcast=10 serialization=\"advanced\" workers=1":{"mean":2816.8724439254056,"sqsum":40691.5138450405,"variance":1403.1556498289829,"size":30}}}