{"cpus":{"n=30000":{"mean":7321.768753225616,"sqsum":15626.719824264921,"variance":538.8524077332731,"size":30}},"loadavg":{"n=5000000":{"mean":283333.02038475446,"sqsum":260967882.0842726,"variance":8998892.485664573,"size":30}},"networkInterfaces":{"n=10000":{"mean":7595.424210621325,"sqsum":12534.319949848123,"variance":432.21792930510765,"size":30}}}