{"basename-posix":{"n=100000 pathext=\"\"":{"mean":7679941.550056988,"sqsum":670368351567.3981,"variance":23116150054.04821,"size":30},"n=100000 pathext=\"/\"":{"mean":6506376.187273828,"sqsum":476837091121.056,"variance":16442658314.519175,"size":30},"n=100000 pathext=\"/foo\"":{"mean":5586453.867252207,"sqsum":331660423120.5578,"variance":11436566314.501993,"size":30},"n=100000 pathext=\"/foo/.bar.baz\"":{"mean":4058793.7128365897,"sqsum":536613242042.15454,"variance":18503904898.00533,"size":30},"n=100000 pathext=\"/foo/.bar.baz|.baz\"":{"mean":3095778.5583865508,"sqsum":111748841447.24936,"variance":3853408325.7672195,"size":30},"n=100000 pathext=\"foo\"":{"mean":6191414.352928777,"sqsum":342044497133.94946,"variance":11794637832.205154,"size":30},"n=100000 pathext=\"foo/bar.\"":{"mean":4754774.468793224,"sqsum":892231681020.033,"variance":30766609690.345963,"size":30},"n=100000 pathext=\"foo/bar.|.\"":{"mean":3549131.590072001,"sqsum":237751531429.32773,"variance":8198328669.976818,"size":30},"n=100000 pathext=\"/foo/bar/baz/asdf/quux.html\"":{"mean":3919067.4058328522,"sqsum":426681868120.83,"variance":14713167866.23552,"size":30},"n=100000 pathext=\"/foo/bar/baz/asdf/quux.html|.html\"":{"mean":3050313.0793718426,"sqsum":101006807549.9363,"variance":3482993363.790907,"size":30}},"basename-win32":{"n=100000 pathext=\"\"":{"mean":7078564.94082703,"sqsum":652823301058.321,"variance":22511148312.355896,"size":30},"n=100000 pathext=\"C:\\\\\"":{"mean":5114119.680718668,"sqsum":496886199137.3439,"variance":17134006866.804962,"size":30},"n=100000 pathext=\"C:\\\\foo\"":{"mean":4613839.3360287165,"sqsum":227838353678.4671,"variance":7856494954.429899,"size":30},"n=100000 pathext=\"D:\\\\foo\\\\.bar.baz\"":{"mean":3528696.4477250427,"sqsum":64716341350.276566,"variance":2231597977.5957437,"size":30},"n=100000 pathext=\"E:\\\\foo\\\\.bar.baz|.baz\"":{"mean":2936913.8772166856,"sqsum":174254172586.56696,"variance":6008764571.950584,"size":30},"n=100000 pathext=\"foo\"":{"mean":5169640.14304325,"sqsum":167092426901.87775,"variance":5761807824.202681,"size":30},"n=100000 pathext=\"foo\\\\bar.\"":{"mean":4133853.93468299,"sqsum":91548625814.36934,"variance":3156849166.012736,"size":30},"n=100000 pathext=\"foo\\\\bar.|.\"":{"mean":3332513.79333504,"sqsum":146007564877.98312,"variance":5034743616.482177,"size":30},"n=100000 pathext=\"\\\\foo\\\\bar\\\\baz\\\\asdf\\\\quux.html\"":{"mean":3535437.360669289,"sqsum":45966080650.518105,"variance":1585037263.810969,"size":30},"n=100000 pathext=\"\\\\foo\\\\bar\\\\baz\\\\asdf\\\\quux.html|.html\"":{"mean":3016525.2929312615,"sqsum":11996598902.655823,"variance":413675824.22951114,"size":30}},"dirname-posix":{"n=100000 path=\"\"":{"mean":7547817.255246334,"sqsum":1413981829968.9485,"variance":48757994136.86029,"size":30},"n=100000 path=\"/\"":{"mean":6501898.5859769825,"sqsum":1544698134210.4883,"variance":53265452903.809944,"size":30},"n=100000 path=\"/foo\"":{"mean":5977602.444722162,"sqsum":406995984393.98694,"variance":14034344289.447824,"size":30},"n=100000 path=\"/foo/bar\"":{"mean":4865776.977216313,"sqsum":228156371714.2238,"variance":7867461093.593924,"size":30},"n=100000 path=\"foo\"":{"mean":6121966.512448788,"sqsum":751633162964.4404,"variance":25918384929.808292,"size":30},"n=100000 path=\"foo/bar\"":{"mean":5426974.398202408,"sqsum":233329067851.89117,"variance":8045829925.927281,"size":30},"n=100000 path=\"/foo/bar/baz/asdf/quux\"":{"mean":4502250.978933491,"sqsum":178152222741.60623,"variance":6143180094.538146,"size":30}},"dirname-win32":{"n=100000 path=\"\"":{"mean":6787524.275469841,"sqsum":397748839427.8283,"variance":13715477221.649254,"size":30},"n=100000 path=\"\\\\\"":{"mean":5457948.804955219,"sqsum":701810578915.347,"variance":24200364790.184383,"size":30},"n=100000 path=\"\\\\foo\"":{"mean":5080360.942315969,"sqsum":96022009763.50763,"variance":3311103784.948539,"size":30},"n=100000 path=\"C:\\\\foo\\\\bar\"":{"mean":3889749.024742933,"sqsum":186653231320.8706,"variance":6436318321.409331,"size":30},"n=100000 path=\"foo\"":{"mean":5040117.8857576335,"sqsum":471314528046.72107,"variance":16252225105.059347,"size":30},"n=100000 path=\"foo\\\\bar\"":{"mean":4565547.147089829,"sqsum":271943211070.00812,"variance":9377352105.862349,"size":30},"n=100000 path=\"D:\\\\foo\\\\bar\\\\baz\\\\asdf\\\\quux\"":{"mean":3651538.718281986,"sqsum":131618155617.94183,"variance":4538557090.273856,"size":30}},"extname-posix":{"n=100000 path=\"\"":{"mean":8412211.487130987,"sqsum":1977899541417.0579,"variance":68203432462.657166,"size":30},"n=100000 path=\"/\"":{"mean":7051590.685188545,"sqsum":528609959545.3735,"variance":18227929639.49564,"size":30},"n=100000 path=\"/foo\"":{"mean":6458794.426522185,"sqsum":1675269784126.474,"variance":57767923590.56807,"size":30},"n=100000 path=\"foo/.bar.baz\"":{"mean":3705011.586148232,"sqsum":109053830990.80779,"variance":3760476930.7175097,"size":30},"n=100000 path=\"index.html\"":{"mean":3900272.393294633,"sqsum":191071513135.70935,"variance":6588672866.748598,"size":30},"n=100000 path=\"index\"":{"mean":6103732.297622611,"sqsum":1769750018211.8396,"variance":61025862696.959984,"size":30},"n=100000 path=\"foo/bar/..baz.quux\"":{"mean":3288757.803673628,"sqsum":129124160634.82002,"variance":4452557263.269656,"size":30},"n=100000 path=\"foo/bar/...baz.quux\"":{"mean":3148258.002543376,"sqsum":60239749250.955185,"variance":2077232732.791558,"size":30},"n=100000 path=\"/foo/bar/baz/asdf/quux\"":{"mean":4826064.884121966,"sqsum":397733388722.1327,"variance":13714944438.69423,"size":30},"n=100000 path=\"/foo/bar/baz/asdf/quux.foobarbazasdfquux\"":{"mean":2755933.5329423067,"sqsum":44907742577.10173,"variance":1548542847.4862664,"size":30}},"extname-win32":{"n=100000 path=\"\"":{"mean":7304826.8335890565,"sqsum":1315279561041.0327,"variance":45354467622.104576,"size":30},"n=100000 path=\"\\\\\"":{"mean":6134945.569642386,"sqsum":426374658612.81665,"variance":14702574434.924711,"size":30},"n=100000 path=\"C:\\\\foo\"":{"mean":5260076.066650791,"sqsum":249793979923.7696,"variance":8613585514.612745,"size":30},"n=100000 path=\"foo\\\\.bar.baz\"":{"mean":3431613.8893417604,"sqsum":93843686531.08432,"variance":3235989190.7270455,"size":30},"n=100000 path=\"index.html\"":{"mean":3520002.0775403865,"sqsum":107992101869.19604,"variance":3723865581.6964154,"size":30},"n=100000 path=\"index\"":{"mean":5436118.408982686,"sqsum":264195144611.57922,"variance":9110177400.399282,"size":30},"n=100000 path=\"foo\\\\bar\\\\..baz.quux\"":{"mean":3050874.796042524,"sqsum":70155998843.47058,"variance":2419172373.912779,"size":30},"n=100000 path=\"foo\\\\bar\\\\...baz.quux\"":{"mean":2914659.7652520505,"sqsum":55833285803.886986,"variance":1925285717.3754134,"size":30},"n=100000 path=\"D:\\\\foo\\\\bar\\\\baz\\\\asdf\\\\quux\"":{"mean":4138647.620601222,"sqsum":60249156904.11475,"variance":2077557134.6246467,"size":30},"n=100000 path=\"\\\\foo\\\\bar\\\\baz\\\\asdf\\\\quux.foobarbazasdfquux\"":{"mean":2649095.537633786,"sqsum":33731346646.10891,"variance":1163149884.348583,"size":30}},"format-posix":{"n=1000000 props=\"/|/home/user/dir|index.html|.html|index\"":{"mean":3974391.25475354,"sqsum":586529921032.3756,"variance":20225169690.771576,"size":30}},"format-win32":{"n=1000000 props=\"C:\\\\|C:\\\\path\\\\dir|index.html|.html|index\"":{"mean":3816067.3794562845,"sqsum":166978851623.43906,"variance":5757891435.291001,"size":30}},"isAbsolute-posix":{"n=100000 path=\"\"":{"mean":11249377.474760449,"sqsum":1653015139494.2822,"variance":57000522051.52697,"size":30},"n=100000 path=\".\"":{"mean":9304384.745424932,"sqsum":916091554776.5396,"variance":31589363957.81171,"size":30},"n=100000 path=\"/foo/bar\"":{"mean":7475380.778383676,"sqsum":284216835484.318,"variance":9800580533.942001,"size":30},"n=100000 path=\"/baz/..\"":{"mean":9134241.383612974,"sqsum":539700685419.72034,"variance":18610368462.748978,"size":30},"n=100000 path=\"bar/baz\"":{"mean":9092136.899997987,"sqsum":995218487108.5975,