{"ee-add-remove":{"n=1000000 newListener=0 removeListener=0":{"mean":1267796.1976259726,"sqsum":684825142.6596763,"variance":23614660.091712978,"size":30},"n=1000000 newListener=0 removeListener=1":{"mean":894348.5080019053,"sqsum":4245209304.456548,"variance":146386527.73988098,"size":30},"n=1000000 newListener=1 removeListener=0":{"mean":916317.2144747825,"sqsum":3476280405.103342,"variance":119871738.1070118,"size":30},"n=1000000 newListener=1 removeListener=1":{"mean":719030.3884492818,"sqsum":3229175942.727684,"variance":111350894.5768167,"size":30}},"ee-emit":{"argc=0 listeners=1 n=2000000":{"mean":45701910.98713181,"sqsum":4808381364017.22,"variance":165806253931.62827,"size":30},"argc=0 listeners=5 n=2000000":{"mean":15614233.32624988,"sqsum":213983458698.97562,"variance":7378739955.137091,"size":30},"argc=0 listeners=10 n=2000000":{"mean":8605784.078939684,"sqsum":179780337186.25476,"variance":6199321971.939819,"size":30},"argc=2 listeners=1 n=2000000":{"mean":47062348.18730239,"sqsum":56747934650176.125,"variance":1956825332764.694,"size":30},"argc=2 listeners=5 n=2000000":{"mean":15967914.083145535,"sqsum":130139720627.66212,"variance":4487576573.36766,"size":30},"argc=2 listeners=10 n=2000000":{"mean":8132602.86936656,"sqsum":66058385320.58133,"variance":2277875355.882115,"size":30},"argc=4 listeners=1 n=2000000":{"mean":46174531.428718895,"sqsum":3076241950368.902,"variance":106077308633.4104,"size":30},"argc=4 listeners=5 n=2000000":{"mean":14987669.940119846,"sqsum":382113820590.6083,"variance":13176338641.055458,"size":30},"argc=4 listeners=10 n=2000000":{"mean":7839638.408743526,"sqsum":72678025283.208,"variance":2506138802.869241,"size":30},"argc=10 listeners=1 n=2000000":{"mean":44620014.88862413,"sqsum":4539627154605.45,"variance":156538867400.18793,"size":30},"argc=10 listeners=5 n=2000000":{"mean":14479660.71477452,"sqsum":220868818478.35214,"variance":7616166154.425936,"size":30},"argc=10 listeners=10 n=2000000":{"mean":7305909.733907959,"sqsum":148107390752.1026,"variance":5107151405.244917,"size":30}},"ee-listener-count-on-prototype":{"n=50000000":{"mean":76302784.70136398,"sqsum":100066555247720.4,"variance":3450570870611.049,"size":30}},"ee-listeners":{"listeners=5 n=5000000 raw=\"true\"":{"mean":57887074.35558155,"sqsum":70816816874740.12,"variance":2441959202577.2456,"size":30},"listeners=5 n=5000000 raw=\"false\"":{"mean":32266929.55026238,"sqsum":4687067488283.466,"variance":161623016837.36087,"size":30},"listeners=50 n=5000000 raw=\"true\"":{"mean":20087754.706291214,"sqsum":1802935804157.0945,"variance":62170200143.34809,"size":30},"listeners=50 n=5000000 raw=\"false\"":{"mean":5647377.457858119,"sqsum":11070380948.959875,"variance":381737274.10206467,"size":30}},"ee-once":{"argc=0 n=20000000":{"mean":7890673.436780212,"sqsum":23021227501.246246,"variance":793835431.0774568,"size":30},"argc=1 n=20000000":{"mean":7704078.637626644,"sqsum":13697998224.20175,"variance":472344766.35178447,"size":30},"argc=4 n=20000000":{"mean":7610231.839192847,"sqsum":15056002960.248001,"variance":519172515.8706207,"size":30},"argc=5 n=20000000":{"mean":7502700.57441637,"sqsum":2728318385302.7104,"variance":94079944320.78313,"size":30}},"eventtarget":{"listeners=1 n=1000000":{"mean":2633035.07702696,"sqsum":81726003081.90367,"variance":2818138037.307023,"size":30},"listeners=5 n=1000000":{"mean":2392674.5641489443,"sqsum":22962837580.644623,"variance":791821985.5394698,"size":30},"listeners=10 n=1000000":{"mean":2083420.5792141338,"sqsum":21324205942.99134,"variance":735317446.3100462,"size":30}}}