{"defaultparams-bench":{"method=\"withoutdefaults\" n=100000000":{"mean":561871183.9862572,"sqsum":504960433647951.6,"variance":17412428746481.09,"size":30},"method=\"withdefaults\" n=100000000":{"mean":565332978.7640973,"sqsum":376470947000738.94,"variance":12981756793128.93,"size":30}},"destructuring-bench":{"method=\"swap\" n=100000000":{"mean":378017635.4230205,"sqsum":51974025717451,"variance":1792207783360.3794,"size":30},"method=\"destructure\" n=100000000":{"mean":263855455.32723632,"sqsum":26104215522763.734,"variance":900145362853.9219,"size":30}},"destructuring-object-bench":{"method=\"normal\" n=100000000":{"mean":1117097366.341477,"sqsum":2295377276825225,"variance":79150940580180.16,"size":30},"method=\"destructureObject\" n=100000000":{"mean":1127045291.5158353,"sqsum":2639919824158270.5,"variance":91031718074423.12,"size":30}},"foreach-bench":{"count=5 method=\"for\" n=5000000":{"mean":177075039.2746791,"sqsum":49066694124785.234,"variance":1691954969820.1804,"size":30},"count=10 method=\"for\" n=5000000":{"mean":115811550.52442671,"sqsum":3818632992978.238,"variance":131676999757.87027,"size":30},"count=20 method=\"for\" n=5000000":{"mean":67084937.19964023,"sqsum":339557063661666.8,"variance":11708864264195.408,"size":30},"count=100 method=\"for\" n=5000000":{"mean":14297042.49718428,"sqsum":173507352426.42847,"variance":5983012152.635465,"size":30},"count=5 method=\"for-of\" n=5000000":{"mean":124477037.13398671,"sqsum":34813727197336.918,"variance":1200473351632.3076,"size":30},"count=10 method=\"for-of\" n=5000000":{"mean":83381774.31903598,"sqsum":1030625178688588.6,"variance":35538799265123.75,"size":30},"count=20 method=\"for-of\" n=5000000":{"mean":30106181.40476945,"sqsum":2787299611994.4346,"variance":96113779723.94603,"size":30},"count=100 method=\"for-of\" n=5000000":{"mean":12639080.08562847,"sqsum":43128069005.541504,"variance":1487174793.2945347,"size":30},"count=5 method=\"for-in\" n=5000000":{"mean":3727222.3340681875,"sqsum":628833468580.2184,"variance":21683912709.6627,"size":30},"count=10 method=\"for-in\" n=5000000":{"mean":2304108.8071991806,"sqsum":28791137545.936028,"variance":992797846.4115871,"size":30},"count=20 method=\"for-in\" n=5000000":{"mean":1389858.814918283,"sqsum":163747435.62538028,"variance":5646463.2974269055,"size":30},"count=100 method=\"for-in\" n=5000000":{"mean":329863.50419334753,"sqsum":18505652.916257422,"variance":638125.9626295663,"size":30},"count=5 method=\"forEach\" n=5000000":{"mean":142491803.8432943,"sqsum":17916708405114,"variance":617817531210.8276,"size":30},"count=10 method=\"forEach\" n=5000000":{"mean":115371805.29328221,"sqsum":58632220646403.62,"variance":2021800711944.9521,"size":30},"count=20 method=\"forEach\" n=5000000":{"mean":76062947.61011566,"sqsum":6512881748389.577,"variance":224582129254.81302,"size":30},"count=100 method=\"forEach\" n=5000000":{"mean":22778188.102950953,"sqsum":543304185149.1408,"variance":18734627074.108303,"size":30}},"map-bench":{"method=\"object\" n=1000000":{"mean":450536.78937780217,"sqsum":282387269.50291836,"variance":9737492.05182477,"size":30},"method=\"nullProtoObject\" n=1000000":{"mean":465869.43104176637,"sqsum":357792374.0376533,"variance":12337668.070263907,"size":30},"method=\"nullProtoLiteralObject\" n=1000000":{"mean":465085.52142762806,"sqsum":409988910.21383464,"variance":14137548.628063263,"size":30},"method=\"storageObject\" n=1000000":{"mean":462505.5317408094,"sqsum":232331458.07351723,"variance":8011429.588741974,"size":30},"method=\"fakeMap\" n=1000000":{"mean":414374.25838662527,"sqsum":212154801.9398967,"variance":7315682.8255136795,"size":30},"method=\"map\" n=1000000":{"mean":905235.0972861429,"sqsum":392821523.3061336,"variance":13545569.769177021,"size":30}},"restparams-bench":{"method=\"copy\" n=100000000":{"mean":42906485.91718187,"sqsum":593036198951.5446,"variance":20449524101.777397,"size":30},"method=\"rest\" n=100000000":{"mean":171937531.17348427,"sqsum":5022555751950.105,"variance":173191577653.4519,"size":30},"method=\"arguments\" n=100000000":{"mean":171913899.60932484,"sqsum":4528485513664.174,"variance":156154672884.97153,"size":30}},"spread-assign":{"count=5 method=\"spread\" n=1000000":{"mean":32165369.16386746,"sqsum":1752409038611.7468,"variance":60427897883.16369,"size":30},"count=10 method=\"spread\" n=1000000":{"mean":27338534.434530165,"sqsum":334709976428.07654,"variance":11541723325.106089,"size":30},"count=20 method=\"spread\" n=1000000":{"mean":169147.54093785354,"sqsum":227965738.52812043,"variance":7860887.535452428,"size":30},"count=5 method=\"assign\" n=1000000":{"mean":8960241.825582346,"sqsum":583417550869.159,"variance":20117846581.695137,"size":30},"count=10 method=\"assign\" n=1000000":{"mean":4842400.831816681,"sqsum":50140030156.40791,"variance":1728966557.1175141,"size":30},"count=20 method=\"assign\" n=1000000":{"mean":138837.5478617097,"sqsum":175907687.2919164,"variance":6065782.320410911,"size":30},"count=5 method=\"_extend\" n=1000000":{"mean":4829725.151389679,"sqsum":9272701474.46586,"variance":319748326.7057193,"size":30},"count=10 method=\"_extend\" n=1000000":{"mean":2473062.926488591,"sqsum":5275183047.501752,"variance":181902863.70695695,"size":30},"count=20 method=\"_extend\" n=1000000":{"mean":435335.760479942,"sqsum":787299472.9315413,"variance":27148257.687294528,"size":30}},"spread-bench":{"context=\"context\" count=5 method=\"apply\" n=5000000 rest=0":{"mean":45703879.50643505,"sqsum":24055913876114.367,"variance":829514271590.1505,"size":30},"context=\"context\" count=5 method=\"apply\" n=5000000 rest=1":{"mean":45309555.447955966,"sqsum":17877074765048.902,"variance":616450853967.2035,"size":30},"context=\"null\" count=5 method=\"apply\" n=5000000 rest=0":{"mean":46103926.701368526,"sqsum":22226537220023.965,"variance":766432317931.8608,"size":30},"context=\"null\" count=5 method=\"apply\" n=5000000 rest=1":{"mean":44989553.370181,"sqsum":24193214583424.547,"variance":834248778738.7775,"size":30},"context=\"context\" count=10 method=\"apply\" n=5000000 rest=0":{"mean":38515192.52258812,"sqsum":4826700762809.137,"variance":166437957338.2461,"size":30},"context=\"context\" count=10 method=\"apply\" n=5000000 rest=1":{"mean":38046636.6532812,"sqsum":7742443135753.363,"variance":266980797784.59872,"size":30},"context=\"null\" count=10 method=\"apply\" n=5000000 rest=0":{"mean":38745093.75492145,"sqsum":6832671895071.645,"variance":235609375692.12567,"size":30},"context=\"null\" count=10 method=\"apply\" n=5000000 rest=1":{"mean":38126478.707120895,"sqsum":4157542338853.5845,"variance":143363528925.9857,"size":30},"context=\"context\" count=20 method=\"apply\" n=5000000 rest=0":{"mean":28502936.304616954,"sqsum":1782299180016.1616,"variance":61458592414.350395,"size":30},"context=\"context\" count=20 method=\"apply\" n=5000000 rest=1":{"mean":28265086.61843704,"sqsum":2102174713195.243,"variance":72488783213.62906,"size":30},"context=\"null\" count=20 method=\"apply\" n=5000000 rest=0":{"mean":28549462.62510408,"sqsum":2178795846644.002,"variance":75130891263.58627,"size":30},"context=\"null\" count=20 method=\"apply\" n=5000000 rest=1":{"mean":28253475.960649304,"sqsum":3738116354868.572,"variance":128900563960.98523,"size":30},"context=\"context\" count=5 method=\"spread\" n=5000000 rest=0":{"mean":51950623.96276517,"sqsum":7912436390312.352,"variance":272842634148.70175,"size":30},"context=\"context\" count=5 method=\"spread\" n=5000000 rest=1":{"mean":49037813.362148486,"sqsum":9811868400144.436,"variance":338340289660.15295,"size":30},"context=\"null\" count=5 method=\"spread\" n=5000000 rest=0":{"mean":58202543.48850777,"sqsum":13460208984159.863,"variance":464145137384.8229,"size":30},"context=\"null\" count=5 method=\"spread\" n=5000000 rest=1":{"mean":55887894.05278297,"sqsum":23582268452734.51,"variance":813181670783.9486,"size":30},"context=\"context\" count=10 method=\"spread\" n=5000000 rest=0":{"mean":39620111.26788333,