{"cpus":{"n=30000":{"mean":6168.688962631635,"sqsum":195676.46224880408,"variance":6747.464215476002,"size":30}},"loadavg":{"n=5000000":{"mean":1246241.220059733,"sqsum":22312548295.652534,"variance":769398217.0914668,"size":30}},"networkInterfaces":{"n=10000":{"mean":15510.066118226805,"sqsum":672650.4416929438,"variance":23194.84281699806,"size":30}}}