{"format":{"n=100000 type=\"string\"":{"mean":5204773.926672779,"sqsum":28894999601.95436,"variance":996379296.6191158,"size":30},"n=100000 type=\"string-2\"":{"mean":3620703.6173415724,"sqsum":11556363519.956543,"variance":398495293.79160494,"size":30},"n=100000 type=\"number\"":{"mean":4412535.903755284,"sqsum":11382100014.531511,"variance":392486207.3976383,"size":30},"n=100000 type=\"replace-object\"":{"mean":2277085.271639318,"sqsum":133483867119.58313,"variance":4602891969.640798,"size":30},"n=100000 type=\"unknown\"":{"mean":7156512.986811658,"sqsum":96681399353.69911,"variance":3333841357.0241075,"size":30},"n=100000 type=\"no-replace\"":{"mean":4680771.919359866,"sqsum":34008021043.404495,"variance":1172690380.8070517,"size":30},"n=100000 type=\"no-replace-2\"":{"mean":7885491.507618007,"sqsum":215269720061.38156,"variance":7423093795.220054,"size":30},"n=100000 type=\"only-objects\"":{"mean":459663.42775771086,"sqsum":1276100034.2728052,"variance":44003449.45768294,"size":30},"n=100000 type=\"many-%\"":{"mean":2739483.7090677395,"sqsum":22807627967.317436,"variance":786469929.9074978,"size":30},"n=100000 type=\"object-to-string\"":{"mean":3731671.976407509,"sqsum":11358477934.1776,"variance":391671652.9026759,"size":30},"n=100000 type=\"object-%s\"":{"mean":569729.5301942044,"sqsum":7254597509.844627,"variance":250158534.82222855,"size":30}},"inspect-array":{"len=100 n=500 type=\"denseArray\"":{"mean":17475.12014765055,"sqsum":290692.1466798735,"variance":10023.86712689219,"size":30},"len=100 n=500 type=\"sparseArray\"":{"mean":113903.37628643375,"sqsum":295260156.5461047,"variance":10181384.708486369,"size":30},"len=100 n=500 type=\"mixedArray\"":{"mean":17725.502972432463,"sqsum":644823.2389508905,"variance":22235.284101754845,"size":30},"len=100 n=500 type=\"denseArray_showHidden\"":{"mean":16546.165385694872,"sqsum":174417.17086994264,"variance":6014.385202411815,"size":30},"len=100000 n=500 type=\"denseArray\"":{"mean":16606.912892511595,"sqsum":513541.0034997037,"variance":17708.310465507024,"size":30},"len=100000 n=500 type=\"sparseArray\"":{"mean":4284.333808698767,"sqsum":15323.214524232653,"variance":528.3867077321604,"size":30},"len=100000 n=500 type=\"mixedArray\"":{"mean":3550.206513304124,"sqsum":9727.984601922153,"variance":335.44774489386737,"size":30},"len=100000 n=500 type=\"denseArray_showHidden\"":{"mean":15518.83077882863,"sqsum":195281.38559675103,"variance":6733.840882646587,"size":30}},"inspect-proxy":{"isProxy=0 n=100000 showProxy=0":{"mean":443067.83148280776,"sqsum":2456298624.6393337,"variance":84699952.57377014,"size":30},"isProxy=1 n=100000 showProxy=0":{"mean":441811.78037694015,"sqsum":1928994892.728239,"variance":66517065.266491,"size":30},"isProxy=0 n=100000 showProxy=1":{"mean":442331.19154917647,"sqsum":1575441088.8936918,"variance":54325554.789437644,"size":30},"isProxy=1 n=100000 showProxy=1":{"mean":227210.79671894773,"sqsum":279256399.2089592,"variance":9629531.00720549,"size":30}},"inspect":{"method=\"Object\" n=20000 option=\"showHidden\"":{"mean":382091.36499422655,"sqsum":667097387.502295,"variance":23003358.189734314,"size":30},"method=\"Object\" n=20000 option=\"colors\"":{"mean":224388.10636771316,"sqsum":393701429.1482661,"variance":13575911.349940209,"size":30},"method=\"Object\" n=20000 option=\"none\"":{"mean":409996.8265293826,"sqsum":318516951.0343874,"variance":10983343.139116809,"size":30},"method=\"Object_empty\" n=20000 option=\"showHidden\"":{"mean":1036334.5328630782,"sqsum":14945521908.849226,"variance":515362824.4430767,"size":30},"method=\"Object_empty\" n=20000 option=\"colors\"":{"mean":1077532.0864424095,"sqsum":20720154278.703156,"variance":714488078.5759709,"size":30},"method=\"Object_empty\" n=20000 option=\"none\"":{"mean":1251180.2633686932,"sqsum":6863210912.712327,"variance":236662445.2659423,"size":30},"method=\"Object_deep_ln\" n=20000 option=\"showHidden\"":{"mean":182378.0613826727,"sqsum":86664248.27035713,"variance":2988422.354150246,"size":30},"method=\"Object_deep_ln\" n=20000 option=\"colors\"":{"mean":92298.82922006022,"sqsum":22099703.123006873,"variance":762058.7283795474,"size":30},"method=\"Object_deep_ln\" n=20000 option=\"none\"":{"mean":193769.63617410924,"sqsum":58793649.13413343,"variance":2027367.2115218423,"size":30},"method=\"String\" n=20000 option=\"showHidden\"":{"mean":1582903.1910031422,"sqsum":4697172234.248895,"variance":161971456.35341015,"size":30},"method=\"String\" n=20000 option=\"colors\"":{"mean":1321865.0612386703,"sqsum":3524093595.1585865,"variance":121520468.79857196,"size":30},"method=\"String\" n=20000 option=\"none\"":{"mean":1863236.4796840984,"sqsum":10928596855.63865,"variance":376848167.4358155,"size":30},"method=\"String_complex\" n=20000 option=\"showHidden\"":{"mean":1019573.0121227438,"sqsum":977644218.2705173,"variance":33711869.595535085,"size":30},"method=\"String_complex\" n=20000 option=\"colors\"":{"mean":909869.3755120281,"sqsum":1459709323.8523626,"variance":50334804.27077112,"size":30},"method=\"String_complex\" n=20000 option=\"none\"":{"mean":1141999.16277133,"sqsum":1077077250.2204616,"variance":37140594.83518833,"size":30},"method=\"String_boxed\" n=20000 option=\"showHidden\"":{"mean":299010.77495657164,"sqsum":776337598.921304,"variance":26770262.0317691,"size":30},"method=\"String_boxed\" n=20000 option=\"colors\"":{"mean":441093.331766266,"sqsum":1666167948.25875,"variance":57454067.18133621,"size":30},"method=\"String_boxed\" n=20000 option=\"none\"":{"mean":515919.38225771865,"sqsum":1591343694.1250215,"variance":54873920.4870697,"size":30},"method=\"Date\" n=20000 option=\"showHidden\"":{"mean":656798.2503580648,"sqsum":4222525556.3711247,"variance":145604329.53003877,"size":30},"method=\"Date\" n=20000 option=\"colors\"":{"mean":658474.6321010923,"sqsum":2994694455.8830376,"variance":103265326.06493233,"size":30},"method=\"Date\" n=20000 option=\"none\"":{"mean":783445.8980559419,"sqsum":1393339282.8532453,"variance":48046182.16735329,"size":30},"method=\"Set\" n=20000 option=\"showHidden\"":{"mean":528975.7887225101,"sqsum":2481102074.009272,"variance":85555243.93135421,"size":30},"method=\"Set\" n=20000 option=\"colors\"":{"mean":408066.1716265957,"sqsum":1655996044.3203871,"variance":57103311.8731168,"size":30},"method=\"Set\" n=20000 option=\"none\"":{"mean":595429.4925387843,"sqsum":698865893.7926633,"variance":24098823.923884943,"size":30},"method=\"Error\" n=20000 option=\"showHidden\"":{"mean":122196.74756412221,"sqsum":39910321.68372079,"variance":1376217.9890938203,"size":30},"method=\"Error\" n=20000 option=\"colors\"":{"mean":330686.51868961647,"sqsum":1005577247.0641602,"variance":34675077.48497104,"size":30},"method=\"Error\" n=20000 option=\"none\"":{"mean":481734.56391290814,"sqsum":1407635996.4288235,"variance":48539172.290649086,"size":30},"method=\"Array\" n=20000 option=\"showHidden\"":{"mean":73693.1953118029,"sqsum":4744956.527398893,"variance":163619.19059996182,"size":30},"method=\"Array\" n=20000 option=\"colors\"":{"mean":35109.89882898564,"sqsum":8649913.301896997,"variance":298272.87247920677,"size":30},"method=\"Array\" n=20000 option=\"none\"":{"mean":83826.29105335334,"sqsum":1578132.4454928525,"variance":54418.360189408704,"size":30},"method=\"TypedArray\" n=20000 option=\"showHidden\"":{"mean":145421.1255737639,"sqsum":94723231.04407772,"variance":3266318.311864749,"size":30},"method=\"TypedArray\" n=20000 option=\"colors\"":{"mean":46278.399523170796,"sqsum":3500741.378463796,"variance":120715.21994702745,"size":30},"method=\"TypedArray\" n=20000 option=\"none\"":{"mean":181930.4725280238,"sqsum":61647446.463374846,"variance":2125774.015978443,"size":30},"method=\"TypedArray_extra\" n=20000 option=\"showHidden\"":{"mean":115597.86435863053,"sqsum":45342756.99233732,"variance":1563543.344563356,"size":30},"method=\"TypedArray_extra\" n=20000 option=\"colors\"":{"mean":38355.02336009,"sqsum":1305722.5373425477,"variance":45024.91508077751,"size":30},