{"ee-add-remove":{"n=1000000":{"mean":835940.0267088055,"sqsum":13232212139.771143,"variance":456283177.2334877,"size":30}},"ee-emit":{"argc=0 listeners=1 n=2000000":{"mean":33270221.314159367,"sqsum":22516356395630.652,"variance":776426082607.9535,"size":30},"argc=0 listeners=5 n=2000000":{"mean":10369096.774553644,"sqsum":1486322451713.362,"variance":51252498334.94352,"size":30},"argc=0 listeners=10 n=2000000":{"mean":6227398.470630193,"sqsum":868842318359.598,"variance":29960079943.434414,"size":30},"argc=2 listeners=1 n=2000000":{"mean":31201475.019431315,"sqsum":17880252699897.625,"variance":616560437927.5044,"size":30},"argc=2 listeners=5 n=2000000":{"mean":9367938.637043701,"sqsum":883777875049.7778,"variance":30475099139.64751,"size":30},"argc=2 listeners=10 n=2000000":{"mean":5431079.104163392,"sqsum":326236150612.57947,"variance":11249522434.916533,"size":30},"argc=4 listeners=1 n=2000000":{"mean":30876611.606108733,"sqsum":17798707578703.824,"variance":613748537196.6836,"size":30},"argc=4 listeners=5 n=2000000":{"mean":9011854.347674279,"sqsum":660778074007.1742,"variance":22785450827.83359,"size":30},"argc=4 listeners=10 n=2000000":{"mean":5232338.532887317,"sqsum":476537633705.27045,"variance":16432332196.733463,"size":30},"argc=10 listeners=1 n=2000000":{"mean":30126050.112985432,"sqsum":7878920490320.351,"variance":271686913459.32245,"size":30},"argc=10 listeners=5 n=2000000":{"mean":8711672.68411477,"sqsum":864478480273.8113,"variance":29809602768.062458,"size":30},"argc=10 listeners=10 n=2000000":{"mean":5106764.589923376,"sqsum":119184513195.0222,"variance":4109810799.828352,"size":30}},"ee-listener-count-on-prototype":{"n=50000000":{"mean":59431978.01230008,"sqsum":42791307319188.94,"variance":1475562321351.3425,"size":30}},"ee-listeners-many":{"n=5000000":{"mean":5938330.982071246,"sqsum":146917290774.57056,"variance":5066113474.985192,"size":30}},"ee-listeners":{"n=5000000":{"mean":23563081.209239643,"sqsum":19126593766562.41,"variance":659537716088.359,"size":30}},"ee-once":{"argc=0 n=20000000":{"mean":4875643.681588986,"sqsum":525418311007.82074,"variance":18117872793.37313,"size":30},"argc=1 n=20000000":{"mean":4611116.083354013,"sqsum":942755593412.4437,"variance":32508813565.946335,"size":30},"argc=4 n=20000000":{"mean":4573829.008496403,"sqsum":248468467508.32443,"variance":8567878189.942222,"size":30},"argc=5 n=20000000":{"mean":4538892.798303794,"sqsum":239990938393.7708,"variance":8275549599.7852,"size":30}}}