{"ee-add-remove":{"n=1000000 newListener=0 removeListener=0":{"mean":1122800.5785541465,"sqsum":475123656.8034873,"variance":16383574.372534046,"size":30},"n=1000000 newListener=0 removeListener=1":{"mean":783814.1477143314,"sqsum":2637326940.69781,"variance":90942308.29992448,"size":30},"n=1000000 newListener=1 removeListener=0":{"mean":894393.7335945843,"sqsum":21121507250.597897,"variance":728327836.2275137,"size":30},"n=1000000 newListener=1 removeListener=1":{"mean":660249.3472296502,"sqsum":3772357931.3497424,"variance":130081307.97757733,"size":30}},"ee-emit":{"argc=0 listeners=1 n=2000000":{"mean":65329901.5505258,"sqsum":10903046401580.361,"variance":375967117295.8745,"size":30},"argc=0 listeners=5 n=2000000":{"mean":17331384.240309287,"sqsum":264567891141.2188,"variance":9123030729.007545,"size":30},"argc=0 listeners=10 n=2000000":{"mean":9723873.536238551,"sqsum":127351853509.00813,"variance":4391443224.448557,"size":30},"argc=2 listeners=1 n=2000000":{"mean":65835146.542489104,"sqsum":42381713171646.27,"variance":1461438385229.182,"size":30},"argc=2 listeners=5 n=2000000":{"mean":16584908.659837801,"sqsum":153421751656.0733,"variance":5290405229.519769,"size":30},"argc=2 listeners=10 n=2000000":{"mean":8056025.059272477,"sqsum":135309165512.12573,"variance":4665833293.521577,"size":30},"argc=4 listeners=1 n=2000000":{"mean":65908598.82426863,"sqsum":9800268487440.578,"variance":337940292670.3648,"size":30},"argc=4 listeners=5 n=2000000":{"mean":16494011.537311466,"sqsum":184731083519.9341,"variance":6370037362.756349,"size":30},"argc=4 listeners=10 n=2000000":{"mean":7726736.775627192,"sqsum":54705629029.78398,"variance":1886401001.0270338,"size":30},"argc=10 listeners=1 n=2000000":{"mean":64900511.93914517,"sqsum":7513401141080.526,"variance":259082797968.29404,"size":30},"argc=10 listeners=5 n=2000000":{"mean":14735852.297558555,"sqsum":153413132452.64688,"variance":5290108015.608514,"size":30},"argc=10 listeners=10 n=2000000":{"mean":7165346.89389519,"sqsum":42726744174.78677,"variance":1473336006.0271301,"size":30}},"ee-listener-count-on-prototype":{"n=50000000":{"mean":70104849.0195289,"sqsum":49577847842301.82,"variance":1709580960079.3733,"size":30}},"ee-listeners":{"listeners=5 n=5000000 raw=\"true\"":{"mean":47863078.24441726,"sqsum":10718525887955.555,"variance":369604340963.9847,"size":30},"listeners=5 n=5000000 raw=\"false\"":{"mean":26698233.231133424,"sqsum":1703452845980.398,"variance":58739753309.66889,"size":30},"listeners=50 n=5000000 raw=\"true\"":{"mean":18276866.036551923,"sqsum":626255104095.5503,"variance":21595003589.50173,"size":30},"listeners=50 n=5000000 raw=\"false\"":{"mean":5692091.43805141,"sqsum":11772700271.346066,"variance":405955181.770554,"size":30}},"ee-once":{"argc=0 n=20000000":{"mean":7328919.616533903,"sqsum":2102789655504.7192,"variance":72509988120.85239,"size":30},"argc=1 n=20000000":{"mean":7217228.196216796,"sqsum":8291292685.350497,"variance":285906644.32243097,"size":30},"argc=4 n=20000000":{"mean":7077834.251751536,"sqsum":5897478863.482918,"variance":203361340.12010062,"size":30},"argc=5 n=20000000":{"mean":6959374.314677173,"sqsum":1829494418631.1917,"variance":63086014435.55833,"size":30}},"eventtarget":{"listeners=1 n=1000000":{"mean":2834012.458805624,"sqsum":149038267713.11578,"variance":5139250610.797096,"size":30},"listeners=5 n=1000000":{"mean":2442531.138090869,"sqsum":115382871057.06442,"variance":3978719691.622911,"size":30},"listeners=10 n=1000000":{"mean":2066922.5083531116,"sqsum":137931764802.101,"variance":4756267751.796587,"size":30}}}