{"cpus":{"n=30000":{"mean":7332.5678783364865,"sqsum":10121.38127678984,"variance":349.0131474755117,"size":30}},"loadavg":{"n=5000000":{"mean":282464.59031747,"sqsum":129905794.65832554,"variance":4479510.160631915,"size":30}},"networkInterfaces":{"n=10000":{"mean":7623.222361203358,"sqsum":9500.801108635464,"variance":327.61383133225735,"size":30}}}