{"creation":{"kind=\"duplex\" n=50000000":{"mean":2791479.1130975876,"sqsum":248880786165.22964,"variance":8582096074.663091,"size":30},"kind=\"readable\" n=50000000":{"mean":7234208.145855365,"sqsum":97700178355.94917,"variance":3368971667.446523,"size":30},"kind=\"transform\" n=50000000":{"mean":3127546.676466684,"sqsum":3838290957582.3047,"variance":132354860606.28638,"size":30},"kind=\"writable\" n=50000000":{"mean":6969807.302343581,"sqsum":50792248288.35831,"variance":1751456837.5295968,"size":30}},"pipe-object-mode":{"n=5000000":{"mean":9179545.962525344,"sqsum":263591258141.03738,"variance":9089353729.00129,"size":30}},"pipe":{"n=5000000":{"mean":4640226.554755415,"sqsum":212051438149.9317,"variance":7312118556.8941965,"size":30}},"readable-async-iterator":{"n=100000 sync=\"yes\"":{"mean":2353895.0256889733,"sqsum":20692156435.486633,"variance":713522635.7064356,"size":30},"n=100000 sync=\"no\"":{"mean":1068850.7709712824,"sqsum":1213647992.2698915,"variance":41849930.7679273,"size":30}},"readable-bigread":{"n=1000":{"mean":687.284435548248,"sqsum":3657.369727101822,"variance":126.11619748626971,"size":30}},"readable-bigunevenread":{"n=1000":{"mean":383.97140548605773,"sqsum":2160.4854666354163,"variance":74.49949884949712,"size":30}},"readable-boundaryread":{"n=2000 type=\"string\"":{"mean":240.4801982594185,"sqsum":516.9511150508557,"variance":17.825900518995024,"size":30},"n=2000 type=\"buffer\"":{"mean":766.0741007410974,"sqsum":484.92255215690926,"variance":16.721467315755493,"size":30}},"readable-from":{"n=10000000":{"mean":8857621.667906087,"sqsum":512968320758.34784,"variance":17688562784.770615,"size":30}},"readable-readall":{"n=5000":{"mean":1002.8979881924307,"sqsum":37261.175361258174,"variance":1284.8681159054543,"size":30}},"readable-unevenread":{"n=1000":{"mean":127.10883553250866,"sqsum":60.12999030014788,"variance":2.07344794138441,"size":30}},"writable-manywrites":{"callback=\"yes\" len=1024 n=2000000 sync=\"yes\" writev=\"yes\"":{"mean":25884505.407307502,"sqsum":39627230087498.61,"variance":1366456209913.745,"size":30},"callback=\"yes\" len=32768 n=2000000 sync=\"yes\" writev=\"yes\"":{"mean":5714422.890816228,"sqsum":834915436321.5748,"variance":28790187459.364647,"size":30},"callback=\"no\" len=1024 n=2000000 sync=\"yes\" writev=\"yes\"":{"mean":24764254.15559417,"sqsum":36080022059905.33,"variance":1244138691720.8733,"size":30},"callback=\"no\" len=32768 n=2000000 sync=\"yes\" writev=\"yes\"":{"mean":5712904.509344315,"sqsum":1114161933353.4043,"variance":38419377012.18635,"size":30},"callback=\"yes\" len=1024 n=2000000 sync=\"yes\" writev=\"no\"":{"mean":24358227.19418721,"sqsum":163209957652675.84,"variance":5627929574230.202,"size":30},"callback=\"yes\" len=32768 n=2000000 sync=\"yes\" writev=\"no\"":{"mean":5499193.122153492,"sqsum":334123292768.36847,"variance":11521492854.08167,"size":30},"callback=\"no\" len=1024 n=2000000 sync=\"yes\" writev=\"no\"":{"mean":23868600.80849586,"sqsum":124437355043542.56,"variance":4290943277363.5366,"size":30},"callback=\"no\" len=32768 n=2000000 sync=\"yes\" writev=\"no\"":{"mean":5392897.842397784,"sqsum":62944673389.398285,"variance":2170505978.9447684,"size":30},"callback=\"yes\" len=1024 n=2000000 sync=\"no\" writev=\"yes\"":{"mean":14854526.274388585,"sqsum":171683444379.0278,"variance":5920118771.690614,"size":30},"callback=\"yes\" len=32768 n=2000000 sync=\"no\" writev=\"yes\"":{"mean":5651740.333121722,"sqsum":99233062873.57347,"variance":3421829754.261154,"size":30},"callback=\"no\" len=1024 n=2000000 sync=\"no\" writev=\"yes\"":{"mean":17198981.907366794,"sqsum":1242831347289.1558,"variance":42856253354.79848,"size":30},"callback=\"no\" len=32768 n=2000000 sync=\"no\" writev=\"yes\"":{"mean":5554507.886163047,"sqsum":598446391705.3214,"variance":20636082472.59729,"size":30},"callback=\"yes\" len=1024 n=2000000 sync=\"no\" writev=\"no\"":{"mean":5137198.43564003,"sqsum":43746037148.66787,"variance":1508484039.609237,"size":30},"callback=\"yes\" len=32768 n=2000000 sync=\"no\" writev=\"no\"":{"mean":5719837.740898767,"sqsum":1123357204501.274,"variance":38736455327.630135,"size":30},"callback=\"no\" len=1024 n=2000000 sync=\"no\" writev=\"no\"":{"mean":5143041.957246522,"sqsum":204759184893.8226,"variance":7060661548.062848,"size":30},"callback=\"no\" len=32768 n=2000000 sync=\"no\" writev=\"no\"":{"mean":5795680.002811173,"sqsum":69934101310.50015,"variance":2411520734.844833,"size":30}}}