{"arguments":{"method=\"restAndSpread\" n=1000000":{"mean":3176699.3356480417,"sqsum":25731300839.163177,"variance":887286235.8332131,"size":30},"method=\"argumentsAndApply\" n=1000000":{"mean":3173786.130414379,"sqsum":22767210190.41329,"variance":785076213.4625272,"size":30},"method=\"restAndApply\" n=1000000":{"mean":3191164.1753740525,"sqsum":12443696827.315668,"variance":429092994.04536784,"size":30},"method=\"predefined\" n=1000000":{"mean":3184807.884835033,"sqsum":11690956416.424406,"variance":403136428.1525657,"size":30}},"freelist":{"n=100000":{"mean":146924.2311618849,"sqsum":1884059.5678435161,"variance":64967.57130494883,"size":30}},"getstringwidth":{"n=100000 type=\"ascii\"":{"mean":240558.79586038738,"sqsum":4941045.520545747,"variance":170380.88001881886,"size":30},"n=100000 type=\"mixed\"":{"mean":127451.82010599886,"sqsum":1555338.7939539198,"variance":53632.372205307576,"size":30},"n=100000 type=\"emojiseq\"":{"mean":167522.0146990646,"sqsum":30535280.584978126,"variance":1052940.709826832,"size":30},"n=100000 type=\"fullwidth\"":{"mean":260489.77355158134,"sqsum":69244279.89385465,"variance":2387733.789443264,"size":30}},"object-property-bench":{"method=\"property\" n=1000000000":{"mean":1146749846.6917791,"sqsum":81541606448919.67,"variance":2811779532721.3677,"size":30},"method=\"string\" n=1000000000":{"mean":1146196667.6564784,"sqsum":28328126076936.812,"variance":976831933687.4763,"size":30},"method=\"variable\" n=1000000000":{"mean":1145564977.8502,"sqsum":51930933564804.9,"variance":1790721847062.238,"size":30},"method=\"symbol\" n=1000000000":{"mean":1145116485.1975646,"sqsum":36442969094444.07,"variance":1256654106704.968,"size":30}},"print":{"code=\"1\" dur=1":{"mean":27.215912434063455,"sqsum":1.5426757547137542,"variance":0.05319571567978463,"size":30},"code=\"\\\"string\\\"\" dur=1":{"mean":27.217168505481883,"sqsum":1.3689779269678972,"variance":0.04720613541268611,"size":30},"code=\"process.versions\" dur=1":{"mean":27.14189435071941,"sqsum":1.4989194560532906,"variance":0.05168687779494105,"size":30},"code=\"process\" dur=1":{"mean":27.089163655700663,"sqsum":1.3498313205185595,"variance":0.046545907604088256,"size":30}},"punycode":{"method=\"punycode\" n=1024 val=\"افغانستا.icom.museum\"":{"mean":87027.23280296705,"sqsum":87175239.35680915,"variance":3006042.736441695,"size":30},"method=\"punycode\" n=1024 val=\"الجزائر.icom.museum\"":{"mean":88391.50190119748,"sqsum":229292609.9336181,"variance":7906641.7218488995,"size":30},"method=\"punycode\" n=1024 val=\"österreich.icom.museum\"":{"mean":104271.25159377849,"sqsum":107859259.00101638,"variance":3719284.7931384956,"size":30},"method=\"punycode\" n=1024 val=\"বাংলাদেশ.icom.museum\"":{"mean":84810.64326616455,"sqsum":186588562.82538557,"variance":6434088.373289158,"size":30},"method=\"punycode\" n=1024 val=\"беларусь.icom.museum\"":{"mean":85996.48291379974,"sqsum":85408049.17758317,"variance":2945105.144054592,"size":30},"method=\"punycode\" n=1024 val=\"belgië.icom.museum\"":{"mean":110491.76675884757,"sqsum":360528065.09338844,"variance":12432002.244599601,"size":30},"method=\"punycode\" n=1024 val=\"българия.icom.museum\"":{"mean":85480.41727412061,"sqsum":54407552.53324996,"variance":1876122.5011465503,"size":30},"method=\"punycode\" n=1024 val=\"تشادر.icom.museum\"":{"mean":94120.0808768394,"sqsum":128007065.18477435,"variance":4414036.73050946,"size":30},"method=\"punycode\" n=1024 val=\"中国.icom.museum\"":{"mean":99584.25743268157,"sqsum":216257516.12894955,"variance":7457155.728584467,"size":30},"method=\"punycode\" n=1024 val=\"القمر.icom.museum\"":{"mean":95714.49062655578,"sqsum":152085276.22779813,"variance":5244319.869924074,"size":30},"method=\"punycode\" n=1024 val=\"κυπρος.icom.museum\"":{"mean":91986.99579720158,"sqsum":167653672.03154853,"variance":5781161.104536156,"size":30},"method=\"punycode\" n=1024 val=\"českárepublika.icom.museum\"":{"mean":92357.15471738394,"sqsum":72078322.0074222,"variance":2485459.3795662825,"size":30},"method=\"punycode\" n=1024 val=\"مصر.icom.museum\"":{"mean":99255.68814145819,"sqsum":47318385.300950356,"variance":1631668.4586534607,"size":30},"method=\"punycode\" n=1024 val=\"ελλάδα.icom.museum\"":{"mean":91849.17835515569,"sqsum":150655274.30237415,"variance":5195009.458702557,"size":30},"method=\"punycode\" n=1024 val=\"magyarország.icom.museum\"":{"mean":102548.6889267061,"sqsum":248023296.40190646,"variance":8552527.462134706,"size":30},"method=\"punycode\" n=1024 val=\"ísland.icom.museum\"":{"mean":110667.91213793475,"sqsum":342272400.50247854,"variance":11802496.569050984,"size":30},"method=\"punycode\" n=1024 val=\"भारत.icom.museum\"":{"mean":99354.42331968721,"sqsum":118490249.47578509,"variance":4085870.6715787966,"size":30},"method=\"punycode\" n=1024 val=\"ايران.icom.museum\"":{"mean":94375.44938970708,"sqsum":119562700.0413531,"variance":4122851.7255639,"size":30},"method=\"punycode\" n=1024 val=\"éire.icom.museum\"":{"mean":107371.36800620398,"sqsum":723453436.3027714,"variance":24946670.217336945,"size":30},"method=\"punycode\" n=1024 val=\"איקו״ם.ישראל.museum\"":{"mean":73699.60707348218,"sqsum":49855284.820281975,"variance":1719147.7524235165,"size":30},"method=\"punycode\" n=1024 val=\"日本.icom.museum\"":{"mean":99282.7215184084,"sqsum":278638485.48510474,"variance":9608223.637417404,"size":30},"method=\"punycode\" n=1024 val=\"الأردن.icom.museum\"":{"mean":90978.06434404117,"sqsum":120973795.94872321,"variance":4171510.2051283866,"size":30},"method=\"icu\" n=1024 val=\"افغانستا.icom.museum\"":{"mean":212411.41656549272,"sqsum":748030089.7036719,"variance":25794141.02426455,"size":30},"method=\"icu\" n=1024 val=\"الجزائر.icom.museum\"":{"mean":226557.15733873288,"sqsum":610977587.4211451,"variance":21068192.66969466,"size":30},"method=\"icu\" n=1024 val=\"österreich.icom.museum\"":{"mean":250536.83137010376,"sqsum":622975472.1750393,"variance":21481912.833622046,"size":30},"method=\"icu\" n=1024 val=\"বাংলাদেশ.icom.museum\"":{"mean":191662.7982509473,"sqsum":456666737.47908384,"variance":15747128.878589097,"size":30},"method=\"icu\" n=1024 val=\"беларусь.icom.museum\"":{"mean":215173.54596918568,"sqsum":767082134.807989,"variance":26451108.09682721,"size":30},"method=\"icu\" n=1024 val=\"belgië.icom.museum\"":{"mean":263286.5969282156,"sqsum":1087649171.4373965,"variance":37505143.842668846,"size":30},"method=\"icu\" n=1024 val=\"българия.icom.museum\"":{"mean":212804.9536571516,"sqsum":684667962.9191698,"variance":23609240.100661024,"size":30},"method=\"icu\" n=1024 val=\"تشادر.icom.museum\"":{"mean":246304.37711540694,"sqsum":424212346.17437345,"variance":14628011.93704736,"size":30},"method=\"icu\" n=1024 val=\"中国.icom.museum\"":{"mean":269916.1047546207,"sqsum":849139107.6452743,"variance":29280658.884319805,"size":30},"method=\"icu\" n=1024 val=\"القمر.icom.museum\"":{"mean":243851.3026289158,"sqsum":608747091.7262844,"variance":20991279.025044292,"size":30},"method=\"icu\" n=1024 val=\"κυπρος.icom.museum\"":{"mean":241257.24187009808,"sqsum":569898151.0057333,"variance":19651660.37950804,"size":30},"method=\"icu\" n=1024 val=\"českárepublika.icom.museum\"":{"mean":227054.65759985606,"sqsum":799508875.9612226,"variance":27569271.584869746,"size":30},"method=\"icu\" n=1024 val=\"مصر.icom.museum\"":{"mean":261644.9048839701,"sqsum":965879649.7634041,"variance":33306194.81942773,"size":30},"method=\"icu\" n=1024 val=\"ελλάδα.icom.museum\"":{"mean":243070.75164039287,"sqsum":829537738.5551479,"variance":28604749.60534993,"size":30},"method=\"icu\" n=1024 val=\"magyarország.icom.museum\"":{"mean":240924.93577915846,"sqsum":1384555623.4121141,"variance":47743297.35903842,"size":30},"method=\"icu\" n=1024 val=\"ísland.icom.museum\"":{"mean":265940.1591309712,"sqsum":1022484138.410699,"variance":35258073.738299966,"size":30},"method=\"icu\" n=1024 val=\"भारत.icom.museum\"":{"mean":253733.29256137213,"sqsum":431216542.02498215,"variance":14869535.931895936,"size":30},