{"bench-env":{"n=1000000 operation=\"get\"":{"mean":2694792.652017736,"sqsum":435334258429.12823,"variance":15011526152.72856,"size":30},"n=1000000 operation=\"set\"":{"mean":2023137.4967685395,"sqsum":1094313906047.1154,"variance":37734962277.48673,"size":30},"n=1000000 operation=\"enumerate\"":{"mean":21071.748319019905,"sqsum":6592861.736810186,"variance":227340.05989000644,"size":30},"n=1000000 operation=\"query\"":{"mean":2978438.552773967,"sqsum":2650117257170.6045,"variance":91383353695.53809,"size":30},"n=1000000 operation=\"delete\"":{"mean":2538302.0031351224,"sqsum":1150105311447.4844,"variance":39658803843.0167,"size":30}},"bench-hrtime":{"n=1000000 type=\"raw\"":{"mean":17138126.67697224,"sqsum":2851295083890.3965,"variance":98320520134.1516,"size":30},"n=1000000 type=\"diff\"":{"mean":15786161.076608302,"sqsum":7458059748695.734,"variance":257174474092.95636,"size":30},"n=1000000 type=\"bigint\"":{"mean":17317043.492283814,"sqsum":13060797694075.95,"variance":450372334278.481,"size":30}},"memoryUsage":{"n=100000":{"mean":106130.58384528698,"sqsum":85028423.53801848,"variance":2932014.604759258,"size":30}},"next-tick-breadth-args":{"n=10000000":{"mean":1738214.9831878876,"sqsum":11602146743.51306,"variance":400074025.63838136,"size":30}},"next-tick-breadth":{"n=10000000":{"mean":4148074.9453117563,"sqsum":63040061934.67233,"variance":2173795239.126632,"size":30}},"next-tick-depth-args":{"n=7000000":{"mean":6506571.002165981,"sqsum":1813504682570.0344,"variance":62534644226.55291,"size":30}},"next-tick-depth":{"n=7000000":{"mean":8945652.313585635,"sqsum":1951805179542.6245,"variance":67303626880.78016,"size":30}},"next-tick-exec-args":{"n=4000000":{"mean":26964342.108085644,"sqsum":1400906826373.5203,"variance":48307131943.9145,"size":30}},"next-tick-exec":{"n=4000000":{"mean":30354687.02056591,"sqsum":146535915946.07016,"variance":5052962618.830006,"size":30}},"queue-microtask-breadth":{"n=400000":{"mean":1388015.3359576042,"sqsum":14835929055.588549,"variance":511583760.53753614,"size":30}},"queue-microtask-depth":{"n=1200000":{"mean":4320871.331104605,"sqsum":419163031248.81226,"variance":14453897629.269388,"size":30}},"resourceUsage":{"n=100000":{"mean":718136.6958527012,"sqsum":3723306340.7920485,"variance":128389873.82041545,"size":30}}}