{"immediate":{"n=5000000 type=\"depth\"":{"mean":721077.5217973589,"sqsum":4661019754.904172,"variance":160724819.1346266,"size":30},"n=5000000 type=\"depth1\"":{"mean":722937.545695742,"sqsum":8344459689.791459,"variance":287739989.30315375,"size":30},"n=5000000 type=\"breadth\"":{"mean":2806393.757577645,"sqsum":32746609726.910694,"variance":1129193438.8589895,"size":30},"n=5000000 type=\"breadth1\"":{"mean":2362349.0554779964,"sqsum":38688831029.879196,"variance":1334097621.7199724,"size":30},"n=5000000 type=\"breadth4\"":{"mean":1780911.7107488692,"sqsum":9524396906.675976,"variance":328427479.5405509,"size":30},"n=5000000 type=\"clear\"":{"mean":12559523.524850307,"sqsum":3289687321482.549,"variance":113437493844.22583,"size":30}},"set-immediate-breadth-args":{"n=5000000":{"mean":1451237.3622512352,"sqsum":5475310686.360546,"variance":188803816.7710533,"size":30}},"set-immediate-breadth":{"n=10000000":{"mean":2077997.3752108896,"sqsum":6435758859.228577,"variance":221922719.28374404,"size":30}},"set-immediate-depth-args":{"n=5000000":{"mean":701174.5676738309,"sqsum":5235636963.501708,"variance":180539205.63798994,"size":30}},"timers-breadth-args":{"n=1000000":{"mean":1386241.5231813139,"sqsum":8025730917.777871,"variance":276749341.9923404,"size":30}},"timers-breadth":{"n=5000000":{"mean":2246427.2081638467,"sqsum":9872622626.165741,"variance":340435262.9712325,"size":30}},"timers-cancel-pooled":{"n=5000000":{"mean":29383267.300540607,"sqsum":1658715684515.697,"variance":57197092569.5068,"size":30}},"timers-cancel-unpooled":{"direction=\"start\" n=1000000":{"mean":2349101.144371959,"sqsum":33116145490.203823,"variance":1141936051.3863387,"size":30},"direction=\"end\" n=1000000":{"mean":9305382.354779944,"sqsum":211325008929.75024,"variance":7287069273.439664,"size":30}},"timers-depth":{"n=1000":{"mean":836.5938164912114,"sqsum":1035.6370335343202,"variance":35.71162184601104,"size":30}},"timers-insert-pooled":{"n=5000000":{"mean":2018585.1490815075,"sqsum":3741272907.5478787,"variance":129009410.60509926,"size":30}},"timers-insert-unpooled":{"direction=\"start\" n=1000000":{"mean":1241290.0277117796,"sqsum":835494776.0465772,"variance":28810164.691261284,"size":30},"direction=\"end\" n=1000000":{"mean":875512.5528964619,"sqsum":697251324.7012697,"variance":24043149.12762999,"size":30}},"timers-timeout-nexttick":{"n=50000":{"mean":1295268.4754758698,"sqsum":30342952095.95538,"variance":1046308692.9639785,"size":30},"n=5000000":{"mean":4907509.04931151,"sqsum":23743576129.322205,"variance":818744004.4593863,"size":30}},"timers-timeout-pooled":{"n=10000000":{"mean":10529238.744742202,"sqsum":2050042720117.651,"variance":70691128279.91899,"size":30}},"timers-timeout-unpooled":{"n=1000000":{"mean":8774216.753979456,"sqsum":2849543680762.236,"variance":98260126922.83571,"size":30}}}