{"async-local-storage-run":{"n=10000000":{"mean":2779918.0056733894,"sqsum":191284439998.73486,"variance":6596015172.370167,"size":30}},"async-resource-vs-destroy":{"asyncMethod=\"callbacks\" benchmarker=\"test-double-http\" connections=500 duration=5 n=1000000 path=\"/\" type=\"async-resource\"":{"mean":387.3333333333333,"sqsum":86.66666666666667,"variance":2.9885057471264367,"size":30},"asyncMethod=\"async\" benchmarker=\"test-double-http\" connections=500 duration=5 n=1000000 path=\"/\" type=\"async-resource\"":{"mean":381.73333333333335,"sqsum":31.866666666666667,"variance":1.0988505747126436,"size":30},"asyncMethod=\"callbacks\" benchmarker=\"test-double-http\" connections=500 duration=5 n=1000000 path=\"/\" type=\"destroy\"":{"mean":385.1666666666667,"sqsum":26.166666666666668,"variance":0.9022988505747126,"size":30},"asyncMethod=\"async\" benchmarker=\"test-double-http\" connections=500 duration=5 n=1000000 path=\"/\" type=\"destroy\"":{"mean":382,"sqsum":40,"variance":1.3793103448275863,"size":30},"asyncMethod=\"callbacks\" benchmarker=\"test-double-http\" connections=500 duration=5 n=1000000 path=\"/\" type=\"async-local-storage\"":{"mean":384.1,"sqsum":40.7,"variance":1.403448275862069,"size":30},"asyncMethod=\"async\" benchmarker=\"test-double-http\" connections=500 duration=5 n=1000000 path=\"/\" type=\"async-local-storage\"":{"mean":381.6666666666667,"sqsum":40.666666666666664,"variance":1.4022988505747127,"size":30}},"gc-tracking":{"method=\"trackingEnabled\" n=1000000":{"mean":66861291.05132287,"sqsum":16533624740946.426,"variance":570124991067.1182,"size":30},"method=\"trackingEnabledWithDestroyHook\" n=1000000":{"mean":1892057.908328303,"sqsum":2913306158.238694,"variance":100458833.04271358,"size":30},"method=\"trackingDisabled\" n=1000000":{"mean":70550896.89981557,"sqsum":14395278494661.045,"variance":496388913609.0015,"size":30}},"http-server":{"asyncHooks=\"init\" benchmarker=\"test-double-http\" connections=50 duration=5":{"mean":27421.133333333335,"sqsum":2620897.466666667,"variance":90375.77471264367,"size":30},"asyncHooks=\"init\" benchmarker=\"test-double-http\" connections=500 duration=5":{"mean":27349.9,"sqsum":2439578.7,"variance":84123.40344827586,"size":30},"asyncHooks=\"before\" benchmarker=\"test-double-http\" connections=50 duration=5":{"mean":27287.633333333335,"sqsum":1885666.9666666666,"variance":65022.99885057471,"size":30},"asyncHooks=\"before\" benchmarker=\"test-double-http\" connections=500 duration=5":{"mean":27435.966666666667,"sqsum":3512950.966666667,"variance":121136.24022988506,"size":30},"asyncHooks=\"after\" benchmarker=\"test-double-http\" connections=50 duration=5":{"mean":27354.133333333335,"sqsum":2219469.466666667,"variance":76533.42988505747,"size":30},"asyncHooks=\"after\" benchmarker=\"test-double-http\" connections=500 duration=5":{"mean":27330.633333333335,"sqsum":3244284.966666667,"variance":111871.89540229885,"size":30},"asyncHooks=\"all\" benchmarker=\"test-double-http\" connections=50 duration=5":{"mean":27356,"sqsum":1533262,"variance":52871.10344827586,"size":30},"asyncHooks=\"all\" benchmarker=\"test-double-http\" connections=500 duration=5":{"mean":27355.3,"sqsum":2683500.3,"variance":92534.49310344827,"size":30},"asyncHooks=\"disabled\" benchmarker=\"test-double-http\" connections=50 duration=5":{"mean":27382.366666666665,"sqsum":3152780.966666667,"variance":108716.58505747127,"size":30},"asyncHooks=\"disabled\" benchmarker=\"test-double-http\" connections=500 duration=5":{"mean":27335.533333333333,"sqsum":2443795.466666667,"variance":84268.8091954023,"size":30},"asyncHooks=\"none\" benchmarker=\"test-double-http\" connections=50 duration=5":{"mean":27318.333333333332,"sqsum":2939508.6666666665,"variance":101362.36781609195,"size":30},"asyncHooks=\"none\" benchmarker=\"test-double-http\" connections=500 duration=5":{"mean":27271.066666666666,"sqsum":2184009.8666666667,"variance":75310.68505747126,"size":30}},"promises":{"asyncHooks=\"enabled\" n=1000000":{"mean":910945.0240731946,"sqsum":2554461398.0854073,"variance":88084875.79604852,"size":30},"asyncHooks=\"enabledWithDestroy\" n=1000000":{"mean":286492.86781542667,"sqsum":229654073.91173905,"variance":7919105.996956519,"size":30},"asyncHooks=\"enabledWithInitOnly\" n=1000000":{"mean":867002.3794839492,"sqsum":8816605559.521381,"variance":304020881.36280626,"size":30},"asyncHooks=\"disabled\" n=1000000":{"mean":1484943.5040243652,"sqsum":8515344001.265656,"variance":293632551.76778126,"size":30}}}