{"array-vs-concat":{"chunks=1 dur=5 len=64 num=100 type=\"concat\"":{"mean":0.12093931097932839,"sqsum":0.00014118884136873482,"variance":0.00000486858073685292,"size":30},"chunks=1 dur=5 len=64 num=100 type=\"multi\"":{"mean":0.12199075732642096,"sqsum":0.0002329246883236163,"variance":0.00000803188580426263,"size":30},"chunks=2 dur=5 len=64 num=100 type=\"concat\"":{"mean":0.11743923944807941,"sqsum":0.00009336087827746425,"variance":0.00000321934063025739,"size":30},"chunks=2 dur=5 len=64 num=100 type=\"multi\"":{"mean":0.11496595794617337,"sqsum":0.00009442511464521053,"variance":0.00000325603843604174,"size":30},"chunks=4 dur=5 len=64 num=100 type=\"concat\"":{"mean":0.110507902040963,"sqsum":0.0000869811173666186,"variance":0.00000299934887471099,"size":30},"chunks=4 dur=5 len=64 num=100 type=\"multi\"":{"mean":0.10291819654297336,"sqsum":0.00004440261619766003,"variance":0.00000153112469647104,"size":30},"chunks=8 dur=5 len=64 num=100 type=\"concat\"":{"mean":0.1003158986304908,"sqsum":0.00007620526287079831,"variance":0.00000262776768519994,"size":30},"chunks=8 dur=5 len=64 num=100 type=\"multi\"":{"mean":0.08529255976865933,"sqsum":0.00009775009790077832,"variance":0.00000337069303106132,"size":30},"chunks=1 dur=5 len=256 num=100 type=\"concat\"":{"mean":0.4810440174557159,"sqsum":0.0013399512757057092,"variance":0.00004620521640364514,"size":30},"chunks=1 dur=5 len=256 num=100 type=\"multi\"":{"mean":0.4896119891713694,"sqsum":0.002738188230108316,"variance":0.00009442028379683848,"size":30},"chunks=2 dur=5 len=256 num=100 type=\"concat\"":{"mean":0.46355965780992436,"sqsum":0.0016906853545202443,"variance":0.0000582994949834567,"size":30},"chunks=2 dur=5 len=256 num=100 type=\"multi\"":{"mean":0.45479118268197594,"sqsum":0.0019034581503491249,"variance":0.00006563648794307327,"size":30},"chunks=4 dur=5 len=256 num=100 type=\"concat\"":{"mean":0.43560183175114814,"sqsum":0.0007829880676860057,"variance":0.00002699958854089675,"size":30},"chunks=4 dur=5 len=256 num=100 type=\"multi\"":{"mean":0.40803831671433816,"sqsum":0.0013582153786989432,"variance":0.00004683501305858425,"size":30},"chunks=8 dur=5 len=256 num=100 type=\"concat\"":{"mean":0.3960991266532482,"sqsum":0.000733811851216199,"variance":0.00002530385693848962,"size":30},"chunks=8 dur=5 len=256 num=100 type=\"multi\"":{"mean":0.3368886555812945,"sqsum":0.0015317348454310766,"variance":0.00005281844294589919,"size":30},"chunks=1 dur=5 len=512 num=100 type=\"concat\"":{"mean":0.9121253508073125,"sqsum":0.009606445955953323,"variance":0.00033125675710183873,"size":30},"chunks=1 dur=5 len=512 num=100 type=\"multi\"":{"mean":0.9741935489659744,"sqsum":0.010015584981570487,"variance":0.0003453649993644996,"size":30},"chunks=2 dur=5 len=512 num=100 type=\"concat\"":{"mean":0.885474197888891,"sqsum":0.004152715977623138,"variance":0.00014319710267665994,"size":30},"chunks=2 dur=5 len=512 num=100 type=\"multi\"":{"mean":0.9053700092852245,"sqsum":0.010769727946093212,"variance":0.000371369929175628,"size":30},"chunks=4 dur=5 len=512 num=100 type=\"concat\"":{"mean":0.8365379969772633,"sqsum":0.004460474513387111,"variance":0.0001538094659788659,"size":30},"chunks=4 dur=5 len=512 num=100 type=\"multi\"":{"mean":0.8108192834368738,"sqsum":0.005192967533694255,"variance":0.00017906784598945708,"size":30},"chunks=8 dur=5 len=512 num=100 type=\"concat\"":{"mean":0.7632880256560399,"sqsum":0.0031512438653619012,"variance":0.00010866358156420349,"size":30},"chunks=8 dur=5 len=512 num=100 type=\"multi\"":{"mean":0.6689673373300372,"sqsum":0.00483206946785699,"variance":0.00016662308509851688,"size":30},"chunks=1 dur=5 len=1024 num=100 type=\"concat\"":{"mean":1.7591247508727423,"sqsum":0.02211281703223268,"variance":0.0007625109321459546,"size":30},"chunks=1 dur=5 len=1024 num=100 type=\"multi\"":{"mean":1.9365659781600348,"sqsum":0.028709513937684866,"variance":0.0009899832392305126,"size":30},"chunks=2 dur=5 len=1024 num=100 type=\"concat\"":{"mean":1.715616692529681,"sqsum":0.009920187048345477,"variance":0.0003420754154601889,"size":30},"chunks=2 dur=5 len=1024 num=100 type=\"multi\"":{"mean":1.7981335832140193,"sqsum":0.03491243930364654,"variance":0.0012038772173671222,"size":30},"chunks=4 dur=5 len=1024 num=100 type=\"concat\"":{"mean":1.6287738632897972,"sqsum":0.01210622308667958,"variance":0.0004174559685061924,"size":30},"chunks=4 dur=5 len=1024 num=100 type=\"multi\"":{"mean":1.61692233374885,"sqsum":0.023833475310522895,"variance":0.0008218439762249274,"size":30},"chunks=8 dur=5 len=1024 num=100 type=\"concat\"":{"mean":1.4994402546292127,"sqsum":0.00587166875900567,"variance":0.0002024713365174369,"size":30},"chunks=8 dur=5 len=1024 num=100 type=\"multi\"":{"mean":1.3265515780979649,"sqsum":0.032583222558702434,"variance":0.001123559398575946,"size":30}},"bind-params":{"address=\"true\" n=10000 port=\"true\"":{"mean":280429.7285238182,"sqsum":491221147.9144935,"variance":16938660.272913568,"size":30},"address=\"false\" n=10000 port=\"true\"":{"mean":279181.51113537,"sqsum":541596401.761083,"variance":18675737.991761483,"size":30},"address=\"false\" n=10000 port=\"false\"":{"mean":279125.1674910848,"sqsum":415843512.3389581,"variance":14339431.459964072,"size":30}},"multi-buffer":{"chunks=1 dur=5 len=64 num=100 type=\"send\"":{"mean":0.12199474110950452,"sqsum":0.00015308081426920568,"variance":0.00000527864876790364,"size":30},"chunks=1 dur=5 len=64 num=100 type=\"recv\"":{"mean":0.03921425788500074,"sqsum":0.000011387030558695683,"variance":3.9265622616192e-7,"size":30},"chunks=2 dur=5 len=64 num=100 type=\"send\"":{"mean":0.11540680675744937,"sqsum":0.00013929584568611464,"variance":0.00000480330502365913,"size":30},"chunks=2 dur=5 len=64 num=100 type=\"recv\"":{"mean":0.03668647882603559,"sqsum":0.000006835226529345615,"variance":2.3569746652916e-7,"size":30},"chunks=4 dur=5 len=64 num=100 type=\"send\"":{"mean":0.10279365893202586,"sqsum":0.00005598591740215423,"variance":0.00000193054887593635,"size":30},"chunks=4 dur=5 len=64 num=100 type=\"recv\"":{"mean":0.032608251354008994,"sqsum":0.000008880164925114535,"variance":3.0621258362464e-7,"size":30},"chunks=8 dur=5 len=64 num=100 type=\"send\"":{"mean":0.08488697793789425,"sqsum":0.00010229394692273475,"variance":0.0000035273774800943,"size":30},"chunks=8 dur=5 len=64 num=100 type=\"recv\"":{"mean":0.02724161617152018,"sqsum":0.000007697356094146341,"variance":2.6542607221194e-7,"size":30},"chunks=1 dur=5 len=256 num=100 type=\"send\"":{"mean":0.4867881221401132,"sqsum":0.0015379749241968088,"variance":0.00005303361807575203,"size":30},"chunks=1 dur=5 len=256 num=100 type=\"recv\"":{"mean":0.15562423268171632,"sqsum":0.00023878164646256187,"variance":0.00000823384987801938,"size":30},"chunks=2 dur=5 len=256 num=100 type=\"send\"":{"mean":0.4564583487795496,"sqsum":0.0021169340648510967,"variance":0.00007299772637417575,"size":30},"chunks=2 dur=5 len=256 num=100 type=\"recv\"":{"mean":0.1453083022956249,"sqsum":0.00010259148833581672,"variance":0.00000353763752882127,"size":30},"chunks=4 dur=5 len=256 num=100 type=\"send\"":{"mean":0.40917992370288464,"sqsum":0.0016126063629582125,"variance":0.00005560711596407629,"size":30},"chunks=4 dur=5 len=256 num=100 type=\"recv\"":{"mean":0.13019160602776567,"sqsum":0.0001413157212523133,"variance":0.00000487295590525218,"size":30},"chunks=8 dur=5 len=256 num=100 type=\"send\"":{"mean":0.3331368209568388,"sqsum":0.0016244613283955256,"variance":0.00005601590787570778,"size":30},"chunks=8 dur=5 len=256 num=100 type=\"recv\"":{"mean":0.10778233021531693,"sqsum":0.00012308980400537294,"variance":0.00000424447600018527,"size":30},"chunks=1 dur=5 len=1024 num=100 type=\"send\"":{"mean":1.914011565475259,"sqsum":0.042044025320127805,"variance":0.0014497939765561313,"size":30},"chunks=1 dur=5 len=1024 num=100 type=\"recv\"":{"mean":0.6121556326995554,"sqsum":0.004868921848417345,"variance":0.00016789385684197743,"size":30},