{"array-vs-concat":{"chunks=1 dur=5 len=64 num=100 type=\"concat\"":{"mean":0.12452345761246532,"sqsum":0.000172979560129827,"variance":0.0000059648124182699,"size":30},"chunks=1 dur=5 len=64 num=100 type=\"multi\"":{"mean":0.12716175219684522,"sqsum":0.0001239204764060417,"variance":0.0000042731198760704,"size":30},"chunks=2 dur=5 len=64 num=100 type=\"concat\"":{"mean":0.12002693077669048,"sqsum":0.0001283879784301913,"variance":0.0000044271716700066,"size":30},"chunks=2 dur=5 len=64 num=100 type=\"multi\"":{"mean":0.11940565116719291,"sqsum":0.00007259501922849554,"variance":0.00000250327652512054,"size":30},"chunks=4 dur=5 len=64 num=100 type=\"concat\"":{"mean":0.11303473394768634,"sqsum":0.00013582739404202632,"variance":0.00000468370324282849,"size":30},"chunks=4 dur=5 len=64 num=100 type=\"multi\"":{"mean":0.10624776621124372,"sqsum":0.00006554646130130243,"variance":0.00000226022280349319,"size":30},"chunks=8 dur=5 len=64 num=100 type=\"concat\"":{"mean":0.10264893980621952,"sqsum":0.00007611252941667417,"variance":0.00000262456997988532,"size":30},"chunks=8 dur=5 len=64 num=100 type=\"multi\"":{"mean":0.08799799966875121,"sqsum":0.00004289621681943343,"variance":0.00000147917989032529,"size":30},"chunks=1 dur=5 len=256 num=100 type=\"concat\"":{"mean":0.4908127674574385,"sqsum":0.001991229010829259,"variance":0.00006866306933893997,"size":30},"chunks=1 dur=5 len=256 num=100 type=\"multi\"":{"mean":0.5063450892842468,"sqsum":0.0019486855733917008,"variance":0.00006719605425488623,"size":30},"chunks=2 dur=5 len=256 num=100 type=\"concat\"":{"mean":0.47439249136961237,"sqsum":0.0022119665076050466,"variance":0.0000762747071587947,"size":30},"chunks=2 dur=5 len=256 num=100 type=\"multi\"":{"mean":0.4743030279874262,"sqsum":0.0014963838217248225,"variance":0.00005159944212844216,"size":30},"chunks=4 dur=5 len=256 num=100 type=\"concat\"":{"mean":0.449169469145859,"sqsum":0.001590552646850818,"variance":0.00005484664299485579,"size":30},"chunks=4 dur=5 len=256 num=100 type=\"multi\"":{"mean":0.42131485931054535,"sqsum":0.0011320038476767904,"variance":0.0000390346154371307,"size":30},"chunks=8 dur=5 len=256 num=100 type=\"concat\"":{"mean":0.4070107901448992,"sqsum":0.0006128024876734521,"variance":0.0000211311202646018,"size":30},"chunks=8 dur=5 len=256 num=100 type=\"multi\"":{"mean":0.34822632547605675,"sqsum":0.0008522345460521437,"variance":0.0000293873981397291,"size":30},"chunks=1 dur=5 len=512 num=100 type=\"concat\"":{"mean":0.9383583137250545,"sqsum":0.008093990031875891,"variance":0.00027910310454744454,"size":30},"chunks=1 dur=5 len=512 num=100 type=\"multi\"":{"mean":1.0098688800019708,"sqsum":0.007969970025314688,"variance":0.00027482655259705816,"size":30},"chunks=2 dur=5 len=512 num=100 type=\"concat\"":{"mean":0.9096036000466029,"sqsum":0.005082154927940072,"variance":0.00017524672165310595,"size":30},"chunks=2 dur=5 len=512 num=100 type=\"multi\"":{"mean":0.9476987223644194,"sqsum":0.0026539837904325236,"variance":0.00009151668242870771,"size":30},"chunks=4 dur=5 len=512 num=100 type=\"concat\"":{"mean":0.8651751132639143,"sqsum":0.0035923971800222118,"variance":0.00012387576482835214,"size":30},"chunks=4 dur=5 len=512 num=100 type=\"multi\"":{"mean":0.8376345683710369,"sqsum":0.003157247081898797,"variance":0.000108870589030993,"size":30},"chunks=8 dur=5 len=512 num=100 type=\"concat\"":{"mean":0.7886331419727662,"sqsum":0.002734576664587988,"variance":0.00009429574705475821,"size":30},"chunks=8 dur=5 len=512 num=100 type=\"multi\"":{"mean":0.6906540445071752,"sqsum":0.0015866079273059346,"variance":0.00005471061818296326,"size":30},"chunks=1 dur=5 len=1024 num=100 type=\"concat\"":{"mean":1.8204196145827027,"sqsum":0.025389173435217,"variance":0.0008754887391454137,"size":30},"chunks=1 dur=5 len=1024 num=100 type=\"multi\"":{"mean":2.001324117982721,"sqsum":0.026184387309428875,"variance":0.0009029099072216853,"size":30},"chunks=2 dur=5 len=1024 num=100 type=\"concat\"":{"mean":1.757855545191286,"sqsum":0.024619642848394307,"variance":0.0008489532016687692,"size":30},"chunks=2 dur=5 len=1024 num=100 type=\"multi\"":{"mean":1.8798647357830676,"sqsum":0.009738186455471295,"variance":0.0003357995329472861,"size":30},"chunks=4 dur=5 len=1024 num=100 type=\"concat\"":{"mean":1.6717940580365551,"sqsum":0.023671500545311915,"variance":0.0008162586394935144,"size":30},"chunks=4 dur=5 len=1024 num=100 type=\"multi\"":{"mean":1.6602690793324215,"sqsum":0.03148967021306439,"variance":0.0010858506970022202,"size":30},"chunks=8 dur=5 len=1024 num=100 type=\"concat\"":{"mean":1.533728135068427,"sqsum":0.008275905965570008,"variance":0.0002853760677782761,"size":30},"chunks=8 dur=5 len=1024 num=100 type=\"multi\"":{"mean":1.3725478501689803,"sqsum":0.010833484744250338,"variance":0.0003735684394569082,"size":30}},"bind-params":{"address=\"true\" n=10000 port=\"true\"":{"mean":271700.73528211756,"sqsum":275248647.6908543,"variance":9491332.678994978,"size":30},"address=\"false\" n=10000 port=\"true\"":{"mean":276665.36825358286,"sqsum":435004220.300092,"variance":15000145.527589379,"size":30},"address=\"false\" n=10000 port=\"false\"":{"mean":274897.1237740767,"sqsum":677508902.9491389,"variance":23362375.96376341,"size":30}},"multi-buffer":{"chunks=1 dur=5 len=64 num=100 type=\"send\"":{"mean":0.12789838847745416,"sqsum":0.00008632663937628953,"variance":0.00000297678066814791,"size":30},"chunks=1 dur=5 len=64 num=100 type=\"recv\"":{"mean":0.04075868763612566,"sqsum":0.00001052587058754145,"variance":3.6296105474281e-7,"size":30},"chunks=2 dur=5 len=64 num=100 type=\"send\"":{"mean":0.11934517204130132,"sqsum":0.00012309795961471152,"variance":0.0000042447572280935,"size":30},"chunks=2 dur=5 len=64 num=100 type=\"recv\"":{"mean":0.03821606645753801,"sqsum":0.000009502676557118376,"variance":3.276785019696e-7,"size":30},"chunks=4 dur=5 len=64 num=100 type=\"send\"":{"mean":0.10667200130690357,"sqsum":0.000058436503994457,"variance":0.00000201505186187783,"size":30},"chunks=4 dur=5 len=64 num=100 type=\"recv\"":{"mean":0.034100486796633925,"sqsum":0.000005930478793173508,"variance":2.0449926873012e-7,"size":30},"chunks=8 dur=5 len=64 num=100 type=\"send\"":{"mean":0.08809240854068856,"sqsum":0.000052735321469229216,"variance":0.0000018184593610079,"size":30},"chunks=8 dur=5 len=64 num=100 type=\"recv\"":{"mean":0.02821751303704967,"sqsum":0.0000051155484075251125,"variance":1.7639822094914e-7,"size":30},"chunks=1 dur=5 len=256 num=100 type=\"send\"":{"mean":0.5069446519882245,"sqsum":0.0014466728225164772,"variance":0.00004988526974194749,"size":30},"chunks=1 dur=5 len=256 num=100 type=\"recv\"":{"mean":0.16284693951290857,"sqsum":0.00014474011745933506,"variance":0.00000499103853308052,"size":30},"chunks=2 dur=5 len=256 num=100 type=\"send\"":{"mean":0.47471884440128365,"sqsum":0.002367033379682836,"variance":0.00008162184067871849,"size":30},"chunks=2 dur=5 len=256 num=100 type=\"recv\"":{"mean":0.1518469845039735,"sqsum":0.00015707379486988511,"variance":0.00000541633775413397,"size":30},"chunks=4 dur=5 len=256 num=100 type=\"send\"":{"mean":0.4217718395322375,"sqsum":0.001041592753684791,"variance":0.00003591699150637211,"size":30},"chunks=4 dur=5 len=256 num=100 type=\"recv\"":{"mean":0.13544961975184938,"sqsum":0.00009400565779413256,"variance":0.00000324157440669423,"size":30},"chunks=8 dur=5 len=256 num=100 type=\"send\"":{"mean":0.34784036510478294,"sqsum":0.0008002896041135887,"variance":0.00002759619324529616,"size":30},"chunks=8 dur=5 len=256 num=100 type=\"recv\"":{"mean":0.11170160660331846,"sqsum":0.00007173300671660898,"variance":0.00000247355195574514,"size":30},"chunks=1 dur=5 len=1024 num=100 type=\"send\"":{"mean":2.0206077509151243,"sqsum":0.022044056601141743,"variance":0.0007601398827979911,"size":30},"chunks=1 dur=5 len=1024 num=100 type=\"recv\"":{"mean":0.6430717347695107,"sqsum":0.0030941328346753153,"variance":0.00010669423567845914,"size":30},