{"convertprotocols":{"n=1":{"mean":3849.0495215527003,"sqsum":1305416.9836556816,"variance":45014.37874674764,"size":30},"n=50000":{"mean":1017705.1811913565,"sqsum":1611552559.2987418,"variance":55570777.90685317,"size":30}},"secure-pair":{"dur=5 securing=\"SecurePair\" size=100":{"mean":1880.9210870819977,"sqsum":12481.959602812123,"variance":430.41240009696975,"size":30},"dur=5 securing=\"SecurePair\" size=1024":{"mean":2658.7107924409815,"sqsum":45123.842627085556,"variance":1555.9945733477778,"size":30},"dur=5 securing=\"SecurePair\" size=1048576":{"mean":3897.0428941270407,"sqsum":179708.1917797679,"variance":6196.834199302341,"size":30},"dur=5 securing=\"TLSSocket\" size=100":{"mean":1908.2121567826598,"sqsum":16000.165422875616,"variance":551.7298421681247,"size":30},"dur=5 securing=\"TLSSocket\" size=1024":{"mean":2742.1501041737474,"sqsum":23164.06392277917,"variance":798.7608249234196,"size":30},"dur=5 securing=\"TLSSocket\" size=1048576":{"mean":4308.64057350739,"sqsum":62282.19254897346,"variance":2147.6618120335675,"size":30},"dur=5 securing=\"clear\" size=100":{"mean":648.0788533419387,"sqsum":6286.1954007009945,"variance":216.76535864486186,"size":30},"dur=5 securing=\"clear\" size=1024":{"mean":4160.089182521952,"sqsum":3388299.325439537,"variance":116837.90777377714,"size":30},"dur=5 securing=\"clear\" size=1048576":{"mean":8254.526504392743,"sqsum":1925550.06283424,"variance":66398.2780287669,"size":30}},"throughput-c2s":{"dur=5 size=100 type=\"buf\"":{"mean":2235.4417590696594,"sqsum":19299.17007350325,"variance":665.48862322425,"size":30},"dur=5 size=1024 type=\"buf\"":{"mean":3717.4790920510754,"sqsum":34482.82090325494,"variance":1189.0627897674117,"size":30},"dur=5 size=1048576 type=\"buf\"":{"mean":6390.678779723777,"sqsum":69818.10735851132,"variance":2407.520943396942,"size":30},"dur=5 size=4194304 type=\"buf\"":{"mean":5969.090660605551,"sqsum":47794.57126627242,"variance":1648.0886643542212,"size":30},"dur=5 size=16777216 type=\"buf\"":{"mean":5815.199692567586,"sqsum":36948.11815115003,"variance":1274.0730396948288,"size":30},"dur=5 size=100 type=\"asc\"":{"mean":1175.1621043702803,"sqsum":1741.321398645669,"variance":60.04556547054031,"size":30},"dur=5 size=1024 type=\"asc\"":{"mean":3144.52620528813,"sqsum":20020.336964362043,"variance":690.356447046967,"size":30},"dur=5 size=1048576 type=\"asc\"":{"mean":6002.776784012236,"sqsum":61409.09479597823,"variance":2117.5549929647664,"size":30},"dur=5 size=4194304 type=\"asc\"":{"mean":5262.852722209881,"sqsum":33636.764236726034,"variance":1159.8884219560703,"size":30},"dur=5 size=16777216 type=\"asc\"":{"mean":5390.315827709122,"sqsum":27430.45489644301,"variance":945.877755049759,"size":30},"dur=5 size=100 type=\"utf\"":{"mean":1228.3145515518124,"sqsum":522.5156714005716,"variance":18.0177817724335,"size":30},"dur=5 size=1024 type=\"utf\"":{"mean":3065.9863421804193,"sqsum":13073.989934376863,"variance":450.82723911644354,"size":30},"dur=5 size=1048576 type=\"utf\"":{"mean":4437.615811354608,"sqsum":15513.765381691535,"variance":534.9574269548805,"size":30},"dur=5 size=4194304 type=\"utf\"":{"mean":4218.608834549295,"sqsum":14571.63696003663,"variance":502.47024000126316,"size":30},"dur=5 size=16777216 type=\"utf\"":{"mean":4129.403198908045,"sqsum":14037.845359799032,"variance":484.06363309651834,"size":30}},"throughput-s2c":{"dur=5 recvbufgenfn=\"true\" recvbuflen=0 sendchunklen=256 type=\"buf\"":{"mean":3098.121685472558,"sqsum":32372.070583592344,"variance":1116.2782959859428,"size":30},"dur=5 recvbufgenfn=\"false\" recvbuflen=0 sendchunklen=256 type=\"buf\"":{"mean":3097.4230150286876,"sqsum":26689.688456680076,"variance":920.3340847131061,"size":30},"dur=5 recvbufgenfn=\"true\" recvbuflen=65536 sendchunklen=256 type=\"buf\"":{"mean":3518.2965093916137,"sqsum":29492.718393132847,"variance":1016.9902894183741,"size":30},"dur=5 recvbufgenfn=\"false\" recvbuflen=65536 sendchunklen=256 type=\"buf\"":{"mean":3539.3550796717645,"sqsum":41153.84733559605,"variance":1419.0981839860706,"size":30},"dur=5 recvbufgenfn=\"true\" recvbuflen=1048576 sendchunklen=256 type=\"buf\"":{"mean":3537.788557873214,"sqsum":35165.4652471759,"variance":1212.6022499026171,"size":30},"dur=5 recvbufgenfn=\"false\" recvbuflen=1048576 sendchunklen=256 type=\"buf\"":{"mean":3551.783850447099,"sqsum":39239.99974433441,"variance":1353.103439459807,"size":30},"dur=5 recvbufgenfn=\"true\" recvbuflen=0 sendchunklen=32768 type=\"buf\"":{"mean":5840.626590988343,"sqsum":102507.02243932095,"variance":3534.7249117007223,"size":30},"dur=5 recvbufgenfn=\"false\" recvbuflen=0 sendchunklen=32768 type=\"buf\"":{"mean":5844.8735956337905,"sqsum":77491.64183387006,"variance":2672.1255804782777,"size":30},"dur=5 recvbufgenfn=\"true\" recvbuflen=65536 sendchunklen=32768 type=\"buf\"":{"mean":7086.73253457097,"sqsum":108077.99334035296,"variance":3726.827356563895,"size":30},"dur=5 recvbufgenfn=\"false\" recvbuflen=65536 sendchunklen=32768 type=\"buf\"":{"mean":7152.3814499820965,"sqsum":127729.4067689102,"variance":4404.462302376213,"size":30},"dur=5 recvbufgenfn=\"true\" recvbuflen=1048576 sendchunklen=32768 type=\"buf\"":{"mean":7083.108914317875,"sqsum":117775.18584867998,"variance":4061.2133051268956,"size":30},"dur=5 recvbufgenfn=\"false\" recvbuflen=1048576 sendchunklen=32768 type=\"buf\"":{"mean":7148.412145366076,"sqsum":113955.65950432724,"variance":3929.505500149215,"size":30},"dur=5 recvbufgenfn=\"true\" recvbuflen=0 sendchunklen=131072 type=\"buf\"":{"mean":6292.17492079681,"sqsum":119911.58215894327,"variance":4134.882143411837,"size":30},"dur=5 recvbufgenfn=\"false\" recvbuflen=0 sendchunklen=131072 type=\"buf\"":{"mean":6292.7723728945975,"sqsum":83614.82539970912,"variance":2883.26984136928,"size":30},"dur=5 recvbufgenfn=\"true\" recvbuflen=65536 sendchunklen=131072 type=\"buf\"":{"mean":7806.944707512237,"sqsum":119821.54055725563,"variance":4131.777260595022,"size":30},"dur=5 recvbufgenfn=\"false\" recvbuflen=65536 sendchunklen=131072 type=\"buf\"":{"mean":7908.975823326306,"sqsum":93680.54826058655,"variance":3230.363733123674,"size":30},"dur=5 recvbufgenfn=\"true\" recvbuflen=1048576 sendchunklen=131072 type=\"buf\"":{"mean":7800.033119903297,"sqsum":119497.4255391383,"variance":4120.600880659941,"size":30},"dur=5 recvbufgenfn=\"false\" recvbuflen=1048576 sendchunklen=131072 type=\"buf\"":{"mean":7882.324140928604,"sqsum":63890.15374633579,"variance":2203.108749873648,"size":30},"dur=5 recvbufgenfn=\"true\" recvbuflen=0 sendchunklen=16777216 type=\"buf\"":{"mean":5818.329273717425,"sqsum":38458.88537338162,"variance":1326.1684611510905,"size":30},"dur=5 recvbufgenfn=\"false\" recvbuflen=0 sendchunklen=16777216 type=\"buf\"":{"mean":5815.941764473342,"sqsum":28071.32640503958,"variance":967.9767725875718,"size":30},"dur=5 recvbufgenfn=\"true\" recvbuflen=65536 sendchunklen=16777216 type=\"buf\"":{"mean":6962.913814224601,"sqsum":42966.082026062635,"variance":1481.5890353814702,"size":30},"dur=5 recvbufgenfn=\"false\" recvbuflen=65536 sendchunklen=16777216 type=\"buf\"":{"mean":7023.80679160529,"sqsum":25371.26533980477,"variance":874.8712186139576,"size":30},"dur=5 recvbufgenfn=\"true\" recvbuflen=1048576 sendchunklen=16777216 type=\"buf\"":{"mean":6970.120006055413,"sqsum":42523.34955332252,"variance":1466.3223983904318,"size":30},"dur=5 recvbufgenfn=\"false\" recvbuflen=1048576 sendchunklen=16777216 type=\"buf\"":{"mean":7021.879930098975,"sqsum":55783.450872455636,"variance":1923.5672714639873,"size":30},"dur=5 recvbufgenfn=\"true\" recvbuflen=0 sendchunklen=256 type=\"asc\"":{"mean":2060.587935925121,"sqsum":40424.70973308713,"variance":1393.9555080374873,"size":30},"dur=5 recvbufgenfn=\"false\" recvbuflen=0 sendchunklen=256 type=\"asc\"":{"mean":2072.0844146735144,"sqsum":10413.313069046662,"variance":359.07976100160903,"size":30},"dur=5 recvbufgenfn=\"true\" recvbuflen=65536 sendchunklen=256 type=\"asc\"":{"mean":2255.390100122999,"sqsum":10217.437827516747,"variance":352.3254423281637,