{"format":{"n=100000 type=\"string\"":{"mean":5902384.8430945445,"sqsum":39379295279.393166,"variance":1357906733.772178,"size":30},"n=100000 type=\"string-2\"":{"mean":4945644.636836665,"sqsum":29702121348.588783,"variance":1024211080.98582,"size":30},"n=100000 type=\"number\"":{"mean":5848335.038609147,"sqsum":34588034185.893875,"variance":1192690833.9963408,"size":30},"n=100000 type=\"replace-object\"":{"mean":2598531.8418873237,"sqsum":29822776177.097454,"variance":1028371592.3137053,"size":30},"n=100000 type=\"unknown\"":{"mean":8361734.0570802,"sqsum":81553279103.14471,"variance":2812182038.039473,"size":30},"n=100000 type=\"no-replace\"":{"mean":5131252.82095278,"sqsum":61874275091.742516,"variance":2133595692.8187075,"size":30},"n=100000 type=\"no-replace-2\"":{"mean":8607832.83200412,"sqsum":131878493084.35023,"variance":4547534244.287939,"size":30},"n=100000 type=\"only-objects\"":{"mean":465207.1427823938,"sqsum":2445717095.753559,"variance":84335072.26736411,"size":30},"n=100000 type=\"many-%\"":{"mean":3271972.96607035,"sqsum":1828712788061.0984,"variance":63059061657.27925,"size":30},"n=100000 type=\"object-to-string\"":{"mean":4037776.074801393,"sqsum":1033863438262.9532,"variance":35650463388.3777,"size":30},"n=100000 type=\"object-%s\"":{"mean":614055.1886549004,"sqsum":6075751063.656749,"variance":209508657.36747408,"size":30}},"inspect-array":{"len=100 n=500 type=\"denseArray\"":{"mean":17576.41342960932,"sqsum":862392.4068761873,"variance":29737.66920262715,"size":30},"len=100 n=500 type=\"sparseArray\"":{"mean":109721.12381657545,"sqsum":311250657.5435642,"variance":10732781.294605663,"size":30},"len=100 n=500 type=\"mixedArray\"":{"mean":18619.470780580472,"sqsum":2018070.9058004417,"variance":69588.65192415316,"size":30},"len=100 n=500 type=\"denseArray_showHidden\"":{"mean":17070.848049866334,"sqsum":995859.4297419743,"variance":34339.98033593015,"size":30},"len=100000 n=500 type=\"denseArray\"":{"mean":17307.794823418233,"sqsum":1494400.5551226817,"variance":51531.05362492005,"size":30},"len=100000 n=500 type=\"sparseArray\"":{"mean":3073.6433290702175,"sqsum":8245.135588288813,"variance":284.3150202858211,"size":30},"len=100000 n=500 type=\"mixedArray\"":{"mean":2720.514620271444,"sqsum":10013.096850172276,"variance":345.27920173007846,"size":30},"len=100000 n=500 type=\"denseArray_showHidden\"":{"mean":16500.53847838755,"sqsum":430807.43599599256,"variance":14855.42882744802,"size":30}},"inspect-proxy":{"isProxy=0 n=100000 showProxy=0":{"mean":440898.54469687573,"sqsum":866468410.2579905,"variance":29878221.04337898,"size":30},"isProxy=1 n=100000 showProxy=0":{"mean":436113.0032179237,"sqsum":2118014840.7956471,"variance":73034994.51019473,"size":30},"isProxy=0 n=100000 showProxy=1":{"mean":438689.31235640746,"sqsum":1404698731.401733,"variance":48437887.28971493,"size":30},"isProxy=1 n=100000 showProxy=1":{"mean":225477.45542752134,"sqsum":440047783.61257094,"variance":15174061.503881756,"size":30}},"inspect":{"method=\"Object\" n=20000 option=\"showHidden\"":{"mean":387244.6222637696,"sqsum":708755180.5991218,"variance":24439833.81376282,"size":30},"method=\"Object\" n=20000 option=\"colors\"":{"mean":225769.4449689211,"sqsum":92507572.20059171,"variance":3189916.282779025,"size":30},"method=\"Object\" n=20000 option=\"none\"":{"mean":417235.1181176401,"sqsum":370121928.48465514,"variance":12762825.120160522,"size":30},"method=\"Object_empty\" n=20000 option=\"showHidden\"":{"mean":992526.0677014337,"sqsum":17700261544.167805,"variance":610353846.350614,"size":30},"method=\"Object_empty\" n=20000 option=\"colors\"":{"mean":1106140.6838415347,"sqsum":14231604138.089539,"variance":490744970.2789496,"size":30},"method=\"Object_empty\" n=20000 option=\"none\"":{"mean":1278116.6615578497,"sqsum":3768659493.9413834,"variance":129953775.65315115,"size":30},"method=\"Object_deep_ln\" n=20000 option=\"showHidden\"":{"mean":188687.211845998,"sqsum":375584484.1867744,"variance":12951189.109888772,"size":30},"method=\"Object_deep_ln\" n=20000 option=\"colors\"":{"mean":92684.13834375364,"sqsum":38756748.735548295,"variance":1336439.611570631,"size":30},"method=\"Object_deep_ln\" n=20000 option=\"none\"":{"mean":197225.67449485208,"sqsum":883215093.8413091,"variance":30455692.891079623,"size":30},"method=\"String\" n=20000 option=\"showHidden\"":{"mean":1629160.5185161252,"sqsum":7994214399.294117,"variance":275662565.49290055,"size":30},"method=\"String\" n=20000 option=\"colors\"":{"mean":1350149.9655651834,"sqsum":4930812061.224972,"variance":170028002.11120594,"size":30},"method=\"String\" n=20000 option=\"none\"":{"mean":1893188.4014019577,"sqsum":16632891046.130089,"variance":573547967.1079341,"size":30},"method=\"String_complex\" n=20000 option=\"showHidden\"":{"mean":1135231.873857634,"sqsum":2390975385.443032,"variance":82447427.08424246,"size":30},"method=\"String_complex\" n=20000 option=\"colors\"":{"mean":997835.5432855806,"sqsum":3885945259.679909,"variance":133998112.40275548,"size":30},"method=\"String_complex\" n=20000 option=\"none\"":{"mean":1261454.8646370738,"sqsum":3586890523.412196,"variance":123685880.11766192,"size":30},"method=\"String_boxed\" n=20000 option=\"showHidden\"":{"mean":295256.67336228496,"sqsum":1487992438.1917415,"variance":51310084.07557729,"size":30},"method=\"String_boxed\" n=20000 option=\"colors\"":{"mean":435295.91565235105,"sqsum":2857189425.150375,"variance":98523773.2810474,"size":30},"method=\"String_boxed\" n=20000 option=\"none\"":{"mean":504984.743150103,"sqsum":2806857240.629443,"variance":96788180.71136011,"size":30},"method=\"Date\" n=20000 option=\"showHidden\"":{"mean":665883.2773149315,"sqsum":6225531897.673793,"variance":214673513.71288943,"size":30},"method=\"Date\" n=20000 option=\"colors\"":{"mean":663849.9251729111,"sqsum":2622148924.2779207,"variance":90418928.42337658,"size":30},"method=\"Date\" n=20000 option=\"none\"":{"mean":786130.7972346169,"sqsum":1675118961.2339811,"variance":57762722.801171765,"size":30},"method=\"Set\" n=20000 option=\"showHidden\"":{"mean":534495.1936938765,"sqsum":2682208507.5040684,"variance":92489948.53462304,"size":30},"method=\"Set\" n=20000 option=\"colors\"":{"mean":409270.864846788,"sqsum":2315669031.1778975,"variance":79850656.24751371,"size":30},"method=\"Set\" n=20000 option=\"none\"":{"mean":598677.3223212532,"sqsum":1452271100.275846,"variance":50078313.802615374,"size":30},"method=\"Error\" n=20000 option=\"showHidden\"":{"mean":126547.14759678958,"sqsum":201430303.69356287,"variance":6945872.541157341,"size":30},"method=\"Error\" n=20000 option=\"colors\"":{"mean":341496.5573716596,"sqsum":713121408.2743264,"variance":24590393.388769876,"size":30},"method=\"Error\" n=20000 option=\"none\"":{"mean":484193.35900403064,"sqsum":1442894119.1264338,"variance":49754969.62504944,"size":30},"method=\"Array\" n=20000 option=\"showHidden\"":{"mean":77056.4352598084,"sqsum":8137913.25617507,"variance":280617.6984887955,"size":30},"method=\"Array\" n=20000 option=\"colors\"":{"mean":36090.154168604546,"sqsum":3710697.9329081825,"variance":127955.10113476492,"size":30},"method=\"Array\" n=20000 option=\"none\"":{"mean":86777.75779172839,"sqsum":6444686.827224174,"variance":222230.58024910942,"size":30},"method=\"TypedArray\" n=20000 option=\"showHidden\"":{"mean":158249.88561639097,"sqsum":117917131.2659523,"variance":4066107.9746880103,"size":30},"method=\"TypedArray\" n=20000 option=\"colors\"":{"mean":47016.7782772309,"sqsum":3276239.8480022997,"variance":112973.78786214827,"size":30},"method=\"TypedArray\" n=20000 option=\"none\"":{"mean":201416.0604006799,"sqsum":152649525.6440838,"variance":5263776.746347717,"size":30},"method=\"TypedArray_extra\" n=20000 option=\"showHidden\"":{"mean":122695.66277375072,"sqsum":149036175.8316325,"variance":5139178.476952845,"size":30},"method=\"TypedArray_extra\" n=20000 option=\"colors\"":{"mean":39280.544278667556,"sqsum":3443457.432070975,"variance":118739.91145072329,"size":30},