{"createInflate":{"chunkLen=1024 inputLen=16777216 n=100":{"mean":69.41775899292585,"sqsum":142.11113899228954,"variance":4.900384103182398,"size":30}},"creation":{"n=500000 options=\"true\" type=\"Deflate\"":{"mean":318426.42707309854,"sqsum":1597931999.4021122,"variance":55101103.42765904,"size":30},"n=500000 options=\"false\" type=\"Deflate\"":{"mean":313283.91770005604,"sqsum":2097804042.8183599,"variance":72338070.44201241,"size":30},"n=500000 options=\"true\" type=\"DeflateRaw\"":{"mean":315243.49151409464,"sqsum":1017721605.1985621,"variance":35093848.455122836,"size":30},"n=500000 options=\"false\" type=\"DeflateRaw\"":{"mean":313845.8638838574,"sqsum":3842841122.0455575,"variance":132511762.82915716,"size":30},"n=500000 options=\"true\" type=\"Inflate\"":{"mean":319074.9542518562,"sqsum":1054701711.5347667,"variance":36369024.535681605,"size":30},"n=500000 options=\"false\" type=\"Inflate\"":{"mean":315203.953232837,"sqsum":1786274045.8617465,"variance":61595656.75385333,"size":30},"n=500000 options=\"true\" type=\"InflateRaw\"":{"mean":319494.30252010375,"sqsum":865483669.8551134,"variance":29844264.47776253,"size":30},"n=500000 options=\"false\" type=\"InflateRaw\"":{"mean":311926.4186716103,"sqsum":1282997358.4559243,"variance":44241288.22261808,"size":30},"n=500000 options=\"true\" type=\"Gzip\"":{"mean":319715.1077886355,"sqsum":885750774.7748058,"variance":30543130.164648477,"size":30},"n=500000 options=\"false\" type=\"Gzip\"":{"mean":311375.95684138255,"sqsum":2310571103.122363,"variance":79674865.62490907,"size":30},"n=500000 options=\"true\" type=\"Gunzip\"":{"mean":315658.0832714379,"sqsum":1453386687.3405118,"variance":50116782.32208662,"size":30},"n=500000 options=\"false\" type=\"Gunzip\"":{"mean":314385.98578922474,"sqsum":2739574917.047001,"variance":94468100.58782762,"size":30},"n=500000 options=\"true\" type=\"Unzip\"":{"mean":318721.0639447175,"sqsum":1160722313.346201,"variance":40024907.35676555,"size":30},"n=500000 options=\"false\" type=\"Unzip\"":{"mean":315505.83222412964,"sqsum":2069207578.249172,"variance":71351985.456868,"size":30},"n=500000 options=\"true\" type=\"BrotliCompress\"":{"mean":276421.7562942972,"sqsum":609777031.5199615,"variance":21026794.1903435,"size":30},"n=500000 options=\"false\" type=\"BrotliCompress\"":{"mean":278884.4474242811,"sqsum":846117175.3743174,"variance":29176454.323252324,"size":30},"n=500000 options=\"true\" type=\"BrotliDecompress\"":{"mean":282011.25144987286,"sqsum":348774368.9673534,"variance":12026702.3781846,"size":30},"n=500000 options=\"false\" type=\"BrotliDecompress\"":{"mean":281104.7654246037,"sqsum":546807241.0987568,"variance":18855422.106853683,"size":30}},"deflate":{"inputLen=1024 method=\"createDeflate\" n=400000":{"mean":73037.12473668097,"sqsum":196669184.9289881,"variance":6781696.032034072,"size":30},"inputLen=1024 method=\"deflate\" n=400000":{"mean":28430.7083153345,"sqsum":5472846.515936802,"variance":188718.84537713113,"size":30},"inputLen=1024 method=\"deflateSync\" n=400000":{"mean":79839.45561576526,"sqsum":9820358.863447698,"variance":338633.06425681716,"size":30}},"inflate":{"inputLen=1024 method=\"inflate\" n=400000":{"mean":46651.928636227436,"sqsum":24552559.12090443,"variance":846639.9696863596,"size":30},"inputLen=1024 method=\"inflateSync\" n=400000":{"mean":229802.13971301517,"sqsum":809300062.4179232,"variance":27906898.704066318,"size":30}},"pipe":{"algorithm=\"gzip\" duration=5 inputLen=1024 type=\"string\"":{"mean":0.33237067535863646,"sqsum":0.007315947079225401,"variance":0.00025227403721466904,"size":30},"algorithm=\"brotli\" duration=5 inputLen=1024 type=\"string\"":{"mean":0.2753788530154575,"sqsum":0.00015178691406889005,"variance":0.0000052340315196169,"size":30},"algorithm=\"gzip\" duration=5 inputLen=1024 type=\"buffer\"":{"mean":0.3606571758615007,"sqsum":0.0029269382210851355,"variance":0.0001009289041753495,"size":30},"algorithm=\"brotli\" duration=5 inputLen=1024 type=\"buffer\"":{"mean":0.28495243416934135,"sqsum":0.0007497317107767929,"variance":0.00002585281761299286,"size":30}}}