{"defaultparams-bench":{"method=\"withoutdefaults\" n=100000000":{"mean":552475627.5862664,"sqsum":173077857389329.3,"variance":5968201978942.391,"size":30},"method=\"withdefaults\" n=100000000":{"mean":553026327.5819372,"sqsum":127215458278295.86,"variance":4386739940630.8916,"size":30}},"destructuring-bench":{"method=\"swap\" n=100000000":{"mean":373404983.5348682,"sqsum":25165293827259.66,"variance":867768752664.1262,"size":30},"method=\"destructure\" n=100000000":{"mean":281165280.19962955,"sqsum":11502323674948.057,"variance":396631850860.2778,"size":30}},"destructuring-object-bench":{"method=\"normal\" n=100000000":{"mean":1108146847.3686454,"sqsum":1679453259098039.2,"variance":57912181348208.25,"size":30},"method=\"destructureObject\" n=100000000":{"mean":1107618460.121375,"sqsum":1478951883770468.2,"variance":50998340819671.32,"size":30}},"foreach-bench":{"count=5 method=\"for\" n=5000000":{"mean":126455419.39510082,"sqsum":34969420901154.965,"variance":1205842100039.8264,"size":30},"count=10 method=\"for\" n=5000000":{"mean":81093633.27452041,"sqsum":13517488143251.81,"variance":466120280801.78656,"size":30},"count=20 method=\"for\" n=5000000":{"mean":47559059.76686073,"sqsum":2467266735179.2266,"variance":85078163282.0423,"size":30},"count=100 method=\"for\" n=5000000":{"mean":10377568.351577794,"sqsum":13284830482.204996,"variance":458097602.834655,"size":30},"count=5 method=\"for-of\" n=5000000":{"mean":75353348.83878253,"sqsum":11082336834879.848,"variance":382149546030.33954,"size":30},"count=10 method=\"for-of\" n=5000000":{"mean":46362867.57390441,"sqsum":3394310922326.5073,"variance":117045204218.15543,"size":30},"count=20 method=\"for-of\" n=5000000":{"mean":27721244.550809134,"sqsum":270490555596.3263,"variance":9327260537.804354,"size":30},"count=100 method=\"for-of\" n=5000000":{"mean":9582050.964741752,"sqsum":7345552555.002883,"variance":253294915.68975458,"size":30},"count=5 method=\"for-in\" n=5000000":{"mean":2576863.292300638,"sqsum":43503391023.86323,"variance":1500116931.8573527,"size":30},"count=10 method=\"for-in\" n=5000000":{"mean":1685880.4185804506,"sqsum":22965780890.819214,"variance":791923478.9937661,"size":30},"count=20 method=\"for-in\" n=5000000":{"mean":991882.7395025573,"sqsum":7563637205.033522,"variance":260815076.0356387,"size":30},"count=100 method=\"for-in\" n=5000000":{"mean":232339.8674251218,"sqsum":255881692.61593935,"variance":8823506.641928943,"size":30},"count=5 method=\"forEach\" n=5000000":{"mean":98477470.83389245,"sqsum":20902799932608.637,"variance":720786204572.7115,"size":30},"count=10 method=\"forEach\" n=5000000":{"mean":65301302.413176686,"sqsum":58868082079703.61,"variance":2029933864817.3657,"size":30},"count=20 method=\"forEach\" n=5000000":{"mean":46467123.49667038,"sqsum":3703673434921.7744,"variance":127712877066.2681,"size":30},"count=100 method=\"forEach\" n=5000000":{"mean":13696925.510727178,"sqsum":59523829721.87769,"variance":2052545852.4785411,"size":30}},"map-bench":{"method=\"object\" n=1000000":{"mean":331593.93406459264,"sqsum":246002577.8189001,"variance":8482847.510996556,"size":30},"method=\"nullProtoObject\" n=1000000":{"mean":344698.6154247085,"sqsum":81510487.74948646,"variance":2810706.474120223,"size":30},"method=\"nullProtoLiteralObject\" n=1000000":{"mean":345028.2790010887,"sqsum":55894136.75747275,"variance":1927384.02611975,"size":30},"method=\"storageObject\" n=1000000":{"mean":340131.21213647333,"sqsum":112624705.65609244,"variance":3883610.5398652563,"size":30},"method=\"fakeMap\" n=1000000":{"mean":277797.30923092633,"sqsum":69606714.17948881,"variance":2400231.5234306487,"size":30},"method=\"map\" n=1000000":{"mean":631078.4718080937,"sqsum":118715243.94755298,"variance":4093629.101639758,"size":30}},"restparams-bench":{"method=\"copy\" n=100000000":{"mean":30498824.53638899,"sqsum":58564249390453.664,"variance":2019456875532.8848,"size":30},"method=\"rest\" n=100000000":{"mean":141555360.62281713,"sqsum":1203200571752.5261,"variance":41489674888.01814,"size":30},"method=\"arguments\" n=100000000":{"mean":140009261.91582853,"sqsum":2101240269219708,"variance":72456561007576.14,"size":30}},"spread-assign":{"count=5 method=\"spread\" n=1000000":{"mean":23272656.94006317,"sqsum":1637802723272.1765,"variance":56475955974.90264,"size":30},"count=10 method=\"spread\" n=1000000":{"mean":19615367.822616287,"sqsum":1375684029147.5386,"variance":47437380315.432365,"size":30},"count=20 method=\"spread\" n=1000000":{"mean":112787.33902511194,"sqsum":121624539.50248183,"variance":4193949.638016615,"size":30},"count=5 method=\"assign\" n=1000000":{"mean":5544889.709109128,"sqsum":55739722700.65843,"variance":1922059403.4709806,"size":30},"count=10 method=\"assign\" n=1000000":{"mean":2770996.3332507275,"sqsum":12562803727.26105,"variance":433200128.52624303,"size":30},"count=20 method=\"assign\" n=1000000":{"mean":89385.79097438393,"sqsum":97729730.05221757,"variance":3369990.691455778,"size":30},"count=5 method=\"_extend\" n=1000000":{"mean":3382692.06674803,"sqsum":46020078024.273384,"variance":1586899242.2163234,"size":30},"count=10 method=\"_extend\" n=1000000":{"mean":1617279.8980418667,"sqsum":9644360933.40574,"variance":332564170.1174393,"size":30},"count=20 method=\"_extend\" n=1000000":{"mean":265331.5579149093,"sqsum":1311812831.5983584,"variance":45234925.2275296,"size":30}},"spread-bench":{"context=\"context\" count=5 method=\"apply\" n=5000000 rest=0":{"mean":29930668.44388251,"sqsum":17764480966892.254,"variance":612568309203.1812,"size":30},"context=\"context\" count=5 method=\"apply\" n=5000000 rest=1":{"mean":29527025.31721749,"sqsum":10007484652537.775,"variance":345085677673.7164,"size":30},"context=\"null\" count=5 method=\"apply\" n=5000000 rest=0":{"mean":30013012.41490413,"sqsum":5193195666937.825,"variance":179075712653.02844,"size":30},"context=\"null\" count=5 method=\"apply\" n=5000000 rest=1":{"mean":29319859.030167762,"sqsum":15435329773555.367,"variance":532252750812.254,"size":30},"context=\"context\" count=10 method=\"apply\" n=5000000 rest=0":{"mean":23492870.306875266,"sqsum":15172653529235.691,"variance":523194949283.9894,"size":30},"context=\"context\" count=10 method=\"apply\" n=5000000 rest=1":{"mean":23706372.210417192,"sqsum":12395058942167.186,"variance":427415825591.9719,"size":30},"context=\"null\" count=10 method=\"apply\" n=5000000 rest=0":{"mean":23450127.061584853,"sqsum":5447712517715.358,"variance":187852155783.28824,"size":30},"context=\"null\" count=10 method=\"apply\" n=5000000 rest=1":{"mean":23862637.428362146,"sqsum":11856642674536.717,"variance":408849747397.8178,"size":30},"context=\"context\" count=20 method=\"apply\" n=5000000 rest=0":{"mean":18141092.066466518,"sqsum":654760432876.491,"variance":22577945961.258312,"size":30},"context=\"context\" count=20 method=\"apply\" n=5000000 rest=1":{"mean":17951318.172783986,"sqsum":662509263613.7213,"variance":22845147021.162804,"size":30},"context=\"null\" count=20 method=\"apply\" n=5000000 rest=0":{"mean":18090685.05997805,"sqsum":2826763541962.002,"variance":97474604895.24146,"size":30},"context=\"null\" count=20 method=\"apply\" n=5000000 rest=1":{"mean":17980971.828178868,"sqsum":77270498283.62592,"variance":2664499940.8146863,"size":30},"context=\"context\" count=5 method=\"spread\" n=5000000 rest=0":{"mean":30162030.62370182,"sqsum":30196276863339,"variance":1041250926322.0345,"size":30},"context=\"context\" count=5 method=\"spread\" n=5000000 rest=1":{"mean":29906932.525073342,"sqsum":3377527168524.5215,"variance":116466454087.05246,"size":30},"context=\"null\" count=5 method=\"spread\" n=5000000 rest=0":{"mean":34088624.301745765,"sqsum":4486516412923.147,"variance":154707462514.5913,"size":30},"context=\"null\" count=5 method=\"spread\" n=5000000 rest=1":{"mean":32764561.65201306,"sqsum":55995997317190.08,"variance":1930896459213.451,"size":30},"context=\"context\" count=10 method=\"spread\" n=5000000 rest=0":{"mean":24326624.82525921,