{"arguments":{"method=\"restAndSpread\" n=1000000":{"mean":3183983.9783414374,"sqsum":100391568468.68277,"variance":3461778223.0580263,"size":30},"method=\"argumentsAndApply\" n=1000000":{"mean":3184156.2572470587,"sqsum":16627275754.849977,"variance":573354336.3741372,"size":30},"method=\"restAndApply\" n=1000000":{"mean":3183922.8453723043,"sqsum":41601910873.62592,"variance":1434548650.8146873,"size":30},"method=\"predefined\" n=1000000":{"mean":3207762.280889072,"sqsum":45299918789.71076,"variance":1562066165.1624403,"size":30}},"freelist":{"n=100000":{"mean":146789.69354261112,"sqsum":1381593.4512665623,"variance":47641.15349195042,"size":30}},"getstringwidth":{"n=100000 type=\"ascii\"":{"mean":240954.78674316252,"sqsum":8307315.251549429,"variance":286459.14660515275,"size":30},"n=100000 type=\"mixed\"":{"mean":127049.18160678695,"sqsum":9736344.496286826,"variance":335736.0171133388,"size":30},"n=100000 type=\"emojiseq\"":{"mean":165748.52993466432,"sqsum":41269133.38684767,"variance":1423073.5650637127,"size":30},"n=100000 type=\"fullwidth\"":{"mean":258767.8552400355,"sqsum":72031042.7608158,"variance":2483829.060717786,"size":30}},"object-property-bench":{"method=\"property\" n=1000000000":{"mean":1146384215.891888,"sqsum":35464702393798.69,"variance":1222920772199.9548,"size":30},"method=\"string\" n=1000000000":{"mean":1146540567.3884006,"sqsum":44012321684956.4,"variance":1517666264998.4963,"size":30},"method=\"variable\" n=1000000000":{"mean":1145566617.2310264,"sqsum":62088563784014.73,"variance":2140984958069.4734,"size":30},"method=\"symbol\" n=1000000000":{"mean":1145158922.4080498,"sqsum":50333294967174.484,"variance":1735630860937.051,"size":30}},"print":{"code=\"1\" dur=1":{"mean":26.9136265695776,"sqsum":0.9608171481352833,"variance":0.03313162579776839,"size":30},"code=\"\\\"string\\\"\" dur=1":{"mean":27.002027740657592,"sqsum":1.3730129542532874,"variance":0.04734527428459612,"size":30},"code=\"process.versions\" dur=1":{"mean":26.873690929494792,"sqsum":1.4710701400931103,"variance":0.05072655655493484,"size":30},"code=\"process\" dur=1":{"mean":26.876783446227346,"sqsum":1.401576827980414,"variance":0.04833023544760048,"size":30}},"punycode":{"method=\"punycode\" n=1024 val=\"افغانستا.icom.museum\"":{"mean":85795.12530305031,"sqsum":121519527.15876327,"variance":4190328.522715975,"size":30},"method=\"punycode\" n=1024 val=\"الجزائر.icom.museum\"":{"mean":89605.48172772188,"sqsum":94985593.0002462,"variance":3275365.2758705583,"size":30},"method=\"punycode\" n=1024 val=\"österreich.icom.museum\"":{"mean":103357.54439485662,"sqsum":119036949.50566454,"variance":4104722.396747053,"size":30},"method=\"punycode\" n=1024 val=\"বাংলাদেশ.icom.museum\"":{"mean":85037.33893445751,"sqsum":110593743.99789275,"variance":3813577.379237681,"size":30},"method=\"punycode\" n=1024 val=\"беларусь.icom.museum\"":{"mean":85937.56627141441,"sqsum":74270770.71904434,"variance":2561061.059277391,"size":30},"method=\"punycode\" n=1024 val=\"belgië.icom.museum\"":{"mean":108913.78362379596,"sqsum":303759336.16840565,"variance":10474459.867876058,"size":30},"method=\"punycode\" n=1024 val=\"българия.icom.museum\"":{"mean":85305.66331650775,"sqsum":85332030.24423261,"variance":2942483.801525262,"size":30},"method=\"punycode\" n=1024 val=\"تشادر.icom.museum\"":{"mean":94873.40687758182,"sqsum":117604959.03452373,"variance":4055343.414983577,"size":30},"method=\"punycode\" n=1024 val=\"中国.icom.museum\"":{"mean":99789.06168719704,"sqsum":225082600.36988187,"variance":7761468.978271788,"size":30},"method=\"punycode\" n=1024 val=\"القمر.icom.museum\"":{"mean":94765.1458545827,"sqsum":170710358.33177912,"variance":5886564.080406177,"size":30},"method=\"punycode\" n=1024 val=\"κυπρος.icom.museum\"":{"mean":91815.25872686188,"sqsum":144718052.762796,"variance":4990277.681475724,"size":30},"method=\"punycode\" n=1024 val=\"českárepublika.icom.museum\"":{"mean":92813.79628847576,"sqsum":49890980.16217191,"variance":1720378.62628179,"size":30},"method=\"punycode\" n=1024 val=\"مصر.icom.museum\"":{"mean":99966.6430327773,"sqsum":48578921.25926309,"variance":1675135.2158366584,"size":30},"method=\"punycode\" n=1024 val=\"ελλάδα.icom.museum\"":{"mean":92099.23854074496,"sqsum":125891064.1367944,"variance":4341071.177130842,"size":30},"method=\"punycode\" n=1024 val=\"magyarország.icom.museum\"":{"mean":102650.07048993895,"sqsum":91208436.53542572,"variance":3145118.5012215767,"size":30},"method=\"punycode\" n=1024 val=\"ísland.icom.museum\"":{"mean":108235.3869148884,"sqsum":343700554.3005974,"variance":11851743.25174474,"size":30},"method=\"punycode\" n=1024 val=\"भारत.icom.museum\"":{"mean":97865.96812729404,"sqsum":120957462.4381957,"variance":4170946.980627438,"size":30},"method=\"punycode\" n=1024 val=\"ايران.icom.museum\"":{"mean":94698.6130182687,"sqsum":137152699.20786476,"variance":4729403.420960854,"size":30},"method=\"punycode\" n=1024 val=\"éire.icom.museum\"":{"mean":108113.34117100624,"sqsum":686532563.1774775,"variance":23673536.66129233,"size":30},"method=\"punycode\" n=1024 val=\"איקו״ם.ישראל.museum\"":{"mean":74168.71482135428,"sqsum":45992401.67629715,"variance":1585944.8853895569,"size":30},"method=\"punycode\" n=1024 val=\"日本.icom.museum\"":{"mean":100518.92199098029,"sqsum":133681712.37920906,"variance":4609714.219972726,"size":30},"method=\"punycode\" n=1024 val=\"الأردن.icom.museum\"":{"mean":90414.21334559112,"sqsum":99979369.95365994,"variance":3447564.4811606877,"size":30},"method=\"icu\" n=1024 val=\"افغانستا.icom.museum\"":{"mean":213496.18973417964,"sqsum":427865831.8195258,"variance":14753994.200673303,"size":30},"method=\"icu\" n=1024 val=\"الجزائر.icom.museum\"":{"mean":229667.3090413889,"sqsum":482952601.6162094,"variance":16653537.986765841,"size":30},"method=\"icu\" n=1024 val=\"österreich.icom.museum\"":{"mean":250112.01937098865,"sqsum":370729031.4859793,"variance":12783759.706413079,"size":30},"method=\"icu\" n=1024 val=\"বাংলাদেশ.icom.museum\"":{"mean":187570.73709997642,"sqsum":186768353.5016972,"variance":6440288.051782662,"size":30},"method=\"icu\" n=1024 val=\"беларусь.icom.museum\"":{"mean":215542.91988437212,"sqsum":338879034.6736997,"variance":11685483.954265505,"size":30},"method=\"icu\" n=1024 val=\"belgië.icom.museum\"":{"mean":262827.59651199536,"sqsum":583492667.4434923,"variance":20120436.808396287,"size":30},"method=\"icu\" n=1024 val=\"българия.icom.museum\"":{"mean":213717.4791062188,"sqsum":686299474.964041,"variance":23665499.13669107,"size":30},"method=\"icu\" n=1024 val=\"تشادر.icom.museum\"":{"mean":247803.78062418438,"sqsum":727613822.7419336,"variance":25090131.818687364,"size":30},"method=\"icu\" n=1024 val=\"中国.icom.museum\"":{"mean":273889.0090671394,"sqsum":1111456681.2502582,"variance":38326092.45690546,"size":30},"method=\"icu\" n=1024 val=\"القمر.icom.museum\"":{"mean":245131.44015281057,"sqsum":556788362.7914265,"variance":19199598.71694574,"size":30},"method=\"icu\" n=1024 val=\"κυπρος.icom.museum\"":{"mean":240993.31663233857,"sqsum":577413861.2601582,"variance":19910822.802074417,"size":30},"method=\"icu\" n=1024 val=\"českárepublika.icom.museum\"":{"mean":226046.2916445737,"sqsum":509516310.96181273,"variance":17569527.96420044,"size":30},"method=\"icu\" n=1024 val=\"مصر.icom.museum\"":{"mean":262304.0934605064,"sqsum":857481465.3518677,"variance":29568326.391443714,"size":30},"method=\"icu\" n=1024 val=\"ελλάδα.icom.museum\"":{"mean":241567.22362950697,"sqsum":465140269.540265,"variance":16039319.639319483,"size":30},"method=\"icu\" n=1024 val=\"magyarország.icom.museum\"":{"mean":237810.17269221586,"sqsum":379279252.5849514,"variance":13078594.916722462,"size":30},"method=\"icu\" n=1024 val=\"ísland.icom.museum\"":{"mean":268733.5117307946,"sqsum":718335432.9882891,"variance":24770187.344423763,"size":30},"method=\"icu\" n=1024 val=\"भारत.icom.museum\"":{"mean":252993.73884814122,"sqsum":638996814.2407497,"variance":22034372.904853437,"size":30},