{"echo":{"n=100000 payload=\"string\" sendsPerBroadcast=1 serialization=\"json\" workers=1":{"mean":16376.682788707722,"sqsum":30532253.553768996,"variance":1052836.3294403101,"size":30},"n=100000 payload=\"string\" sendsPerBroadcast=1 serialization=\"advanced\" workers=1":{"mean":12952.428242395408,"sqsum":4571225.735122212,"variance":157628.47362490388,"size":30},"n=100000 payload=\"string\" sendsPerBroadcast=10 serialization=\"json\" workers=1":{"mean":6870.423546644457,"sqsum":1295374.581974065,"variance":44668.08903358845,"size":30},"n=100000 payload=\"string\" sendsPerBroadcast=10 serialization=\"advanced\" workers=1":{"mean":3967.3945182354596,"sqsum":57942.728470687616,"variance":1998.0251196788831,"size":30},"n=100000 payload=\"object\" sendsPerBroadcast=1 serialization=\"json\" workers=1":{"mean":14259.416136017482,"sqsum":9186177.454755858,"variance":316764.7398191675,"size":30},"n=100000 payload=\"object\" sendsPerBroadcast=1 serialization=\"advanced\" workers=1":{"mean":6033.251697568419,"sqsum":1119612.1736841737,"variance":38607.31633393702,"size":30},"n=100000 payload=\"object\" sendsPerBroadcast=10 serialization=\"json\" workers=1":{"mean":5116.6465990335955,"sqsum":60023.5560519341,"variance":2069.7777948942794,"size":30},"n=100000 payload=\"object\" sendsPerBroadcast=10 serialization=\"advanced\" workers=1":{"mean":635.2881204930721,"sqsum":7080.57551300322,"variance":244.1577763104559,"size":30}}}