{"create-context":{"n=100":{"mean":1981.024257634697,"sqsum":11253.322853548338,"variance":388.0456156395979,"size":30}},"run-in-context":{"breakOnSigint=0 n=1 withSigintListener=0":{"mean":1938.0737131752207,"sqsum":965208.4425722032,"variance":33283.04974386908,"size":30},"breakOnSigint=0 n=1 withSigintListener=1":{"mean":1992.9251170240454,"sqsum":567319.6756686487,"variance":19562.747436849953,"size":30},"breakOnSigint=1 n=1 withSigintListener=0":{"mean":1157.8223299339274,"sqsum":858806.3339952468,"variance":29614.011517077477,"size":30},"breakOnSigint=1 n=1 withSigintListener=1":{"mean":840.4653874671548,"sqsum":233200.2310651456,"variance":8041.387278108469,"size":30}},"run-in-this-context":{"breakOnSigint=0 n=1 withSigintListener=0":{"mean":2112.986399581523,"sqsum":33609.296068200856,"variance":1158.9412437310639,"size":30},"breakOnSigint=0 n=1 withSigintListener=1":{"mean":2077.8565644075275,"sqsum":366377.5245840702,"variance":12633.707744278283,"size":30},"breakOnSigint=1 n=1 withSigintListener=0":{"mean":1200.9948281346615,"sqsum":417353.5845270285,"variance":14391.50291472512,"size":30},"breakOnSigint=1 n=1 withSigintListener=1":{"mean":860.7226401416718,"sqsum":235225.94608312933,"variance":8111.239520107908,"size":30}}}