{"echo":{"n=100000 payload=\"string\" sendsPerBroadcast=1 serialization=\"json\" workers=1":{"mean":37931.097214938585,"sqsum":21358410.080697954,"variance":736496.8993344122,"size":30},"n=100000 payload=\"string\" sendsPerBroadcast=1 serialization=\"advanced\" workers=1":{"mean":27675.45877350899,"sqsum":6366329.185052738,"variance":219528.59258802544,"size":30},"n=100000 payload=\"string\" sendsPerBroadcast=10 serialization=\"json\" workers=1":{"mean":17044.35577129975,"sqsum":1942015.3979633315,"variance":66966.04820563212,"size":30},"n=100000 payload=\"string\" sendsPerBroadcast=10 serialization=\"advanced\" workers=1":{"mean":8235.961293254604,"sqsum":1223168.658266176,"variance":42178.22959538538,"size":30},"n=100000 payload=\"object\" sendsPerBroadcast=1 serialization=\"json\" workers=1":{"mean":31801.44267213253,"sqsum":5702502.300354014,"variance":196638.01035703495,"size":30},"n=100000 payload=\"object\" sendsPerBroadcast=1 serialization=\"advanced\" workers=1":{"mean":22701.192701256732,"sqsum":2224798.9987758356,"variance":76717.20685433917,"size":30},"n=100000 payload=\"object\" sendsPerBroadcast=10 serialization=\"json\" workers=1":{"mean":13279.877354279788,"sqsum":1019162.4791508544,"variance":35143.53376382257,"size":30},"n=100000 payload=\"object\" sendsPerBroadcast=10 serialization=\"advanced\" workers=1":{"mean":6137.805122385827,"sqsum":142544.74700949065,"variance":4915.336103775539,"size":30}}}