{"bench-env":{"n=1000000 operation=\"get\"":{"mean":4180242.0836226773,"sqsum":333509424758.7813,"variance":11500324991.682116,"size":30},"n=1000000 operation=\"set\"":{"mean":3301690.1973590483,"sqsum":194564319601.2989,"variance":6709114469.010306,"size":30},"n=1000000 operation=\"enumerate\"":{"mean":30684.95786671516,"sqsum":20822538.77942755,"variance":718018.57860095,"size":30},"n=1000000 operation=\"query\"":{"mean":4668452.244123598,"sqsum":913215497145.2407,"variance":31490189556.732437,"size":30},"n=1000000 operation=\"delete\"":{"mean":3946938.8561979244,"sqsum":764516319688.2074,"variance":26362631713.386463,"size":30}},"bench-hrtime":{"n=1000000 type=\"raw\"":{"mean":22505679.29296214,"sqsum":2520474797422.6587,"variance":86912924049.0572,"size":30},"n=1000000 type=\"diff\"":{"mean":19965255.327425268,"sqsum":6249940897169.958,"variance":215515203350.6882,"size":30},"n=1000000 type=\"bigint\"":{"mean":21309902.38151973,"sqsum":1470902132705.756,"variance":50720763196.75021,"size":30}},"coverage":{"n=100000":{"mean":484732.2468326177,"sqsum":1273255162.1711996,"variance":43905350.41969653,"size":30}},"memoryUsage":{"n=100000":{"mean":191867.092262074,"sqsum":94883228.30644567,"variance":3271835.458842954,"size":30}},"next-tick-breadth-args":{"n=10000000":{"mean":2520919.3025047034,"sqsum":36355304484.36244,"variance":1253631189.1159463,"size":30}},"next-tick-breadth":{"n=10000000":{"mean":5256695.450964285,"sqsum":264143309500.79816,"variance":9108389982.786142,"size":30}},"next-tick-depth-args":{"n=7000000":{"mean":10142650.111480767,"sqsum":202547907187.7369,"variance":6984410592.680583,"size":30}},"next-tick-depth":{"n=7000000":{"mean":11891063.30353836,"sqsum":270574956956.07675,"variance":9330170929.519888,"size":30}},"next-tick-exec-args":{"n=4000000":{"mean":31624528.965521812,"sqsum":30830234902746.72,"variance":1063111548370.5764,"size":30}},"next-tick-exec":{"n=4000000":{"mean":34722533.33261019,"sqsum":361377214114.9667,"variance":12461283245.343678,"size":30}},"queue-microtask-breadth":{"n=400000":{"mean":3026383.8339641653,"sqsum":13069507057.023605,"variance":450672657.138745,"size":30}},"queue-microtask-depth":{"n=1200000":{"mean":6231303.44622321,"sqsum":303517097537.11566,"variance":10466106811.624678,"size":30}},"resourceUsage":{"n=100000":{"mean":1190753.7306585938,"sqsum":1730856640.7788942,"variance":59684711.75099635,"size":30}}}