{"cpus":{"n=30000":{"mean":7322.625075499093,"sqsum":21349.901954757333,"variance":736.2035156812873,"size":30}},"loadavg":{"n=5000000":{"mean":284156.36405466817,"sqsum":92228465.2791292,"variance":3180291.9061768693,"size":30}},"networkInterfaces":{"n=10000":{"mean":7568.164394451242,"sqsum":11058.789128182363,"variance":381.33755614421943,"size":30}}}