{"convertprotocols":{"n=1":{"mean":3921.6126908181895,"sqsum":360889.00644402654,"variance":12444.448498069882,"size":30},"n=50000":{"mean":1056110.0257538452,"sqsum":2987228034.7903476,"variance":103007863.26863267,"size":30}},"secure-pair":{"dur=5 securing=\"SecurePair\" size=100":{"mean":1879.1928947756667,"sqsum":10759.875270896167,"variance":371.0301817550403,"size":30},"dur=5 securing=\"SecurePair\" size=1024":{"mean":2680.4045880660005,"sqsum":78326.97994259678,"variance":2700.930342848165,"size":30},"dur=5 securing=\"SecurePair\" size=1048576":{"mean":3917.5399282428803,"sqsum":43336.93655813952,"variance":1494.3771226944662,"size":30},"dur=5 securing=\"TLSSocket\" size=100":{"mean":1894.0987731874775,"sqsum":22925.76531084821,"variance":790.543631408559,"size":30},"dur=5 securing=\"TLSSocket\" size=1024":{"mean":2732.16276251568,"sqsum":68047.35332774704,"variance":2346.4604595774845,"size":30},"dur=5 securing=\"TLSSocket\" size=1048576":{"mean":4230.663330829672,"sqsum":68767.01733110432,"variance":2371.2764596932525,"size":30},"dur=5 securing=\"clear\" size=100":{"mean":643.0164951052387,"sqsum":3928.38943550219,"variance":135.4617046724893,"size":30},"dur=5 securing=\"clear\" size=1024":{"mean":4072.8661373072273,"sqsum":2394387.7400055835,"variance":82565.09448295116,"size":30},"dur=5 securing=\"clear\" size=1048576":{"mean":9445.674011926954,"sqsum":24032770.364572827,"variance":828716.2194680285,"size":30}},"throughput-c2s":{"dur=5 size=100 type=\"buf\"":{"mean":2220.629397192365,"sqsum":11458.191020148572,"variance":395.110035177537,"size":30},"dur=5 size=1024 type=\"buf\"":{"mean":3626.690272303606,"sqsum":28845.72147680577,"variance":994.6800509243369,"size":30},"dur=5 size=1048576 type=\"buf\"":{"mean":6405.736111564895,"sqsum":60379.03148357191,"variance":2082.0355683990315,"size":30},"dur=5 size=4194304 type=\"buf\"":{"mean":5984.30434794437,"sqsum":57577.16733185425,"variance":1985.419563167388,"size":30},"dur=5 size=16777216 type=\"buf\"":{"mean":5831.118405248461,"sqsum":30997.020926738118,"variance":1068.8627905771766,"size":30},"dur=5 size=100 type=\"asc\"":{"mean":1149.4885347010807,"sqsum":1395.267475944979,"variance":48.112671584309616,"size":30},"dur=5 size=1024 type=\"asc\"":{"mean":3068.2055038827475,"sqsum":26109.14388792255,"variance":900.3153064800879,"size":30},"dur=5 size=1048576 type=\"asc\"":{"mean":6000.313774029502,"sqsum":95800.0915677486,"variance":3303.4514333706416,"size":30},"dur=5 size=4194304 type=\"asc\"":{"mean":5274.359886745166,"sqsum":46299.6305152371,"variance":1596.5389832840378,"size":30},"dur=5 size=16777216 type=\"asc\"":{"mean":5394.781594649212,"sqsum":22151.87061564053,"variance":763.8576074358804,"size":30},"dur=5 size=100 type=\"utf\"":{"mean":1202.8273069225595,"sqsum":3517.5418098834466,"variance":121.2945451683947,"size":30},"dur=5 size=1024 type=\"utf\"":{"mean":3040.70762341686,"sqsum":12535.035239903667,"variance":432.24259447943683,"size":30},"dur=5 size=1048576 type=\"utf\"":{"mean":4453.342020181439,"sqsum":23570.749359321853,"variance":812.7844606662709,"size":30},"dur=5 size=4194304 type=\"utf\"":{"mean":4223.647386804083,"sqsum":10108.692056581962,"variance":348.5755881579987,"size":30},"dur=5 size=16777216 type=\"utf\"":{"mean":4140.407231148328,"sqsum":11960.767595031073,"variance":412.44026189762326,"size":30}},"throughput-s2c":{"dur=5 recvbufgenfn=\"true\" recvbuflen=0 sendchunklen=256 type=\"buf\"":{"mean":3056.8114617231927,"sqsum":40899.11732735982,"variance":1410.3143905986144,"size":30},"dur=5 recvbufgenfn=\"false\" recvbuflen=0 sendchunklen=256 type=\"buf\"":{"mean":3049.525980610491,"sqsum":22814.965753866112,"variance":786.7229570298659,"size":30},"dur=5 recvbufgenfn=\"true\" recvbuflen=65536 sendchunklen=256 type=\"buf\"":{"mean":3475.4409522209294,"sqsum":48780.98511972023,"variance":1682.1029351627665,"size":30},"dur=5 recvbufgenfn=\"false\" recvbuflen=65536 sendchunklen=256 type=\"buf\"":{"mean":3507.3920917501073,"sqsum":59963.094144515606,"variance":2067.692901535021,"size":30},"dur=5 recvbufgenfn=\"true\" recvbuflen=1048576 sendchunklen=256 type=\"buf\"":{"mean":3467.1179041581668,"sqsum":37090.57901514212,"variance":1278.9854832807628,"size":30},"dur=5 recvbufgenfn=\"false\" recvbuflen=1048576 sendchunklen=256 type=\"buf\"":{"mean":3494.3103664175273,"sqsum":40759.592366174795,"variance":1405.5031850405103,"size":30},"dur=5 recvbufgenfn=\"true\" recvbuflen=0 sendchunklen=32768 type=\"buf\"":{"mean":5847.306821891721,"sqsum":61465.98573758788,"variance":2119.5167495719957,"size":30},"dur=5 recvbufgenfn=\"false\" recvbuflen=0 sendchunklen=32768 type=\"buf\"":{"mean":5841.353806093376,"sqsum":37109.254559479115,"variance":1279.6294675682454,"size":30},"dur=5 recvbufgenfn=\"true\" recvbuflen=65536 sendchunklen=32768 type=\"buf\"":{"mean":7086.468978900793,"sqsum":78323.82773152115,"variance":2700.821645914522,"size":30},"dur=5 recvbufgenfn=\"false\" recvbuflen=65536 sendchunklen=32768 type=\"buf\"":{"mean":7173.898220035011,"sqsum":119394.55112963871,"variance":4117.053487228921,"size":30},"dur=5 recvbufgenfn=\"true\" recvbuflen=1048576 sendchunklen=32768 type=\"buf\"":{"mean":7099.002698426562,"sqsum":139955.14946286197,"variance":4826.039636650413,"size":30},"dur=5 recvbufgenfn=\"false\" recvbuflen=1048576 sendchunklen=32768 type=\"buf\"":{"mean":7187.757816985687,"sqsum":141307.9270564265,"variance":4872.687139876776,"size":30},"dur=5 recvbufgenfn=\"true\" recvbuflen=0 sendchunklen=131072 type=\"buf\"":{"mean":6315.529189797264,"sqsum":67909.95484558049,"variance":2341.7225808820863,"size":30},"dur=5 recvbufgenfn=\"false\" recvbuflen=0 sendchunklen=131072 type=\"buf\"":{"mean":6307.6568629786425,"sqsum":45097.95919160568,"variance":1555.1020410898511,"size":30},"dur=5 recvbufgenfn=\"true\" recvbuflen=65536 sendchunklen=131072 type=\"buf\"":{"mean":7843.9249597577555,"sqsum":85595.06940907215,"variance":2951.554117554212,"size":30},"dur=5 recvbufgenfn=\"false\" recvbuflen=65536 sendchunklen=131072 type=\"buf\"":{"mean":7909.055471200702,"sqsum":85384.83132900545,"variance":2944.304528586395,"size":30},"dur=5 recvbufgenfn=\"true\" recvbuflen=1048576 sendchunklen=131072 type=\"buf\"":{"mean":7817.038355632287,"sqsum":143738.53750237013,"variance":4956.501293185178,"size":30},"dur=5 recvbufgenfn=\"false\" recvbuflen=1048576 sendchunklen=131072 type=\"buf\"":{"mean":7898.76238095897,"sqsum":99964.30020695126,"variance":3447.0448347224574,"size":30},"dur=5 recvbufgenfn=\"true\" recvbuflen=0 sendchunklen=16777216 type=\"buf\"":{"mean":5855.511667891516,"sqsum":46349.63519071148,"variance":1598.2632824383268,"size":30},"dur=5 recvbufgenfn=\"false\" recvbuflen=0 sendchunklen=16777216 type=\"buf\"":{"mean":5856.741182388363,"sqsum":31212.528906930183,"variance":1076.2941002389719,"size":30},"dur=5 recvbufgenfn=\"true\" recvbuflen=65536 sendchunklen=16777216 type=\"buf\"":{"mean":6963.3037224594045,"sqsum":65010.93895838444,"variance":2241.75651580636,"size":30},"dur=5 recvbufgenfn=\"false\" recvbuflen=65536 sendchunklen=16777216 type=\"buf\"":{"mean":7022.88390133535,"sqsum":34446.41380053242,"variance":1187.8073724321525,"size":30},"dur=5 recvbufgenfn=\"true\" recvbuflen=1048576 sendchunklen=16777216 type=\"buf\"":{"mean":6968.101323735286,"sqsum":40339.13286575774,"variance":1391.004581577853,"size":30},"dur=5 recvbufgenfn=\"false\" recvbuflen=1048576 sendchunklen=16777216 type=\"buf\"":{"mean":7018.705220193517,"sqsum":44167.312045438994,"variance":1523.0107601875516,"size":30},"dur=5 recvbufgenfn=\"true\" recvbuflen=0 sendchunklen=256 type=\"asc\"":{"mean":2025.452787630838,"sqsum":7174.347563449497,"variance":247.39129529136196,"size":30},"dur=5 recvbufgenfn=\"false\" recvbuflen=0 sendchunklen=256 type=\"asc\"":{"mean":2025.4831370291784,"sqsum":10754.116330576508,"variance":370.83159760608646,"size":30},"dur=5 recvbufgenfn=\"true\" recvbuflen=65536 sendchunklen=256 type=\"asc\"":{"mean":2203.6492363411294,"sqsum":11424.751641388088,