{"create-context":{"n=100":{"mean":1811.8395388881086,"sqsum":9088.175100160908,"variance":313.38534828141064,"size":30}},"run-in-context":{"breakOnSigint=0 n=1 withSigintListener=0":{"mean":3291.4880472893924,"sqsum":530239.5129498871,"variance":18284.121136203004,"size":30},"breakOnSigint=0 n=1 withSigintListener=1":{"mean":3311.270056076699,"sqsum":55084.17034229037,"variance":1899.4541497341506,"size":30},"breakOnSigint=1 n=1 withSigintListener=0":{"mean":2197.099006061487,"sqsum":1537457.153490894,"variance":53015.7639134791,"size":30},"breakOnSigint=1 n=1 withSigintListener=1":{"mean":1501.068064308492,"sqsum":333150.57561202516,"variance":11487.950883173282,"size":30}},"run-in-this-context":{"breakOnSigint=0 n=1 withSigintListener=0":{"mean":3392.3432709381555,"sqsum":634957.853287496,"variance":21895.098389224,"size":30},"breakOnSigint=0 n=1 withSigintListener=1":{"mean":3416.9086017146137,"sqsum":155228.98287741505,"variance":5352.72354749707,"size":30},"breakOnSigint=1 n=1 withSigintListener=0":{"mean":2258.2729984079883,"sqsum":1968730.8438443395,"variance":67887.27047739102,"size":30},"breakOnSigint=1 n=1 withSigintListener=1":{"mean":1539.787752830376,"sqsum":499004.57440620766,"variance":17207.05428986923,"size":30}}}