{"async-local-storage-run":{"n=10000000":{"mean":2996663.575857762,"sqsum":1435352877.0431082,"variance":49494926.794589944,"size":30}},"async-resource-vs-destroy":{"asyncMethod=\"callbacks\" benchmarker=\"test-double-http\" connections=500 duration=5 n=1000000 path=\"/\" type=\"async-resource\"":{"mean":382.5,"sqsum":15.5,"variance":0.5344827586206896,"size":30},"asyncMethod=\"async\" benchmarker=\"test-double-http\" connections=500 duration=5 n=1000000 path=\"/\" type=\"async-resource\"":{"mean":377.2,"sqsum":30.8,"variance":1.0620689655172413,"size":30},"asyncMethod=\"callbacks\" benchmarker=\"test-double-http\" connections=500 duration=5 n=1000000 path=\"/\" type=\"destroy\"":{"mean":381.3,"sqsum":38.3,"variance":1.3206896551724139,"size":30},"asyncMethod=\"async\" benchmarker=\"test-double-http\" connections=500 duration=5 n=1000000 path=\"/\" type=\"destroy\"":{"mean":377.8,"sqsum":30.8,"variance":1.0620689655172413,"size":30},"asyncMethod=\"callbacks\" benchmarker=\"test-double-http\" connections=500 duration=5 n=1000000 path=\"/\" type=\"async-local-storage\"":{"mean":380.4,"sqsum":27.2,"variance":0.9379310344827586,"size":30},"asyncMethod=\"async\" benchmarker=\"test-double-http\" connections=500 duration=5 n=1000000 path=\"/\" type=\"async-local-storage\"":{"mean":378.1666666666667,"sqsum":18.166666666666668,"variance":0.6264367816091954,"size":30}},"gc-tracking":{"method=\"trackingEnabled\" n=1000000":{"mean":57052826.19024607,"sqsum":4050752164074.6333,"variance":139681109106.02185,"size":30},"method=\"trackingEnabledWithDestroyHook\" n=1000000":{"mean":1814880.1009167093,"sqsum":18494484186.39369,"variance":637740834.0135754,"size":30},"method=\"trackingDisabled\" n=1000000":{"mean":59751396.90077331,"sqsum":7743103851123.43,"variance":267003581073.2217,"size":30}},"http-server":{"asyncHooks=\"init\" benchmarker=\"test-double-http\" connections=50 duration=5":{"mean":25827.366666666665,"sqsum":2960702.966666667,"variance":102093.20574712644,"size":30},"asyncHooks=\"init\" benchmarker=\"test-double-http\" connections=500 duration=5":{"mean":25765.2,"sqsum":3129606.8,"variance":107917.47586206897,"size":30},"asyncHooks=\"before\" benchmarker=\"test-double-http\" connections=50 duration=5":{"mean":25671.933333333334,"sqsum":1501201.8666666667,"variance":51765.581609195404,"size":30},"asyncHooks=\"before\" benchmarker=\"test-double-http\" connections=500 duration=5":{"mean":25712.466666666667,"sqsum":1549507.4666666666,"variance":53431.291954022985,"size":30},"asyncHooks=\"after\" benchmarker=\"test-double-http\" connections=50 duration=5":{"mean":25696.133333333335,"sqsum":1890957.4666666668,"variance":65205.42988505747,"size":30},"asyncHooks=\"after\" benchmarker=\"test-double-http\" connections=500 duration=5":{"mean":25660.7,"sqsum":1915742.3,"variance":66060.07931034482,"size":30},"asyncHooks=\"all\" benchmarker=\"test-double-http\" connections=50 duration=5":{"mean":25710.133333333335,"sqsum":2035041.4666666666,"variance":70173.84367816092,"size":30},"asyncHooks=\"all\" benchmarker=\"test-double-http\" connections=500 duration=5":{"mean":25717.566666666666,"sqsum":1478399.3666666667,"variance":50979.28850574713,"size":30},"asyncHooks=\"disabled\" benchmarker=\"test-double-http\" connections=50 duration=5":{"mean":25718.3,"sqsum":2223232.3,"variance":76663.1827586207,"size":30},"asyncHooks=\"disabled\" benchmarker=\"test-double-http\" connections=500 duration=5":{"mean":25724.9,"sqsum":2600354.7,"variance":89667.40344827586,"size":30},"asyncHooks=\"none\" benchmarker=\"test-double-http\" connections=50 duration=5":{"mean":25739.333333333332,"sqsum":4055524.6666666665,"variance":139845.67816091955,"size":30},"asyncHooks=\"none\" benchmarker=\"test-double-http\" connections=500 duration=5":{"mean":25736.166666666668,"sqsum":2227280.1666666665,"variance":76802.7643678161,"size":30}},"promises":{"asyncHooks=\"enabled\" n=1000000":{"mean":970162.4047806398,"sqsum":21079872231.415516,"variance":726892145.9108799,"size":30},"asyncHooks=\"enabledWithDestroy\" n=1000000":{"mean":292787.53095997946,"sqsum":724024902.7813766,"variance":24966375.957978502,"size":30},"asyncHooks=\"enabledWithInitOnly\" n=1000000":{"mean":930167.5134102025,"sqsum":7362337400.911553,"variance":253873703.47970873,"size":30},"asyncHooks=\"disabled\" n=1000000":{"mean":1495401.5094303826,"sqsum":20287793667.850563,"variance":699579091.994847,"size":30}}}