{"immediate":{"n=5000000 type=\"depth\"":{"mean":342105.3465721994,"sqsum":371493867.7460384,"variance":12810133.370553048,"size":30},"n=5000000 type=\"depth1\"":{"mean":347602.1252074464,"sqsum":468554595.7376088,"variance":16157055.025434786,"size":30},"n=5000000 type=\"breadth\"":{"mean":1989058.7480479134,"sqsum":90114519213.3709,"variance":3107397214.254169,"size":30},"n=5000000 type=\"breadth1\"":{"mean":1372063.1790708369,"sqsum":299953290261.69415,"variance":10343216905.575659,"size":30},"n=5000000 type=\"breadth4\"":{"mean":1119129.037571503,"sqsum":27189060259.446766,"variance":937553802.0498885,"size":30},"n=5000000 type=\"clear\"":{"mean":7242455.644450627,"sqsum":2134911264751.3386,"variance":73617629819.01167,"size":30}},"set-immediate-breadth-args":{"n=5000000":{"mean":1429663.7882258794,"sqsum":10847722232.712444,"variance":374059387.3349119,"size":30}},"set-immediate-breadth":{"n=10000000":{"mean":1645226.9938260925,"sqsum":185464515887.81567,"variance":6395328134.062609,"size":30}},"set-immediate-depth-args":{"n=5000000":{"mean":324038.84089664917,"sqsum":571176667.0156126,"variance":19695747.1384694,"size":30}},"timers-breadth-args":{"n=1000000":{"mean":983348.9637835103,"sqsum":140129837844.2856,"variance":4832063373.940884,"size":30}},"timers-breadth":{"n=5000000":{"mean":1187006.8990466902,"sqsum":121012672429.00934,"variance":4172850773.4141154,"size":30}},"timers-cancel-pooled":{"n=5000000":{"mean":20584108.37901955,"sqsum":1701436557185.3062,"variance":58670226109.83814,"size":30}},"timers-cancel-unpooled":{"direction=\"start\" n=1000000":{"mean":1562748.2904333887,"sqsum":2789681730.03444,"variance":96195921.72532551,"size":30},"direction=\"end\" n=1000000":{"mean":6484137.573209227,"sqsum":1133708040509.787,"variance":39093380707.23403,"size":30}},"timers-depth":{"n=1000":{"mean":830.7688519088339,"sqsum":12604.063785765291,"variance":434.6228891643204,"size":30}},"timers-insert-pooled":{"n=5000000":{"mean":1077154.162939665,"sqsum":88022670800.5101,"variance":3035264510.362417,"size":30}},"timers-insert-unpooled":{"direction=\"start\" n=1000000":{"mean":1446248.5751522374,"sqsum":2981279233.6087465,"variance":102802732.19340505,"size":30},"direction=\"end\" n=1000000":{"mean":917096.1571994611,"sqsum":6157911926.485367,"variance":212341790.56846094,"size":30}},"timers-timeout-nexttick":{"n=50000":{"mean":732102.9960934392,"sqsum":2087311539.1514497,"variance":71976259.97073965,"size":30},"n=5000000":{"mean":3700328.629967465,"sqsum":111596001450.93471,"variance":3848137981.0667143,"size":30}},"timers-timeout-pooled":{"n=10000000":{"mean":10253492.0532949,"sqsum":12680016521197.934,"variance":437241949006.82526,"size":30}},"timers-timeout-unpooled":{"n=1000000":{"mean":7959104.579047084,"sqsum":637742471688.0725,"variance":21991119713.38181,"size":30}}}