{"async-resource-vs-destroy":{"asyncMethod=\"callbacks\" benchmarker=\"test-double-http\" connections=500 duration=5 n=1000000 path=\"/\" type=\"async-resource\"":{"mean":421.3,"sqsum":184.29999999999998,"variance":6.355172413793103,"size":30},"asyncMethod=\"async\" benchmarker=\"test-double-http\" connections=500 duration=5 n=1000000 path=\"/\" type=\"async-resource\"":{"mean":420.4,"sqsum":143.2,"variance":4.937931034482759,"size":30},"asyncMethod=\"callbacks\" benchmarker=\"test-double-http\" connections=500 duration=5 n=1000000 path=\"/\" type=\"destroy\"":{"mean":421.7,"sqsum":184.3,"variance":6.355172413793103,"size":30},"asyncMethod=\"async\" benchmarker=\"test-double-http\" connections=500 duration=5 n=1000000 path=\"/\" type=\"destroy\"":{"mean":420.8666666666667,"sqsum":125.46666666666667,"variance":4.326436781609195,"size":30},"asyncMethod=\"callbacks\" benchmarker=\"test-double-http\" connections=500 duration=5 n=1000000 path=\"/\" type=\"async-local-storage\"":{"mean":420.73333333333335,"sqsum":231.86666666666667,"variance":7.995402298850575,"size":30},"asyncMethod=\"async\" benchmarker=\"test-double-http\" connections=500 duration=5 n=1000000 path=\"/\" type=\"async-local-storage\"":{"mean":419.3333333333333,"sqsum":154.66666666666666,"variance":5.333333333333333,"size":30}},"gc-tracking":{"method=\"trackingEnabled\" n=1000000":{"mean":48197840.62277645,"sqsum":7958696125509.613,"variance":274437797431.36597,"size":30},"method=\"trackingEnabledWithDestroyHook\" n=1000000":{"mean":1224187.137587612,"sqsum":24073984768.323067,"variance":830137405.8042437,"size":30},"method=\"trackingDisabled\" n=1000000":{"mean":51686532.05327734,"sqsum":10007864390943.58,"variance":345098772101.50275,"size":30}},"http-server":{"asyncHooks=\"init\" benchmarker=\"test-double-http\" connections=50 duration=5":{"mean":13565.566666666668,"sqsum":172969.36666666667,"variance":5964.46091954023,"size":30},"asyncHooks=\"init\" benchmarker=\"test-double-http\" connections=500 duration=5":{"mean":13580.9,"sqsum":233876.7,"variance":8064.713793103449,"size":30},"asyncHooks=\"before\" benchmarker=\"test-double-http\" connections=50 duration=5":{"mean":13661.233333333334,"sqsum":156917.36666666667,"variance":5410.943678160919,"size":30},"asyncHooks=\"before\" benchmarker=\"test-double-http\" connections=500 duration=5":{"mean":13661.7,"sqsum":110952.3,"variance":3825.941379310345,"size":30},"asyncHooks=\"after\" benchmarker=\"test-double-http\" connections=50 duration=5":{"mean":13699.2,"sqsum":156410.8,"variance":5393.475862068965,"size":30},"asyncHooks=\"after\" benchmarker=\"test-double-http\" connections=500 duration=5":{"mean":13732.8,"sqsum":257652.8,"variance":8884.579310344827,"size":30},"asyncHooks=\"all\" benchmarker=\"test-double-http\" connections=50 duration=5":{"mean":13644.466666666667,"sqsum":199405.46666666667,"variance":6876.0505747126435,"size":30},"asyncHooks=\"all\" benchmarker=\"test-double-http\" connections=500 duration=5":{"mean":13689.433333333332,"sqsum":183081.36666666667,"variance":6313.150574712644,"size":30},"asyncHooks=\"disabled\" benchmarker=\"test-double-http\" connections=50 duration=5":{"mean":13663.833333333334,"sqsum":172446.16666666666,"variance":5946.419540229885,"size":30},"asyncHooks=\"disabled\" benchmarker=\"test-double-http\" connections=500 duration=5":{"mean":13670.466666666667,"sqsum":140771.46666666667,"variance":4854.188505747126,"size":30},"asyncHooks=\"none\" benchmarker=\"test-double-http\" connections=50 duration=5":{"mean":13663.766666666666,"sqsum":248135.36666666667,"variance":8556.391954022989,"size":30},"asyncHooks=\"none\" benchmarker=\"test-double-http\" connections=500 duration=5":{"mean":13638.033333333333,"sqsum":154366.96666666667,"variance":5322.998850574712,"size":30}},"promises":{"asyncHooks=\"enabled\" n=1000000":{"mean":132823.11682767485,"sqsum":206728108.73776042,"variance":7128555.473715876,"size":30},"asyncHooks=\"enabledWithDestroy\" n=1000000":{"mean":101085.49684756453,"sqsum":43250772.275798306,"variance":1491405.9405447692,"size":30},"asyncHooks=\"enabledWithInitOnly\" n=1000000":{"mean":153358.94192003447,"sqsum":261665717.8627649,"variance":9022955.788371203,"size":30},"asyncHooks=\"disabled\" n=1000000":{"mean":949061.2688657646,"sqsum":8372197080.882231,"variance":288696451.0649045,"size":30}}}