{"defaultparams-bench":{"method=\"withoutdefaults\" n=100000000":{"mean":561840919.3293196,"sqsum":526069664627446.56,"variance":18140333263015.4,"size":30},"method=\"withdefaults\" n=100000000":{"mean":565783355.0949519,"sqsum":405734474407155.2,"variance":13990843945074.316,"size":30}},"destructuring-bench":{"method=\"swap\" n=100000000":{"mean":377545247.50095546,"sqsum":31718382988853.25,"variance":1093737344443.2155,"size":30},"method=\"destructure\" n=100000000":{"mean":264492165.584244,"sqsum":13214000208835.805,"variance":455655179615.0277,"size":30}},"destructuring-object-bench":{"method=\"normal\" n=100000000":{"mean":1118061317.5614336,"sqsum":3299533630803773.5,"variance":113777021751854.27,"size":30},"method=\"destructureObject\" n=100000000":{"mean":1124009656.4573047,"sqsum":3245085449093151.5,"variance":111899498244591.42,"size":30}},"foreach-bench":{"count=5 method=\"for\" n=5000000":{"mean":176568090.8422764,"sqsum":60534873468076.92,"variance":2087409429933.687,"size":30},"count=10 method=\"for\" n=5000000":{"mean":115578933.58053872,"sqsum":4733214252234.055,"variance":163214284559.795,"size":30},"count=20 method=\"for\" n=5000000":{"mean":66616032.188291475,"sqsum":767542265478949.6,"variance":26466974671687.918,"size":30},"count=100 method=\"for\" n=5000000":{"mean":14295937.167707283,"sqsum":212074879491.28964,"variance":7312926879.009988,"size":30},"count=5 method=\"for-of\" n=5000000":{"mean":124454374.66944958,"sqsum":31667439907740.348,"variance":1091980686473.805,"size":30},"count=10 method=\"for-of\" n=5000000":{"mean":84413617.62064871,"sqsum":8508356332517.39,"variance":293391597673.0134,"size":30},"count=20 method=\"for-of\" n=5000000":{"mean":29836598.97798691,"sqsum":1626647069782.879,"variance":56091278268.37514,"size":30},"count=100 method=\"for-of\" n=5000000":{"mean":12641250.489707131,"sqsum":40217616816.0599,"variance":1386814372.9675827,"size":30},"count=5 method=\"for-in\" n=5000000":{"mean":3778350.149780823,"sqsum":799351419.029817,"variance":27563842.03551093,"size":30},"count=10 method=\"for-in\" n=5000000":{"mean":2374407.5126530104,"sqsum":456905334.6153879,"variance":15755356.366047857,"size":30},"count=20 method=\"for-in\" n=5000000":{"mean":1456527.1094762667,"sqsum":532494156.09164053,"variance":18361867.451435883,"size":30},"count=100 method=\"for-in\" n=5000000":{"mean":356418.64127067017,"sqsum":32043635.081969984,"variance":1104952.933861034,"size":30},"count=5 method=\"forEach\" n=5000000":{"mean":148970740.32909966,"sqsum":31544571948920.953,"variance":1087743860307.6191,"size":30},"count=10 method=\"forEach\" n=5000000":{"mean":115006339.55453336,"sqsum":97748629804525.17,"variance":3370642407052.592,"size":30},"count=20 method=\"forEach\" n=5000000":{"mean":77531970.90876342,"sqsum":43902539097261.48,"variance":1513880658526.2578,"size":30},"count=100 method=\"forEach\" n=5000000":{"mean":22983233.432182167,"sqsum":586235453353.1311,"variance":20215015632.86659,"size":30}},"map-bench":{"method=\"object\" n=1000000":{"mean":489041.88246032613,"sqsum":961160539.2892358,"variance":33143466.872042615,"size":30},"method=\"nullProtoObject\" n=1000000":{"mean":506117.0031875297,"sqsum":1370314731.6247149,"variance":47252232.124990165,"size":30},"method=\"nullProtoLiteralObject\" n=1000000":{"mean":505148.010052077,"sqsum":1420048698.674786,"variance":48967196.50602711,"size":30},"method=\"storageObject\" n=1000000":{"mean":502693.6590978117,"sqsum":1060719232.3588381,"variance":36576525.253753036,"size":30},"method=\"fakeMap\" n=1000000":{"mean":410827.43638999545,"sqsum":361940461.5873842,"variance":12480705.571978765,"size":30},"method=\"map\" n=1000000":{"mean":858899.3014256697,"sqsum":518711523.0537267,"variance":17886604.243231952,"size":30}},"restparams-bench":{"method=\"copy\" n=100000000":{"mean":44879404.30783803,"sqsum":301037478548.86127,"variance":10380602708.581423,"size":30},"method=\"rest\" n=100000000":{"mean":171742608.05765247,"sqsum":23339034788289.605,"variance":804794303044.4691,"size":30},"method=\"arguments\" n=100000000":{"mean":171658516.10042366,"sqsum":7470930665952.815,"variance":257618298825.95914,"size":30}},"spread-assign":{"count=5 method=\"spread\" n=1000000":{"mean":34442691.49504827,"sqsum":2863359692020.4043,"variance":98736541104.15189,"size":30},"count=10 method=\"spread\" n=1000000":{"mean":30338852.252951562,"sqsum":1496734036225.745,"variance":51611518490.54294,"size":30},"count=20 method=\"spread\" n=1000000":{"mean":162501.22133677165,"sqsum":259617496.28686434,"variance":8952327.458167735,"size":30},"count=5 method=\"assign\" n=1000000":{"mean":8966837.171691563,"sqsum":193776793489.79407,"variance":6681958396.199796,"size":30},"count=10 method=\"assign\" n=1000000":{"mean":4557739.92081149,"sqsum":29436616123.502594,"variance":1015055728.3966411,"size":30},"count=20 method=\"assign\" n=1000000":{"mean":134629.3048249001,"sqsum":151628437.2169953,"variance":5228566.800586045,"size":30},"count=5 method=\"_extend\" n=1000000":{"mean":4778074.938580659,"sqsum":7372970523.079559,"variance":254240362.8648124,"size":30},"count=10 method=\"_extend\" n=1000000":{"mean":2501859.86447678,"sqsum":212228568760.64966,"variance":7318226508.98792,"size":30},"count=20 method=\"_extend\" n=1000000":{"mean":429095.539032769,"sqsum":1227360410.497179,"variance":42322772.77576479,"size":30}},"spread-bench":{"context=\"context\" count=5 method=\"apply\" n=5000000 rest=0":{"mean":47747279.27585422,"sqsum":2695517450248.087,"variance":92948877594.76161,"size":30},"context=\"context\" count=5 method=\"apply\" n=5000000 rest=1":{"mean":47554065.73491283,"sqsum":3704966586306.857,"variance":127757468493.33989,"size":30},"context=\"null\" count=5 method=\"apply\" n=5000000 rest=0":{"mean":48119593.98275581,"sqsum":6593382960004.764,"variance":227358033103.61255,"size":30},"context=\"null\" count=5 method=\"apply\" n=5000000 rest=1":{"mean":47487722.15063426,"sqsum":7666498371999.215,"variance":264362012827.55914,"size":30},"context=\"context\" count=10 method=\"apply\" n=5000000 rest=0":{"mean":39579271.693669334,"sqsum":3824173331424.371,"variance":131868045911.18521,"size":30},"context=\"context\" count=10 method=\"apply\" n=5000000 rest=1":{"mean":39345512.85354445,"sqsum":4110539753821.342,"variance":141742750131.7704,"size":30},"context=\"null\" count=10 method=\"apply\" n=5000000 rest=0":{"mean":39780448.16318012,"sqsum":3860796778355.611,"variance":133130923391.57278,"size":30},"context=\"null\" count=10 method=\"apply\" n=5000000 rest=1":{"mean":39260682.248200215,"sqsum":5576756762566.893,"variance":192301957329.89282,"size":30},"context=\"context\" count=20 method=\"apply\" n=5000000 rest=0":{"mean":29325177.292016033,"sqsum":26467146341141.355,"variance":912660218660.0468,"size":30},"context=\"context\" count=20 method=\"apply\" n=5000000 rest=1":{"mean":29276253.744320437,"sqsum":1450798231447.1128,"variance":50027525222.31424,"size":30},"context=\"null\" count=20 method=\"apply\" n=5000000 rest=0":{"mean":29539157.69085818,"sqsum":1527665652499.545,"variance":52678125948.26017,"size":30},"context=\"null\" count=20 method=\"apply\" n=5000000 rest=1":{"mean":29272366.946648445,"sqsum":4504997280325.866,"variance":155344733804.3402,"size":30},"context=\"context\" count=5 method=\"spread\" n=5000000 rest=0":{"mean":50742681.74737828,"sqsum":3930786540504.438,"variance":135544363465.67027,"size":30},"context=\"context\" count=5 method=\"spread\" n=5000000 rest=1":{"mean":48525505.09075334,"sqsum":5302513106354.405,"variance":182845279529.46225,"size":30},"context=\"null\" count=5 method=\"spread\" n=5000000 rest=0":{"mean":56982585.47960306,"sqsum":10525598086061.443,"variance":362951658140.0498,"size":30},"context=\"null\" count=5 method=\"spread\" n=5000000 rest=1":{"mean":55644329.09530395,"sqsum":9321142822070.262,"variance":321418718002.42285,"size":30},"context=\"context\" count=10 method=\"spread\" n=5000000 rest=0":{"mean":40528381.90080083,