{"querystring-parse":{"n=1000000 type=\"noencode\"":{"mean":1392677.8985795549,"sqsum":46804855033.19459,"variance":1613960518.3860202,"size":30},"n=1000000 type=\"multicharsep\"":{"mean":1034446.8001606767,"sqsum":16589613944.40819,"variance":572055653.2554548,"size":30},"n=1000000 type=\"encodefake\"":{"mean":1366967.9359229428,"sqsum":38226742730.12776,"variance":1318163542.4181986,"size":30},"n=1000000 type=\"encodemany\"":{"mean":517757.1430744137,"sqsum":3984995152.2012362,"variance":137413625.93797365,"size":30},"n=1000000 type=\"encodelast\"":{"mean":1066853.2805922353,"sqsum":30285584022.724064,"variance":1044330483.5422091,"size":30},"n=1000000 type=\"multivalue\"":{"mean":1016329.5917121404,"sqsum":7765997896.658244,"variance":267793030.91924977,"size":30},"n=1000000 type=\"multivaluemany\"":{"mean":400760.7152171868,"sqsum":1051011408.5663335,"variance":36241772.70918392,"size":30},"n=1000000 type=\"manypairs\"":{"mean":265982.3356414651,"sqsum":2073819267.3349452,"variance":71511009.21844639,"size":30},"n=1000000 type=\"manyblankpairs\"":{"mean":5823670.9998253975,"sqsum":27962762647.928284,"variance":964233194.7561477,"size":30},"n=1000000 type=\"altspaces\"":{"mean":729904.4247492638,"sqsum":6303173163.153303,"variance":217350798.72942424,"size":30}},"querystring-stringify":{"n=1000000 type=\"noencode\"":{"mean":2240966.321255998,"sqsum":40608057330.79203,"variance":1400277838.9928286,"size":30},"n=1000000 type=\"encodemany\"":{"mean":1432412.0504578906,"sqsum":33795573264.219154,"variance":1165364595.3179018,"size":30},"n=1000000 type=\"encodelast\"":{"mean":1975928.5617231384,"sqsum":51792568368.97107,"variance":1785950633.4127955,"size":30},"n=1000000 type=\"array\"":{"mean":1897387.3273521226,"sqsum":13981378179.001862,"variance":482116488.93109864,"size":30},"n=1000000 type=\"multiprimitives\"":{"mean":3038519.2181326956,"sqsum":21961377002.80322,"variance":757288862.1656283,"size":30}},"querystring-unescapebuffer":{"input=\"there is nothing to unescape here\" n=10000000":{"mean":3658418.3326884215,"sqsum":10349708124.223585,"variance":356886487.0421926,"size":30},"input=\"there%20are%20several%20spaces%20that%20need%20to%20be%20unescaped\" n=10000000":{"mean":1570090.0268421099,"sqsum":1303589942.9962618,"variance":44951377.34469868,"size":30},"input=\"there%2Qare%0-fake%escaped values in%%%%this%9Hstring\" n=10000000":{"mean":1946060.8211789143,"sqsum":1474950138.501844,"variance":50860349.603511855,"size":30},"input=\"%20%21%22%23%24%25%26%27%28%29%2A%2B%2C%2D%2E%2F%30%31%32%33%34%35%36%37\" n=10000000":{"mean":1861879.337691464,"sqsum":2676129497.096303,"variance":92280327.48607942,"size":30}}}