{"basename-posix":{"n=100000 pathext=\"\"":{"mean":7271183.513015855,"sqsum":347220532125.7053,"variance":11973121797.438114,"size":30},"n=100000 pathext=\"/\"":{"mean":6497691.945348706,"sqsum":314710413616.8613,"variance":10852083228.167633,"size":30},"n=100000 pathext=\"/foo\"":{"mean":5873640.231427244,"sqsum":430098872185.3182,"variance":14830995592.59718,"size":30},"n=100000 pathext=\"/foo/.bar.baz\"":{"mean":4193375.738749381,"sqsum":133412444036.51828,"variance":4600429104.707526,"size":30},"n=100000 pathext=\"/foo/.bar.baz|.baz\"":{"mean":3169436.901582888,"sqsum":43383264267.0742,"variance":1495974629.8991106,"size":30},"n=100000 pathext=\"foo\"":{"mean":6308073.500973154,"sqsum":2056845892766.974,"variance":70925720440.2405,"size":30},"n=100000 pathext=\"foo/bar.\"":{"mean":4983361.2011869,"sqsum":313320798843.2302,"variance":10804165477.352766,"size":30},"n=100000 pathext=\"foo/bar.|.\"":{"mean":3559044.417214469,"sqsum":337910491673.1111,"variance":11652085919.762451,"size":30},"n=100000 pathext=\"/foo/bar/baz/asdf/quux.html\"":{"mean":4117405.648202547,"sqsum":136776261901.98642,"variance":4716422824.206429,"size":30},"n=100000 pathext=\"/foo/bar/baz/asdf/quux.html|.html\"":{"mean":3069863.1436525043,"sqsum":316457244707.25836,"variance":10912318783.00891,"size":30}},"basename-win32":{"n=100000 pathext=\"\"":{"mean":6630791.697801363,"sqsum":796629812594.1681,"variance":27469993537.729935,"size":30},"n=100000 pathext=\"C:\\\\\"":{"mean":5150845.694761522,"sqsum":515827201466.7551,"variance":17787144878.16397,"size":30},"n=100000 pathext=\"C:\\\\foo\"":{"mean":4829106.935488777,"sqsum":333128133362.00397,"variance":11487177012.482895,"size":30},"n=100000 pathext=\"D:\\\\foo\\\\.bar.baz\"":{"mean":3557598.116917648,"sqsum":84082025021.80759,"variance":2899380173.1657786,"size":30},"n=100000 pathext=\"E:\\\\foo\\\\.bar.baz|.baz\"":{"mean":2946787.6463604574,"sqsum":175392563896.5763,"variance":6048019444.709527,"size":30},"n=100000 pathext=\"foo\"":{"mean":5274770.560088309,"sqsum":1110234069752.1074,"variance":38283933439.727844,"size":30},"n=100000 pathext=\"foo\\\\bar.\"":{"mean":4126237.811829393,"sqsum":207689925921.48492,"variance":7161721583.49948,"size":30},"n=100000 pathext=\"foo\\\\bar.|.\"":{"mean":3426167.5902151535,"sqsum":281275436859.1098,"variance":9699152995.141718,"size":30},"n=100000 pathext=\"\\\\foo\\\\bar\\\\baz\\\\asdf\\\\quux.html\"":{"mean":3552590.914144672,"sqsum":78137536437.93512,"variance":2694397808.2046595,"size":30},"n=100000 pathext=\"\\\\foo\\\\bar\\\\baz\\\\asdf\\\\quux.html|.html\"":{"mean":3014846.4305105275,"sqsum":155163109923.68716,"variance":5350452066.33404,"size":30}},"dirname-posix":{"n=100000 path=\"\"":{"mean":7159005.786122591,"sqsum":1140587018690.9077,"variance":39330586851.410614,"size":30},"n=100000 path=\"/\"":{"mean":6704758.985600184,"sqsum":2694605007771.829,"variance":92917414061.09756,"size":30},"n=100000 path=\"/foo\"":{"mean":5865024.945838706,"sqsum":303689182582.6223,"variance":10472040778.711115,"size":30},"n=100000 path=\"/foo/bar\"":{"mean":4892070.207005004,"sqsum":241925529651.21707,"variance":8342259643.145416,"size":30},"n=100000 path=\"foo\"":{"mean":6426660.725135459,"sqsum":258949292258.26138,"variance":8929285939.940048,"size":30},"n=100000 path=\"foo/bar\"":{"mean":5652382.736179594,"sqsum":348539146081.0413,"variance":12018591244.17384,"size":30},"n=100000 path=\"/foo/bar/baz/asdf/quux\"":{"mean":4542559.249915976,"sqsum":219163338763.86987,"variance":7557356509.098961,"size":30}},"dirname-win32":{"n=100000 path=\"\"":{"mean":6435081.777768388,"sqsum":195877188925.49203,"variance":6754385825.016966,"size":30},"n=100000 path=\"\\\\\"":{"mean":5506582.3046740685,"sqsum":1114320364275.3914,"variance":38424840147.42729,"size":30},"n=100000 path=\"\\\\foo\"":{"mean":5015034.983133773,"sqsum":405622356545.01514,"variance":13986977811.897074,"size":30},"n=100000 path=\"C:\\\\foo\\\\bar\"":{"mean":3925932.653539247,"sqsum":128956209737.43748,"variance":4446765853.015085,"size":30},"n=100000 path=\"foo\"":{"mean":5282107.459059034,"sqsum":296752022803.89374,"variance":10232828372.54806,"size":30},"n=100000 path=\"foo\\\\bar\"":{"mean":4764802.402587697,"sqsum":307466776139.5426,"variance":10602302625.50147,"size":30},"n=100000 path=\"D:\\\\foo\\\\bar\\\\baz\\\\asdf\\\\quux\"":{"mean":3655594.384655639,"sqsum":257498921205.6759,"variance":8879273145.023308,"size":30}},"extname-posix":{"n=100000 path=\"\"":{"mean":7959763.210460051,"sqsum":1179035823425.6553,"variance":40656407704.33294,"size":30},"n=100000 path=\"/\"":{"mean":7466000.053664496,"sqsum":1146746163911.1023,"variance":39542971169.34836,"size":30},"n=100000 path=\"/foo\"":{"mean":6474464.412143589,"sqsum":315082070491.87994,"variance":10864898982.478619,"size":30},"n=100000 path=\"foo/.bar.baz\"":{"mean":3842892.367360254,"sqsum":98996533184.97748,"variance":3413673558.1026716,"size":30},"n=100000 path=\"index.html\"":{"mean":3766734.2721721223,"sqsum":48146927995.94678,"variance":1660238896.4119577,"size":30},"n=100000 path=\"index\"":{"mean":6176509.368783054,"sqsum":141224429770.28516,"variance":4869807923.113281,"size":30},"n=100000 path=\"foo/bar/..baz.quux\"":{"mean":3405477.8325555585,"sqsum":122003890415.52779,"variance":4207030703.983717,"size":30},"n=100000 path=\"foo/bar/...baz.quux\"":{"mean":3210497.350227104,"sqsum":135173030515.49405,"variance":4661138983.292898,"size":30},"n=100000 path=\"/foo/bar/baz/asdf/quux\"":{"mean":4949557.28381149,"sqsum":131395616142.47978,"variance":4530883315.257923,"size":30},"n=100000 path=\"/foo/bar/baz/asdf/quux.foobarbazasdfquux\"":{"mean":2832987.8625858612,"sqsum":18121641102.037132,"variance":624884175.9323149,"size":30}},"extname-win32":{"n=100000 path=\"\"":{"mean":7035948.985449052,"sqsum":705844204971.352,"variance":24339455343.839725,"size":30},"n=100000 path=\"\\\\\"":{"mean":6572029.741149478,"sqsum":546924804766.7818,"variance":18859476026.44075,"size":30},"n=100000 path=\"C:\\\\foo\"":{"mean":5242029.594410131,"sqsum":223041323527.9417,"variance":7691080121.653162,"size":30},"n=100000 path=\"foo\\\\.bar.baz\"":{"mean":3461709.0362012642,"sqsum":82316613608.87274,"variance":2838503917.547336,"size":30},"n=100000 path=\"index.html\"":{"mean":3626449.2020891346,"sqsum":58536215822.759865,"variance":2018490200.784823,"size":30},"n=100000 path=\"index\"":{"mean":5456289.778987207,"sqsum":129318814715.45499,"variance":4459269472.946724,"size":30},"n=100000 path=\"foo\\\\bar\\\\..baz.quux\"":{"mean":3058752.9592827014,"sqsum":78525902218.87035,"variance":2707789731.6851845,"size":30},"n=100000 path=\"foo\\\\bar\\\\...baz.quux\"":{"mean":2937604.1996353967,"sqsum":90522643731.80467,"variance":3121470473.5105057,"size":30},"n=100000 path=\"D:\\\\foo\\\\bar\\\\baz\\\\asdf\\\\quux\"":{"mean":4136255.965671586,"sqsum":135664159116.70602,"variance":4678074452.300208,"size":30},"n=100000 path=\"\\\\foo\\\\bar\\\\baz\\\\asdf\\\\quux.foobarbazasdfquux\"":{"mean":2711028.897444249,"sqsum":32414090494.46262,"variance":1117727258.4297457,"size":30}},"format-posix":{"n=1000000 props=\"/|/home/user/dir|index.html|.html|index\"":{"mean":4988287.697646291,"sqsum":76340816141.82448,"variance":2632441935.924982,"size":30}},"format-win32":{"n=1000000 props=\"C:\\\\|C:\\\\path\\\\dir|index.html|.html|index\"":{"mean":4645282.973566632,"sqsum":1470039831295.9358,"variance":50691028665.3771,"size":30}},"isAbsolute-posix":{"n=100000 path=\"\"":{"mean":10371080.892798997,"sqsum":1729805561288.284,"variance":59648467630.63048,"size":30},"n=100000 path=\".\"":{"mean":9955409.912464626,"sqsum":1238355581455.0413,"variance":42701916601.89798,"size":30},"n=100000 path=\"/foo/bar\"":{"mean":7416937.65151447,"sqsum":349085451124.82556,"variance":12037429349.131916,"size":30},"n=100000 path=\"/baz/..\"":{"mean":8924105.298073573,"sqsum":798483687908.6237,"variance":27533920272.71116,"size":30},"n=100000 path=\"bar/baz\"":{"mean":8897103.60533643,"sqsum":676531883572.0354,