{"atomics-wait":{"n=10000000":{"mean":10766974.595322814,"sqsum":472192456849.94055,"variance":16282498512.066916,"size":30}},"bench-eventlooputil":{"method=\"ELU_simple\" n=1000000":{"mean":6053668.94233949,"sqsum":80336198808.6787,"variance":2770213752.023403,"size":30},"method=\"ELU_passed\" n=1000000":{"mean":5604692.474820023,"sqsum":284522904488.9182,"variance":9811134637.548904,"size":30}},"echo":{"n=100000 payload=\"string\" sendsPerBroadcast=1 workers=1":{"mean":83636.79801943016,"sqsum":297388231.3888513,"variance":10254766.599615563,"size":30},"n=100000 payload=\"string\" sendsPerBroadcast=10 workers=1":{"mean":52341.21259740327,"sqsum":56407388.43133538,"variance":1945082.3597012202,"size":30},"n=100000 payload=\"object\" sendsPerBroadcast=1 workers=1":{"mean":65598.11378121769,"sqsum":68062668.97235954,"variance":2346988.5852537774,"size":30},"n=100000 payload=\"object\" sendsPerBroadcast=10 workers=1":{"mean":30976.08821016985,"sqsum":26236275.03158133,"variance":904699.1390200459,"size":30}},"messageport":{"n=1000000 payload=\"string\" style=\"eventtarget\"":{"mean":651696.5390297598,"sqsum":7779179162.535734,"variance":268247557.32881844,"size":30},"n=1000000 payload=\"string\" style=\"eventemitter\"":{"mean":1173946.1540930243,"sqsum":20453227022.257587,"variance":705283690.4226755,"size":30},"n=1000000 payload=\"object\" style=\"eventtarget\"":{"mean":360936.3254055725,"sqsum":2128960320.238087,"variance":73412424.8357961,"size":30},"n=1000000 payload=\"object\" style=\"eventemitter\"":{"mean":542650.0711082219,"sqsum":5844732976.916072,"variance":201542516.44538176,"size":30}}}