{"ee-add-remove":{"n=1000000":{"mean":826915.4982020385,"sqsum":12215912581.319977,"variance":421238364.8731026,"size":30}},"ee-emit":{"argc=0 listeners=1 n=2000000":{"mean":34027372.92923154,"sqsum":14302071071001.486,"variance":493174864517.29266,"size":30},"argc=0 listeners=5 n=2000000":{"mean":10056734.39875555,"sqsum":1163101361912.81,"variance":40106943514.23483,"size":30},"argc=0 listeners=10 n=2000000":{"mean":5883105.309681718,"sqsum":1178602098914.3472,"variance":40641451686.70163,"size":30},"argc=2 listeners=1 n=2000000":{"mean":31787735.383532222,"sqsum":18926717725592.58,"variance":652645438813.5372,"size":30},"argc=2 listeners=5 n=2000000":{"mean":8945939.233392544,"sqsum":741634684597.933,"variance":25573609813.721825,"size":30},"argc=2 listeners=10 n=2000000":{"mean":5208813.23974477,"sqsum":260653416689.60016,"variance":8988048851.365522,"size":30},"argc=4 listeners=1 n=2000000":{"mean":31598752.12986762,"sqsum":11747259210049.426,"variance":405077903794.80774,"size":30},"argc=4 listeners=5 n=2000000":{"mean":8758461.720398895,"sqsum":675415847679.1146,"variance":23290201644.107403,"size":30},"argc=4 listeners=10 n=2000000":{"mean":5111796.170674343,"sqsum":320928016188.5791,"variance":11066483316.847555,"size":30},"argc=10 listeners=1 n=2000000":{"mean":30080722.746729054,"sqsum":11532997555741.037,"variance":397689570887.62195,"size":30},"argc=10 listeners=5 n=2000000":{"mean":8472981.317791158,"sqsum":95069538097.95432,"variance":3278259934.412218,"size":30},"argc=10 listeners=10 n=2000000":{"mean":4888775.441708779,"sqsum":255410851825.6127,"variance":8807270752.607334,"size":30}},"ee-listener-count-on-prototype":{"n=50000000":{"mean":58754402.85708841,"sqsum":87606967386527.06,"variance":3020929909880.2437,"size":30}},"ee-listeners-many":{"n=5000000":{"mean":5065308.6873567365,"sqsum":83589433663.93222,"variance":2882394264.273525,"size":30}},"ee-listeners":{"n=5000000":{"mean":22229756.820459247,"sqsum":13080667990738.781,"variance":451057516922.0269,"size":30}},"ee-once":{"argc=0 n=20000000":{"mean":4913047.294044151,"sqsum":109903493014.84062,"variance":3789775621.2014008,"size":30},"argc=1 n=20000000":{"mean":4657811.8667860925,"sqsum":112201756983.1643,"variance":3869026102.8677344,"size":30},"argc=4 n=20000000":{"mean":4649724.038227227,"sqsum":121505006122.31212,"variance":4189827797.321108,"size":30},"argc=5 n=20000000":{"mean":4618407.785026055,"sqsum":52479526497.8553,"variance":1809638844.753631,"size":30}}}