{"defaultparams-bench":{"method=\"withoutdefaults\" n=100000000":{"mean":671307174.4335473,"sqsum":1076064297920110,"variance":37105665445521.03,"size":30},"method=\"withdefaults\" n=100000000":{"mean":670553840.8594571,"sqsum":1028578139591566.8,"variance":35468211710054.02,"size":30}},"destructuring-bench":{"method=\"swap\" n=100000000":{"mean":424506223.4999022,"sqsum":57446861022356.58,"variance":1980926242150.2268,"size":30},"method=\"destructure\" n=100000000":{"mean":285892842.444039,"sqsum":36343211727283.69,"variance":1253214197492.5408,"size":30}},"destructuring-object-bench":{"method=\"normal\" n=100000000":{"mean":1663911029.068512,"sqsum":8257297781726865,"variance":284734406266443.6,"size":30},"method=\"destructureObject\" n=100000000":{"mean":1657493575.3149347,"sqsum":4157185711724880.5,"variance":143351231438789,"size":30}},"foreach-bench":{"count=5 method=\"for\" n=5000000":{"mean":186652534.4138201,"sqsum":13014293262998.68,"variance":448768733206.851,"size":30},"count=10 method=\"for\" n=5000000":{"mean":120344335.97601306,"sqsum":19314782109900.465,"variance":666026969306.9126,"size":30},"count=20 method=\"for\" n=5000000":{"mean":66516976.42783612,"sqsum":984097736555517.1,"variance":33934404708810.938,"size":30},"count=100 method=\"for\" n=5000000":{"mean":14279485.029132165,"sqsum":69492811383.03172,"variance":2396303840.7941976,"size":30},"count=5 method=\"for-of\" n=5000000":{"mean":124653005.66325948,"sqsum":236857956482896.16,"variance":8167515740789.522,"size":30},"count=10 method=\"for-of\" n=5000000":{"mean":74067761.69495314,"sqsum":1460316917253449.2,"variance":50355755767360.32,"size":30},"count=20 method=\"for-of\" n=5000000":{"mean":29555935.213360365,"sqsum":2562505148620.7017,"variance":88362246504.16212,"size":30},"count=100 method=\"for-of\" n=5000000":{"mean":12610694.745151412,"sqsum":37856230266.871925,"variance":1305387250.5817904,"size":30},"count=5 method=\"for-in\" n=5000000":{"mean":3575421.9520421987,"sqsum":4451495578.252939,"variance":153499847.52596343,"size":30},"count=10 method=\"for-in\" n=5000000":{"mean":2233673.26732066,"sqsum":386239562.09614545,"variance":13318605.589522257,"size":30},"count=20 method=\"for-in\" n=5000000":{"mean":1341211.9282458725,"sqsum":1391700700.170155,"variance":47989679.316212244,"size":30},"count=100 method=\"for-in\" n=5000000":{"mean":324081.5396902426,"sqsum":31986427.545189943,"variance":1102980.2601789634,"size":30},"count=5 method=\"forEach\" n=5000000":{"mean":144429872.98342046,"sqsum":684958381903331.4,"variance":23619254548390.734,"size":30},"count=10 method=\"forEach\" n=5000000":{"mean":107015169.06701899,"sqsum":80755830444481.02,"variance":2784683808430.38,"size":30},"count=20 method=\"forEach\" n=5000000":{"mean":80410568.94430242,"sqsum":20247405378343.312,"variance":698186392356.666,"size":30},"count=100 method=\"forEach\" n=5000000":{"mean":22936430.647131175,"sqsum":258080419060.8474,"variance":8899324795.201633,"size":30}},"map-bench":{"method=\"object\" n=1000000":{"mean":490248.574436681,"sqsum":175897186.23281145,"variance":6065420.214924533,"size":30},"method=\"nullProtoObject\" n=1000000":{"mean":510813.47739529534,"sqsum":132189033.36794266,"variance":4558242.529929058,"size":30},"method=\"nullProtoLiteralObject\" n=1000000":{"mean":509807.53814750555,"sqsum":461547536.8188839,"variance":15915432.304099446,"size":30},"method=\"storageObject\" n=1000000":{"mean":504729.83195222006,"sqsum":498437353.6539346,"variance":17187494.953583952,"size":30},"method=\"fakeMap\" n=1000000":{"mean":447565.1047108195,"sqsum":121228056.6602648,"variance":4180277.8158712005,"size":30},"method=\"map\" n=1000000":{"mean":904799.182334668,"sqsum":517800552.8255218,"variance":17855191.476742133,"size":30}},"restparams-bench":{"method=\"copy\" n=100000000":{"mean":41134947.4562098,"sqsum":1447734400959.2778,"variance":49921875895.14751,"size":30},"method=\"rest\" n=100000000":{"mean":182533891.50492024,"sqsum":92127401842655.55,"variance":3176806960091.571,"size":30},"method=\"arguments\" n=100000000":{"mean":182577048.11720243,"sqsum":103565169593247.94,"variance":3571212744594.757,"size":30}},"spread-assign":{"count=5 method=\"spread\" n=1000000":{"mean":36996456.25362579,"sqsum":3520406637029.096,"variance":121393332311.34814,"size":30},"count=10 method=\"spread\" n=1000000":{"mean":29583520.932458755,"sqsum":11847315899056.686,"variance":408528134450.2305,"size":30},"count=20 method=\"spread\" n=1000000":{"mean":164266.083732618,"sqsum":220694372.7165654,"variance":7610150.783329841,"size":30},"count=5 method=\"assign\" n=1000000":{"mean":7882389.823570678,"sqsum":266953403275.10287,"variance":9205289768.106997,"size":30},"count=10 method=\"assign\" n=1000000":{"mean":3914162.2681296687,"sqsum":6512335967.941967,"variance":224563309.23937818,"size":30},"count=20 method=\"assign\" n=1000000":{"mean":136005.19329060594,"sqsum":177298972.3436275,"variance":6113757.667021638,"size":30},"count=5 method=\"_extend\" n=1000000":{"mean":5006475.3686719425,"sqsum":6630395267.744728,"variance":228634319.5774044,"size":30},"count=10 method=\"_extend\" n=1000000":{"mean":2580089.5548606296,"sqsum":7593800287.284169,"variance":261855182.3201438,"size":30},"count=20 method=\"_extend\" n=1000000":{"mean":420699.82076335535,"sqsum":698096940.8903531,"variance":24072308.3065639,"size":30}},"spread-bench":{"context=\"context\" count=5 method=\"apply\" n=5000000 rest=0":{"mean":47169308.80068825,"sqsum":12645172984757.29,"variance":436040447750.2514,"size":30},"context=\"context\" count=5 method=\"apply\" n=5000000 rest=1":{"mean":47206969.32029144,"sqsum":14313228437116.018,"variance":493559601279.8627,"size":30},"context=\"null\" count=5 method=\"apply\" n=5000000 rest=0":{"mean":47029796.65250183,"sqsum":9043983793928.916,"variance":311861510135.47986,"size":30},"context=\"null\" count=5 method=\"apply\" n=5000000 rest=1":{"mean":47341834.05342999,"sqsum":8875557053479.74,"variance":306053691499.3014,"size":30},"context=\"context\" count=10 method=\"apply\" n=5000000 rest=0":{"mean":39010628.912891455,"sqsum":5539834901994.202,"variance":191028789723.93802,"size":30},"context=\"context\" count=10 method=\"apply\" n=5000000 rest=1":{"mean":38293470.255309336,"sqsum":63603141003438.58,"variance":2193211758739.2612,"size":30},"context=\"null\" count=10 method=\"apply\" n=5000000 rest=0":{"mean":38985109.741036065,"sqsum":6660414345162.129,"variance":229669460178.00446,"size":30},"context=\"null\" count=10 method=\"apply\" n=5000000 rest=1":{"mean":38737321.83905532,"sqsum":7601135095258.819,"variance":262108106733.06274,"size":30},"context=\"context\" count=20 method=\"apply\" n=5000000 rest=0":{"mean":31997208.882046215,"sqsum":2331581303502.0576,"variance":80399355293.1744,"size":30},"context=\"context\" count=20 method=\"apply\" n=5000000 rest=1":{"mean":31989294.963652022,"sqsum":2193841851391.4468,"variance":75649719013.49817,"size":30},"context=\"null\" count=20 method=\"apply\" n=5000000 rest=0":{"mean":31986534.628435355,"sqsum":1974049023101.387,"variance":68070655969.01334,"size":30},"context=\"null\" count=20 method=\"apply\" n=5000000 rest=1":{"mean":31953092.055965353,"sqsum":2290308108487.4175,"variance":78976141671.97992,"size":30},"context=\"context\" count=5 method=\"spread\" n=5000000 rest=0":{"mean":51031953.23300845,"sqsum":10840730269863.832,"variance":373818285167.7183,"size":30},"context=\"context\" count=5 method=\"spread\" n=5000000 rest=1":{"mean":48442978.4930019,"sqsum":6977780027641.426,"variance":240613104401.42847,"size":30},"context=\"null\" count=5 method=\"spread\" n=5000000 rest=0":{"mean":58874036.386978894,"sqsum":17526221352643.729,"variance":604352460435.9906,"size":30},"context=\"null\" count=5 method=\"spread\" n=5000000 rest=1":{"mean":54931243.49053115,"sqsum":7398649388781.706,"variance":255125840992.47263,"size":30},"context=\"context\" count=10 method=\"spread\" n=5000000 rest=0":{"mean":39460515.73562761,"sqsum":671128652071799.6,