{"creation":{"kind=\"duplex\" n=50000000":{"mean":2513576.2177943555,"sqsum":317303019502.64874,"variance":10941483431.125818,"size":30},"kind=\"readable\" n=50000000":{"mean":6849890.401629247,"sqsum":82348610116.07027,"variance":2839607245.3817334,"size":30},"kind=\"transform\" n=50000000":{"mean":2891608.049087672,"sqsum":1889531863772.7295,"variance":65156271164.57687,"size":30},"kind=\"writable\" n=50000000":{"mean":6364982.846819356,"sqsum":157156210243.57764,"variance":5419179663.571642,"size":30}},"pipe-object-mode":{"n=5000000":{"mean":9243024.768099498,"sqsum":602269176708.3596,"variance":20767902645.11585,"size":30}},"pipe":{"n=5000000":{"mean":4644885.856567928,"sqsum":43650922310.026115,"variance":1505204217.5871074,"size":30}},"readable-async-iterator":{"n=100000 sync=\"yes\"":{"mean":2371978.709083532,"sqsum":24243169691.47131,"variance":835971368.6714245,"size":30},"n=100000 sync=\"no\"":{"mean":1089301.864840094,"sqsum":795551187.6471015,"variance":27432799.57403798,"size":30}},"readable-bigread":{"n=1000":{"mean":687.3467327017433,"sqsum":1321.2721857951494,"variance":45.56110985500515,"size":30}},"readable-bigunevenread":{"n=1000":{"mean":395.3871216254754,"sqsum":126.48803536975399,"variance":4.361656392060482,"size":30}},"readable-boundaryread":{"n=2000 type=\"string\"":{"mean":246.89699455738685,"sqsum":1464.132210587311,"variance":50.487317606458994,"size":30},"n=2000 type=\"buffer\"":{"mean":769.9385315035955,"sqsum":260.069721520952,"variance":8.967921431756965,"size":30}},"readable-from":{"n=10000000":{"mean":8811620.56708283,"sqsum":1736969078326.9607,"variance":59895485459.55037,"size":30}},"readable-readall":{"n=5000":{"mean":985.3700539972747,"sqsum":2099.370964835664,"variance":72.39210223571256,"size":30}},"readable-unevenread":{"n=1000":{"mean":129.6355426276546,"sqsum":4.889604918921486,"variance":0.16860706616970642,"size":30}},"writable-manywrites":{"callback=\"yes\" len=1024 n=2000000 sync=\"yes\" writev=\"yes\"":{"mean":24491504.047281764,"sqsum":40390717213384.28,"variance":1392783352185.6648,"size":30},"callback=\"yes\" len=32768 n=2000000 sync=\"yes\" writev=\"yes\"":{"mean":5561996.648669449,"sqsum":295577331301.5364,"variance":10192321769.018496,"size":30},"callback=\"no\" len=1024 n=2000000 sync=\"yes\" writev=\"yes\"":{"mean":23405270.60130155,"sqsum":787632865730.0801,"variance":27159753990.692413,"size":30},"callback=\"no\" len=32768 n=2000000 sync=\"yes\" writev=\"yes\"":{"mean":5549347.726357811,"sqsum":452437816239.5167,"variance":15601304008.259197,"size":30},"callback=\"yes\" len=1024 n=2000000 sync=\"yes\" writev=\"no\"":{"mean":20752980.937053345,"sqsum":206409513402094.84,"variance":7117569427658.443,"size":30},"callback=\"yes\" len=32768 n=2000000 sync=\"yes\" writev=\"no\"":{"mean":5412558.630234704,"sqsum":53381439830.14541,"variance":1840739304.4877727,"size":30},"callback=\"no\" len=1024 n=2000000 sync=\"yes\" writev=\"no\"":{"mean":20303826.262478672,"sqsum":163722884631565.38,"variance":5645616711433.289,"size":30},"callback=\"no\" len=32768 n=2000000 sync=\"yes\" writev=\"no\"":{"mean":5374684.595933621,"sqsum":34252097842.1839,"variance":1181106822.1442723,"size":30},"callback=\"yes\" len=1024 n=2000000 sync=\"no\" writev=\"yes\"":{"mean":15043372.14233081,"sqsum":34197940616.935543,"variance":1179239331.6184669,"size":30},"callback=\"yes\" len=32768 n=2000000 sync=\"no\" writev=\"yes\"":{"mean":5675193.347376691,"sqsum":9043160153.512337,"variance":311833108.7418047,"size":30},"callback=\"no\" len=1024 n=2000000 sync=\"no\" writev=\"yes\"":{"mean":16800015.52804737,"sqsum":88340291901.71133,"variance":3046216962.127977,"size":30},"callback=\"no\" len=32768 n=2000000 sync=\"no\" writev=\"yes\"":{"mean":5662763.915831692,"sqsum":13002126944.340414,"variance":448349204.97725564,"size":30},"callback=\"yes\" len=1024 n=2000000 sync=\"no\" writev=\"no\"":{"mean":5109248.228539571,"sqsum":3814566078.850623,"variance":131536761.33967665,"size":30},"callback=\"yes\" len=32768 n=2000000 sync=\"no\" writev=\"no\"":{"mean":5744448.599569335,"sqsum":9289067145.073597,"variance":320312660.1749516,"size":30},"callback=\"no\" len=1024 n=2000000 sync=\"no\" writev=\"no\"":{"mean":5102558.107118426,"sqsum":13777253307.41307,"variance":475077700.2556231,"size":30},"callback=\"no\" len=32768 n=2000000 sync=\"no\" writev=\"no\"":{"mean":5727391.262549683,"sqsum":27280697711.196873,"variance":940713714.1792026,"size":30}}}