{"convertprotocols":{"n=1":{"mean":3924.8994952971084,"sqsum":836913.0807680174,"variance":28859.071750621293,"size":30},"n=50000":{"mean":1018385.5686329368,"sqsum":1519506477.9422715,"variance":52396775.10145764,"size":30}},"secure-pair":{"dur=5 securing=\"SecurePair\" size=100":{"mean":1779.4641113416371,"sqsum":18832.191091681623,"variance":649.3858997131595,"size":30},"dur=5 securing=\"SecurePair\" size=1024":{"mean":2750.5842151286975,"sqsum":29750.08680133119,"variance":1025.8650621148686,"size":30},"dur=5 securing=\"SecurePair\" size=1048576":{"mean":3895.3354460481955,"sqsum":37620.46036619585,"variance":1297.2572540067536,"size":30},"dur=5 securing=\"TLSSocket\" size=100":{"mean":1753.5157866969291,"sqsum":10992.776542050347,"variance":379.0612600707016,"size":30},"dur=5 securing=\"TLSSocket\" size=1024":{"mean":2790.5813452162624,"sqsum":38563.71913218643,"variance":1329.7834183512562,"size":30},"dur=5 securing=\"TLSSocket\" size=1048576":{"mean":4309.855411899812,"sqsum":71333.7186996681,"variance":2459.783403436831,"size":30},"dur=5 securing=\"clear\" size=100":{"mean":608.7896442396498,"sqsum":7280.379265053345,"variance":251.04756086390844,"size":30},"dur=5 securing=\"clear\" size=1024":{"mean":3917.093455229218,"sqsum":1548204.2471415198,"variance":53386.35334970758,"size":30},"dur=5 securing=\"clear\" size=1048576":{"mean":9295.073436274128,"sqsum":48957327.64749028,"variance":1688183.7119824234,"size":30}},"throughput-c2s":{"dur=5 size=100 type=\"buf\"":{"mean":2159.3528446098617,"sqsum":14005.255352785392,"variance":482.9398397512204,"size":30},"dur=5 size=1024 type=\"buf\"":{"mean":3856.1405365968017,"sqsum":50481.93090861468,"variance":1740.7562382280926,"size":30},"dur=5 size=1048576 type=\"buf\"":{"mean":6588.4677311072355,"sqsum":45137.498747873804,"variance":1556.465474064614,"size":30},"dur=5 size=4194304 type=\"buf\"":{"mean":6157.886537347411,"sqsum":63265.14243783033,"variance":2181.5566357872526,"size":30},"dur=5 size=16777216 type=\"buf\"":{"mean":5966.735950420034,"sqsum":38279.756347619375,"variance":1319.9915981937716,"size":30},"dur=5 size=100 type=\"asc\"":{"mean":1186.111529066598,"sqsum":1404.4150576806924,"variance":48.42810543726526,"size":30},"dur=5 size=1024 type=\"asc\"":{"mean":3268.954393747502,"sqsum":19407.287854984676,"variance":669.2168225856784,"size":30},"dur=5 size=1048576 type=\"asc\"":{"mean":6120.039948990328,"sqsum":309378.415383421,"variance":10668.221220117966,"size":30},"dur=5 size=4194304 type=\"asc\"":{"mean":5518.278784340755,"sqsum":63581.67620104393,"variance":2192.4715931394458,"size":30},"dur=5 size=16777216 type=\"asc\"":{"mean":5269.928486568539,"sqsum":41440.20758204819,"variance":1428.972675243041,"size":30},"dur=5 size=100 type=\"utf\"":{"mean":1224.6657114099917,"sqsum":7424.798299603377,"variance":256.02752757253023,"size":30},"dur=5 size=1024 type=\"utf\"":{"mean":3172.1353089034023,"sqsum":21308.929562125504,"variance":734.790674556052,"size":30},"dur=5 size=1048576 type=\"utf\"":{"mean":4514.107453432507,"sqsum":57143.35245932429,"variance":1970.460429631872,"size":30},"dur=5 size=4194304 type=\"utf\"":{"mean":4301.206784661577,"sqsum":17394.295327745098,"variance":599.8032871636241,"size":30},"dur=5 size=16777216 type=\"utf\"":{"mean":4071.874364261951,"sqsum":16418.092201916472,"variance":566.1411104109128,"size":30}},"throughput-s2c":{"dur=5 recvbufgenfn=\"true\" recvbuflen=0 sendchunklen=256 type=\"buf\"":{"mean":3121.180925551405,"sqsum":37075.205631499855,"variance":1278.4553666034433,"size":30},"dur=5 recvbufgenfn=\"false\" recvbuflen=0 sendchunklen=256 type=\"buf\"":{"mean":3121.3766781287045,"sqsum":24912.4119271569,"variance":859.0486871433413,"size":30},"dur=5 recvbufgenfn=\"true\" recvbuflen=65536 sendchunklen=256 type=\"buf\"":{"mean":3495.2106856739174,"sqsum":51209.0978686889,"variance":1765.8309609892724,"size":30},"dur=5 recvbufgenfn=\"false\" recvbuflen=65536 sendchunklen=256 type=\"buf\"":{"mean":3528.6634431943535,"sqsum":21829.30418839187,"variance":752.7346271859266,"size":30},"dur=5 recvbufgenfn=\"true\" recvbuflen=1048576 sendchunklen=256 type=\"buf\"":{"mean":3488.3854512389103,"sqsum":40236.34162993918,"variance":1387.4600562047995,"size":30},"dur=5 recvbufgenfn=\"false\" recvbuflen=1048576 sendchunklen=256 type=\"buf\"":{"mean":3522.143305140417,"sqsum":43546.792577585475,"variance":1501.61353715812,"size":30},"dur=5 recvbufgenfn=\"true\" recvbuflen=0 sendchunklen=32768 type=\"buf\"":{"mean":6055.600319222813,"sqsum":45465.27521127766,"variance":1567.7681107337125,"size":30},"dur=5 recvbufgenfn=\"false\" recvbuflen=0 sendchunklen=32768 type=\"buf\"":{"mean":6075.566005547859,"sqsum":51360.309557267334,"variance":1771.0451571471494,"size":30},"dur=5 recvbufgenfn=\"true\" recvbuflen=65536 sendchunklen=32768 type=\"buf\"":{"mean":7261.433859661845,"sqsum":86944.87266840324,"variance":2998.099057531146,"size":30},"dur=5 recvbufgenfn=\"false\" recvbuflen=65536 sendchunklen=32768 type=\"buf\"":{"mean":7351.532422261147,"sqsum":103019.70712832174,"variance":3552.40369408006,"size":30},"dur=5 recvbufgenfn=\"true\" recvbuflen=1048576 sendchunklen=32768 type=\"buf\"":{"mean":7269.688493279358,"sqsum":135111.12201171368,"variance":4659.0042073004715,"size":30},"dur=5 recvbufgenfn=\"false\" recvbuflen=1048576 sendchunklen=32768 type=\"buf\"":{"mean":7369.646432719039,"sqsum":89186.30540290891,"variance":3075.389841479617,"size":30},"dur=5 recvbufgenfn=\"true\" recvbuflen=0 sendchunklen=131072 type=\"buf\"":{"mean":6504.462011514178,"sqsum":75284.89627239313,"variance":2596.030905944591,"size":30},"dur=5 recvbufgenfn=\"false\" recvbuflen=0 sendchunklen=131072 type=\"buf\"":{"mean":6508.050936713493,"sqsum":107544.87008908397,"variance":3708.443796175309,"size":30},"dur=5 recvbufgenfn=\"true\" recvbuflen=65536 sendchunklen=131072 type=\"buf\"":{"mean":7963.916220698959,"sqsum":69198.93900142872,"variance":2386.170310394094,"size":30},"dur=5 recvbufgenfn=\"false\" recvbuflen=65536 sendchunklen=131072 type=\"buf\"":{"mean":8075.166574665834,"sqsum":99048.91422739177,"variance":3415.4798009445435,"size":30},"dur=5 recvbufgenfn=\"true\" recvbuflen=1048576 sendchunklen=131072 type=\"buf\"":{"mean":7954.015048460969,"sqsum":126460.63488245878,"variance":4360.711547670992,"size":30},"dur=5 recvbufgenfn=\"false\" recvbuflen=1048576 sendchunklen=131072 type=\"buf\"":{"mean":8072.37683133383,"sqsum":93819.26862493482,"variance":3235.1471939632697,"size":30},"dur=5 recvbufgenfn=\"true\" recvbuflen=0 sendchunklen=16777216 type=\"buf\"":{"mean":5960.899217765809,"sqsum":48863.74415348583,"variance":1684.9566949477874,"size":30},"dur=5 recvbufgenfn=\"false\" recvbuflen=0 sendchunklen=16777216 type=\"buf\"":{"mean":5978.367767749956,"sqsum":40701.64749344211,"variance":1403.5050859807627,"size":30},"dur=5 recvbufgenfn=\"true\" recvbuflen=65536 sendchunklen=16777216 type=\"buf\"":{"mean":7065.885347038568,"sqsum":31464.85117387523,"variance":1084.994868064663,"size":30},"dur=5 recvbufgenfn=\"false\" recvbuflen=65536 sendchunklen=16777216 type=\"buf\"":{"mean":7144.580008317594,"sqsum":20128.7120374013,"variance":694.0935185310793,"size":30},"dur=5 recvbufgenfn=\"true\" recvbuflen=1048576 sendchunklen=16777216 type=\"buf\"":{"mean":7061.725676523846,"sqsum":37375.73734196873,"variance":1288.8185290334045,"size":30},"dur=5 recvbufgenfn=\"false\" recvbuflen=1048576 sendchunklen=16777216 type=\"buf\"":{"mean":7141.883151815023,"sqsum":48892.447616236415,"variance":1685.9464695253937,"size":30},"dur=5 recvbufgenfn=\"true\" recvbuflen=0 sendchunklen=256 type=\"asc\"":{"mean":2130.3652637793407,"sqsum":20604.663073685675,"variance":710.5056232305406,"size":30},"dur=5 recvbufgenfn=\"false\" recvbuflen=0 sendchunklen=256 type=\"asc\"":{"mean":2128.902249681592,"sqsum":18748.026972168896,"variance":646.4836886954791,"size":30},"dur=5 recvbufgenfn=\"true\" recvbuflen=65536 sendchunklen=256 type=\"asc\"":{"mean":2321.4558865958797,"sqsum":11603.889352041133,"variance":400.1341155876253,