{"lookup-promises":{"all=\"true\" n=5000000 name=\"127.0.0.1\"":{"mean":12085347020.458796,"sqsum":14590306605487806000,"variance":503114020878889900,"size":30},"all=\"false\" n=5000000 name=\"127.0.0.1\"":{"mean":12885105001.470308,"sqsum":25432261918047220000,"variance":876974548898180000,"size":30},"all=\"true\" n=5000000 name=\"::1\"":{"mean":3721318762.6549473,"sqsum":486466410631569000,"variance":16774703814881692,"size":30},"all=\"false\" n=5000000 name=\"::1\"":{"mean":3778002239.417804,"sqsum":675849625147961600,"variance":23305159487860744,"size":30}},"lookup":{"all=\"true\" n=5000000 name=\"127.0.0.1\"":{"mean":4969996.440703439,"sqsum":160656295387.49985,"variance":5539872254.741374,"size":30},"all=\"false\" n=5000000 name=\"127.0.0.1\"":{"mean":5649563.459775128,"sqsum":190636960349.72748,"variance":6573688287.921638,"size":30},"all=\"true\" n=5000000 name=\"::1\"":{"mean":2920883.836361595,"sqsum":33242777395.838165,"variance":1146302668.8220057,"size":30},"all=\"false\" n=5000000 name=\"::1\"":{"mean":3048882.3488060213,"sqsum":110155473836.80843,"variance":3798464615.0623593,"size":30}}}