{"cpus":{"n=30000":{"mean":6137.009247497043,"sqsum":115967.2503720241,"variance":3998.8707024835894,"size":30}},"loadavg":{"n=5000000":{"mean":170859.99286847157,"sqsum":274570315.624316,"variance":9467941.91807986,"size":30}},"networkInterfaces":{"n=10000":{"mean":15425.53267460053,"sqsum":559425.9522697743,"variance":19290.55007826808,"size":30}}}