{"bench-env":{"n=1000000 operation=\"get\"":{"mean":2426887.353684157,"sqsum":827562734906.6216,"variance":28536646031.262814,"size":30},"n=1000000 operation=\"set\"":{"mean":1852641.0078594766,"sqsum":836314255499.4296,"variance":28838422603.428608,"size":30},"n=1000000 operation=\"enumerate\"":{"mean":20982.062580545127,"sqsum":10723276.131415097,"variance":369768.14246258955,"size":30},"n=1000000 operation=\"query\"":{"mean":2558406.6822988503,"sqsum":668963062736.6804,"variance":23067691818.50622,"size":30},"n=1000000 operation=\"delete\"":{"mean":2273033.1011274965,"sqsum":1030861385848.9021,"variance":35546944339.61732,"size":30}},"bench-hrtime":{"n=1000000 type=\"raw\"":{"mean":17189875.35507358,"sqsum":1280755119468.8728,"variance":44163969636.85769,"size":30},"n=1000000 type=\"diff\"":{"mean":15968852.101256132,"sqsum":636768757843.1914,"variance":21957543373.90315,"size":30},"n=1000000 type=\"bigint\"":{"mean":17632875.447429147,"sqsum":4496688397238.804,"variance":155058220594.44153,"size":30}},"memoryUsage":{"n=100000":{"mean":110750.43585215652,"sqsum":57644808.185327,"variance":1987752.0063905863,"size":30}},"next-tick-breadth-args":{"n=10000000":{"mean":2558512.506723019,"sqsum":57167758667.82508,"variance":1971302023.0284512,"size":30}},"next-tick-breadth":{"n=10000000":{"mean":3796500.286622514,"sqsum":25933805648.670986,"variance":894269160.2989995,"size":30}},"next-tick-depth-args":{"n=7000000":{"mean":6639240.003236718,"sqsum":844424910543.4266,"variance":29118100363.566437,"size":30}},"next-tick-depth":{"n=7000000":{"mean":8865469.871331938,"sqsum":1498069701000.217,"variance":51657575896.55921,"size":30}},"next-tick-exec-args":{"n=4000000":{"mean":27583203.705373656,"sqsum":5467519321058.894,"variance":188535149002.0308,"size":30}},"next-tick-exec":{"n=4000000":{"mean":29869739.43344945,"sqsum":146853705978.12918,"variance":5063920895.797558,"size":30}},"queue-microtask-breadth":{"n=400000":{"mean":1535690.264772319,"sqsum":5346502275.445231,"variance":184362147.42914593,"size":30}},"queue-microtask-depth":{"n=1200000":{"mean":4267063.977978344,"sqsum":172408372597.53043,"variance":5945116296.466566,"size":30}}}