{"echo":{"n=100000 payload=\"string\" sendsPerBroadcast=1 serialization=\"json\" workers=1":{"mean":17887.27976144285,"sqsum":8044723.225190768,"variance":277404.24914450926,"size":30},"n=100000 payload=\"string\" sendsPerBroadcast=1 serialization=\"advanced\" workers=1":{"mean":12660.396669999493,"sqsum":4569932.014993532,"variance":157583.86258598385,"size":30},"n=100000 payload=\"string\" sendsPerBroadcast=10 serialization=\"json\" workers=1":{"mean":7650.614238019987,"sqsum":392252.71722926805,"variance":13525.955766526486,"size":30},"n=100000 payload=\"string\" sendsPerBroadcast=10 serialization=\"advanced\" workers=1":{"mean":3788.849570241503,"sqsum":118111.05640446425,"variance":4072.7950484298017,"size":30},"n=100000 payload=\"object\" sendsPerBroadcast=1 serialization=\"json\" workers=1":{"mean":15325.167097539737,"sqsum":5114624.348518833,"variance":176366.35684547698,"size":30},"n=100000 payload=\"object\" sendsPerBroadcast=1 serialization=\"advanced\" workers=1":{"mean":6943.667665623526,"sqsum":1048020.2910653882,"variance":36138.6307263927,"size":30},"n=100000 payload=\"object\" sendsPerBroadcast=10 serialization=\"json\" workers=1":{"mean":5329.986940418557,"sqsum":50114.21317952935,"variance":1728.076316535495,"size":30},"n=100000 payload=\"object\" sendsPerBroadcast=10 serialization=\"advanced\" workers=1":{"mean":803.6434261190062,"sqsum":8661.64100990995,"variance":298.6772762037914,"size":30}}}