{"arguments":{"method=\"restAndSpread\" n=1000000":{"mean":3180986.0782953175,"sqsum":46458104573.375046,"variance":1602003605.9784498,"size":30},"method=\"argumentsAndApply\" n=1000000":{"mean":3166897.6190751777,"sqsum":78615785527.57945,"variance":2710889156.1234293,"size":30},"method=\"restAndApply\" n=1000000":{"mean":3170359.865755041,"sqsum":45361221827.36277,"variance":1564180063.0125093,"size":30},"method=\"predefined\" n=1000000":{"mean":3167826.3059349083,"sqsum":34815564254.107956,"variance":1200536698.4175158,"size":30}},"freelist":{"n=100000":{"mean":140889.92626660224,"sqsum":1955084.511892875,"variance":67416.70730665086,"size":30}},"getstringwidth":{"n=100000 type=\"ascii\"":{"mean":241059.43471412986,"sqsum":8087589.866904229,"variance":278882.4092035941,"size":30},"n=100000 type=\"mixed\"":{"mean":127005.36359443248,"sqsum":4799351.596061399,"variance":165494.88262280688,"size":30},"n=100000 type=\"emojiseq\"":{"mean":165427.47631625063,"sqsum":42330349.289346434,"variance":1459667.216874015,"size":30},"n=100000 type=\"fullwidth\"":{"mean":259669.62474354054,"sqsum":54417897.49778355,"variance":1876479.2240615017,"size":30}},"object-property-bench":{"method=\"property\" n=1000000000":{"mean":1147138932.7459881,"sqsum":31587844575628.973,"variance":1089236019849.2749,"size":30},"method=\"string\" n=1000000000":{"mean":1146368284.4472528,"sqsum":51959579264374.71,"variance":1791709629806.0247,"size":30},"method=\"variable\" n=1000000000":{"mean":1145690919.592315,"sqsum":41293720754633.19,"variance":1423921405332.179,"size":30},"method=\"symbol\" n=1000000000":{"mean":1145747028.9861226,"sqsum":36222468202552.44,"variance":1249050627674.222,"size":30}},"print":{"code=\"1\" dur=1":{"mean":27.304399973484948,"sqsum":1.5584221812473449,"variance":0.053738695905080854,"size":30},"code=\"\\\"string\\\"\" dur=1":{"mean":27.20167183454379,"sqsum":1.6244910893582052,"variance":0.05601693411580018,"size":30},"code=\"process.versions\" dur=1":{"mean":27.24234931369886,"sqsum":1.2595594816908775,"variance":0.0434330855755475,"size":30},"code=\"process\" dur=1":{"mean":27.12067081093768,"sqsum":1.5670266506641801,"variance":0.05403540174704069,"size":30}},"punycode":{"method=\"punycode\" n=1024 val=\"افغانستا.icom.museum\"":{"mean":79849.17727622956,"sqsum":80756930.37492152,"variance":2784721.737066259,"size":30},"method=\"punycode\" n=1024 val=\"الجزائر.icom.museum\"":{"mean":83425.6930002388,"sqsum":70052015.43136446,"variance":2415586.739012568,"size":30},"method=\"punycode\" n=1024 val=\"österreich.icom.museum\"":{"mean":94899.88418602035,"sqsum":138905708.55154487,"variance":4789852.019018789,"size":30},"method=\"punycode\" n=1024 val=\"বাংলাদেশ.icom.museum\"":{"mean":79012.98188938497,"sqsum":48222961.79711037,"variance":1662860.7516244957,"size":30},"method=\"punycode\" n=1024 val=\"беларусь.icom.museum\"":{"mean":79778.20423587345,"sqsum":58442463.91307315,"variance":2015257.3763128673,"size":30},"method=\"punycode\" n=1024 val=\"belgië.icom.museum\"":{"mean":101256.12016258478,"sqsum":184878580.075743,"variance":6375123.450887689,"size":30},"method=\"punycode\" n=1024 val=\"българия.icom.museum\"":{"mean":79085.66709429723,"sqsum":58039574.16965534,"variance":2001364.6265398392,"size":30},"method=\"punycode\" n=1024 val=\"تشادر.icom.museum\"":{"mean":88441.15106754286,"sqsum":98300758.90805759,"variance":3389681.3416571585,"size":30},"method=\"punycode\" n=1024 val=\"中国.icom.museum\"":{"mean":92729.68129566092,"sqsum":92843608.25556286,"variance":3201503.7329504434,"size":30},"method=\"punycode\" n=1024 val=\"القمر.icom.museum\"":{"mean":88460.16260249309,"sqsum":112691681.27412003,"variance":3885920.043935173,"size":30},"method=\"punycode\" n=1024 val=\"κυπρος.icom.museum\"":{"mean":85272.87714566999,"sqsum":148247363.68156785,"variance":5111978.057985098,"size":30},"method=\"punycode\" n=1024 val=\"českárepublika.icom.museum\"":{"mean":86865.57595525778,"sqsum":105345647.69635202,"variance":3632608.541253518,"size":30},"method=\"punycode\" n=1024 val=\"مصر.icom.museum\"":{"mean":90144.79159810818,"sqsum":152554015.7192364,"variance":5260483.300663325,"size":30},"method=\"punycode\" n=1024 val=\"ελλάδα.icom.museum\"":{"mean":86377.8374718462,"sqsum":95035323.12228484,"variance":3277080.107664995,"size":30},"method=\"punycode\" n=1024 val=\"magyarország.icom.museum\"":{"mean":92722.60893547695,"sqsum":117678654.33443059,"variance":4057884.6322217444,"size":30},"method=\"punycode\" n=1024 val=\"ísland.icom.museum\"":{"mean":100735.40505734606,"sqsum":153524376.57782024,"variance":5293944.019924835,"size":30},"method=\"punycode\" n=1024 val=\"भारत.icom.museum\"":{"mean":89127.49593245905,"sqsum":63754453.474762,"variance":2198429.430164207,"size":30},"method=\"punycode\" n=1024 val=\"ايران.icom.museum\"":{"mean":88034.27910145099,"sqsum":91384297.6714215,"variance":3151182.6783248796,"size":30},"method=\"punycode\" n=1024 val=\"éire.icom.museum\"":{"mean":101693.48891205207,"sqsum":282716353.75966364,"variance":9748839.784815988,"size":30},"method=\"punycode\" n=1024 val=\"איקו״ם.ישראל.museum\"":{"mean":69233.57236544354,"sqsum":20073530.978870906,"variance":692190.7234093416,"size":30},"method=\"punycode\" n=1024 val=\"日本.icom.museum\"":{"mean":92299.52068176515,"sqsum":141485237.95084396,"variance":4878801.308649791,"size":30},"method=\"punycode\" n=1024 val=\"الأردن.icom.museum\"":{"mean":84425.24552384145,"sqsum":41483317.5555762,"variance":1430459.2260543518,"size":30},"method=\"icu\" n=1024 val=\"افغانستا.icom.museum\"":{"mean":213541.21237000154,"sqsum":623589332.7887229,"variance":21503080.440990444,"size":30},"method=\"icu\" n=1024 val=\"الجزائر.icom.museum\"":{"mean":230294.56536200098,"sqsum":629449871.1700264,"variance":21705167.97138022,"size":30},"method=\"icu\" n=1024 val=\"österreich.icom.museum\"":{"mean":257952.44604221356,"sqsum":640412914.4519017,"variance":22083203.946617298,"size":30},"method=\"icu\" n=1024 val=\"বাংলাদেশ.icom.museum\"":{"mean":189456.50207462002,"sqsum":438867461.1348034,"variance":15133360.728786325,"size":30},"method=\"icu\" n=1024 val=\"беларусь.icom.museum\"":{"mean":215294.40650013968,"sqsum":560302704.2550477,"variance":19320782.90534647,"size":30},"method=\"icu\" n=1024 val=\"belgië.icom.museum\"":{"mean":273659.63739344705,"sqsum":882266299.539453,"variance":30422975.84618804,"size":30},"method=\"icu\" n=1024 val=\"българия.icom.museum\"":{"mean":213119.86178394733,"sqsum":591824225.2872347,"variance":20407731.906456366,"size":30},"method=\"icu\" n=1024 val=\"تشادر.icom.museum\"":{"mean":246206.87055421103,"sqsum":249243355.0799043,"variance":8594598.451031182,"size":30},"method=\"icu\" n=1024 val=\"中国.icom.museum\"":{"mean":271029.7974050435,"sqsum":581898589.4371046,"variance":20065468.601279467,"size":30},"method=\"icu\" n=1024 val=\"القمر.icom.museum\"":{"mean":246157.86937312788,"sqsum":613412124.9393144,"variance":21152142.239286702,"size":30},"method=\"icu\" n=1024 val=\"κυπρος.icom.museum\"":{"mean":243863.7225982882,"sqsum":664837308.1856139,"variance":22925424.420193583,"size":30},"method=\"icu\" n=1024 val=\"českárepublika.icom.museum\"":{"mean":228872.9673022187,"sqsum":519808087.86201257,"variance":17924416.82282802,"size":30},"method=\"icu\" n=1024 val=\"مصر.icom.museum\"":{"mean":263571.1466100011,"sqsum":542634659.4930356,"variance":18711539.982518468,"size":30},"method=\"icu\" n=1024 val=\"ελλάδα.icom.museum\"":{"mean":244486.84695589007,"sqsum":521826375.01060605,"variance":17994012.93140021,"size":30},"method=\"icu\" n=1024 val=\"magyarország.icom.museum\"":{"mean":245215.1060362057,"sqsum":991849493.03529,"variance":34201706.65638931,"size":30},"method=\"icu\" n=1024 val=\"ísland.icom.museum\"":{"mean":278059.6993790192,"sqsum":1238718190.0320296,"variance":42714420.34593205,"size":30},"method=\"icu\" n=1024 val=\"भारत.icom.museum\"":{"mean":254997.31894785602,"sqsum":472553720.2685703,"variance":16294955.871330012,"size":30},