{"format":{"n=100000 type=\"string\"":{"mean":6134818.8457509475,"sqsum":88960783592.23373,"variance":3067613227.3184047,"size":30},"n=100000 type=\"string-2\"":{"mean":4746790.705658052,"sqsum":43113339342.11552,"variance":1486666873.8660522,"size":30},"n=100000 type=\"number\"":{"mean":6113196.888662799,"sqsum":45461470965.23954,"variance":1567636929.8358462,"size":30},"n=100000 type=\"replace-object\"":{"mean":2430986.4256497296,"sqsum":380341946577.28143,"variance":13115239537.147636,"size":30},"n=100000 type=\"unknown\"":{"mean":7842837.08791679,"sqsum":93579306343.55005,"variance":3226872632.5362086,"size":30},"n=100000 type=\"no-replace\"":{"mean":4980800.08334218,"sqsum":60170946462.06699,"variance":2074860222.8298965,"size":30},"n=100000 type=\"no-replace-2\"":{"mean":8442510.901864097,"sqsum":65894484864.61757,"variance":2272223616.0212955,"size":30},"n=100000 type=\"only-objects\"":{"mean":475590.5578690291,"sqsum":1409358295.6711636,"variance":48598561.919695295,"size":30},"n=100000 type=\"many-%\"":{"mean":3304787.927406719,"sqsum":17040607594.010925,"variance":587607158.4141698,"size":30},"n=100000 type=\"object-to-string\"":{"mean":4139223.1134369564,"sqsum":12090373428.929304,"variance":416909428.5837691,"size":30},"n=100000 type=\"object-%s\"":{"mean":606502.2915504246,"sqsum":4038030746.0137024,"variance":139242439.51771387,"size":30}},"inspect-array":{"len=100 n=500 type=\"denseArray\"":{"mean":17945.768434974398,"sqsum":434311.4637208037,"variance":14976.257369682886,"size":30},"len=100 n=500 type=\"sparseArray\"":{"mean":114419.05448879422,"sqsum":171325660.2079831,"variance":5907781.386482175,"size":30},"len=100 n=500 type=\"mixedArray\"":{"mean":18755.30931749417,"sqsum":374164.52805551625,"variance":12902.225105362628,"size":30},"len=100 n=500 type=\"denseArray_showHidden\"":{"mean":17243.94056707869,"sqsum":420064.6084241832,"variance":14484.98649738563,"size":30},"len=100000 n=500 type=\"denseArray\"":{"mean":17501.045478093245,"sqsum":309679.3007187687,"variance":10678.596576509264,"size":30},"len=100000 n=500 type=\"sparseArray\"":{"mean":4288.661747667014,"sqsum":15703.64962872265,"variance":541.5051596111258,"size":30},"len=100000 n=500 type=\"mixedArray\"":{"mean":3586.620283884915,"sqsum":11854.275666199395,"variance":408.7681264206688,"size":30},"len=100000 n=500 type=\"denseArray_showHidden\"":{"mean":16438.83653872595,"sqsum":488035.9229037914,"variance":16828.824927716945,"size":30}},"inspect-proxy":{"isProxy=0 n=100000 showProxy=0":{"mean":454860.7010811016,"sqsum":1577660733.507366,"variance":54402094.258874685,"size":30},"isProxy=1 n=100000 showProxy=0":{"mean":379006.422342511,"sqsum":942103891.5127091,"variance":32486341.086645145,"size":30},"isProxy=0 n=100000 showProxy=1":{"mean":452338.0001734478,"sqsum":3160958628.7411394,"variance":108998573.40486689,"size":30},"isProxy=1 n=100000 showProxy=1":{"mean":233823.02872070242,"sqsum":490059056.8668715,"variance":16898588.167823154,"size":30}},"inspect":{"method=\"Object\" n=20000 option=\"showHidden\"":{"mean":395607.7332952636,"sqsum":806281650.4061569,"variance":27802815.53124679,"size":30},"method=\"Object\" n=20000 option=\"colors\"":{"mean":228581.46064856966,"sqsum":176640006.11666867,"variance":6091034.69367823,"size":30},"method=\"Object\" n=20000 option=\"none\"":{"mean":422459.5956453895,"sqsum":488923929.3886089,"variance":16859445.840986513,"size":30},"method=\"Object_empty\" n=20000 option=\"showHidden\"":{"mean":1071915.6474580318,"sqsum":6909392833.972698,"variance":238254925.3094034,"size":30},"method=\"Object_empty\" n=20000 option=\"colors\"":{"mean":1116529.4407412044,"sqsum":5309406580.034792,"variance":183082985.5184411,"size":30},"method=\"Object_empty\" n=20000 option=\"none\"":{"mean":1284740.1414497343,"sqsum":4714156103.452802,"variance":162557107.01561382,"size":30},"method=\"Object_deep_ln\" n=20000 option=\"showHidden\"":{"mean":189434.78449213694,"sqsum":61420429.577364996,"variance":2117945.8474953445,"size":30},"method=\"Object_deep_ln\" n=20000 option=\"colors\"":{"mean":93916.94673887853,"sqsum":10141035.75069581,"variance":349690.8879550279,"size":30},"method=\"Object_deep_ln\" n=20000 option=\"none\"":{"mean":201631.30550408651,"sqsum":49775339.6984102,"variance":1716391.0240831103,"size":30},"method=\"String\" n=20000 option=\"showHidden\"":{"mean":1603573.411111732,"sqsum":14124488896.931786,"variance":487051341.27350986,"size":30},"method=\"String\" n=20000 option=\"colors\"":{"mean":1337808.9544898693,"sqsum":3435532216.25935,"variance":118466628.14687413,"size":30},"method=\"String\" n=20000 option=\"none\"":{"mean":1876978.5007734096,"sqsum":17193730180.41985,"variance":592887247.6006844,"size":30},"method=\"String_complex\" n=20000 option=\"showHidden\"":{"mean":1177174.602935369,"sqsum":2374037680.546876,"variance":81863368.29471986,"size":30},"method=\"String_complex\" n=20000 option=\"colors\"":{"mean":1032424.0312454232,"sqsum":1512910830.3892107,"variance":52169338.978938304,"size":30},"method=\"String_complex\" n=20000 option=\"none\"":{"mean":1338153.2729641276,"sqsum":6659811639.759432,"variance":229648677.23308387,"size":30},"method=\"String_boxed\" n=20000 option=\"showHidden\"":{"mean":312082.3068197309,"sqsum":776027478.3854517,"variance":26759568.220187988,"size":30},"method=\"String_boxed\" n=20000 option=\"colors\"":{"mean":439997.0750357126,"sqsum":1488755594.408445,"variance":51336399.80718775,"size":30},"method=\"String_boxed\" n=20000 option=\"none\"":{"mean":517980.6688295393,"sqsum":2738570165.847599,"variance":94433453.9947448,"size":30},"method=\"Date\" n=20000 option=\"showHidden\"":{"mean":660650.4057051238,"sqsum":5329901601.980857,"variance":183789710.413133,"size":30},"method=\"Date\" n=20000 option=\"colors\"":{"mean":664043.1441373889,"sqsum":5618325202.70275,"variance":193735351.8173362,"size":30},"method=\"Date\" n=20000 option=\"none\"":{"mean":785017.5172219672,"sqsum":4221218009.9753513,"variance":145559241.72328797,"size":30},"method=\"Set\" n=20000 option=\"showHidden\"":{"mean":546696.4856867134,"sqsum":2366156015.648345,"variance":81591586.74649465,"size":30},"method=\"Set\" n=20000 option=\"colors\"":{"mean":421974.8111345833,"sqsum":1989628183.1371384,"variance":68607868.38403925,"size":30},"method=\"Set\" n=20000 option=\"none\"":{"mean":612923.93249174,"sqsum":1336610620.8755805,"variance":46090021.40950278,"size":30},"method=\"Error\" n=20000 option=\"showHidden\"":{"mean":128728.46412709518,"sqsum":78715277.79891199,"variance":2714319.9241004135,"size":30},"method=\"Error\" n=20000 option=\"colors\"":{"mean":333356.14378766733,"sqsum":810075657.5497122,"variance":27933643.363783177,"size":30},"method=\"Error\" n=20000 option=\"none\"":{"mean":485547.4890957788,"sqsum":1446828104.6716814,"variance":49890624.299023494,"size":30},"method=\"Array\" n=20000 option=\"showHidden\"":{"mean":76752.58307166041,"sqsum":3285423.6647779895,"variance":113290.47119924102,"size":30},"method=\"Array\" n=20000 option=\"colors\"":{"mean":35775.37681628055,"sqsum":8706653.255976701,"variance":300229.42261988623,"size":30},"method=\"Array\" n=20000 option=\"none\"":{"mean":87051.28630970068,"sqsum":1087415.6664322203,"variance":37497.091945938635,"size":30},"method=\"TypedArray\" n=20000 option=\"showHidden\"":{"mean":156855.0159651194,"sqsum":51230510.35500504,"variance":1766569.3225863806,"size":30},"method=\"TypedArray\" n=20000 option=\"colors\"":{"mean":47629.54237345522,"sqsum":1994593.1199101142,"variance":68779.07310034876,"size":30},"method=\"TypedArray\" n=20000 option=\"none\"":{"mean":197938.24170879327,"sqsum":32793364.475986045,"variance":1130805.6715857256,"size":30},"method=\"TypedArray_extra\" n=20000 option=\"showHidden\"":{"mean":124825.49750891236,"sqsum":130789168.24053462,"variance":4509971.318639125,"size":30},"method=\"TypedArray_extra\" n=20000 option=\"colors\"":{"mean":39177.9595983133,"sqsum":1881447.9051193523,"variance":64877.51396963284,"size":30},