{"cpus":{"n=30000":{"mean":6205.091789819516,"sqsum":234589.84860389848,"variance":8089.305124272361,"size":30}},"loadavg":{"n=5000000":{"mean":169255.88177842155,"sqsum":192910682.8273019,"variance":6652092.511286272,"size":30}},"networkInterfaces":{"n=10000":{"mean":15512.880771591095,"sqsum":496491.1827074746,"variance":17120.385610602574,"size":30}}}