{"array-vs-concat":{"chunks=1 dur=5 len=64 num=100 type=\"concat\"":{"mean":0.12342423831937709,"sqsum":0.0002564079628492126,"variance":0.00000884165389135216,"size":30},"chunks=1 dur=5 len=64 num=100 type=\"multi\"":{"mean":0.12476127083157142,"sqsum":0.00013255488708468978,"variance":0.00000457085817533413,"size":30},"chunks=2 dur=5 len=64 num=100 type=\"concat\"":{"mean":0.12354458929569077,"sqsum":0.00018637474091209145,"variance":0.00000642671520386522,"size":30},"chunks=2 dur=5 len=64 num=100 type=\"multi\"":{"mean":0.11917612729293314,"sqsum":0.0001113217058599729,"variance":0.00000383867951241286,"size":30},"chunks=4 dur=5 len=64 num=100 type=\"concat\"":{"mean":0.12257165666493809,"sqsum":0.00009191330998646374,"variance":0.00000316942448229185,"size":30},"chunks=4 dur=5 len=64 num=100 type=\"multi\"":{"mean":0.10752128129130023,"sqsum":0.0000917183496862316,"variance":0.00000316270171331833,"size":30},"chunks=8 dur=5 len=64 num=100 type=\"concat\"":{"mean":0.11867209657230485,"sqsum":0.00015206785910847135,"variance":0.00000524371927960246,"size":30},"chunks=8 dur=5 len=64 num=100 type=\"multi\"":{"mean":0.09340876691802641,"sqsum":0.00012884480758330942,"variance":0.00000444292439942446,"size":30},"chunks=1 dur=5 len=256 num=100 type=\"concat\"":{"mean":0.4824158920483524,"sqsum":0.001978044790320413,"variance":0.00006820844104553148,"size":30},"chunks=1 dur=5 len=256 num=100 type=\"multi\"":{"mean":0.49370195724852955,"sqsum":0.0023934644075029273,"variance":0.00008253325543113543,"size":30},"chunks=2 dur=5 len=256 num=100 type=\"concat\"":{"mean":0.4806194750797111,"sqsum":0.0019364405631019526,"variance":0.000066773812520757,"size":30},"chunks=2 dur=5 len=256 num=100 type=\"multi\"":{"mean":0.47337242823837133,"sqsum":0.0016114974481048878,"variance":0.0000555688775208582,"size":30},"chunks=4 dur=5 len=256 num=100 type=\"concat\"":{"mean":0.47412636781506945,"sqsum":0.0017443959978674921,"variance":0.00006015158613336179,"size":30},"chunks=4 dur=5 len=256 num=100 type=\"multi\"":{"mean":0.4301972931093149,"sqsum":0.00206947768251966,"variance":0.00007136129939722965,"size":30},"chunks=8 dur=5 len=256 num=100 type=\"concat\"":{"mean":0.46326245150605866,"sqsum":0.0018212480697080914,"variance":0.00006280165757614108,"size":30},"chunks=8 dur=5 len=256 num=100 type=\"multi\"":{"mean":0.3689007109824681,"sqsum":0.0005703625895304863,"variance":0.00001966767550105125,"size":30},"chunks=1 dur=5 len=512 num=100 type=\"concat\"":{"mean":0.9409625827899123,"sqsum":0.011500329815302203,"variance":0.0003965630970793863,"size":30},"chunks=1 dur=5 len=512 num=100 type=\"multi\"":{"mean":0.9838347273343839,"sqsum":0.009302528995898,"variance":0.00032077686192751725,"size":30},"chunks=2 dur=5 len=512 num=100 type=\"concat\"":{"mean":0.9411331780664016,"sqsum":0.006101198257913672,"variance":0.00021038614682460937,"size":30},"chunks=2 dur=5 len=512 num=100 type=\"multi\"":{"mean":0.9434189963481487,"sqsum":0.005773554797796527,"variance":0.00019908809647574231,"size":30},"chunks=4 dur=5 len=512 num=100 type=\"concat\"":{"mean":0.929795929816717,"sqsum":0.005770366917666576,"variance":0.00019897816957470952,"size":30},"chunks=4 dur=5 len=512 num=100 type=\"multi\"":{"mean":0.8516581218339249,"sqsum":0.008555523002790277,"variance":0.0002950180345789751,"size":30},"chunks=8 dur=5 len=512 num=100 type=\"concat\"":{"mean":0.9114917364770511,"sqsum":0.003656059626567347,"variance":0.0001260710216057706,"size":30},"chunks=8 dur=5 len=512 num=100 type=\"multi\"":{"mean":0.7320474472594695,"sqsum":0.003997031645590249,"variance":0.0001378286774341465,"size":30},"chunks=1 dur=5 len=1024 num=100 type=\"concat\"":{"mean":1.8183185516377693,"sqsum":0.03695040833483249,"variance":0.001274152011545948,"size":30},"chunks=1 dur=5 len=1024 num=100 type=\"multi\"":{"mean":1.9665078961053464,"sqsum":0.043381075410410155,"variance":0.0014958991520831089,"size":30},"chunks=2 dur=5 len=1024 num=100 type=\"concat\"":{"mean":1.796374569056301,"sqsum":0.03375985908178161,"variance":0.0011641330717855729,"size":30},"chunks=2 dur=5 len=1024 num=100 type=\"multi\"":{"mean":1.8803185107072733,"sqsum":0.030546144097130145,"variance":0.001053315313694143,"size":30},"chunks=4 dur=5 len=1024 num=100 type=\"concat\"":{"mean":1.7986487503886024,"sqsum":0.016996248972086597,"variance":0.0005860775507616068,"size":30},"chunks=4 dur=5 len=1024 num=100 type=\"multi\"":{"mean":1.6928372082849197,"sqsum":0.023726385955588142,"variance":0.0008181512398478671,"size":30},"chunks=8 dur=5 len=1024 num=100 type=\"concat\"":{"mean":1.7485248155976347,"sqsum":0.030144972408619814,"variance":0.0010394818071937867,"size":30},"chunks=8 dur=5 len=1024 num=100 type=\"multi\"":{"mean":1.4488759147859558,"sqsum":0.01440744199458574,"variance":0.0004968083446408876,"size":30}},"bind-params":{"address=\"true\" n=10000 port=\"true\"":{"mean":236983.03726599528,"sqsum":133124610.79106748,"variance":4590503.820381638,"size":30},"address=\"false\" n=10000 port=\"true\"":{"mean":235438.6761236339,"sqsum":186186593.57413527,"variance":6420227.364625354,"size":30},"address=\"false\" n=10000 port=\"false\"":{"mean":236982.3053584318,"sqsum":188233841.604821,"variance":6490822.124304172,"size":30}},"multi-buffer":{"chunks=1 dur=5 len=64 num=100 type=\"send\"":{"mean":0.12338686884590634,"sqsum":0.00013640393483232147,"variance":0.00000470358395973522,"size":30},"chunks=1 dur=5 len=64 num=100 type=\"recv\"":{"mean":0.03961904252282726,"sqsum":0.000008370285162806694,"variance":2.886305228554e-7,"size":30},"chunks=2 dur=5 len=64 num=100 type=\"send\"":{"mean":0.11940022338903514,"sqsum":0.00008746539026650994,"variance":0.00000301604794022448,"size":30},"chunks=2 dur=5 len=64 num=100 type=\"recv\"":{"mean":0.037907683782122455,"sqsum":0.00001448662921598453,"variance":4.9953893848223e-7,"size":30},"chunks=4 dur=5 len=64 num=100 type=\"send\"":{"mean":0.10797651931824069,"sqsum":0.00011169376826970263,"variance":0.0000038515092506794,"size":30},"chunks=4 dur=5 len=64 num=100 type=\"recv\"":{"mean":0.034634269845096155,"sqsum":0.000008086372961250368,"variance":2.7884044693967e-7,"size":30},"chunks=8 dur=5 len=64 num=100 type=\"send\"":{"mean":0.09332225539112536,"sqsum":0.000032299376042983783,"variance":0.0000011137715876891,"size":30},"chunks=8 dur=5 len=64 num=100 type=\"recv\"":{"mean":0.02971404116282861,"sqsum":0.000007896500384464312,"variance":2.7229311670567e-7,"size":30},"chunks=1 dur=5 len=256 num=100 type=\"send\"":{"mean":0.49341706984288847,"sqsum":0.0016289046900093511,"variance":0.00005616912724170176,"size":30},"chunks=1 dur=5 len=256 num=100 type=\"recv\"":{"mean":0.15736857235755772,"sqsum":0.0001585451856667224,"variance":0.00000546707536781801,"size":30},"chunks=2 dur=5 len=256 num=100 type=\"send\"":{"mean":0.4694030993174177,"sqsum":0.0028202747823428734,"variance":0.00009725085456354736,"size":30},"chunks=2 dur=5 len=256 num=100 type=\"recv\"":{"mean":0.15126987451881782,"sqsum":0.00013131592553069677,"variance":0.00000452813536312747,"size":30},"chunks=4 dur=5 len=256 num=100 type=\"send\"":{"mean":0.4289550883639396,"sqsum":0.0021614559659220334,"variance":0.00007453296434213909,"size":30},"chunks=4 dur=5 len=256 num=100 type=\"recv\"":{"mean":0.13739683089525367,"sqsum":0.00017365777872405079,"variance":0.00000598819926634658,"size":30},"chunks=8 dur=5 len=256 num=100 type=\"send\"":{"mean":0.367096600894178,"sqsum":0.0008354083122121282,"variance":0.00002880718317972856,"size":30},"chunks=8 dur=5 len=256 num=100 type=\"recv\"":{"mean":0.1173004453806198,"sqsum":0.0001299585637751424,"variance":0.00000448132978534974,"size":30},"chunks=1 dur=5 len=1024 num=100 type=\"send\"":{"mean":1.9498151839378175,"sqsum":0.053028901149045474,"variance":0.0018285827982429473,"size":30},"chunks=1 dur=5 len=1024 num=100 type=\"recv\"":{"mean":0.6247009858043836,"sqsum":0.0037317212302884098,"variance":0.00012868004242373826,"size":30},