{"array-vs-concat":{"chunks=1 dur=5 len=64 num=100 type=\"concat\"":{"mean":0.04754891599921607,"sqsum":0.000008728362442348424,"variance":3.0097801525339e-7,"size":30},"chunks=1 dur=5 len=64 num=100 type=\"multi\"":{"mean":0.04781539180453764,"sqsum":0.000007756875989848455,"variance":2.6747848240857e-7,"size":30},"chunks=2 dur=5 len=64 num=100 type=\"concat\"":{"mean":0.0470900246228087,"sqsum":0.00001562689384866515,"variance":5.3885840857466e-7,"size":30},"chunks=2 dur=5 len=64 num=100 type=\"multi\"":{"mean":0.046263405328485475,"sqsum":0.00000619055439217454,"variance":2.134673928336e-7,"size":30},"chunks=4 dur=5 len=64 num=100 type=\"concat\"":{"mean":0.04712195170983226,"sqsum":0.000008132176545679398,"variance":2.804198808855e-7,"size":30},"chunks=4 dur=5 len=64 num=100 type=\"multi\"":{"mean":0.04334874441768513,"sqsum":0.000007748613288182445,"variance":2.6719356166146e-7,"size":30},"chunks=8 dur=5 len=64 num=100 type=\"concat\"":{"mean":0.046549288586655246,"sqsum":0.0000061881962656407125,"variance":2.1338607812554e-7,"size":30},"chunks=8 dur=5 len=64 num=100 type=\"multi\"":{"mean":0.038599476879644996,"sqsum":0.000006437792791696769,"variance":2.219928548861e-7,"size":30},"chunks=1 dur=5 len=256 num=100 type=\"concat\"":{"mean":0.18578310216748065,"sqsum":0.0000758432748541531,"variance":0.00000261528533979838,"size":30},"chunks=1 dur=5 len=256 num=100 type=\"multi\"":{"mean":0.19166191158624737,"sqsum":0.00014447210282986665,"variance":0.00000498179664930575,"size":30},"chunks=2 dur=5 len=256 num=100 type=\"concat\"":{"mean":0.18465129708203085,"sqsum":0.00016975008280978117,"variance":0.00000585345113137176,"size":30},"chunks=2 dur=5 len=256 num=100 type=\"multi\"":{"mean":0.18482407302030024,"sqsum":0.00020023692182854675,"variance":0.00000690472144236368,"size":30},"chunks=4 dur=5 len=256 num=100 type=\"concat\"":{"mean":0.1852717374080926,"sqsum":0.00011453961298176722,"variance":0.00000394964182695749,"size":30},"chunks=4 dur=5 len=256 num=100 type=\"multi\"":{"mean":0.1727057924734094,"sqsum":0.0001627711232162559,"variance":0.00000561279735228469,"size":30},"chunks=8 dur=5 len=256 num=100 type=\"concat\"":{"mean":0.18346241121364698,"sqsum":0.000117141041918522,"variance":0.00000403934627305248,"size":30},"chunks=8 dur=5 len=256 num=100 type=\"multi\"":{"mean":0.15432042079739017,"sqsum":0.00016506524291758085,"variance":0.00000569190492819244,"size":30},"chunks=1 dur=5 len=512 num=100 type=\"concat\"":{"mean":0.3690022531243143,"sqsum":0.0004905844740356985,"variance":0.00001691670600123098,"size":30},"chunks=1 dur=5 len=512 num=100 type=\"multi\"":{"mean":0.3798665495909024,"sqsum":0.000587067635332886,"variance":0.00002024371156320296,"size":30},"chunks=2 dur=5 len=512 num=100 type=\"concat\"":{"mean":0.36635630362379606,"sqsum":0.0006647076299528789,"variance":0.00002292095275699582,"size":30},"chunks=2 dur=5 len=512 num=100 type=\"multi\"":{"mean":0.3691997268437385,"sqsum":0.000634612685585204,"variance":0.00002188319605466221,"size":30},"chunks=4 dur=5 len=512 num=100 type=\"concat\"":{"mean":0.3679403990967726,"sqsum":0.0005825906185259152,"variance":0.00002008933167330742,"size":30},"chunks=4 dur=5 len=512 num=100 type=\"multi\"":{"mean":0.3451636763729287,"sqsum":0.000572144412684045,"variance":0.00001972911767876017,"size":30},"chunks=8 dur=5 len=512 num=100 type=\"concat\"":{"mean":0.36102660227014144,"sqsum":0.0005306532274198458,"variance":0.00001829838715240848,"size":30},"chunks=8 dur=5 len=512 num=100 type=\"multi\"":{"mean":0.30681215919494,"sqsum":0.0009584148383381089,"variance":0.00003304878752890031,"size":30},"chunks=1 dur=5 len=1024 num=100 type=\"concat\"":{"mean":0.7150737364449598,"sqsum":0.0017195513497264487,"variance":0.00005929487412849823,"size":30},"chunks=1 dur=5 len=1024 num=100 type=\"multi\"":{"mean":0.7563480517053909,"sqsum":0.0020044656689302224,"variance":0.00006911950582518008,"size":30},"chunks=2 dur=5 len=1024 num=100 type=\"concat\"":{"mean":0.7181391920006228,"sqsum":0.0015782370558621451,"variance":0.00005442196744352225,"size":30},"chunks=2 dur=5 len=1024 num=100 type=\"multi\"":{"mean":0.727433137718343,"sqsum":0.0032309372136505605,"variance":0.00011141162805691588,"size":30},"chunks=4 dur=5 len=1024 num=100 type=\"concat\"":{"mean":0.710534612759821,"sqsum":0.002051548168598007,"variance":0.00007074304029648298,"size":30},"chunks=4 dur=5 len=1024 num=100 type=\"multi\"":{"mean":0.6825198002065497,"sqsum":0.003340365469684169,"variance":0.00011518501619600582,"size":30},"chunks=8 dur=5 len=1024 num=100 type=\"concat\"":{"mean":0.7005780248099244,"sqsum":0.0024139556435043047,"variance":0.0000832398497760105,"size":30},"chunks=8 dur=5 len=1024 num=100 type=\"multi\"":{"mean":0.6147017102824418,"sqsum":0.0019343113552242476,"variance":0.00006670039155945681,"size":30}},"bind-params":{"address=\"true\" n=10000 port=\"true\"":{"mean":114298.55833169703,"sqsum":103602188.50910251,"variance":3572489.258934569,"size":30},"address=\"false\" n=10000 port=\"true\"":{"mean":114445.68266686439,"sqsum":69844301.99319129,"variance":2408424.2066617687,"size":30},"address=\"false\" n=10000 port=\"false\"":{"mean":114077.08157475697,"sqsum":182238094.37609094,"variance":6284072.219865205,"size":30}},"multi-buffer":{"chunks=1 dur=5 len=64 num=100 type=\"send\"":{"mean":0.04762564695562696,"sqsum":0.00000998528036171058,"variance":3.4432001247278e-7,"size":30},"chunks=1 dur=5 len=64 num=100 type=\"recv\"":{"mean":0.015257111422199788,"sqsum":0.0000012391630128733278,"variance":4.27297590646e-8,"size":30},"chunks=2 dur=5 len=64 num=100 type=\"send\"":{"mean":0.04631992425184234,"sqsum":0.000006788635821108274,"variance":2.3409089038304e-7,"size":30},"chunks=2 dur=5 len=64 num=100 type=\"recv\"":{"mean":0.014867388304139336,"sqsum":7.89217861177664e-7,"variance":2.721440900613e-8,"size":30},"chunks=4 dur=5 len=64 num=100 type=\"send\"":{"mean":0.04361498462634652,"sqsum":0.000004603731063122749,"variance":1.5874934700423e-7,"size":30},"chunks=4 dur=5 len=64 num=100 type=\"recv\"":{"mean":0.013885831596461291,"sqsum":6.65256933998995e-7,"variance":2.293989427583e-8,"size":30},"chunks=8 dur=5 len=64 num=100 type=\"send\"":{"mean":0.03860293600015107,"sqsum":0.000008944984160968653,"variance":3.0844772968857e-7,"size":30},"chunks=8 dur=5 len=64 num=100 type=\"recv\"":{"mean":0.012333640792414552,"sqsum":0.0000015154569857185335,"variance":5.225713743857e-8,"size":30},"chunks=1 dur=5 len=256 num=100 type=\"send\"":{"mean":0.190750060044546,"sqsum":0.00014759768173213433,"variance":0.00000508957523214256,"size":30},"chunks=1 dur=5 len=256 num=100 type=\"recv\"":{"mean":0.06120168773011859,"sqsum":0.000016111923265694453,"variance":5.5558356088602e-7,"size":30},"chunks=2 dur=5 len=256 num=100 type=\"send\"":{"mean":0.18523293851432396,"sqsum":0.00020300509520557975,"variance":0.00000700017569674413,"size":30},"chunks=2 dur=5 len=256 num=100 type=\"recv\"":{"mean":0.05912835166145727,"sqsum":0.000028020565135811828,"variance":9.6622638399351e-7,"size":30},"chunks=4 dur=5 len=256 num=100 type=\"send\"":{"mean":0.1733694655240084,"sqsum":0.00015426348388601657,"variance":0.00000531943047882816,"size":30},"chunks=4 dur=5 len=256 num=100 type=\"recv\"":{"mean":0.05514197313115142,"sqsum":0.000019227997715714266,"variance":6.6303440399015e-7,"size":30},"chunks=8 dur=5 len=256 num=100 type=\"send\"":{"mean":0.15491741329072917,"sqsum":0.00009554595063987657,"variance":0.00000329468795309919,"size":30},"chunks=8 dur=5 len=256 num=100 type=\"recv\"":{"mean":0.04915416177059237,"sqsum":0.00001633451377673982,"variance":5.6325909574965e-7,"size":30},"chunks=1 dur=5 len=1024 num=100 type=\"send\"":{"mean":0.7552763358851663,"sqsum":0.0024905600734427542,"variance":0.00008588138184285359,"size":30},"chunks=1 dur=5 len=1024 num=100 type=\"recv\"":{"mean":0.24135326708566596,"sqsum":0.0002524000235221591,"variance":0.000008703449086971,"size":30},