{"immediate":{"n=5000000 type=\"depth\"":{"mean":284269.2052544596,"sqsum":387983604.39975506,"variance":13378744.9793019,"size":30},"n=5000000 type=\"depth1\"":{"mean":287394.1557791712,"sqsum":344680227.92855144,"variance":11885525.100984532,"size":30},"n=5000000 type=\"breadth\"":{"mean":2040492.4981392743,"sqsum":137869164997.5903,"variance":4754109137.847941,"size":30},"n=5000000 type=\"breadth1\"":{"mean":1359268.8398021504,"sqsum":219465002584.2968,"variance":7567758709.803338,"size":30},"n=5000000 type=\"breadth4\"":{"mean":1100070.4365094155,"sqsum":70710130091.35677,"variance":2438280347.9778194,"size":30},"n=5000000 type=\"clear\"":{"mean":6259864.318109745,"sqsum":416135418604.4731,"variance":14349497193.257694,"size":30}},"set-immediate-breadth-args":{"n=5000000":{"mean":1404699.728923941,"sqsum":65348200688.863495,"variance":2253386230.6504655,"size":30}},"set-immediate-breadth":{"n=10000000":{"mean":1886874.4832981196,"sqsum":360061377875.82556,"variance":12415909581.92502,"size":30}},"set-immediate-depth-args":{"n=5000000":{"mean":274923.2195967038,"sqsum":257209208.65667292,"variance":8869283.057126652,"size":30}},"timers-breadth-args":{"n=1000000":{"mean":1073003.4645886878,"sqsum":90363112109.20743,"variance":3115969383.0761185,"size":30}},"timers-breadth":{"n=5000000":{"mean":1467600.2487298395,"sqsum":892635473626.5985,"variance":30780533573.330982,"size":30}},"timers-cancel-pooled":{"n=5000000":{"mean":22083387.697448757,"sqsum":19562432949037.566,"variance":674566653415.0885,"size":30}},"timers-cancel-unpooled":{"direction=\"start\" n=1000000":{"mean":1621832.5096081162,"sqsum":16513857623.69207,"variance":569443366.3342093,"size":30},"direction=\"end\" n=1000000":{"mean":6415590.245473004,"sqsum":73127005359.34932,"variance":2521620874.4603214,"size":30}},"timers-depth":{"n=1000":{"mean":824.8932677141958,"sqsum":11336.861810576469,"variance":390.9262693302231,"size":30}},"timers-insert-pooled":{"n=5000000":{"mean":1052668.6689414605,"sqsum":5272853714.141392,"variance":181822541.86694455,"size":30}},"timers-insert-unpooled":{"direction=\"start\" n=1000000":{"mean":1454829.3517613646,"sqsum":38423002904.751335,"variance":1324931134.6465976,"size":30},"direction=\"end\" n=1000000":{"mean":936066.4912973142,"sqsum":8377520077.22008,"variance":288880002.6627614,"size":30}},"timers-timeout-nexttick":{"n=50000":{"mean":780810.5356624041,"sqsum":11572714048.115118,"variance":399059105.1074178,"size":30},"n=5000000":{"mean":3549684.3944944497,"sqsum":16604339319357.451,"variance":572563424805.4293,"size":30}},"timers-timeout-pooled":{"n=10000000":{"mean":10033105.40851183,"sqsum":843607895131.4409,"variance":29089927418.32555,"size":30}},"timers-timeout-unpooled":{"n=1000000":{"mean":7836985.436665451,"sqsum":4075616991575.7944,"variance":140538516950.88947,"size":30}}}