{"convertprotocols":{"n=1":{"mean":2486.7902078986567,"sqsum":1267912.4870093788,"variance":43721.12024170272,"size":30},"n=50000":{"mean":616556.0910892104,"sqsum":3775357762.9970465,"variance":130184750.44817401,"size":30}},"secure-pair":{"dur=5 securing=\"SecurePair\" size=100":{"mean":346.04127643903706,"sqsum":335.4881007110322,"variance":11.568555196932145,"size":30},"dur=5 securing=\"SecurePair\" size=1024":{"mean":380.8130168639772,"sqsum":46.96499217234331,"variance":1.6194824887014934,"size":30},"dur=5 securing=\"SecurePair\" size=1048576":{"mean":459.0490701701807,"sqsum":58.12283351346316,"variance":2.0042356383952815,"size":30},"dur=5 securing=\"TLSSocket\" size=100":{"mean":346.49072617011274,"sqsum":298.5030075673528,"variance":10.293207157494926,"size":30},"dur=5 securing=\"TLSSocket\" size=1024":{"mean":385.8886758372029,"sqsum":51.31525572561958,"variance":1.7694915767455026,"size":30},"dur=5 securing=\"TLSSocket\" size=1048576":{"mean":457.97260155862074,"sqsum":28.213116589007814,"variance":0.9728660892761315,"size":30},"dur=5 securing=\"clear\" size=100":{"mean":248.41714581273536,"sqsum":1045.1764566996972,"variance":36.04056747240335,"size":30},"dur=5 securing=\"clear\" size=1024":{"mean":1936.870740789936,"sqsum":35083.951272638755,"variance":1209.7914231944399,"size":30},"dur=5 securing=\"clear\" size=1048576":{"mean":6412.314915203837,"sqsum":35592.592610252956,"variance":1227.330779663895,"size":30}},"throughput":{"dur=5 size=100 type=\"buf\"":{"mean":381.05771155748084,"sqsum":492.8815649724347,"variance":16.995916033532232,"size":30},"dur=5 size=1024 type=\"buf\"":{"mean":434.6203416047927,"sqsum":157.91520522077846,"variance":5.445351904164774,"size":30},"dur=5 size=1048576 type=\"buf\"":{"mean":505.96809450640205,"sqsum":10.83427255334174,"variance":0.37359560528764624,"size":30},"dur=5 size=4194304 type=\"buf\"":{"mean":498.0642217085173,"sqsum":41.973908360166426,"variance":1.4473761503505664,"size":30},"dur=5 size=16777216 type=\"buf\"":{"mean":490.7881676631495,"sqsum":171.19128434099719,"variance":5.903147735896455,"size":30},"dur=5 size=100 type=\"asc\"":{"mean":281.3281939414692,"sqsum":793.2807286564101,"variance":27.354507884703796,"size":30},"dur=5 size=1024 type=\"asc\"":{"mean":415.3153233214035,"sqsum":61.6699248377364,"variance":2.1265491323357377,"size":30},"dur=5 size=1048576 type=\"asc\"":{"mean":500.5985580764984,"sqsum":13.04883422807322,"variance":0.44995980096804206,"size":30},"dur=5 size=4194304 type=\"asc\"":{"mean":492.0618773876659,"sqsum":27.37122951074107,"variance":0.9438355003703818,"size":30},"dur=5 size=16777216 type=\"asc\"":{"mean":491.2464813271478,"sqsum":290.475138189465,"variance":10.016384075498793,"size":30},"dur=5 size=100 type=\"utf\"":{"mean":291.6141417857995,"sqsum":469.4690258831809,"variance":16.188587099420033,"size":30},"dur=5 size=1024 type=\"utf\"":{"mean":414.8177179948386,"sqsum":37.72436497545944,"variance":1.3008401715675668,"size":30},"dur=5 size=1048576 type=\"utf\"":{"mean":469.97507004191954,"sqsum":24.50481232527636,"variance":0.8449935284578056,"size":30},"dur=5 size=4194304 type=\"utf\"":{"mean":462.2495489860936,"sqsum":61.74779511947448,"variance":2.1292343144646373,"size":30},"dur=5 size=16777216 type=\"utf\"":{"mean":452.6634610636955,"sqsum":73.12910041551591,"variance":2.5216931177764104,"size":30}},"tls-connect":{"concurrency=1 dur=5":{"mean":289.7168191769737,"sqsum":17.56938580638661,"variance":0.6058408898754004,"size":30},"concurrency=10 dur=5":{"mean":299.07017473567686,"sqsum":41.19543546021836,"variance":1.4205322572489092,"size":30}}}