{"ee-add-remove":{"n=1000000":{"mean":843003.7876921524,"sqsum":28018012087.10349,"variance":966138347.8311548,"size":30}},"ee-emit":{"argc=0 listeners=1 n=2000000":{"mean":34316109.88414959,"sqsum":26223617878425.293,"variance":904262685462.9412,"size":30},"argc=0 listeners=5 n=2000000":{"mean":11893278.851740805,"sqsum":5690348121152.205,"variance":196218900729.38638,"size":30},"argc=0 listeners=10 n=2000000":{"mean":6023627.324371052,"sqsum":2572935306012.8623,"variance":88721907103.89182,"size":30},"argc=2 listeners=1 n=2000000":{"mean":29533486.513066374,"sqsum":16722978440760.85,"variance":576654428991.7534,"size":30},"argc=2 listeners=5 n=2000000":{"mean":9422969.216844514,"sqsum":4391007095238.2427,"variance":151414037766.83594,"size":30},"argc=2 listeners=10 n=2000000":{"mean":4825964.239544979,"sqsum":3655095245057.184,"variance":126037767070.93738,"size":30},"argc=4 listeners=1 n=2000000":{"mean":29080531.91568772,"sqsum":140976370370299.94,"variance":4861254150699.998,"size":30},"argc=4 listeners=5 n=2000000":{"mean":9206912.288170781,"sqsum":3518190616128.937,"variance":121316917797.54955,"size":30},"argc=4 listeners=10 n=2000000":{"mean":4738007.493935397,"sqsum":11922503722321.637,"variance":411120818011.09094,"size":30},"argc=10 listeners=1 n=2000000":{"mean":28569380.07203284,"sqsum":21896118086985.35,"variance":755038554723.6328,"size":30},"argc=10 listeners=5 n=2000000":{"mean":8750802.427490924,"sqsum":4584590425812.392,"variance":158089325028.0135,"size":30},"argc=10 listeners=10 n=2000000":{"mean":4584531.45887819,"sqsum":1252141257609.03,"variance":43177284745.13897,"size":30}},"ee-listener-count-on-prototype":{"n=50000000":{"mean":58833316.287334435,"sqsum":87289256798035.08,"variance":3009974372346.037,"size":30}},"ee-listeners":{"listeners=5 n=5000000 raw=\"true\"":{"mean":44918766.4180393,"sqsum":37664719283461.65,"variance":1298783423567.643,"size":30},"listeners=5 n=5000000 raw=\"false\"":{"mean":23101077.9079793,"sqsum":10792549941060.643,"variance":372156894519.3325,"size":30},"listeners=50 n=5000000 raw=\"true\"":{"mean":12477423.644904044,"sqsum":2864810818760.319,"variance":98786579957.25238,"size":30},"listeners=50 n=5000000 raw=\"false\"":{"mean":4547120.775856635,"sqsum":35949632197.8927,"variance":1239642489.582507,"size":30}},"ee-once":{"argc=0 n=20000000":{"mean":5566918.632072441,"sqsum":128589691535.37296,"variance":4434127294.323205,"size":30},"argc=1 n=20000000":{"mean":5134968.943596618,"sqsum":129432772340.93448,"variance":4463199046.23912,"size":30},"argc=4 n=20000000":{"mean":5044489.3215721175,"sqsum":360218595331.3205,"variance":12421330873.49381,"size":30},"argc=5 n=20000000":{"mean":5024745.704569737,"sqsum":123679661675.63301,"variance":4264815919.849414,"size":30}},"eventtarget":{"listeners=1 n=1000000":{"mean":1783703.9827729103,"sqsum":75227890960.74649,"variance":2594065205.5429826,"size":30},"listeners=5 n=1000000":{"mean":1576536.4619835643,"sqsum":52880627383.34191,"variance":1823469909.7704108,"size":30},"listeners=10 n=1000000":{"mean":1394135.2834040239,"sqsum":87714318517.36559,"variance":3024631673.012606,"size":30}}}