{"async-resource-vs-destroy":{"asyncMethod=\"callbacks\" benchmarker=\"test-double-http\" connections=500 duration=5 n=1000000 path=\"/\" type=\"async-resource\"":{"mean":422.6333333333333,"sqsum":178.96666666666667,"variance":6.171264367816092,"size":30},"asyncMethod=\"async\" benchmarker=\"test-double-http\" connections=500 duration=5 n=1000000 path=\"/\" type=\"async-resource\"":{"mean":422.46666666666664,"sqsum":201.46666666666667,"variance":6.947126436781609,"size":30},"asyncMethod=\"callbacks\" benchmarker=\"test-double-http\" connections=500 duration=5 n=1000000 path=\"/\" type=\"destroy\"":{"mean":422.46666666666664,"sqsum":275.46666666666664,"variance":9.498850574712645,"size":30},"asyncMethod=\"async\" benchmarker=\"test-double-http\" connections=500 duration=5 n=1000000 path=\"/\" type=\"destroy\"":{"mean":421.1666666666667,"sqsum":228.16666666666669,"variance":7.867816091954023,"size":30},"asyncMethod=\"callbacks\" benchmarker=\"test-double-http\" connections=500 duration=5 n=1000000 path=\"/\" type=\"async-local-storage\"":{"mean":421.73333333333335,"sqsum":227.86666666666667,"variance":7.857471264367816,"size":30},"asyncMethod=\"async\" benchmarker=\"test-double-http\" connections=500 duration=5 n=1000000 path=\"/\" type=\"async-local-storage\"":{"mean":420.73333333333335,"sqsum":235.86666666666667,"variance":8.133333333333333,"size":30}},"gc-tracking":{"method=\"trackingEnabled\" n=1000000":{"mean":2025432.8893057301,"sqsum":61192964828.39145,"variance":2110102235.461774,"size":30},"method=\"trackingDisabled\" n=1000000":{"mean":52126538.24503769,"sqsum":28642274719736.156,"variance":987664645508.1433,"size":30}},"http-server":{"asyncHooks=\"init\" benchmarker=\"test-double-http\" connections=50 duration=5":{"mean":15171.033333333333,"sqsum":200050.96666666667,"variance":6898.309195402298,"size":30},"asyncHooks=\"init\" benchmarker=\"test-double-http\" connections=500 duration=5":{"mean":15117.1,"sqsum":215188.7,"variance":7420.3,"size":30},"asyncHooks=\"before\" benchmarker=\"test-double-http\" connections=50 duration=5":{"mean":15117.933333333332,"sqsum":115581.86666666667,"variance":3985.581609195402,"size":30},"asyncHooks=\"before\" benchmarker=\"test-double-http\" connections=500 duration=5":{"mean":15115.466666666667,"sqsum":150943.46666666667,"variance":5204.947126436781,"size":30},"asyncHooks=\"after\" benchmarker=\"test-double-http\" connections=50 duration=5":{"mean":15182.266666666666,"sqsum":224347.86666666667,"variance":7736.133333333333,"size":30},"asyncHooks=\"after\" benchmarker=\"test-double-http\" connections=500 duration=5":{"mean":15159.366666666667,"sqsum":135842.96666666667,"variance":4684.2402298850575,"size":30},"asyncHooks=\"all\" benchmarker=\"test-double-http\" connections=50 duration=5":{"mean":15137.733333333334,"sqsum":110757.86666666667,"variance":3819.2367816091955,"size":30},"asyncHooks=\"all\" benchmarker=\"test-double-http\" connections=500 duration=5":{"mean":15149.533333333333,"sqsum":254211.46666666667,"variance":8765.91264367816,"size":30},"asyncHooks=\"disabled\" benchmarker=\"test-double-http\" connections=50 duration=5":{"mean":15150.966666666667,"sqsum":116692.96666666666,"variance":4023.8954022988505,"size":30},"asyncHooks=\"disabled\" benchmarker=\"test-double-http\" connections=500 duration=5":{"mean":15152.266666666666,"sqsum":155239.86666666667,"variance":5353.098850574713,"size":30},"asyncHooks=\"none\" benchmarker=\"test-double-http\" connections=50 duration=5":{"mean":15166.033333333333,"sqsum":236966.96666666667,"variance":8171.274712643678,"size":30},"asyncHooks=\"none\" benchmarker=\"test-double-http\" connections=500 duration=5":{"mean":15162.133333333333,"sqsum":283615.4666666667,"variance":9779.84367816092,"size":30}},"promises":{"asyncHooks=\"enabled\" n=1000000":{"mean":62105.04808133844,"sqsum":12699194.05842647,"variance":437903.2433940162,"size":30},"asyncHooks=\"disabled\" n=1000000":{"mean":192657.78807219016,"sqsum":134939354.60965145,"variance":4653081.193436257,"size":30}}}