{"convertprotocols":{"n=1":{"mean":2523.4159404612874,"sqsum":52834.08638814052,"variance":1821.8650478669144,"size":30},"n=50000":{"mean":588360.9758600065,"sqsum":3396301132.557749,"variance":117113832.15716375,"size":30}},"secure-pair":{"dur=5 securing=\"SecurePair\" size=100":{"mean":333.1788867164181,"sqsum":21.918898613729876,"variance":0.7558240901286164,"size":30},"dur=5 securing=\"SecurePair\" size=1024":{"mean":367.36889561726,"sqsum":94.12108556013047,"variance":3.2455546744872574,"size":30},"dur=5 securing=\"SecurePair\" size=1048576":{"mean":437.2217975750134,"sqsum":173.76516211980143,"variance":5.991902142062118,"size":30},"dur=5 securing=\"TLSSocket\" size=100":{"mean":331.1894272491288,"sqsum":78.36317971545427,"variance":2.7021786108777333,"size":30},"dur=5 securing=\"TLSSocket\" size=1024":{"mean":374.4879449090202,"sqsum":50.96453771714332,"variance":1.7573978523152871,"size":30},"dur=5 securing=\"TLSSocket\" size=1048576":{"mean":447.16667910037245,"sqsum":24.12576919613194,"variance":0.8319230757286876,"size":30},"dur=5 securing=\"clear\" size=100":{"mean":243.20321473817344,"sqsum":758.1127738198974,"variance":26.14181978689301,"size":30},"dur=5 securing=\"clear\" size=1024":{"mean":1856.8466093128543,"sqsum":31068.59296275595,"variance":1071.3307918191706,"size":30},"dur=5 securing=\"clear\" size=1048576":{"mean":5763.436567250046,"sqsum":36555.33686581696,"variance":1260.528857441964,"size":30}},"throughput":{"dur=5 size=100 type=\"buf\"":{"mean":369.267946523035,"sqsum":50.37284139541848,"variance":1.7369945308764996,"size":30},"dur=5 size=1024 type=\"buf\"":{"mean":424.58348746510916,"sqsum":41.33714477134933,"variance":1.4254187852189426,"size":30},"dur=5 size=1048576 type=\"buf\"":{"mean":498.01114811735954,"sqsum":26.084213631053377,"variance":0.8994556424501164,"size":30},"dur=5 size=4194304 type=\"buf\"":{"mean":491.82361112550154,"sqsum":15.654483321934974,"variance":0.5398097697218956,"size":30},"dur=5 size=16777216 type=\"buf\"":{"mean":490.6215228207435,"sqsum":108.12248945639219,"variance":3.728361705392834,"size":30},"dur=5 size=100 type=\"asc\"":{"mean":293.4206601296624,"sqsum":571.2599562650144,"variance":19.69861918155222,"size":30},"dur=5 size=1024 type=\"asc\"":{"mean":410.65577985801383,"sqsum":60.46147355862049,"variance":2.0848783985731205,"size":30},"dur=5 size=1048576 type=\"asc\"":{"mean":495.0655695997863,"sqsum":22.288537369262315,"variance":0.7685702541124937,"size":30},"dur=5 size=4194304 type=\"asc\"":{"mean":488.53219114173265,"sqsum":48.60165730091667,"variance":1.6759192172729886,"size":30},"dur=5 size=16777216 type=\"asc\"":{"mean":482.23097090143074,"sqsum":129.29129460597602,"variance":4.458320503654345,"size":30},"dur=5 size=100 type=\"utf\"":{"mean":303.4523823931936,"sqsum":626.9094130179827,"variance":21.617565966137334,"size":30},"dur=5 size=1024 type=\"utf\"":{"mean":412.11437507463614,"sqsum":86.89202905303543,"variance":2.9962768638977737,"size":30},"dur=5 size=1048576 type=\"utf\"":{"mean":463.0161834256546,"sqsum":82.89897730482531,"variance":2.858585424304321,"size":30},"dur=5 size=4194304 type=\"utf\"":{"mean":458.97213640262197,"sqsum":99.89401112161111,"variance":3.444621073159004,"size":30},"dur=5 size=16777216 type=\"utf\"":{"mean":445.6857897506049,"sqsum":18.01445189804032,"variance":0.621187996484149,"size":30}},"tls-connect":{"concurrency=1 dur=5":{"mean":298.74907514103893,"sqsum":22.718753825027374,"variance":0.7834053043112887,"size":30},"concurrency=10 dur=5":{"mean":306.01888844474234,"sqsum":82.21724756602262,"variance":2.835077502276642,"size":30}}}