{"atomics-wait":{"n=10000000":{"mean":10716315.95863707,"sqsum":62394674740.15277,"variance":2151540508.2811303,"size":30}},"bench-eventlooputil":{"method=\"ELU_simple\" n=1000000":{"mean":5971548.48213031,"sqsum":130144581234.86017,"variance":4487744180.51242,"size":30},"method=\"ELU_passed\" n=1000000":{"mean":5547905.673650811,"sqsum":40180708177.71622,"variance":1385541661.3005593,"size":30}},"echo":{"n=100000 payload=\"string\" sendsPerBroadcast=1 workers=1":{"mean":82829.1804233388,"sqsum":117976520.00137769,"variance":4068155.862116472,"size":30},"n=100000 payload=\"string\" sendsPerBroadcast=10 workers=1":{"mean":50130.13379757344,"sqsum":29165161.273806173,"variance":1005695.2163381439,"size":30},"n=100000 payload=\"object\" sendsPerBroadcast=1 workers=1":{"mean":64122.620221520185,"sqsum":87098242.33184545,"variance":3003387.66661536,"size":30},"n=100000 payload=\"object\" sendsPerBroadcast=10 workers=1":{"mean":30882.937689354865,"sqsum":18811089.761885572,"variance":648658.2676512266,"size":30}},"messageport":{"n=1000000 payload=\"string\" style=\"eventtarget\"":{"mean":637126.0393061751,"sqsum":14021666917.061106,"variance":483505755.7607278,"size":30},"n=1000000 payload=\"string\" style=\"eventemitter\"":{"mean":1103983.1525328332,"sqsum":15825709018.827406,"variance":545714104.0974967,"size":30},"n=1000000 payload=\"object\" style=\"eventtarget\"":{"mean":365549.2599919632,"sqsum":3999867871.091039,"variance":137926478.3134841,"size":30},"n=1000000 payload=\"object\" style=\"eventemitter\"":{"mean":533994.210836395,"sqsum":6832807161.395654,"variance":235614040.04812598,"size":30}}}