{"createInflate":{"chunkLen=1024 inputLen=16777216 n=100":{"mean":29.185220349969658,"sqsum":2191.799711788871,"variance":75.57930040651279,"size":30}},"creation":{"n=500000 options=\"true\" type=\"Deflate\"":{"mean":179596.68471662316,"sqsum":601142263.9376726,"variance":20729043.584057674,"size":30},"n=500000 options=\"false\" type=\"Deflate\"":{"mean":198635.51614932457,"sqsum":432273587.26384157,"variance":14905985.767718675,"size":30},"n=500000 options=\"true\" type=\"DeflateRaw\"":{"mean":177620.1780985083,"sqsum":445141369.55669636,"variance":15349702.398506772,"size":30},"n=500000 options=\"false\" type=\"DeflateRaw\"":{"mean":198667.564888323,"sqsum":323800503.7452998,"variance":11165534.61190689,"size":30},"n=500000 options=\"true\" type=\"Inflate\"":{"mean":177559.03456901535,"sqsum":326844595.84903336,"variance":11270503.305139082,"size":30},"n=500000 options=\"false\" type=\"Inflate\"":{"mean":198511.11621416252,"sqsum":308365471.18761206,"variance":10633292.109917656,"size":30},"n=500000 options=\"true\" type=\"InflateRaw\"":{"mean":180339.527236505,"sqsum":405827289.05329615,"variance":13994044.45011366,"size":30},"n=500000 options=\"false\" type=\"InflateRaw\"":{"mean":199234.10419897272,"sqsum":368634268.54686,"variance":12711526.501615861,"size":30},"n=500000 options=\"true\" type=\"Gzip\"":{"mean":179779.76609545227,"sqsum":303261090.63045436,"variance":10457278.987257048,"size":30},"n=500000 options=\"false\" type=\"Gzip\"":{"mean":198405.44416743435,"sqsum":493880573.7425067,"variance":17030364.611810576,"size":30},"n=500000 options=\"true\" type=\"Gunzip\"":{"mean":177147.5984623622,"sqsum":299442172.94199926,"variance":10325592.170413766,"size":30},"n=500000 options=\"false\" type=\"Gunzip\"":{"mean":197847.1565827188,"sqsum":464716984.45632976,"variance":16024723.601942405,"size":30},"n=500000 options=\"true\" type=\"Unzip\"":{"mean":177049.12534289755,"sqsum":304386486.3453929,"variance":10496085.73604803,"size":30},"n=500000 options=\"false\" type=\"Unzip\"":{"mean":198513.65696568534,"sqsum":216868010.39875096,"variance":7478207.255129343,"size":30},"n=500000 options=\"true\" type=\"BrotliCompress\"":{"mean":165208.02822890124,"sqsum":204107462.43341208,"variance":7038188.35977283,"size":30},"n=500000 options=\"false\" type=\"BrotliCompress\"":{"mean":179420.14430767985,"sqsum":221712419.37182695,"variance":7645255.840407825,"size":30},"n=500000 options=\"true\" type=\"BrotliDecompress\"":{"mean":169189.56769121136,"sqsum":242290017.26706088,"variance":8354828.181622788,"size":30},"n=500000 options=\"false\" type=\"BrotliDecompress\"":{"mean":182851.72404869107,"sqsum":493608664.1681443,"variance":17020988.41959118,"size":30}},"deflate":{"inputLen=1024 method=\"createDeflate\" n=400000":{"mean":31072.349093754063,"sqsum":1945490995.9614093,"variance":67085896.41246239,"size":30},"inputLen=1024 method=\"deflate\" n=400000":{"mean":11133.507773594272,"sqsum":204455546.86261508,"variance":7050191.271124658,"size":30},"inputLen=1024 method=\"deflateSync\" n=400000":{"mean":46932.79980451213,"sqsum":6104015.718037482,"variance":210483.30062198217,"size":30}},"inflate":{"inputLen=1024 method=\"inflate\" n=400000":{"mean":18770.705353340167,"sqsum":269968226.2192384,"variance":9309249.179973738,"size":30},"inputLen=1024 method=\"inflateSync\" n=400000":{"mean":131511.17525791735,"sqsum":218836310.28469846,"variance":7546079.664989602,"size":30}},"pipe":{"algorithm=\"gzip\" duration=5 inputLen=1024 type=\"string\"":{"mean":0.054857672293961324,"sqsum":0.0021540058505036966,"variance":0.0000742760638104723,"size":30},"algorithm=\"brotli\" duration=5 inputLen=1024 type=\"string\"":{"mean":0.13092907282244673,"sqsum":0.015030425385463356,"variance":0.0005182905305332192,"size":30},"algorithm=\"gzip\" duration=5 inputLen=1024 type=\"buffer\"":{"mean":0.07230645159515613,"sqsum":0.008749113294074686,"variance":0.00030169356186464434,"size":30},"algorithm=\"brotli\" duration=5 inputLen=1024 type=\"buffer\"":{"mean":0.1352356709967555,"sqsum":0.008637407675386488,"variance":0.00029784164397884445,"size":30}}}