{"async-local-storage-run":{"n=10000000":{"mean":2986070.5202300847,"sqsum":1917498950.0715737,"variance":66120653.45074393,"size":30}},"async-resource-vs-destroy":{"asyncMethod=\"callbacks\" benchmarker=\"test-double-http\" connections=500 duration=5 n=1000000 path=\"/\" type=\"async-resource\"":{"mean":388.4,"sqsum":25.2,"variance":0.8689655172413793,"size":30},"asyncMethod=\"async\" benchmarker=\"test-double-http\" connections=500 duration=5 n=1000000 path=\"/\" type=\"async-resource\"":{"mean":381.8333333333333,"sqsum":28.166666666666668,"variance":0.9712643678160919,"size":30},"asyncMethod=\"callbacks\" benchmarker=\"test-double-http\" connections=500 duration=5 n=1000000 path=\"/\" type=\"destroy\"":{"mean":385.8666666666667,"sqsum":39.46666666666667,"variance":1.360919540229885,"size":30},"asyncMethod=\"async\" benchmarker=\"test-double-http\" connections=500 duration=5 n=1000000 path=\"/\" type=\"destroy\"":{"mean":381.76666666666665,"sqsum":33.36666666666667,"variance":1.150574712643678,"size":30},"asyncMethod=\"callbacks\" benchmarker=\"test-double-http\" connections=500 duration=5 n=1000000 path=\"/\" type=\"async-local-storage\"":{"mean":384.06666666666666,"sqsum":37.86666666666667,"variance":1.3057471264367817,"size":30},"asyncMethod=\"async\" benchmarker=\"test-double-http\" connections=500 duration=5 n=1000000 path=\"/\" type=\"async-local-storage\"":{"mean":381.3666666666667,"sqsum":34.96666666666667,"variance":1.2057471264367816,"size":30}},"gc-tracking":{"method=\"trackingEnabled\" n=1000000":{"mean":60241334.74779799,"sqsum":7098902158543.54,"variance":244789729604.94965,"size":30},"method=\"trackingEnabledWithDestroyHook\" n=1000000":{"mean":1835477.5054246872,"sqsum":4676265606.412683,"variance":161250538.15216148,"size":30},"method=\"trackingDisabled\" n=1000000":{"mean":64651807.324858405,"sqsum":13477713560497.62,"variance":464748743465.4351,"size":30}},"http-server":{"asyncHooks=\"init\" benchmarker=\"test-double-http\" connections=50 duration=5":{"mean":26842.133333333335,"sqsum":2322189.466666667,"variance":80075.49885057472,"size":30},"asyncHooks=\"init\" benchmarker=\"test-double-http\" connections=500 duration=5":{"mean":26900.633333333335,"sqsum":1363430.9666666666,"variance":47014.86091954023,"size":30},"asyncHooks=\"before\" benchmarker=\"test-double-http\" connections=50 duration=5":{"mean":26768.633333333335,"sqsum":2306010.966666667,"variance":79517.61954022989,"size":30},"asyncHooks=\"before\" benchmarker=\"test-double-http\" connections=500 duration=5":{"mean":26760.166666666668,"sqsum":1848800.1666666667,"variance":63751.72988505747,"size":30},"asyncHooks=\"after\" benchmarker=\"test-double-http\" connections=50 duration=5":{"mean":26682.666666666668,"sqsum":1311310.6666666667,"variance":45217.6091954023,"size":30},"asyncHooks=\"after\" benchmarker=\"test-double-http\" connections=500 duration=5":{"mean":26731.866666666665,"sqsum":1927595.4666666668,"variance":66468.8091954023,"size":30},"asyncHooks=\"all\" benchmarker=\"test-double-http\" connections=50 duration=5":{"mean":26789.4,"sqsum":2807645.2,"variance":96815.35172413793,"size":30},"asyncHooks=\"all\" benchmarker=\"test-double-http\" connections=500 duration=5":{"mean":26842.4,"sqsum":1234321.2,"variance":42562.8,"size":30},"asyncHooks=\"disabled\" benchmarker=\"test-double-http\" connections=50 duration=5":{"mean":26787.933333333334,"sqsum":1496465.8666666667,"variance":51602.27126436782,"size":30},"asyncHooks=\"disabled\" benchmarker=\"test-double-http\" connections=500 duration=5":{"mean":26829.266666666666,"sqsum":2264543.8666666667,"variance":78087.71954022988,"size":30},"asyncHooks=\"none\" benchmarker=\"test-double-http\" connections=50 duration=5":{"mean":26729.166666666668,"sqsum":1352042.1666666667,"variance":46622.14367816092,"size":30},"asyncHooks=\"none\" benchmarker=\"test-double-http\" connections=500 duration=5":{"mean":26876.033333333333,"sqsum":2493832.966666667,"variance":85994.24022988506,"size":30}},"promises":{"asyncHooks=\"enabled\" n=1000000":{"mean":975004.2507365077,"sqsum":4502341130.938025,"variance":155253142.44613883,"size":30},"asyncHooks=\"enabledWithDestroy\" n=1000000":{"mean":293076.9841188312,"sqsum":971462119.8750838,"variance":33498693.788795993,"size":30},"asyncHooks=\"enabledWithInitOnly\" n=1000000":{"mean":917738.5455469805,"sqsum":38649591989.3598,"variance":1332744551.3572345,"size":30},"asyncHooks=\"disabled\" n=1000000":{"mean":1520071.6908677493,"sqsum":10479773242.750702,"variance":361371491.12933457,"size":30}}}