{"bench-env":{"n=1000000 operation=\"get\"":{"mean":4152306.226513031,"sqsum":449129308678.99146,"variance":15487217540.654877,"size":30},"n=1000000 operation=\"set\"":{"mean":3224090.731240751,"sqsum":172027437006.4505,"variance":5931980586.429328,"size":30},"n=1000000 operation=\"enumerate\"":{"mean":31248.637659688247,"sqsum":5852317.30473332,"variance":201804.04499080416,"size":30},"n=1000000 operation=\"query\"":{"mean":4730915.95447699,"sqsum":269485750006.4654,"variance":9292612069.188461,"size":30},"n=1000000 operation=\"delete\"":{"mean":3865323.2147280322,"sqsum":246843949419.05826,"variance":8511860324.795113,"size":30}},"bench-hrtime":{"n=1000000 type=\"raw\"":{"mean":22785428.598338462,"sqsum":20533945157957.254,"variance":708067074412.3191,"size":30},"n=1000000 type=\"diff\"":{"mean":20121849.22300387,"sqsum":5361145621804.259,"variance":184867090407.0434,"size":30},"n=1000000 type=\"bigint\"":{"mean":21704717.393993556,"sqsum":4022617730048.299,"variance":138710956208.562,"size":30}},"coverage":{"n=100000":{"mean":476804.8041854395,"sqsum":4043471641.7363257,"variance":139430056.61159742,"size":30}},"memoryUsage":{"n=100000":{"mean":193879.93201101373,"sqsum":200556414.36434478,"variance":6915738.426356716,"size":30}},"next-tick-breadth-args":{"n=10000000":{"mean":2560187.571967924,"sqsum":48000798806.97065,"variance":1655199958.861057,"size":30}},"next-tick-breadth":{"n=10000000":{"mean":5194202.746994634,"sqsum":117878434591.78311,"variance":4064773606.6132107,"size":30}},"next-tick-depth-args":{"n=7000000":{"mean":10084786.222102715,"sqsum":796627775411.0582,"variance":27469923290.03649,"size":30}},"next-tick-depth":{"n=7000000":{"mean":11795614.776900463,"sqsum":704991187295.7874,"variance":24310040941.234047,"size":30}},"next-tick-exec-args":{"n=4000000":{"mean":32171169.05451676,"sqsum":34885796764965.492,"variance":1202958509136.741,"size":30}},"next-tick-exec":{"n=4000000":{"mean":34722019.49205788,"sqsum":124124524698.2028,"variance":4280156024.0759587,"size":30}},"queue-microtask-breadth":{"n=400000":{"mean":3082341.3252960644,"sqsum":7593258511.253669,"variance":261836500.38805753,"size":30}},"queue-microtask-depth":{"n=1200000":{"mean":6528946.691097763,"sqsum":648230499624.4656,"variance":22352775849.119503,"size":30}},"resourceUsage":{"n=100000":{"mean":1250037.407799902,"sqsum":1430993041.0307117,"variance":49344587.62174867,"size":30}}}