{"echo":{"n=100000 payload=\"string\" sendsPerBroadcast=1 serialization=\"json\" workers=1":{"mean":37973.31612555675,"sqsum":27753377.39337538,"variance":957013.0135646684,"size":30},"n=100000 payload=\"string\" sendsPerBroadcast=1 serialization=\"advanced\" workers=1":{"mean":27745.647139338034,"sqsum":6678543.420442959,"variance":230294.60070492962,"size":30},"n=100000 payload=\"string\" sendsPerBroadcast=10 serialization=\"json\" workers=1":{"mean":17053.95619331772,"sqsum":2424922.0500162016,"variance":83618.0017246966,"size":30},"n=100000 payload=\"string\" sendsPerBroadcast=10 serialization=\"advanced\" workers=1":{"mean":8185.346234896142,"sqsum":370500.6736926395,"variance":12775.88529974619,"size":30},"n=100000 payload=\"object\" sendsPerBroadcast=1 serialization=\"json\" workers=1":{"mean":31883.5869277264,"sqsum":8809100.25077774,"variance":303762.0776130255,"size":30},"n=100000 payload=\"object\" sendsPerBroadcast=1 serialization=\"advanced\" workers=1":{"mean":22632.25270367542,"sqsum":3774136.4543585107,"variance":130142.63635719001,"size":30},"n=100000 payload=\"object\" sendsPerBroadcast=10 serialization=\"json\" workers=1":{"mean":13351.966746365431,"sqsum":1494575.2411493827,"variance":51537.0772810132,"size":30},"n=100000 payload=\"object\" sendsPerBroadcast=10 serialization=\"advanced\" workers=1":{"mean":6154.261997253054,"sqsum":149389.92693924112,"variance":5151.376791008315,"size":30}}}