{"cpus":{"n=30000":{"mean":7323.760974413836,"sqsum":18236.48005285807,"variance":628.8441397537266,"size":30}},"loadavg":{"n=5000000":{"mean":281576.05715488043,"sqsum":417470669.0449688,"variance":14395540.311895475,"size":30}},"networkInterfaces":{"n=10000":{"mean":7626.576118997319,"sqsum":11006.80641365351,"variance":379.54504874667276,"size":30}}}