{"createInflate":{"chunkLen=1024 inputLen=16777216 n=100":{"mean":69.66600429650474,"sqsum":200.372033199257,"variance":6.909380455146793,"size":30}},"creation":{"n=500000 options=\"true\" type=\"Deflate\"":{"mean":314767.6356919716,"sqsum":1189527686.736997,"variance":41018196.0943792,"size":30},"n=500000 options=\"false\" type=\"Deflate\"":{"mean":312280.00338563864,"sqsum":1881519209.7875202,"variance":64879972.7512938,"size":30},"n=500000 options=\"true\" type=\"DeflateRaw\"":{"mean":314345.93537396967,"sqsum":1902857840.6349006,"variance":65615787.60810002,"size":30},"n=500000 options=\"false\" type=\"DeflateRaw\"":{"mean":311930.72247769096,"sqsum":1025978934.1466897,"variance":35378583.93609275,"size":30},"n=500000 options=\"true\" type=\"Inflate\"":{"mean":314667.51841128344,"sqsum":1559143586.1030164,"variance":53763571.93458677,"size":30},"n=500000 options=\"false\" type=\"Inflate\"":{"mean":311080.7589984909,"sqsum":2255016929.4128532,"variance":77759204.4625122,"size":30},"n=500000 options=\"true\" type=\"InflateRaw\"":{"mean":312640.4025047807,"sqsum":1780661184.2421691,"variance":61402109.80145411,"size":30},"n=500000 options=\"false\" type=\"InflateRaw\"":{"mean":310220.6412156479,"sqsum":908285525.3748717,"variance":31320190.53016799,"size":30},"n=500000 options=\"true\" type=\"Gzip\"":{"mean":315374.7061167206,"sqsum":796684974.0621744,"variance":27471895.65731636,"size":30},"n=500000 options=\"false\" type=\"Gzip\"":{"mean":309204.07035302976,"sqsum":1631463547.5286021,"variance":56257363.70788284,"size":30},"n=500000 options=\"true\" type=\"Gunzip\"":{"mean":315675.8609951429,"sqsum":1264484075.9056513,"variance":43602899.16916039,"size":30},"n=500000 options=\"false\" type=\"Gunzip\"":{"mean":313530.52901926154,"sqsum":1426684737.5287652,"variance":49196025.432026386,"size":30},"n=500000 options=\"true\" type=\"Unzip\"":{"mean":315946.1400352052,"sqsum":1428037569.4646223,"variance":49242674.80912491,"size":30},"n=500000 options=\"false\" type=\"Unzip\"":{"mean":312935.8111911486,"sqsum":692693416.0341954,"variance":23885979.863248117,"size":30},"n=500000 options=\"true\" type=\"BrotliCompress\"":{"mean":274191.0526951353,"sqsum":273431856.8266404,"variance":9428684.718160015,"size":30},"n=500000 options=\"false\" type=\"BrotliCompress\"":{"mean":272574.7218342137,"sqsum":1055710306.7048962,"variance":36403803.67947918,"size":30},"n=500000 options=\"true\" type=\"BrotliDecompress\"":{"mean":278741.7749201826,"sqsum":513926870.73538834,"variance":17721616.23225477,"size":30},"n=500000 options=\"false\" type=\"BrotliDecompress\"":{"mean":275391.5174836616,"sqsum":1061712829.7113173,"variance":36610787.231424734,"size":30}},"deflate":{"inputLen=1024 method=\"createDeflate\" n=400000":{"mean":84528.48921696362,"sqsum":446634790.9166771,"variance":15401199.686781969,"size":30},"inputLen=1024 method=\"deflate\" n=400000":{"mean":29821.255599679298,"sqsum":25944565.468029987,"variance":894640.1885527582,"size":30},"inputLen=1024 method=\"deflateSync\" n=400000":{"mean":87424.0915427513,"sqsum":48566316.63447473,"variance":1674700.573602577,"size":30}},"inflate":{"inputLen=1024 method=\"inflate\" n=400000":{"mean":47042.55385932812,"sqsum":41437428.40486369,"variance":1428876.841547024,"size":30},"inputLen=1024 method=\"inflateSync\" n=400000":{"mean":227928.07371150464,"sqsum":708721596.083704,"variance":24438675.727024276,"size":30}},"pipe":{"algorithm=\"gzip\" duration=5 inputLen=1024 type=\"string\"":{"mean":0.3439032426506317,"sqsum":0.0045583671536066316,"variance":0.00015718507426229765,"size":30},"algorithm=\"brotli\" duration=5 inputLen=1024 type=\"string\"":{"mean":0.2734893860141555,"sqsum":0.0009112942564348618,"variance":0.0000314239398770642,"size":30},"algorithm=\"gzip\" duration=5 inputLen=1024 type=\"buffer\"":{"mean":0.3684559450031993,"sqsum":0.007514674836002977,"variance":0.0002591267184828613,"size":30},"algorithm=\"brotli\" duration=5 inputLen=1024 type=\"buffer\"":{"mean":0.2830807129962909,"sqsum":0.00102602459144854,"variance":0.00003538015832581172,"size":30}}}