{"module-loader-circular":{"n=10000":{"mean":6406.988545594181,"sqsum":203305.42923914397,"variance":7010.532042729103,"size":30}},"module-loader-deep":{"cache=\"true\" ext=\"\" files=1000":{"mean":885685.6102413293,"sqsum":13382152974.71327,"variance":461453550.8521817,"size":30},"cache=\"false\" ext=\"\" files=1000":{"mean":5905.974408250539,"sqsum":144727.0997753121,"variance":4990.589647424555,"size":30},"cache=\"true\" ext=\".js\" files=1000":{"mean":871474.2355004745,"sqsum":18971296628.139626,"variance":654182642.3496422,"size":30},"cache=\"false\" ext=\".js\" files=1000":{"mean":6006.7919805935435,"sqsum":203697.48602443404,"variance":7024.0512422218635,"size":30}},"module-loader":{"cache=\"true\" dir=\"rel\" files=500 n=1 name=\"\"":{"mean":18517.80935465958,"sqsum":266418.73233270994,"variance":9186.852839058964,"size":30},"cache=\"false\" dir=\"rel\" files=500 n=1 name=\"\"":{"mean":4685.081047925698,"sqsum":79712.45424613968,"variance":2748.705318832403,"size":30},"cache=\"true\" dir=\"rel\" files=500 n=1000 name=\"\"":{"mean":1947060.2059112005,"sqsum":4212421012.162649,"variance":145255896.9711258,"size":30},"cache=\"false\" dir=\"rel\" files=500 n=1000 name=\"\"":{"mean":1472349.2027512237,"sqsum":2705043496.822806,"variance":93277361.9594071,"size":30},"cache=\"true\" dir=\"abs\" files=500 n=1 name=\"\"":{"mean":18534.06768729293,"sqsum":675350.8071636716,"variance":23287.958867712816,"size":30},"cache=\"false\" dir=\"abs\" files=500 n=1 name=\"\"":{"mean":4776.289315560789,"sqsum":72690.48494485831,"variance":2506.5684463744246,"size":30},"cache=\"true\" dir=\"abs\" files=500 n=1000 name=\"\"":{"mean":1934894.304477279,"sqsum":3264995427.6640687,"variance":112586049.22979547,"size":30},"cache=\"false\" dir=\"abs\" files=500 n=1000 name=\"\"":{"mean":1469021.6791398681,"sqsum":1515378118.452902,"variance":52254417.87768628,"size":30},"cache=\"true\" dir=\"rel\" files=500 n=1 name=\"/\"":{"mean":18494.25811685827,"sqsum":1325638.7661154573,"variance":45711.681590188186,"size":30},"cache=\"false\" dir=\"rel\" files=500 n=1 name=\"/\"":{"mean":4887.526216196901,"sqsum":82868.7699144516,"variance":2857.543790153503,"size":30},"cache=\"true\" dir=\"rel\" files=500 n=1000 name=\"/\"":{"mean":1913197.1552649455,"sqsum":3455827278.2952995,"variance":119166457.87225172,"size":30},"cache=\"false\" dir=\"rel\" files=500 n=1000 name=\"/\"":{"mean":1456269.7218311755,"sqsum":1817888884.0257094,"variance":62685823.58709343,"size":30},"cache=\"true\" dir=\"abs\" files=500 n=1 name=\"/\"":{"mean":18523.334258109942,"sqsum":217291.10633985506,"variance":7492.796770339829,"size":30},"cache=\"false\" dir=\"abs\" files=500 n=1 name=\"/\"":{"mean":4943.827106056912,"sqsum":66603.7398094626,"variance":2296.6806830849173,"size":30},"cache=\"true\" dir=\"abs\" files=500 n=1000 name=\"/\"":{"mean":1890268.2348926635,"sqsum":6619555720.226537,"variance":228260542.07677713,"size":30},"cache=\"false\" dir=\"abs\" files=500 n=1000 name=\"/\"":{"mean":1460264.7674433563,"sqsum":1737257834.5972526,"variance":59905442.57231906,"size":30},"cache=\"true\" dir=\"rel\" files=500 n=1 name=\"/index.js\"":{"mean":18453.264794766306,"sqsum":258191.23990777953,"variance":8903.146203716535,"size":30},"cache=\"false\" dir=\"rel\" files=500 n=1 name=\"/index.js\"":{"mean":5096.4241449553765,"sqsum":104701.7887830507,"variance":3610.406509760369,"size":30},"cache=\"true\" dir=\"rel\" files=500 n=1000 name=\"/index.js\"":{"mean":1867140.991252701,"sqsum":3528739712.1250157,"variance":121680679.72844882,"size":30},"cache=\"false\" dir=\"rel\" files=500 n=1000 name=\"/index.js\"":{"mean":1442285.3759231695,"sqsum":13602746317.18815,"variance":469060217.83407414,"size":30},"cache=\"true\" dir=\"abs\" files=500 n=1 name=\"/index.js\"":{"mean":18472.098065092774,"sqsum":402973.4693005202,"variance":13895.63687243173,"size":30},"cache=\"false\" dir=\"abs\" files=500 n=1 name=\"/index.js\"":{"mean":5179.187878051756,"sqsum":60651.36503888639,"variance":2091.426380651255,"size":30},"cache=\"true\" dir=\"abs\" files=500 n=1000 name=\"/index.js\"":{"mean":1834173.0278737019,"sqsum":6393964017.902684,"variance":220481517.85871324,"size":30},"cache=\"false\" dir=\"abs\" files=500 n=1000 name=\"/index.js\"":{"mean":1434286.9304860476,"sqsum":1356587190.4978983,"variance":46778868.63785856,"size":30}},"module-require":{"n=10000 type=\".js\"":{"mean":10708.562712905174,"sqsum":558786.1751508535,"variance":19268.488798305294,"size":30},"n=10000 type=\".json\"":{"mean":22061.551019019982,"sqsum":5548231.020707071,"variance":191318.31105886452,"size":30},"n=10000 type=\"dir\"":{"mean":9015.024805818908,"sqsum":416300.6237883403,"variance":14355.193923735873,"size":30}}}