{"create-context":{"n=100":{"mean":1924.0257366026954,"sqsum":9293.144207965366,"variance":320.45324855052985,"size":30}},"run-in-context":{"breakOnSigint=0 n=1 withSigintListener=0":{"mean":3007.113415027876,"sqsum":508772.9299960629,"variance":17543.894137795272,"size":30},"breakOnSigint=0 n=1 withSigintListener=1":{"mean":3299.3375508278805,"sqsum":208722.51491973075,"variance":7197.32810068037,"size":30},"breakOnSigint=1 n=1 withSigintListener=0":{"mean":2038.8560123514694,"sqsum":1585513.0019353197,"variance":54672.862135700685,"size":30},"breakOnSigint=1 n=1 withSigintListener=1":{"mean":1521.9779708804078,"sqsum":143832.61165374867,"variance":4959.745229439609,"size":30}},"run-in-this-context":{"breakOnSigint=0 n=1 withSigintListener=0":{"mean":3395.1708453266224,"sqsum":655210.856504004,"variance":22593.477810482895,"size":30},"breakOnSigint=0 n=1 withSigintListener=1":{"mean":3421.7806133511926,"sqsum":1015240.6191140915,"variance":35008.297210830744,"size":30},"breakOnSigint=1 n=1 withSigintListener=0":{"mean":2269.8867406635827,"sqsum":904811.7233276017,"variance":31200.404252675922,"size":30},"breakOnSigint=1 n=1 withSigintListener=1":{"mean":1563.387515901031,"sqsum":194657.2961781902,"variance":6712.320557868628,"size":30}}}