{"defaultparams-bench":{"method=\"withoutdefaults\" n=100000000":{"mean":561743517.6217754,"sqsum":516034127333959.1,"variance":17794280252895.14,"size":30},"method=\"withdefaults\" n=100000000":{"mean":565407276.8054844,"sqsum":415098677662371.8,"variance":14313747505599.027,"size":30}},"destructuring-bench":{"method=\"swap\" n=100000000":{"mean":377661729.5525308,"sqsum":59369415182169.66,"variance":2047221213178.2642,"size":30},"method=\"destructure\" n=100000000":{"mean":264199223.29552522,"sqsum":24380695808099.785,"variance":840713648555.1649,"size":30}},"destructuring-object-bench":{"method=\"normal\" n=100000000":{"mean":1116877036.4562337,"sqsum":2914075030344260.5,"variance":100485345873940.02,"size":30},"method=\"destructureObject\" n=100000000":{"mean":1126492175.2906666,"sqsum":3520065740953398,"variance":121381577274255.1,"size":30}},"foreach-bench":{"count=5 method=\"for\" n=5000000":{"mean":176748828.23052868,"sqsum":48768885140908.39,"variance":1681685694514.0823,"size":30},"count=10 method=\"for\" n=5000000":{"mean":115875330.01112244,"sqsum":3329773168922.178,"variance":114819764445.59235,"size":30},"count=20 method=\"for\" n=5000000":{"mean":67009107.33125036,"sqsum":461443969121261.75,"variance":15911861004181.44,"size":30},"count=100 method=\"for\" n=5000000":{"mean":14316696.286307277,"sqsum":250331499419.8333,"variance":8632120669.649424,"size":30},"count=5 method=\"for-of\" n=5000000":{"mean":124422711.09676443,"sqsum":44229935415777.27,"variance":1525170186750.9404,"size":30},"count=10 method=\"for-of\" n=5000000":{"mean":84379604.79440218,"sqsum":6097549576084.97,"variance":210260330209.82654,"size":30},"count=20 method=\"for-of\" n=5000000":{"mean":30070994.229443267,"sqsum":5009071375080.107,"variance":172726599140.69336,"size":30},"count=100 method=\"for-of\" n=5000000":{"mean":12639973.698448516,"sqsum":38779795790.41457,"variance":1337234337.6005025,"size":30},"count=5 method=\"for-in\" n=5000000":{"mean":3839677.7121241954,"sqsum":2950769613.679559,"variance":101750676.3337779,"size":30},"count=10 method=\"for-in\" n=5000000":{"mean":2375242.2801728477,"sqsum":307048547.416406,"variance":10587880.945393309,"size":30},"count=20 method=\"for-in\" n=5000000":{"mean":1425207.685884781,"sqsum":38709681907.16093,"variance":1334816617.4883077,"size":30},"count=100 method=\"for-in\" n=5000000":{"mean":340302.0028046709,"sqsum":16743941.216025073,"variance":577377.2833112094,"size":30},"count=5 method=\"forEach\" n=5000000":{"mean":142783216.6829868,"sqsum":20843255027301.336,"variance":718732931975.9082,"size":30},"count=10 method=\"forEach\" n=5000000":{"mean":114670322.65958107,"sqsum":79554729706795.05,"variance":2743266541613.6226,"size":30},"count=20 method=\"forEach\" n=5000000":{"mean":75737055.9682005,"sqsum":8480523172197.644,"variance":292431833524.0567,"size":30},"count=100 method=\"forEach\" n=5000000":{"mean":22823647.21163452,"sqsum":713338759236.3296,"variance":24597888249.528606,"size":30}},"map-bench":{"method=\"object\" n=1000000":{"mean":496895.436801474,"sqsum":264542438.69935006,"variance":9122153.058598278,"size":30},"method=\"nullProtoObject\" n=1000000":{"mean":514318.30531140784,"sqsum":532477825.19851536,"variance":18361304.317190185,"size":30},"method=\"nullProtoLiteralObject\" n=1000000":{"mean":514281.81184919213,"sqsum":430200526.5234453,"variance":14834500.914601563,"size":30},"method=\"storageObject\" n=1000000":{"mean":509625.664117841,"sqsum":736623270.9710746,"variance":25400802.447278436,"size":30},"method=\"fakeMap\" n=1000000":{"mean":415882.7491376887,"sqsum":155804728.64571628,"variance":5372576.849852285,"size":30},"method=\"map\" n=1000000":{"mean":863816.2044248122,"sqsum":4547736970.213218,"variance":156818516.2142489,"size":30}},"restparams-bench":{"method=\"copy\" n=100000000":{"mean":40793311.493381545,"sqsum":547668558017.0731,"variance":18885122690.2439,"size":30},"method=\"rest\" n=100000000":{"mean":163782796.86902478,"sqsum":3865812740621.918,"variance":133303887607.65234,"size":30},"method=\"arguments\" n=100000000":{"mean":163808348.11395812,"sqsum":4300300882132.3457,"variance":148286237314.90848,"size":30}},"spread-assign":{"count=5 method=\"spread\" n=1000000":{"mean":34225576.15067373,"sqsum":2614960549356.3164,"variance":90171053426.07988,"size":30},"count=10 method=\"spread\" n=1000000":{"mean":29924194.266249552,"sqsum":444351271716.7495,"variance":15322457645.405155,"size":30},"count=20 method=\"spread\" n=1000000":{"mean":165180.95308914484,"sqsum":238799794.0475296,"variance":8234475.656811366,"size":30},"count=5 method=\"assign\" n=1000000":{"mean":8646305.83041619,"sqsum":226832510564.543,"variance":7821810709.122172,"size":30},"count=10 method=\"assign\" n=1000000":{"mean":4455009.204700816,"sqsum":22414781165.715446,"variance":772923488.4729464,"size":30},"count=20 method=\"assign\" n=1000000":{"mean":138857.808673875,"sqsum":153749964.48488823,"variance":5301722.913272007,"size":30},"count=5 method=\"_extend\" n=1000000":{"mean":4881000.774710251,"sqsum":10483717944.660255,"variance":361507515.33311224,"size":30},"count=10 method=\"_extend\" n=1000000":{"mean":2567564.4688745085,"sqsum":8178647363.370176,"variance":282022322.87483364,"size":30},"count=20 method=\"_extend\" n=1000000":{"mean":446812.7561152899,"sqsum":1007899771.9072984,"variance":34755164.54852753,"size":30}},"spread-bench":{"context=\"context\" count=5 method=\"apply\" n=5000000 rest=0":{"mean":46808791.49149683,"sqsum":2384372058653.2563,"variance":82219726160.45712,"size":30},"context=\"context\" count=5 method=\"apply\" n=5000000 rest=1":{"mean":44243678.003165506,"sqsum":14997552630679.984,"variance":517156987264.827,"size":30},"context=\"null\" count=5 method=\"apply\" n=5000000 rest=0":{"mean":47564253.4957939,"sqsum":5771471066205.712,"variance":199016243662.2659,"size":30},"context=\"null\" count=5 method=\"apply\" n=5000000 rest=1":{"mean":44327319.14478522,"sqsum":11693702782213.273,"variance":403231130421.1474,"size":30},"context=\"context\" count=10 method=\"apply\" n=5000000 rest=0":{"mean":39050197.485816896,"sqsum":4106903617440.8965,"variance":141617366118.6516,"size":30},"context=\"context\" count=10 method=\"apply\" n=5000000 rest=1":{"mean":37036979.10618056,"sqsum":6090587292774.905,"variance":210020251474.99673,"size":30},"context=\"null\" count=10 method=\"apply\" n=5000000 rest=0":{"mean":39275424.02140459,"sqsum":5194756272383.497,"variance":179129526633.9137,"size":30},"context=\"null\" count=10 method=\"apply\" n=5000000 rest=1":{"mean":36616106.64333307,"sqsum":22912745042168.375,"variance":790094656626.4956,"size":30},"context=\"context\" count=20 method=\"apply\" n=5000000 rest=0":{"mean":29317213.093771253,"sqsum":1815396666125.738,"variance":62599885038.81855,"size":30},"context=\"context\" count=20 method=\"apply\" n=5000000 rest=1":{"mean":27968441.097122286,"sqsum":2257118566256.5615,"variance":77831674698.50212,"size":30},"context=\"null\" count=20 method=\"apply\" n=5000000 rest=0":{"mean":29111471.90145701,"sqsum":1349052289660.7527,"variance":46519044471.06043,"size":30},"context=\"null\" count=20 method=\"apply\" n=5000000 rest=1":{"mean":27959601.62902307,"sqsum":1428920880999.9888,"variance":49273133827.58582,"size":30},"context=\"context\" count=5 method=\"spread\" n=5000000 rest=0":{"mean":49538446.90686335,"sqsum":13356814641582.838,"variance":460579815226.9944,"size":30},"context=\"context\" count=5 method=\"spread\" n=5000000 rest=1":{"mean":47366989.18655568,"sqsum":10943577278327.562,"variance":377364733735.4332,"size":30},"context=\"null\" count=5 method=\"spread\" n=5000000 rest=0":{"mean":57969635.514993295,"sqsum":20719636349861.523,"variance":714470218960.7422,"size":30},"context=\"null\" count=5 method=\"spread\" n=5000000 rest=1":{"mean":54175669.902895436,"sqsum":12108855091547.402,"variance":417546727294.738,"size":30},"context=\"context\" count=10 method=\"spread\" n=5000000 rest=0":{"mean":39224269.6460405,