{"async-resource-vs-destroy":{"asyncMethod=\"callbacks\" benchmarker=\"test-double-http\" connections=500 duration=5 n=1000000 path=\"/\" type=\"async-resource\"":{"mean":421.2,"sqsum":240.8,"variance":8.303448275862069,"size":30},"asyncMethod=\"async\" benchmarker=\"test-double-http\" connections=500 duration=5 n=1000000 path=\"/\" type=\"async-resource\"":{"mean":419,"sqsum":154,"variance":5.310344827586207,"size":30},"asyncMethod=\"callbacks\" benchmarker=\"test-double-http\" connections=500 duration=5 n=1000000 path=\"/\" type=\"destroy\"":{"mean":421.8666666666667,"sqsum":179.46666666666667,"variance":6.188505747126437,"size":30},"asyncMethod=\"async\" benchmarker=\"test-double-http\" connections=500 duration=5 n=1000000 path=\"/\" type=\"destroy\"":{"mean":420.6666666666667,"sqsum":374.6666666666667,"variance":12.919540229885056,"size":30},"asyncMethod=\"callbacks\" benchmarker=\"test-double-http\" connections=500 duration=5 n=1000000 path=\"/\" type=\"async-local-storage\"":{"mean":419.9,"sqsum":256.7,"variance":8.851724137931035,"size":30},"asyncMethod=\"async\" benchmarker=\"test-double-http\" connections=500 duration=5 n=1000000 path=\"/\" type=\"async-local-storage\"":{"mean":417.43333333333334,"sqsum":231.36666666666667,"variance":7.97816091954023,"size":30}},"gc-tracking":{"method=\"trackingEnabled\" n=1000000":{"mean":47882644.44486318,"sqsum":6128469050044.107,"variance":211326518967.03818,"size":30},"method=\"trackingEnabledWithDestroyHook\" n=1000000":{"mean":1232522.7109676732,"sqsum":16167337923.694431,"variance":557494411.1618769,"size":30},"method=\"trackingDisabled\" n=1000000":{"mean":50863388.012082614,"sqsum":10423794046821.98,"variance":359441174028.3442,"size":30}},"http-server":{"asyncHooks=\"init\" benchmarker=\"test-double-http\" connections=50 duration=5":{"mean":13632.8,"sqsum":190512.8,"variance":6569.4068965517245,"size":30},"asyncHooks=\"init\" benchmarker=\"test-double-http\" connections=500 duration=5":{"mean":13598.166666666666,"sqsum":181030.16666666666,"variance":6242.419540229885,"size":30},"asyncHooks=\"before\" benchmarker=\"test-double-http\" connections=50 duration=5":{"mean":13692.566666666668,"sqsum":133229.36666666667,"variance":4594.1160919540225,"size":30},"asyncHooks=\"before\" benchmarker=\"test-double-http\" connections=500 duration=5":{"mean":13732.033333333333,"sqsum":179176.96666666667,"variance":6178.516091954023,"size":30},"asyncHooks=\"after\" benchmarker=\"test-double-http\" connections=50 duration=5":{"mean":13743.566666666668,"sqsum":123621.36666666667,"variance":4262.8057471264365,"size":30},"asyncHooks=\"after\" benchmarker=\"test-double-http\" connections=500 duration=5":{"mean":13755.966666666667,"sqsum":117542.96666666666,"variance":4053.2057471264366,"size":30},"asyncHooks=\"all\" benchmarker=\"test-double-http\" connections=50 duration=5":{"mean":13681.6,"sqsum":183291.2,"variance":6320.386206896552,"size":30},"asyncHooks=\"all\" benchmarker=\"test-double-http\" connections=500 duration=5":{"mean":13673.9,"sqsum":219340.7,"variance":7563.472413793103,"size":30},"asyncHooks=\"disabled\" benchmarker=\"test-double-http\" connections=50 duration=5":{"mean":13708.133333333333,"sqsum":152137.46666666667,"variance":5246.119540229885,"size":30},"asyncHooks=\"disabled\" benchmarker=\"test-double-http\" connections=500 duration=5":{"mean":13709.6,"sqsum":197095.2,"variance":6796.386206896552,"size":30},"asyncHooks=\"none\" benchmarker=\"test-double-http\" connections=50 duration=5":{"mean":13696.733333333334,"sqsum":243747.86666666667,"variance":8405.098850574712,"size":30},"asyncHooks=\"none\" benchmarker=\"test-double-http\" connections=500 duration=5":{"mean":13701.033333333333,"sqsum":204958.96666666667,"variance":7067.5505747126435,"size":30}},"promises":{"asyncHooks=\"enabled\" n=1000000":{"mean":133668.78023654435,"sqsum":117466810.56910072,"variance":4050579.6747965766,"size":30},"asyncHooks=\"enabledWithDestroy\" n=1000000":{"mean":103484.83663457766,"sqsum":58467009.81219115,"variance":2016103.7866272812,"size":30},"asyncHooks=\"enabledWithInitOnly\" n=1000000":{"mean":158735.87334910667,"sqsum":110051738.37162988,"variance":3794887.530056203,"size":30},"asyncHooks=\"disabled\" n=1000000":{"mean":919300.0471124488,"sqsum":14325668266.96772,"variance":493988560.9299214,"size":30}}}