{"convertprotocols":{"n=1":{"mean":2339.0918596930055,"sqsum":620961.4819785442,"variance":21412.46489581187,"size":30},"n=50000":{"mean":669105.2084296462,"sqsum":11318408866.192017,"variance":390289960.90317297,"size":30}},"secure-pair":{"dur=5 securing=\"SecurePair\" size=100":{"mean":346.35828346806704,"sqsum":139.55955233692185,"variance":4.8123983564455814,"size":30},"dur=5 securing=\"SecurePair\" size=1024":{"mean":380.05449039155275,"sqsum":71.46103051425305,"variance":2.464173466008726,"size":30},"dur=5 securing=\"SecurePair\" size=1048576":{"mean":456.5281931210764,"sqsum":81.6074068000517,"variance":2.8140485103466104,"size":30},"dur=5 securing=\"TLSSocket\" size=100":{"mean":345.50437031979345,"sqsum":71.04963715836837,"variance":2.449987488219599,"size":30},"dur=5 securing=\"TLSSocket\" size=1024":{"mean":384.49423543581986,"sqsum":26.346527296106125,"variance":0.9085009412450388,"size":30},"dur=5 securing=\"TLSSocket\" size=1048576":{"mean":456.44121220884904,"sqsum":43.49478880938524,"variance":1.499820303771905,"size":30},"dur=5 securing=\"clear\" size=100":{"mean":249.02254287857704,"sqsum":444.6390340462838,"variance":15.332380484354616,"size":30},"dur=5 securing=\"clear\" size=1024":{"mean":1957.5910426562534,"sqsum":27962.698437735424,"variance":964.2309806115663,"size":30},"dur=5 securing=\"clear\" size=1048576":{"mean":6363.364558827032,"sqsum":47014.294040152985,"variance":1621.1825531087236,"size":30}},"throughput":{"dur=5 size=100 type=\"buf\"":{"mean":381.2738594628398,"sqsum":65.02083515096608,"variance":2.2420977638264166,"size":30},"dur=5 size=1024 type=\"buf\"":{"mean":434.6487901402642,"sqsum":37.92423379772951,"variance":1.307732199921707,"size":30},"dur=5 size=1048576 type=\"buf\"":{"mean":505.81584836875487,"sqsum":34.11877959769812,"variance":1.1765096412999352,"size":30},"dur=5 size=4194304 type=\"buf\"":{"mean":497.09123396172566,"sqsum":35.582360572060054,"variance":1.2269779507606915,"size":30},"dur=5 size=16777216 type=\"buf\"":{"mean":490.81322848856905,"sqsum":463.55629606329364,"variance":15.984699864251505,"size":30},"dur=5 size=100 type=\"asc\"":{"mean":293.4373028985183,"sqsum":614.7679956148003,"variance":21.198896400510357,"size":30},"dur=5 size=1024 type=\"asc\"":{"mean":418.0686523834486,"sqsum":63.16904782023552,"variance":2.1782430282839833,"size":30},"dur=5 size=1048576 type=\"asc\"":{"mean":500.22077304134314,"sqsum":29.502046417127552,"variance":1.0173119454181914,"size":30},"dur=5 size=4194304 type=\"asc\"":{"mean":491.68270812456024,"sqsum":25.38081330882398,"variance":0.8752004589249648,"size":30},"dur=5 size=16777216 type=\"asc\"":{"mean":491.16108661509304,"sqsum":94.34928623434486,"variance":3.253423663253271,"size":30},"dur=5 size=100 type=\"utf\"":{"mean":302.97151235370916,"sqsum":512.6301392851044,"variance":17.676901354658774,"size":30},"dur=5 size=1024 type=\"utf\"":{"mean":417.10276539105456,"sqsum":57.468819127469004,"variance":1.9816834181885863,"size":30},"dur=5 size=1048576 type=\"utf\"":{"mean":468.42621288562384,"sqsum":68.69434343406485,"variance":2.3687704632436155,"size":30},"dur=5 size=4194304 type=\"utf\"":{"mean":462.792767565957,"sqsum":42.68715761914309,"variance":1.4719709523842448,"size":30},"dur=5 size=16777216 type=\"utf\"":{"mean":451.41001354291257,"sqsum":33.63452440678292,"variance":1.1598111864407905,"size":30}},"tls-connect":{"concurrency=1 dur=5":{"mean":290.15773438510263,"sqsum":15.653219027429108,"variance":0.5397661733596244,"size":30},"concurrency=10 dur=5":{"mean":298.991900632682,"sqsum":51.57126987186277,"variance":1.7783196507538885,"size":30}}}