{"module-loader-circular":{"n=10000":{"mean":6245.54028939986,"sqsum":210912.15665754458,"variance":7272.832988191192,"size":30}},"module-loader-deep":{"cache=\"true\" ext=\"\" files=1000":{"mean":726803.4093031016,"sqsum":32054727499.036427,"variance":1105335431.001256,"size":30},"cache=\"false\" ext=\"\" files=1000":{"mean":5235.544513546056,"sqsum":104459.93729847936,"variance":3602.06680339584,"size":30},"cache=\"true\" ext=\".js\" files=1000":{"mean":749890.7932451727,"sqsum":30071425145.76327,"variance":1036945694.6814921,"size":30},"cache=\"false\" ext=\".js\" files=1000":{"mean":5321.2559359609395,"sqsum":118282.37635572765,"variance":4078.702632956126,"size":30}},"module-loader":{"cache=\"true\" dir=\"rel\" files=500 n=1 name=\"\"":{"mean":18181.63057502384,"sqsum":960485.2742133451,"variance":33120.181869425694,"size":30},"cache=\"false\" dir=\"rel\" files=500 n=1 name=\"\"":{"mean":4228.915169738455,"sqsum":40165.49317730801,"variance":1385.017006114069,"size":30},"cache=\"true\" dir=\"rel\" files=500 n=1000 name=\"\"":{"mean":1906389.2223706678,"sqsum":5935695562.100401,"variance":204679157.31380692,"size":30},"cache=\"false\" dir=\"rel\" files=500 n=1000 name=\"\"":{"mean":1400292.9543831546,"sqsum":772179149.9870363,"variance":26626867.240932286,"size":30},"cache=\"true\" dir=\"abs\" files=500 n=1 name=\"\"":{"mean":18192.65103912656,"sqsum":534437.6938639842,"variance":18428.885995309796,"size":30},"cache=\"false\" dir=\"abs\" files=500 n=1 name=\"\"":{"mean":4294.676693493454,"sqsum":53910.03412824828,"variance":1858.9666940775267,"size":30},"cache=\"true\" dir=\"abs\" files=500 n=1000 name=\"\"":{"mean":1902379.885462941,"sqsum":4164445488.5725927,"variance":143601568.5714687,"size":30},"cache=\"false\" dir=\"abs\" files=500 n=1000 name=\"\"":{"mean":1404859.45868984,"sqsum":579700441.3080195,"variance":19989670.389931705,"size":30},"cache=\"true\" dir=\"rel\" files=500 n=1 name=\"/\"":{"mean":18144.856235898376,"sqsum":180834.76984176924,"variance":6235.681718681698,"size":30},"cache=\"false\" dir=\"rel\" files=500 n=1 name=\"/\"":{"mean":4387.624286529201,"sqsum":59820.869374111964,"variance":2062.788599107309,"size":30},"cache=\"true\" dir=\"rel\" files=500 n=1000 name=\"/\"":{"mean":1861359.6293290607,"sqsum":16714173230.825768,"variance":576350801.0629575,"size":30},"cache=\"false\" dir=\"rel\" files=500 n=1000 name=\"/\"":{"mean":1384714.560061231,"sqsum":1290705506.0977187,"variance":44507086.41716272,"size":30},"cache=\"true\" dir=\"abs\" files=500 n=1 name=\"/\"":{"mean":18187.00092312636,"sqsum":378751.0022024444,"variance":13060.379386291188,"size":30},"cache=\"false\" dir=\"abs\" files=500 n=1 name=\"/\"":{"mean":4443.292190422939,"sqsum":55778.65071554472,"variance":1923.401748811887,"size":30},"cache=\"true\" dir=\"abs\" files=500 n=1000 name=\"/\"":{"mean":1855287.033183866,"sqsum":4151212152.9162292,"variance":143145246.65228376,"size":30},"cache=\"false\" dir=\"abs\" files=500 n=1000 name=\"/\"":{"mean":1389312.615170562,"sqsum":3371839708.6441183,"variance":116270334.78083166,"size":30},"cache=\"true\" dir=\"rel\" files=500 n=1 name=\"/index.js\"":{"mean":18110.327880681412,"sqsum":269552.8909494829,"variance":9294.927274120102,"size":30},"cache=\"false\" dir=\"rel\" files=500 n=1 name=\"/index.js\"":{"mean":4569.715410106922,"sqsum":63831.518881440286,"variance":2201.0868579806997,"size":30},"cache=\"true\" dir=\"rel\" files=500 n=1000 name=\"/index.js\"":{"mean":1815336.0631491486,"sqsum":12752087346.986128,"variance":439727149.8960734,"size":30},"cache=\"false\" dir=\"rel\" files=500 n=1000 name=\"/index.js\"":{"mean":1377775.524020422,"sqsum":2522552385.941074,"variance":86984565.03245082,"size":30},"cache=\"true\" dir=\"abs\" files=500 n=1 name=\"/index.js\"":{"mean":18541.27100701156,"sqsum":541353.0568666353,"variance":18667.346788504667,"size":30},"cache=\"false\" dir=\"abs\" files=500 n=1 name=\"/index.js\"":{"mean":4648.321931993196,"sqsum":55106.79304356809,"variance":1900.2342428816582,"size":30},"cache=\"true\" dir=\"abs\" files=500 n=1000 name=\"/index.js\"":{"mean":1812548.167337198,"sqsum":2552087389.557497,"variance":88003013.43301713,"size":30},"cache=\"false\" dir=\"abs\" files=500 n=1000 name=\"/index.js\"":{"mean":1376592.2724932411,"sqsum":1226454168.099813,"variance":42291523.03792458,"size":30}},"module-require":{"n=10000 type=\".js\"":{"mean":10220.63238339627,"sqsum":505521.8989058703,"variance":17431.789617443803,"size":30},"n=10000 type=\".json\"":{"mean":20522.922417460253,"sqsum":2396081.3886476518,"variance":82623.49616026385,"size":30},"n=10000 type=\"dir\"":{"mean":8641.895633737617,"sqsum":237914.6961798458,"variance":8203.95504068434,"size":30}}}