{"createInflate":{"chunkLen=1024 inputLen=16777216 n=100":{"mean":26.387427548791496,"sqsum":2744.450944822204,"variance":94.63623947662771,"size":30}},"creation":{"n=500000 options=\"true\" type=\"Deflate\"":{"mean":186695.3361184147,"sqsum":350790701.53762937,"variance":12096231.08750446,"size":30},"n=500000 options=\"false\" type=\"Deflate\"":{"mean":185162.6851115453,"sqsum":352800333.0722369,"variance":12165528.726628859,"size":30},"n=500000 options=\"true\" type=\"DeflateRaw\"":{"mean":184887.05362309347,"sqsum":155673177.184283,"variance":5368040.5925614815,"size":30},"n=500000 options=\"false\" type=\"DeflateRaw\"":{"mean":185972.38851893248,"sqsum":114455503.10959198,"variance":3946741.4865376544,"size":30},"n=500000 options=\"true\" type=\"Inflate\"":{"mean":186433.7739194672,"sqsum":186160035.49543464,"variance":6419311.568808091,"size":30},"n=500000 options=\"false\" type=\"Inflate\"":{"mean":185362.5210789538,"sqsum":214245806.6979319,"variance":7387786.43785972,"size":30},"n=500000 options=\"true\" type=\"InflateRaw\"":{"mean":185089.0252169792,"sqsum":393326263.1650042,"variance":13562974.591896696,"size":30},"n=500000 options=\"false\" type=\"InflateRaw\"":{"mean":186258.4515476289,"sqsum":340957396.1841837,"variance":11757151.59255806,"size":30},"n=500000 options=\"true\" type=\"Gzip\"":{"mean":185348.7086879111,"sqsum":453688769.75782514,"variance":15644440.336476728,"size":30},"n=500000 options=\"false\" type=\"Gzip\"":{"mean":186741.58045631496,"sqsum":461378792.576389,"variance":15909613.537116863,"size":30},"n=500000 options=\"true\" type=\"Gunzip\"":{"mean":185875.33252316003,"sqsum":129052193.52103692,"variance":4450075.638656446,"size":30},"n=500000 options=\"false\" type=\"Gunzip\"":{"mean":185594.30376849216,"sqsum":285177428.9416799,"variance":9833704.446264824,"size":30},"n=500000 options=\"true\" type=\"Unzip\"":{"mean":187097.69767824715,"sqsum":543410040.8823466,"variance":18738277.271805055,"size":30},"n=500000 options=\"false\" type=\"Unzip\"":{"mean":185870.43157852397,"sqsum":158119352.80560714,"variance":5452391.476055418,"size":30},"n=500000 options=\"true\" type=\"BrotliCompress\"":{"mean":167430.51891560474,"sqsum":272718678.56119144,"variance":9404092.364179015,"size":30},"n=500000 options=\"false\" type=\"BrotliCompress\"":{"mean":168265.58013636732,"sqsum":427174166.0948181,"variance":14730143.658442006,"size":30},"n=500000 options=\"true\" type=\"BrotliDecompress\"":{"mean":166323.11792762016,"sqsum":319449784.9227705,"variance":11015509.82492312,"size":30},"n=500000 options=\"false\" type=\"BrotliDecompress\"":{"mean":166732.67935110733,"sqsum":707945853.271076,"variance":24411925.974864688,"size":30}},"deflate":{"inputLen=1024 method=\"createDeflate\" n=400000":{"mean":29825.943328196827,"sqsum":3127775078.6501675,"variance":107854313.05690232,"size":30},"inputLen=1024 method=\"deflate\" n=400000":{"mean":10404.178984197193,"sqsum":194746266.10704523,"variance":6715388.486449835,"size":30},"inputLen=1024 method=\"deflateSync\" n=400000":{"mean":45469.481734582514,"sqsum":6422530.507763648,"variance":221466.56923322924,"size":30}},"inflate":{"inputLen=1024 method=\"inflate\" n=400000":{"mean":18290.176130759035,"sqsum":190630136.81263012,"variance":6573452.993538969,"size":30},"inputLen=1024 method=\"inflateSync\" n=400000":{"mean":121965.47594514833,"sqsum":161500854.63539526,"variance":5568994.987427423,"size":30}},"pipe":{"algorithm=\"gzip\" duration=5 inputLen=1024 type=\"string\"":{"mean":0.05545284905507107,"sqsum":0.0011957918520981165,"variance":0.00004123420179648677,"size":30},"algorithm=\"brotli\" duration=5 inputLen=1024 type=\"string\"":{"mean":0.13145835624336916,"sqsum":0.012756038503671486,"variance":0.0004398633966783271,"size":30},"algorithm=\"gzip\" duration=5 inputLen=1024 type=\"buffer\"":{"mean":0.06741717553613083,"sqsum":0.005071000371504506,"variance":0.00017486208177601746,"size":30},"algorithm=\"brotli\" duration=5 inputLen=1024 type=\"buffer\"":{"mean":0.12266808591023316,"sqsum":0.02360245048576506,"variance":0.0008138776029574158,"size":30}}}