{"convertprotocols":{"n=1":{"mean":3995.5047071647477,"sqsum":1549664.9225172594,"variance":53436.72146611239,"size":30},"n=50000":{"mean":1034051.945247175,"sqsum":3755123582.495013,"variance":129487020.08603494,"size":30}},"secure-pair":{"dur=5 securing=\"SecurePair\" size=100":{"mean":1864.9694850564001,"sqsum":35073.58792381754,"variance":1209.4340663385358,"size":30},"dur=5 securing=\"SecurePair\" size=1024":{"mean":2625.2487184355787,"sqsum":32762.680874817204,"variance":1129.747616373007,"size":30},"dur=5 securing=\"SecurePair\" size=1048576":{"mean":3865.643085686346,"sqsum":254241.78142269328,"variance":8766.957980092871,"size":30},"dur=5 securing=\"TLSSocket\" size=100":{"mean":1876.4432791492782,"sqsum":13736.062875942514,"variance":473.6573405497419,"size":30},"dur=5 securing=\"TLSSocket\" size=1024":{"mean":2722.873697929352,"sqsum":38101.09052794528,"variance":1313.830707860182,"size":30},"dur=5 securing=\"TLSSocket\" size=1048576":{"mean":4232.878006012595,"sqsum":53542.83783463759,"variance":1846.3047529185376,"size":30},"dur=5 securing=\"clear\" size=100":{"mean":649.086350760434,"sqsum":4257.006226466946,"variance":146.79331815403262,"size":30},"dur=5 securing=\"clear\" size=1024":{"mean":4223.553752474136,"sqsum":2782393.78982418,"variance":95944.6134422131,"size":30},"dur=5 securing=\"clear\" size=1048576":{"mean":8615.096814512359,"sqsum":6388785.4966926975,"variance":220302.94816181713,"size":30}},"throughput-c2s":{"dur=5 size=100 type=\"buf\"":{"mean":2231.358589790536,"sqsum":8785.98616586461,"variance":302.9650402022279,"size":30},"dur=5 size=1024 type=\"buf\"":{"mean":3702.330732879782,"sqsum":26823.760404006676,"variance":924.9572553105751,"size":30},"dur=5 size=1048576 type=\"buf\"":{"mean":6373.941376117408,"sqsum":75308.66406525056,"variance":2596.85048500864,"size":30},"dur=5 size=4194304 type=\"buf\"":{"mean":5953.5962783732275,"sqsum":30853.21981423397,"variance":1063.9041315253094,"size":30},"dur=5 size=16777216 type=\"buf\"":{"mean":5805.271967744301,"sqsum":29831.835243122132,"variance":1028.6839739007632,"size":30},"dur=5 size=100 type=\"asc\"":{"mean":1172.3956495772359,"sqsum":1331.2085985483445,"variance":45.90374477752912,"size":30},"dur=5 size=1024 type=\"asc\"":{"mean":3130.8761946107666,"sqsum":29012.635161467177,"variance":1000.4356952230061,"size":30},"dur=5 size=1048576 type=\"asc\"":{"mean":5981.167145533867,"sqsum":174032.2216194233,"variance":6001.111090324941,"size":30},"dur=5 size=4194304 type=\"asc\"":{"mean":5256.700187183467,"sqsum":18262.816625984487,"variance":629.752297447741,"size":30},"dur=5 size=16777216 type=\"asc\"":{"mean":5367.782064137382,"sqsum":26474.63691171171,"variance":912.9185141969556,"size":30},"dur=5 size=100 type=\"utf\"":{"mean":1180.2108110299193,"sqsum":1388.5135740123553,"variance":47.87977841421915,"size":30},"dur=5 size=1024 type=\"utf\"":{"mean":2745.627626981837,"sqsum":10285.0662806548,"variance":354.65745795361386,"size":30},"dur=5 size=1048576 type=\"utf\"":{"mean":3790.862206988595,"sqsum":8261.030605379861,"variance":284.8631243234435,"size":30},"dur=5 size=4194304 type=\"utf\"":{"mean":3640.087067171582,"sqsum":12179.805137872656,"variance":419.9932806162985,"size":30},"dur=5 size=16777216 type=\"utf\"":{"mean":3569.1187889618404,"sqsum":6235.818682861454,"variance":215.02823044349842,"size":30}},"throughput-s2c":{"dur=5 recvbufgenfn=\"true\" recvbuflen=0 sendchunklen=256 type=\"buf\"":{"mean":3110.4447908560164,"sqsum":27806.394123205348,"variance":958.8411766622534,"size":30},"dur=5 recvbufgenfn=\"false\" recvbuflen=0 sendchunklen=256 type=\"buf\"":{"mean":3098.3838066923645,"sqsum":33300.40284166424,"variance":1148.2897531608357,"size":30},"dur=5 recvbufgenfn=\"true\" recvbuflen=65536 sendchunklen=256 type=\"buf\"":{"mean":3511.3908976340435,"sqsum":42496.4026573567,"variance":1465.3931950812655,"size":30},"dur=5 recvbufgenfn=\"false\" recvbuflen=65536 sendchunklen=256 type=\"buf\"":{"mean":3561.3503655440204,"sqsum":60954.217987179516,"variance":2101.869585764811,"size":30},"dur=5 recvbufgenfn=\"true\" recvbuflen=1048576 sendchunklen=256 type=\"buf\"":{"mean":3529.35688587387,"sqsum":27386.25476671991,"variance":944.3536126455142,"size":30},"dur=5 recvbufgenfn=\"false\" recvbuflen=1048576 sendchunklen=256 type=\"buf\"":{"mean":3568.7310208112917,"sqsum":36392.87575599279,"variance":1254.926750206648,"size":30},"dur=5 recvbufgenfn=\"true\" recvbuflen=0 sendchunklen=32768 type=\"buf\"":{"mean":5830.484754237413,"sqsum":112882.43343956467,"variance":3892.497704812575,"size":30},"dur=5 recvbufgenfn=\"false\" recvbuflen=0 sendchunklen=32768 type=\"buf\"":{"mean":5833.103954072205,"sqsum":90625.55978483625,"variance":3125.0193029253883,"size":30},"dur=5 recvbufgenfn=\"true\" recvbuflen=65536 sendchunklen=32768 type=\"buf\"":{"mean":7046.542506608913,"sqsum":206532.77936958472,"variance":7121.819978261542,"size":30},"dur=5 recvbufgenfn=\"false\" recvbuflen=65536 sendchunklen=32768 type=\"buf\"":{"mean":7089.045512164593,"sqsum":154238.9482747328,"variance":5318.584423266649,"size":30},"dur=5 recvbufgenfn=\"true\" recvbuflen=1048576 sendchunklen=32768 type=\"buf\"":{"mean":7041.341808295825,"sqsum":123848.40306827633,"variance":4270.634588561253,"size":30},"dur=5 recvbufgenfn=\"false\" recvbuflen=1048576 sendchunklen=32768 type=\"buf\"":{"mean":7133.648692478667,"sqsum":133816.65363452333,"variance":4614.367366707701,"size":30},"dur=5 recvbufgenfn=\"true\" recvbuflen=0 sendchunklen=131072 type=\"buf\"":{"mean":6272.588151381211,"sqsum":114415.10468409998,"variance":3945.3484373827578,"size":30},"dur=5 recvbufgenfn=\"false\" recvbuflen=0 sendchunklen=131072 type=\"buf\"":{"mean":6256.576835200756,"sqsum":138943.1345587332,"variance":4791.1425709908,"size":30},"dur=5 recvbufgenfn=\"true\" recvbuflen=65536 sendchunklen=131072 type=\"buf\"":{"mean":7765.968031264365,"sqsum":120024.99498458729,"variance":4138.79293050301,"size":30},"dur=5 recvbufgenfn=\"false\" recvbuflen=65536 sendchunklen=131072 type=\"buf\"":{"mean":7838.2744703493845,"sqsum":75920.46618558867,"variance":2617.947109847885,"size":30},"dur=5 recvbufgenfn=\"true\" recvbuflen=1048576 sendchunklen=131072 type=\"buf\"":{"mean":7768.167258614429,"sqsum":82769.14617136795,"variance":2854.10848866786,"size":30},"dur=5 recvbufgenfn=\"false\" recvbuflen=1048576 sendchunklen=131072 type=\"buf\"":{"mean":7816.995184476348,"sqsum":114014.78176595925,"variance":3931.544198826181,"size":30},"dur=5 recvbufgenfn=\"true\" recvbuflen=0 sendchunklen=16777216 type=\"buf\"":{"mean":5792.058367843293,"sqsum":54491.439365829996,"variance":1879.0151505458618,"size":30},"dur=5 recvbufgenfn=\"false\" recvbuflen=0 sendchunklen=16777216 type=\"buf\"":{"mean":5794.536898588203,"sqsum":33024.82522300265,"variance":1138.7870766552637,"size":30},"dur=5 recvbufgenfn=\"true\" recvbuflen=65536 sendchunklen=16777216 type=\"buf\"":{"mean":6929.044759394237,"sqsum":27575.54489647307,"variance":950.8808584990715,"size":30},"dur=5 recvbufgenfn=\"false\" recvbuflen=65536 sendchunklen=16777216 type=\"buf\"":{"mean":7001.183729907261,"sqsum":51576.8414091504,"variance":1778.5117727293243,"size":30},"dur=5 recvbufgenfn=\"true\" recvbuflen=1048576 sendchunklen=16777216 type=\"buf\"":{"mean":6914.128144688519,"sqsum":30941.78347006025,"variance":1066.9580506917328,"size":30},"dur=5 recvbufgenfn=\"false\" recvbuflen=1048576 sendchunklen=16777216 type=\"buf\"":{"mean":6993.977988136583,"sqsum":31855.98222873735,"variance":1098.4821458185293,"size":30},"dur=5 recvbufgenfn=\"true\" recvbuflen=0 sendchunklen=256 type=\"asc\"":{"mean":2072.395619322479,"sqsum":5641.874816062528,"variance":194.54740745043202,"size":30},"dur=5 recvbufgenfn=\"false\" recvbuflen=0 sendchunklen=256 type=\"asc\"":{"mean":2065.488336670954,"sqsum":8187.087577670996,"variance":282.3133647472757,"size":30},"dur=5 recvbufgenfn=\"true\" recvbuflen=65536 sendchunklen=256 type=\"asc\"":{"mean":2243.7880094316724,"sqsum":12032.530818555339,"variance":414.91485581225305,"size":30},