{"ee-add-remove":{"n=1000000":{"mean":827336.3705828257,"sqsum":13934363966.268826,"variance":480495309.18168366,"size":30}},"ee-emit":{"argc=0 listeners=1 n=2000000":{"mean":34437495.30321831,"sqsum":17919234512935.418,"variance":617904638377.0834,"size":30},"argc=0 listeners=5 n=2000000":{"mean":11739289.645408938,"sqsum":5724096071148.754,"variance":197382623143.06046,"size":30},"argc=0 listeners=10 n=2000000":{"mean":6105003.877415774,"sqsum":462587445119.12103,"variance":15951291211.004173,"size":30},"argc=2 listeners=1 n=2000000":{"mean":31833744.087795813,"sqsum":5872317954445.837,"variance":202493722567.09784,"size":30},"argc=2 listeners=5 n=2000000":{"mean":10466482.892654084,"sqsum":889643251913.8534,"variance":30677353514.270805,"size":30},"argc=2 listeners=10 n=2000000":{"mean":5322824.868379936,"sqsum":485277274952.8097,"variance":16733699136.303782,"size":30},"argc=4 listeners=1 n=2000000":{"mean":31275897.799803242,"sqsum":23632666818272.94,"variance":814919545457.6876,"size":30},"argc=4 listeners=5 n=2000000":{"mean":9969586.392773842,"sqsum":1487319118658.8003,"variance":51286866160.648285,"size":30},"argc=4 listeners=10 n=2000000":{"mean":5222674.453926515,"sqsum":1445592402663.6257,"variance":49848013884.95261,"size":30},"argc=10 listeners=1 n=2000000":{"mean":30280265.60107105,"sqsum":16593327897048.05,"variance":572183720587.8638,"size":30},"argc=10 listeners=5 n=2000000":{"mean":9551968.924462456,"sqsum":370309053588.3716,"variance":12769277709.943848,"size":30},"argc=10 listeners=10 n=2000000":{"mean":5007018.398616182,"sqsum":1454105312036.938,"variance":50141562484.03235,"size":30}},"ee-listener-count-on-prototype":{"n=50000000":{"mean":59442412.328615636,"sqsum":13472531418859.549,"variance":464570048926.19135,"size":30}},"ee-listeners":{"listeners=5 n=5000000 raw=\"true\"":{"mean":45104058.47390394,"sqsum":20857492726747.633,"variance":719223887129.2286,"size":30},"listeners=5 n=5000000 raw=\"false\"":{"mean":22771682.470460694,"sqsum":2258775757424.075,"variance":77888819221.51984,"size":30},"listeners=50 n=5000000 raw=\"true\"":{"mean":11185103.899042543,"sqsum":1385966122775.9084,"variance":47791935268.13477,"size":30},"listeners=50 n=5000000 raw=\"false\"":{"mean":4344037.6172835985,"sqsum":60926653667.03684,"variance":2100919091.9667878,"size":30}},"ee-once":{"argc=0 n=20000000":{"mean":5520261.860386368,"sqsum":553559532778.3298,"variance":19088259750.97689,"size":30},"argc=1 n=20000000":{"mean":5154525.025746917,"sqsum":220628824764.0301,"variance":7607890509.1044855,"size":30},"argc=4 n=20000000":{"mean":5162389.976426884,"sqsum":117769999328.89186,"variance":4061034459.6169605,"size":30},"argc=5 n=20000000":{"mean":5118943.828237252,"sqsum":192231504050.68625,"variance":6628672553.47194,"size":30}},"eventtarget":{"listeners=1 n=1000000":{"mean":1836827.128972797,"sqsum":13227440213.826214,"variance":456118628.0629729,"size":30},"listeners=5 n=1000000":{"mean":1674447.2888847527,"sqsum":9267509395.364847,"variance":319569289.4953395,"size":30},"listeners=10 n=1000000":{"mean":1467011.1105648617,"sqsum":25900177587.907097,"variance":893109571.9967964,"size":30}}}