{"format":{"n=100000 type=\"string\"":{"mean":3887995.9851659355,"sqsum":179213735050.87473,"variance":6179783967.271543,"size":30},"n=100000 type=\"string-2\"":{"mean":2995260.4238040624,"sqsum":86881717274.35034,"variance":2995921285.322426,"size":30},"n=100000 type=\"number\"":{"mean":3913535.8802667125,"sqsum":108887262115.22995,"variance":3754733176.3872395,"size":30},"n=100000 type=\"replace-object\"":{"mean":1558928.80969578,"sqsum":56616929315.870834,"variance":1952307907.443822,"size":30},"n=100000 type=\"unknown\"":{"mean":5267213.535094301,"sqsum":329516437962.9707,"variance":11362635791.826576,"size":30},"n=100000 type=\"no-replace\"":{"mean":2879703.69281784,"sqsum":67885995799.32654,"variance":2340896406.873329,"size":30},"n=100000 type=\"no-replace-2\"":{"mean":5823211.4306209115,"sqsum":372980955295.2546,"variance":12861412251.560503,"size":30},"n=100000 type=\"only-objects\"":{"mean":286046.6810517978,"sqsum":2028473592.4430523,"variance":69947365.25665697,"size":30},"n=100000 type=\"many-%\"":{"mean":1961635.0013691592,"sqsum":71213149534.15715,"variance":2455625846.0054193,"size":30},"n=100000 type=\"object-to-string\"":{"mean":2558259.143003741,"sqsum":198286020860.70663,"variance":6837448995.19678,"size":30},"n=100000 type=\"object-%s\"":{"mean":349216.0020648596,"sqsum":4125269803.523308,"variance":142250682.88011405,"size":30}},"inspect-array":{"len=100 n=500 type=\"denseArray\"":{"mean":9564.216641994992,"sqsum":1302477.4572325118,"variance":44913.01576663834,"size":30},"len=100 n=500 type=\"sparseArray\"":{"mean":51013.48189556627,"sqsum":23567833.0358567,"variance":812683.8977881621,"size":30},"len=100 n=500 type=\"mixedArray\"":{"mean":9997.5957588219,"sqsum":1021103.3695497175,"variance":35210.46101895578,"size":30},"len=100 n=500 type=\"denseArray_showHidden\"":{"mean":9175.932163024523,"sqsum":741591.0505911718,"variance":25572.10519279903,"size":30},"len=100000 n=500 type=\"denseArray\"":{"mean":9243.290518902875,"sqsum":944258.4697864578,"variance":32560.6368891882,"size":30},"len=100000 n=500 type=\"sparseArray\"":{"mean":2544.27948754877,"sqsum":2557.6747307196674,"variance":88.19568036964371,"size":30},"len=100000 n=500 type=\"mixedArray\"":{"mean":2103.307462339159,"sqsum":4022.9607916516256,"variance":138.72278591902156,"size":30},"len=100000 n=500 type=\"denseArray_showHidden\"":{"mean":8502.426221484697,"sqsum":1107992.5980440124,"variance":38206.6413118625,"size":30}},"inspect-proxy":{"isProxy=0 n=100000 showProxy=0":{"mean":258951.8155628923,"sqsum":910042935.4105843,"variance":31380790.876227047,"size":30},"isProxy=1 n=100000 showProxy=0":{"mean":256367.28093185692,"sqsum":309033106.87959874,"variance":10656314.030330991,"size":30},"isProxy=0 n=100000 showProxy=1":{"mean":256612.5841768694,"sqsum":2497862178.819087,"variance":86133178.57996851,"size":30},"isProxy=1 n=100000 showProxy=1":{"mean":137170.93522158015,"sqsum":135858950.64415476,"variance":4684791.401522578,"size":30}},"inspect":{"method=\"Object\" n=20000 option=\"showHidden\"":{"mean":219956.55488718438,"sqsum":188328916.72977462,"variance":6494100.57688878,"size":30},"method=\"Object\" n=20000 option=\"colors\"":{"mean":115756.10141426176,"sqsum":220108264.61555895,"variance":7589940.159157205,"size":30},"method=\"Object\" n=20000 option=\"none\"":{"mean":229379.42674879738,"sqsum":2289268434.956416,"variance":78940290.86056608,"size":30},"method=\"Object_empty\" n=20000 option=\"showHidden\"":{"mean":519652.64244062075,"sqsum":3693670524.1972227,"variance":127367949.11024906,"size":30},"method=\"Object_empty\" n=20000 option=\"colors\"":{"mean":572194.6002736042,"sqsum":3000306661.618225,"variance":103458850.40062845,"size":30},"method=\"Object_empty\" n=20000 option=\"none\"":{"mean":618830.683986052,"sqsum":1583917102.8137653,"variance":54617831.13150915,"size":30},"method=\"Object_deep_ln\" n=20000 option=\"showHidden\"":{"mean":112060.4914422477,"sqsum":99757773.09847032,"variance":3439923.21029208,"size":30},"method=\"Object_deep_ln\" n=20000 option=\"colors\"":{"mean":53055.965092340564,"sqsum":20256649.9734817,"variance":698505.171499369,"size":30},"method=\"Object_deep_ln\" n=20000 option=\"none\"":{"mean":120456.96024784986,"sqsum":72959074.28264551,"variance":2515830.1476774313,"size":30},"method=\"String\" n=20000 option=\"showHidden\"":{"mean":891548.7708548241,"sqsum":3755267555.7669663,"variance":129491984.68161954,"size":30},"method=\"String\" n=20000 option=\"colors\"":{"mean":738103.8874726288,"sqsum":4319852020.199052,"variance":148960414.4896225,"size":30},"method=\"String\" n=20000 option=\"none\"":{"mean":1016951.9677626813,"sqsum":7325963004.317948,"variance":252619413.94199824,"size":30},"method=\"String_complex\" n=20000 option=\"showHidden\"":{"mean":640475.7901868295,"sqsum":10810140124.955343,"variance":372763452.584667,"size":30},"method=\"String_complex\" n=20000 option=\"colors\"":{"mean":583184.7314143976,"sqsum":846265021.8737367,"variance":29181552.478404716,"size":30},"method=\"String_complex\" n=20000 option=\"none\"":{"mean":707314.2320602939,"sqsum":2643664782.6411996,"variance":91160854.57383446,"size":30},"method=\"String_boxed\" n=20000 option=\"showHidden\"":{"mean":119910.14356073123,"sqsum":88758742.2479916,"variance":3060646.2844135035,"size":30},"method=\"String_boxed\" n=20000 option=\"colors\"":{"mean":200785.46130315625,"sqsum":218771000.09176475,"variance":7543827.589371199,"size":30},"method=\"String_boxed\" n=20000 option=\"none\"":{"mean":240782.76455745398,"sqsum":463641791.7593649,"variance":15987647.991702238,"size":30},"method=\"Date\" n=20000 option=\"showHidden\"":{"mean":353577.7803728767,"sqsum":706277982.0100929,"variance":24354413.172761824,"size":30},"method=\"Date\" n=20000 option=\"colors\"":{"mean":345216.287348019,"sqsum":1530742945.304991,"variance":52784239.49327555,"size":30},"method=\"Date\" n=20000 option=\"none\"":{"mean":404060.8913395951,"sqsum":1727880361.5571609,"variance":59582081.43300555,"size":30},"method=\"Set\" n=20000 option=\"showHidden\"":{"mean":264272.7127246606,"sqsum":364799545.3823932,"variance":12579294.668358386,"size":30},"method=\"Set\" n=20000 option=\"colors\"":{"mean":208970.6239098692,"sqsum":407667903.8038992,"variance":14057513.924272386,"size":30},"method=\"Set\" n=20000 option=\"none\"":{"mean":285174.6509651123,"sqsum":798103474.1513733,"variance":27520809.45349563,"size":30},"method=\"Error\" n=20000 option=\"showHidden\"":{"mean":68049.41191175647,"sqsum":30245789.56860172,"variance":1042958.2609862662,"size":30},"method=\"Error\" n=20000 option=\"colors\"":{"mean":154790.81829732962,"sqsum":227931736.49701175,"variance":7859715.051621095,"size":30},"method=\"Error\" n=20000 option=\"none\"":{"mean":318531.47816273285,"sqsum":1002144259.7442013,"variance":34556698.611869015,"size":30},"method=\"Array\" n=20000 option=\"showHidden\"":{"mean":47562.3008915479,"sqsum":3886187.7810359434,"variance":134006.47520813596,"size":30},"method=\"Array\" n=20000 option=\"colors\"":{"mean":23710.735911530006,"sqsum":569528.8231929562,"variance":19638.92493768814,"size":30},"method=\"Array\" n=20000 option=\"none\"":{"mean":55325.160131375,"sqsum":55282839.2042516,"variance":1906304.800146607,"size":30},"method=\"TypedArray\" n=20000 option=\"showHidden\"":{"mean":89528.70292826102,"sqsum":60907942.08525794,"variance":2100273.8650088944,"size":30},"method=\"TypedArray\" n=20000 option=\"colors\"":{"mean":30839.831499393535,"sqsum":2168891.1255257735,"variance":74789.34915606116,"size":30},"method=\"TypedArray\" n=20000 option=\"none\"":{"mean":118984.5805900028,"sqsum":51018431.69899803,"variance":1759256.2654826907,"size":30},"method=\"TypedArray_extra\" n=20000 option=\"showHidden\"":{"mean":63017.95832564256,"sqsum":33909372.86380406,"variance":1169288.7194415194,"size":30},"method=\"TypedArray_extra\" n=20000 option=\"colors\"":{"mean":23408.66333552295,"sqsum":10362839.805906018,"variance":357339.30365193164,"size":30},