{"cpus":{"n=30000":{"mean":7326.86338661285,"sqsum":13389.733309468516,"variance":461.7149417058109,"size":30}},"loadavg":{"n=5000000":{"mean":283093.07598793966,"sqsum":182656198.00462848,"variance":6298489.586366499,"size":30}},"networkInterfaces":{"n=10000":{"mean":7620.788678565339,"sqsum":15301.795223446252,"variance":527.6481111533191,"size":30}}}