{"create-context":{"n=100":{"mean":1655.753028942422,"sqsum":8179.471413309366,"variance":282.0507383899781,"size":30}},"run-in-context":{"breakOnSigint=0 n=1 withSigintListener=0":{"mean":3226.8134300659935,"sqsum":311779.1365053987,"variance":10751.004707082715,"size":30},"breakOnSigint=0 n=1 withSigintListener=1":{"mean":3304.985682841936,"sqsum":79998.30522562364,"variance":2758.562249159436,"size":30},"breakOnSigint=1 n=1 withSigintListener=0":{"mean":2354.120981304516,"sqsum":1262489.9277221553,"variance":43534.13543869502,"size":30},"breakOnSigint=1 n=1 withSigintListener=1":{"mean":1515.0543716538184,"sqsum":645789.373948421,"variance":22268.59910166969,"size":30}},"run-in-this-context":{"breakOnSigint=0 n=1 withSigintListener=0":{"mean":3732.497558780398,"sqsum":486838.83402279165,"variance":16787.54600078592,"size":30},"breakOnSigint=0 n=1 withSigintListener=1":{"mean":3801.311654672009,"sqsum":213623.72813752035,"variance":7366.335453017943,"size":30},"breakOnSigint=1 n=1 withSigintListener=0":{"mean":2433.376354510334,"sqsum":2548447.0731092915,"variance":87877.48527963074,"size":30},"breakOnSigint=1 n=1 withSigintListener=1":{"mean":1660.9341298786107,"sqsum":526296.726503937,"variance":18148.162982894384,"size":30}}}