{"format":{"n=100000 type=\"string\"":{"mean":6100356.7055075085,"sqsum":55223279683.614555,"variance":1904251023.5729158,"size":30},"n=100000 type=\"string-2\"":{"mean":4746300.761999665,"sqsum":36628120886.59196,"variance":1263038651.2617917,"size":30},"n=100000 type=\"number\"":{"mean":6091277.834716482,"sqsum":62570311750.005615,"variance":2157596956.896745,"size":30},"n=100000 type=\"replace-object\"":{"mean":2462019.200805241,"sqsum":216723625878.86627,"variance":7473228478.581595,"size":30},"n=100000 type=\"unknown\"":{"mean":7809657.790973784,"sqsum":83671843808.74605,"variance":2885235993.4050364,"size":30},"n=100000 type=\"no-replace\"":{"mean":4979977.637125749,"sqsum":18352859058.907757,"variance":632857208.9278537,"size":30},"n=100000 type=\"no-replace-2\"":{"mean":8478093.092715148,"sqsum":161796955897.0983,"variance":5579205375.762011,"size":30},"n=100000 type=\"only-objects\"":{"mean":475494.1752420142,"sqsum":1561212152.775884,"variance":53834901.81985807,"size":30},"n=100000 type=\"many-%\"":{"mean":3342746.181480475,"sqsum":14129563060.442293,"variance":487226312.4290446,"size":30},"n=100000 type=\"object-to-string\"":{"mean":4054581.055743133,"sqsum":20670856411.92157,"variance":712788152.1352265,"size":30},"n=100000 type=\"object-%s\"":{"mean":597240.1846031161,"sqsum":4828040998.695792,"variance":166484172.36882043,"size":30}},"inspect-array":{"len=100 n=500 type=\"denseArray\"":{"mean":18118.244218033087,"sqsum":582639.1206526797,"variance":20091.00416043723,"size":30},"len=100 n=500 type=\"sparseArray\"":{"mean":113876.94666285207,"sqsum":198170823.2485588,"variance":6833476.6637434065,"size":30},"len=100 n=500 type=\"mixedArray\"":{"mean":18827.65072203473,"sqsum":694422.7732094094,"variance":23945.61286928998,"size":30},"len=100 n=500 type=\"denseArray_showHidden\"":{"mean":17349.2224726532,"sqsum":396432.1815049826,"variance":13670.075224309743,"size":30},"len=100000 n=500 type=\"denseArray\"":{"mean":17587.903961691598,"sqsum":308006.5745470747,"variance":10620.91636369223,"size":30},"len=100000 n=500 type=\"sparseArray\"":{"mean":4292.296305942142,"sqsum":16836.03763456986,"variance":580.5530218817194,"size":30},"len=100000 n=500 type=\"mixedArray\"":{"mean":3587.0118684351746,"sqsum":12516.68641202513,"variance":431.60987627672864,"size":30},"len=100000 n=500 type=\"denseArray_showHidden\"":{"mean":16475.19363830073,"sqsum":295249.9528429955,"variance":10181.032856655018,"size":30}},"inspect-proxy":{"isProxy=0 n=100000 showProxy=0":{"mean":453421.61095191195,"sqsum":1444418857.3890326,"variance":49807546.80651836,"size":30},"isProxy=1 n=100000 showProxy=0":{"mean":373374.26167952816,"sqsum":1172380461.7500386,"variance":40426912.474139266,"size":30},"isProxy=0 n=100000 showProxy=1":{"mean":453081.5987313564,"sqsum":1100309183.6082885,"variance":37941695.98649271,"size":30},"isProxy=1 n=100000 showProxy=1":{"mean":234187.90284728698,"sqsum":155237220.54545814,"variance":5353007.605015798,"size":30}},"inspect":{"method=\"Object\" n=20000 option=\"showHidden\"":{"mean":394572.3407457152,"sqsum":653328677.7433207,"variance":22528575.094597265,"size":30},"method=\"Object\" n=20000 option=\"colors\"":{"mean":227153.9746389487,"sqsum":299581891.77237296,"variance":10330410.06111631,"size":30},"method=\"Object\" n=20000 option=\"none\"":{"mean":424444.23627842864,"sqsum":317920587.09096247,"variance":10962778.865205603,"size":30},"method=\"Object_empty\" n=20000 option=\"showHidden\"":{"mean":1062572.7375955756,"sqsum":6206608400.195883,"variance":214020979.31709942,"size":30},"method=\"Object_empty\" n=20000 option=\"colors\"":{"mean":1105633.6466396602,"sqsum":5421023437.187489,"variance":186931842.66163754,"size":30},"method=\"Object_empty\" n=20000 option=\"none\"":{"mean":1280891.758574485,"sqsum":4475938698.255361,"variance":154342713.73294348,"size":30},"method=\"Object_deep_ln\" n=20000 option=\"showHidden\"":{"mean":188648.53393210526,"sqsum":69025993.54726663,"variance":2380206.674043677,"size":30},"method=\"Object_deep_ln\" n=20000 option=\"colors\"":{"mean":93876.97439181943,"sqsum":16563798.381370513,"variance":571165.4614265694,"size":30},"method=\"Object_deep_ln\" n=20000 option=\"none\"":{"mean":201140.19748105938,"sqsum":72480665.10797027,"variance":2499333.2795851817,"size":30},"method=\"String\" n=20000 option=\"showHidden\"":{"mean":1605771.5043563189,"sqsum":10831810895.312485,"variance":373510720.5280167,"size":30},"method=\"String\" n=20000 option=\"colors\"":{"mean":1338756.7365988283,"sqsum":2071373925.7705874,"variance":71426687.0955375,"size":30},"method=\"String\" n=20000 option=\"none\"":{"mean":1878345.8036918682,"sqsum":18174166777.547325,"variance":626695406.1223215,"size":30},"method=\"String_complex\" n=20000 option=\"showHidden\"":{"mean":1175701.523633667,"sqsum":2046330409.2206407,"variance":70563117.55933243,"size":30},"method=\"String_complex\" n=20000 option=\"colors\"":{"mean":1036528.2664130927,"sqsum":1177703175.5740309,"variance":40610454.330138996,"size":30},"method=\"String_complex\" n=20000 option=\"none\"":{"mean":1329367.244806902,"sqsum":3082107310.153903,"variance":106279562.4191001,"size":30},"method=\"String_boxed\" n=20000 option=\"showHidden\"":{"mean":308151.9387246019,"sqsum":688374189.5362456,"variance":23737041.018491227,"size":30},"method=\"String_boxed\" n=20000 option=\"colors\"":{"mean":440032.79661952076,"sqsum":3186122165.6117897,"variance":109866281.57282034,"size":30},"method=\"String_boxed\" n=20000 option=\"none\"":{"mean":517886.79520380555,"sqsum":1672938844.1131473,"variance":57687546.348729216,"size":30},"method=\"Date\" n=20000 option=\"showHidden\"":{"mean":667473.233368919,"sqsum":4560032058.9010725,"variance":157242484.78969216,"size":30},"method=\"Date\" n=20000 option=\"colors\"":{"mean":660468.5177935947,"sqsum":6262878020.336962,"variance":215961311.0461021,"size":30},"method=\"Date\" n=20000 option=\"none\"":{"mean":790266.6523787968,"sqsum":2878794828.0592675,"variance":99268787.17445749,"size":30},"method=\"Set\" n=20000 option=\"showHidden\"":{"mean":544790.9546222981,"sqsum":2937588983.8778877,"variance":101296171.8578582,"size":30},"method=\"Set\" n=20000 option=\"colors\"":{"mean":418781.5309111622,"sqsum":2052589789.3492596,"variance":70778958.25342275,"size":30},"method=\"Set\" n=20000 option=\"none\"":{"mean":610008.9486975574,"sqsum":1412572260.8748734,"variance":48709388.30603012,"size":30},"method=\"Error\" n=20000 option=\"showHidden\"":{"mean":128042.87602994524,"sqsum":117947855.30201305,"variance":4067167.4242073465,"size":30},"method=\"Error\" n=20000 option=\"colors\"":{"mean":330579.5006937517,"sqsum":1571899510.3131838,"variance":54203431.390109785,"size":30},"method=\"Error\" n=20000 option=\"none\"":{"mean":478869.889066505,"sqsum":896202610.4043932,"variance":30903538.289806664,"size":30},"method=\"Array\" n=20000 option=\"showHidden\"":{"mean":76410.10534146879,"sqsum":2960769.301239519,"variance":102095.49314619032,"size":30},"method=\"Array\" n=20000 option=\"colors\"":{"mean":35740.58355085875,"sqsum":17102397.732336115,"variance":589737.8528391763,"size":30},"method=\"Array\" n=20000 option=\"none\"":{"mean":87944.44167766525,"sqsum":1074433.650447379,"variance":37049.43622232341,"size":30},"method=\"TypedArray\" n=20000 option=\"showHidden\"":{"mean":156398.16960683724,"sqsum":91168985.96886575,"variance":3143758.1368574398,"size":30},"method=\"TypedArray\" n=20000 option=\"colors\"":{"mean":47577.37109025088,"sqsum":1994345.382133993,"variance":68770.53041841356,"size":30},"method=\"TypedArray\" n=20000 option=\"none\"":{"mean":198638.878040153,"sqsum":21276969.906577267,"variance":733688.6174681815,"size":30},"method=\"TypedArray_extra\" n=20000 option=\"showHidden\"":{"mean":125236.6439999604,"sqsum":28606862.838139694,"variance":986443.5461427481,"size":30},"method=\"TypedArray_extra\" n=20000 option=\"colors\"":{"mean":39372.74752675886,"sqsum":1050476.110540808,"variance":36223.31415657958,"size":30},