{"create-context":{"n=100":{"mean":1417.8874334538837,"sqsum":7712.350831241454,"variance":265.9431321117743,"size":30}},"run-in-context":{"breakOnSigint=0 n=1 withSigintListener=0":{"mean":1904.7804598918697,"sqsum":649269.023820682,"variance":22388.58702829938,"size":30},"breakOnSigint=0 n=1 withSigintListener=1":{"mean":1935.284183842948,"sqsum":400855.2075694056,"variance":13822.593364462262,"size":30},"breakOnSigint=1 n=1 withSigintListener=0":{"mean":1147.7345170881445,"sqsum":514165.33242753014,"variance":17729.83904922518,"size":30},"breakOnSigint=1 n=1 withSigintListener=1":{"mean":858.3602073508655,"sqsum":54479.24101770905,"variance":1878.5945178520362,"size":30}},"run-in-this-context":{"breakOnSigint=0 n=1 withSigintListener=0":{"mean":2007.0182038835956,"sqsum":433788.9826579834,"variance":14958.24078130977,"size":30},"breakOnSigint=0 n=1 withSigintListener=1":{"mean":1968.019798360032,"sqsum":761989.0264606717,"variance":26275.483671057642,"size":30},"breakOnSigint=1 n=1 withSigintListener=0":{"mean":1205.4460165383123,"sqsum":113765.29806473631,"variance":3922.9413125771143,"size":30},"breakOnSigint=1 n=1 withSigintListener=1":{"mean":860.1448553279396,"sqsum":171893.9373277176,"variance":5927.377149231641,"size":30}}}