{"echo":{"n=100000 payload=\"string\" sendsPerBroadcast=1 serialization=\"json\" workers=1":{"mean":39261.87458603065,"sqsum":45712359.38609513,"variance":1576288.2546929356,"size":30},"n=100000 payload=\"string\" sendsPerBroadcast=1 serialization=\"advanced\" workers=1":{"mean":27145.5597059946,"sqsum":4131993.206014595,"variance":142482.52434533086,"size":30},"n=100000 payload=\"string\" sendsPerBroadcast=10 serialization=\"json\" workers=1":{"mean":18006.829973359785,"sqsum":2872903.4901363323,"variance":99065.63759090801,"size":30},"n=100000 payload=\"string\" sendsPerBroadcast=10 serialization=\"advanced\" workers=1":{"mean":7950.34897169218,"sqsum":384499.12066256965,"variance":13258.590367674817,"size":30},"n=100000 payload=\"object\" sendsPerBroadcast=1 serialization=\"json\" workers=1":{"mean":33719.253677626824,"sqsum":17202615.55746862,"variance":593193.639912711,"size":30},"n=100000 payload=\"object\" sendsPerBroadcast=1 serialization=\"advanced\" workers=1":{"mean":22007.069101162433,"sqsum":1876128.592010691,"variance":64694.089379679004,"size":30},"n=100000 payload=\"object\" sendsPerBroadcast=10 serialization=\"json\" workers=1":{"mean":13878.174257655292,"sqsum":1596109.0492502265,"variance":55038.243077594016,"size":30},"n=100000 payload=\"object\" sendsPerBroadcast=10 serialization=\"advanced\" workers=1":{"mean":5872.412453525019,"sqsum":148282.22930668987,"variance":5113.180320920341,"size":30}}}