{"createInflate":{"chunkLen=1024 inputLen=16777216 n=100":{"mean":27.179231482280944,"sqsum":2550.191938152619,"variance":87.9376530397455,"size":30}},"creation":{"n=500000 options=\"true\" type=\"Deflate\"":{"mean":184970.76969656098,"sqsum":721654791.8324107,"variance":24884647.99422106,"size":30},"n=500000 options=\"false\" type=\"Deflate\"":{"mean":188330.58367623633,"sqsum":479160844.9245249,"variance":16522787.7560181,"size":30},"n=500000 options=\"true\" type=\"DeflateRaw\"":{"mean":184797.3748648688,"sqsum":404673370.6925572,"variance":13954254.161812318,"size":30},"n=500000 options=\"false\" type=\"DeflateRaw\"":{"mean":186249.5318335165,"sqsum":628741032.9466898,"variance":21680725.274023786,"size":30},"n=500000 options=\"true\" type=\"Inflate\"":{"mean":185924.16575740214,"sqsum":521865666.2269822,"variance":17995367.800930418,"size":30},"n=500000 options=\"false\" type=\"Inflate\"":{"mean":187197.08873084927,"sqsum":348839474.69354266,"variance":12028947.40322561,"size":30},"n=500000 options=\"true\" type=\"InflateRaw\"":{"mean":183639.53982196242,"sqsum":443072234.8753244,"variance":15278352.926735327,"size":30},"n=500000 options=\"false\" type=\"InflateRaw\"":{"mean":187481.40871650627,"sqsum":344715274.7821298,"variance":11886733.613176892,"size":30},"n=500000 options=\"true\" type=\"Gzip\"":{"mean":185512.9807972861,"sqsum":389567392.1672347,"variance":13433358.3505943,"size":30},"n=500000 options=\"false\" type=\"Gzip\"":{"mean":188156.55222463494,"sqsum":377089382.65552336,"variance":13003082.160535289,"size":30},"n=500000 options=\"true\" type=\"Gunzip\"":{"mean":185229.3308130579,"sqsum":386466585.2877633,"variance":13326433.975440115,"size":30},"n=500000 options=\"false\" type=\"Gunzip\"":{"mean":187887.49404616538,"sqsum":633423191.4038104,"variance":21842179.013924498,"size":30},"n=500000 options=\"true\" type=\"Unzip\"":{"mean":184596.9565245447,"sqsum":311244029.4812728,"variance":10732552.740733545,"size":30},"n=500000 options=\"false\" type=\"Unzip\"":{"mean":187573.77709782292,"sqsum":395417327.81523526,"variance":13635080.269490872,"size":30},"n=500000 options=\"true\" type=\"BrotliCompress\"":{"mean":165497.15896093368,"sqsum":366708278.99183035,"variance":12645113.068683807,"size":30},"n=500000 options=\"false\" type=\"BrotliCompress\"":{"mean":167575.06272971642,"sqsum":675469196.6838397,"variance":23292041.26495999,"size":30},"n=500000 options=\"true\" type=\"BrotliDecompress\"":{"mean":165822.26802001524,"sqsum":751396597.1699944,"variance":25910227.488620494,"size":30},"n=500000 options=\"false\" type=\"BrotliDecompress\"":{"mean":169436.20043244268,"sqsum":698263522.1308768,"variance":24078052.487271614,"size":30}},"deflate":{"inputLen=1024 method=\"createDeflate\" n=400000":{"mean":30612.7585732579,"sqsum":2337683553.924244,"variance":80609777.72152565,"size":30},"inputLen=1024 method=\"deflate\" n=400000":{"mean":9692.523099880387,"sqsum":115139579.50636612,"variance":3970330.327805728,"size":30},"inputLen=1024 method=\"deflateSync\" n=400000":{"mean":46402.63959795051,"sqsum":9885099.559300603,"variance":340865.50204484834,"size":30}},"inflate":{"inputLen=1024 method=\"inflate\" n=400000":{"mean":16588.982309771,"sqsum":271344136.5721494,"variance":9356694.364556875,"size":30},"inputLen=1024 method=\"inflateSync\" n=400000":{"mean":120424.83276096948,"sqsum":373351147.3485535,"variance":12874177.494777707,"size":30}},"pipe":{"algorithm=\"gzip\" duration=5 inputLen=1024 type=\"string\"":{"mean":0.05330544266557954,"sqsum":0.0009235859417584788,"variance":0.00003184779109511996,"size":30},"algorithm=\"brotli\" duration=5 inputLen=1024 type=\"string\"":{"mean":0.1295468203923755,"sqsum":0.011709424062184632,"variance":0.00040377324352360803,"size":30},"algorithm=\"gzip\" duration=5 inputLen=1024 type=\"buffer\"":{"mean":0.07330652153440172,"sqsum":0.020726419224352623,"variance":0.0007147041111845732,"size":30},"algorithm=\"brotli\" duration=5 inputLen=1024 type=\"buffer\"":{"mean":0.11947691204785801,"sqsum":0.018188476523712763,"variance":0.0006271888456452677,"size":30}}}