{"immediate":{"n=5000000 type=\"depth\"":{"mean":660007.6618967109,"sqsum":17899220787.828804,"variance":617214509.9251312,"size":30},"n=5000000 type=\"depth1\"":{"mean":655712.4771748116,"sqsum":19806452155.90494,"variance":682981108.8243084,"size":30},"n=5000000 type=\"breadth\"":{"mean":3190608.4175739908,"sqsum":62624962919.72947,"variance":2159481479.9906716,"size":30},"n=5000000 type=\"breadth1\"":{"mean":2133689.999794511,"sqsum":628548932788.7473,"variance":21674101130.646458,"size":30},"n=5000000 type=\"breadth4\"":{"mean":1624798.532507288,"sqsum":51398526459.88299,"variance":1772362981.3752754,"size":30},"n=5000000 type=\"clear\"":{"mean":12405541.249689482,"sqsum":1841689193739.52,"variance":63506523922.052414,"size":30}},"set-immediate-breadth-args":{"n=5000000":{"mean":2204305.6002034047,"sqsum":149743609097.52808,"variance":5163572727.500968,"size":30}},"set-immediate-breadth":{"n=10000000":{"mean":2952975.13463119,"sqsum":259552179397.23895,"variance":8950075151.62893,"size":30}},"set-immediate-depth-args":{"n=5000000":{"mean":632296.2525994537,"sqsum":13434026127.80368,"variance":463242280.26909244,"size":30}},"timers-breadth-args":{"n=1000000":{"mean":1674236.3985923182,"sqsum":29337481470.70403,"variance":1011637292.0932424,"size":30}},"timers-breadth":{"n=5000000":{"mean":2079668.8428119572,"sqsum":6435374684.010178,"variance":221909471.86241993,"size":30}},"timers-cancel-pooled":{"n=5000000":{"mean":29125989.7277485,"sqsum":1398263792043.2205,"variance":48215992829.07657,"size":30}},"timers-cancel-unpooled":{"direction=\"start\" n=1000000":{"mean":2391324.3124079686,"sqsum":25180720617.586277,"variance":868300710.9512509,"size":30},"direction=\"end\" n=1000000":{"mean":9218107.81632821,"sqsum":480293760637.92255,"variance":16561853815.100777,"size":30}},"timers-depth":{"n=1000":{"mean":833.8051950053721,"sqsum":1014.1767161204817,"variance":34.97161090070627,"size":30}},"timers-insert-pooled":{"n=5000000":{"mean":1778710.266949964,"sqsum":86249025633.636,"variance":2974104332.194345,"size":30}},"timers-insert-unpooled":{"direction=\"start\" n=1000000":{"mean":1978648.0049478828,"sqsum":36197064896.65175,"variance":1248174651.608681,"size":30},"direction=\"end\" n=1000000":{"mean":1303639.415711254,"sqsum":17380948376.034058,"variance":599343047.4494503,"size":30}},"timers-timeout-nexttick":{"n=50000":{"mean":1553251.4258896136,"sqsum":230683462083.3061,"variance":7954602140.8036585,"size":30},"n=5000000":{"mean":4586155.415378327,"sqsum":332392844879.3848,"variance":11461822237.220167,"size":30}},"timers-timeout-pooled":{"n=10000000":{"mean":10699585.798097955,"sqsum":2005823202888.7102,"variance":69166317340.99,"size":30}},"timers-timeout-unpooled":{"n=1000000":{"mean":9104061.836635614,"sqsum":4836812013322.124,"variance":166786621149.03876,"size":30}}}