{"ee-add-remove":{"n=1000000 newListener=0 removeListener=0":{"mean":1287669.1464193487,"sqsum":623873200.003204,"variance":21512868.965627726,"size":30},"n=1000000 newListener=0 removeListener=1":{"mean":900957.0128340891,"sqsum":1456808231.170626,"variance":50234766.59209055,"size":30},"n=1000000 newListener=1 removeListener=0":{"mean":958321.3421323033,"sqsum":3123137427.2814746,"variance":107694394.04418878,"size":30},"n=1000000 newListener=1 removeListener=1":{"mean":712984.320081043,"sqsum":8239659868.057953,"variance":284126202.34682596,"size":30}},"ee-emit":{"argc=0 listeners=1 n=2000000":{"mean":58990201.26519322,"sqsum":17397172621911.145,"variance":599902504203.8325,"size":30},"argc=0 listeners=5 n=2000000":{"mean":16629056.150604263,"sqsum":183485010385.97913,"variance":6327069323.654453,"size":30},"argc=0 listeners=10 n=2000000":{"mean":9134615.414709724,"sqsum":1095231273721.9551,"variance":37766595645.584656,"size":30},"argc=2 listeners=1 n=2000000":{"mean":58315239.74148709,"sqsum":8736739197465.842,"variance":301266868878.13245,"size":30},"argc=2 listeners=5 n=2000000":{"mean":16438368.160234224,"sqsum":127786557322.78331,"variance":4406433011.130459,"size":30},"argc=2 listeners=10 n=2000000":{"mean":8288239.507632497,"sqsum":449524641472.3415,"variance":15500849705.94281,"size":30},"argc=4 listeners=1 n=2000000":{"mean":58335631.53250225,"sqsum":13459553456704.42,"variance":464122532989.8076,"size":30},"argc=4 listeners=5 n=2000000":{"mean":15824233.15135268,"sqsum":187561692492.60876,"variance":6467644568.710648,"size":30},"argc=4 listeners=10 n=2000000":{"mean":7588253.930351237,"sqsum":1976373318844.7278,"variance":68150804098.09406,"size":30},"argc=10 listeners=1 n=2000000":{"mean":57876474.29664857,"sqsum":18806373655797.31,"variance":648495643303.3555,"size":30},"argc=10 listeners=5 n=2000000":{"mean":15117420.134362778,"sqsum":153202968373.80637,"variance":5282860978.407116,"size":30},"argc=10 listeners=10 n=2000000":{"mean":7567281.340037235,"sqsum":202552757534.0094,"variance":6984577846.000324,"size":30}},"ee-listener-count-on-prototype":{"n=50000000":{"mean":84685823.74724045,"sqsum":109140684209039.55,"variance":3763471869277.2256,"size":30}},"ee-listeners":{"listeners=5 n=5000000 raw=\"true\"":{"mean":60346749.27352923,"sqsum":125516123532235,"variance":4328142190766.724,"size":30},"listeners=5 n=5000000 raw=\"false\"":{"mean":30098580.754685823,"sqsum":4224355615766.3413,"variance":145667435026.42557,"size":30},"listeners=50 n=5000000 raw=\"true\"":{"mean":20162522.764885414,"sqsum":40934863722187.58,"variance":1411547024903.02,"size":30},"listeners=50 n=5000000 raw=\"false\"":{"mean":5387706.646972398,"sqsum":13793305277.756948,"variance":475631216.4743775,"size":30}},"ee-once":{"argc=0 n=20000000":{"mean":7804626.427101579,"sqsum":615573278246.1028,"variance":21226664767.106995,"size":30},"argc=1 n=20000000":{"mean":7549554.650488036,"sqsum":11349715774.018833,"variance":391369509.44892526,"size":30},"argc=4 n=20000000":{"mean":7400515.077142149,"sqsum":28524032806.023163,"variance":983587338.1387297,"size":30},"argc=5 n=20000000":{"mean":7345892.33102017,"sqsum":13689336599.314829,"variance":472046089.63154584,"size":30}},"eventtarget":{"listeners=1 n=1000000":{"mean":2742938.465812036,"sqsum":70637371488.41776,"variance":2435771430.635095,"size":30},"listeners=5 n=1000000":{"mean":2408909.0215049875,"sqsum":8467320969.957199,"variance":291976585.1709379,"size":30},"listeners=10 n=1000000":{"mean":2067420.7919071133,"sqsum":16926076315.36119,"variance":583657803.9779721,"size":30}}}