{"arguments":{"method=\"restAndSpread\" n=1000000":{"mean":3196931.0078333677,"sqsum":825144487389.4857,"variance":28453258185.844334,"size":30},"method=\"argumentsAndApply\" n=1000000":{"mean":3218344.7085194117,"sqsum":930035047839.0878,"variance":32070174063.41682,"size":30},"method=\"restAndApply\" n=1000000":{"mean":3206189.637582467,"sqsum":988832985340.5079,"variance":34097689149.672688,"size":30},"method=\"predefined\" n=1000000":{"mean":3212147.8574298704,"sqsum":863029997152.8141,"variance":29759655074.234966,"size":30}},"freelist":{"n=100000":{"mean":126256.24142380747,"sqsum":52861322.32679104,"variance":1822804.2181652084,"size":30}},"getstringwidth":{"n=100000 type=\"ascii\"":{"mean":248399.47758105167,"sqsum":124093557.9276629,"variance":4279088.204402169,"size":30},"n=100000 type=\"mixed\"":{"mean":121715.43905335781,"sqsum":6175549.7289290065,"variance":212949.99065272437,"size":30},"n=100000 type=\"emojiseq\"":{"mean":164966.9191886475,"sqsum":35784879.25401736,"variance":1233961.3535868055,"size":30},"n=100000 type=\"fullwidth\"":{"mean":255161.24235361684,"sqsum":44570880.226363115,"variance":1536926.9043573488,"size":30}},"object-property-bench":{"method=\"property\" n=1000000000":{"mean":1147289045.9562619,"sqsum":23635784483799.438,"variance":815027051165.4979,"size":30},"method=\"string\" n=1000000000":{"mean":1146911231.2428505,"sqsum":50157352427705.88,"variance":1729563876817.4443,"size":30},"method=\"variable\" n=1000000000":{"mean":1145407125.7417238,"sqsum":41920264743557.56,"variance":1445526370467.502,"size":30},"method=\"symbol\" n=1000000000":{"mean":1138463512.2082164,"sqsum":148590859452938.5,"variance":5123822739756.499,"size":30}},"print":{"code=\"1\" dur=1":{"mean":22.648639062236946,"sqsum":0.6607033118806787,"variance":0.02278287282347168,"size":30},"code=\"\\\"string\\\"\" dur=1":{"mean":22.64358506046554,"sqsum":0.6695764952601703,"variance":0.023088844664143803,"size":30},"code=\"process.versions\" dur=1":{"mean":22.574764379135786,"sqsum":0.5906023526132866,"variance":0.0203655983659754,"size":30},"code=\"process\" dur=1":{"mean":22.482118239856884,"sqsum":0.4960330005992484,"variance":0.017104586227560288,"size":30}},"punycode":{"method=\"punycode\" n=1024 val=\"افغانستا.icom.museum\"":{"mean":86811.26760717212,"sqsum":44173010.00222812,"variance":1523207.2414561422,"size":30},"method=\"punycode\" n=1024 val=\"الجزائر.icom.museum\"":{"mean":86968.64721601171,"sqsum":184017085.71719915,"variance":6345416.748868936,"size":30},"method=\"punycode\" n=1024 val=\"österreich.icom.museum\"":{"mean":96739.29876281953,"sqsum":166553267.23646724,"variance":5743216.1116023185,"size":30},"method=\"punycode\" n=1024 val=\"বাংলাদেশ.icom.museum\"":{"mean":85223.31049494077,"sqsum":148315018.8995695,"variance":5114310.99653688,"size":30},"method=\"punycode\" n=1024 val=\"беларусь.icom.museum\"":{"mean":85594.40912439262,"sqsum":100906223.94677666,"variance":3479524.963681954,"size":30},"method=\"punycode\" n=1024 val=\"belgië.icom.museum\"":{"mean":102645.6636376237,"sqsum":77829170.92070025,"variance":2683764.5145069053,"size":30},"method=\"punycode\" n=1024 val=\"българия.icom.museum\"":{"mean":86401.16360272175,"sqsum":120818026.49260296,"variance":4166138.8445725157,"size":30},"method=\"punycode\" n=1024 val=\"تشادر.icom.museum\"":{"mean":90579.44758399994,"sqsum":105776103.1034286,"variance":3647451.83115271,"size":30},"method=\"punycode\" n=1024 val=\"中国.icom.museum\"":{"mean":93911.09908194102,"sqsum":52354187.70874918,"variance":1805316.8175430752,"size":30},"method=\"punycode\" n=1024 val=\"القمر.icom.museum\"":{"mean":90188.22500130122,"sqsum":194947530.10820124,"variance":6722328.624420732,"size":30},"method=\"punycode\" n=1024 val=\"κυπρος.icom.museum\"":{"mean":90886.5534890483,"sqsum":129564206.22885568,"variance":4467731.249270886,"size":30},"method=\"punycode\" n=1024 val=\"českárepublika.icom.museum\"":{"mean":93617.13276236583,"sqsum":305447501.7588807,"variance":10532672.474444162,"size":30},"method=\"punycode\" n=1024 val=\"مصر.icom.museum\"":{"mean":93710.31924905941,"sqsum":126859589.06688796,"variance":4374468.588513378,"size":30},"method=\"punycode\" n=1024 val=\"ελλάδα.icom.museum\"":{"mean":89083.48492396661,"sqsum":168311558.89824346,"variance":5803846.85856012,"size":30},"method=\"punycode\" n=1024 val=\"magyarország.icom.museum\"":{"mean":95338.63446516528,"sqsum":127099589.9520163,"variance":4382744.48110401,"size":30},"method=\"punycode\" n=1024 val=\"ísland.icom.museum\"":{"mean":102741.68609502741,"sqsum":101564822.90708427,"variance":3502235.2726580785,"size":30},"method=\"punycode\" n=1024 val=\"भारत.icom.museum\"":{"mean":91157.24478714456,"sqsum":144908290.1035984,"variance":4996837.589779255,"size":30},"method=\"punycode\" n=1024 val=\"ايران.icom.museum\"":{"mean":88624.3236509844,"sqsum":119840112.6290406,"variance":4132417.6768634687,"size":30},"method=\"punycode\" n=1024 val=\"éire.icom.museum\"":{"mean":103261.18797434973,"sqsum":364386987.8568766,"variance":12565068.546788849,"size":30},"method=\"punycode\" n=1024 val=\"איקו״ם.ישראל.museum\"":{"mean":74015.24460763646,"sqsum":27839134.416221496,"variance":959970.1522834998,"size":30},"method=\"punycode\" n=1024 val=\"日本.icom.museum\"":{"mean":92844.29233631109,"sqsum":111007455.09323558,"variance":3827843.279077089,"size":30},"method=\"punycode\" n=1024 val=\"الأردن.icom.museum\"":{"mean":88094.25798010737,"sqsum":162961327.28767112,"variance":5619356.113367969,"size":30},"method=\"icu\" n=1024 val=\"افغانستا.icom.museum\"":{"mean":171664.24387582412,"sqsum":747950303.6400117,"variance":25791389.780690055,"size":30},"method=\"icu\" n=1024 val=\"الجزائر.icom.museum\"":{"mean":182489.27550516906,"sqsum":592875605.2744069,"variance":20443986.38877265,"size":30},"method=\"icu\" n=1024 val=\"österreich.icom.museum\"":{"mean":194998.6194556679,"sqsum":1582537027.118756,"variance":54570242.31443986,"size":30},"method=\"icu\" n=1024 val=\"বাংলাদেশ.icom.museum\"":{"mean":155493.6541589587,"sqsum":285024172.7510255,"variance":9828419.750035362,"size":30},"method=\"icu\" n=1024 val=\"беларусь.icom.museum\"":{"mean":172269.71969133185,"sqsum":886780502.92572,"variance":30578638.031921376,"size":30},"method=\"icu\" n=1024 val=\"belgië.icom.museum\"":{"mean":199758.62924310061,"sqsum":1946682959.8309164,"variance":67126998.6148592,"size":30},"method=\"icu\" n=1024 val=\"българия.icom.museum\"":{"mean":173507.48848981224,"sqsum":928740722.9046563,"variance":32025542.16912608,"size":30},"method=\"icu\" n=1024 val=\"تشادر.icom.museum\"":{"mean":193077.7042182136,"sqsum":1503449879.656219,"variance":51843099.29849031,"size":30},"method=\"icu\" n=1024 val=\"中国.icom.museum\"":{"mean":207848.46268915368,"sqsum":1772429059.130868,"variance":61118243.41830579,"size":30},"method=\"icu\" n=1024 val=\"القمر.icom.museum\"":{"mean":190613.21415451643,"sqsum":1499285468.6994119,"variance":51699498.92066938,"size":30},"method=\"icu\" n=1024 val=\"κυπρος.icom.museum\"":{"mean":191185.47923279542,"sqsum":997862401.7175317,"variance":34409048.3350873,"size":30},"method=\"icu\" n=1024 val=\"českárepublika.icom.museum\"":{"mean":181151.97235418565,"sqsum":884735714.5349813,"variance":30508128.087413147,"size":30},"method=\"icu\" n=1024 val=\"مصر.icom.museum\"":{"mean":204634.97049625634,"sqsum":9024369664.983662,"variance":311185160.86150557,"size":30},"method=\"icu\" n=1024 val=\"ελλάδα.icom.museum\"":{"mean":191462.3592518507,"sqsum":1490149082.8553302,"variance":51384451.13294242,"size":30},"method=\"icu\" n=1024 val=\"magyarország.icom.museum\"":{"mean":187106.6864993152,"sqsum":981709546.228207,"variance":33852053.31821404,"size":30},"method=\"icu\" n=1024 val=\"ísland.icom.museum\"":{"mean":204014.9627219553,"sqsum":1786444350.1970582,"variance":61601529.31713994,"size":30},"method=\"icu\" n=1024 val=\"भारत.icom.museum\"":{"mean":196168.52076383083,"sqsum":2008055132.418846,"variance":69243280.42823607,"size":30},