{"cpus":{"n=30000":{"mean":6171.4101057953585,"sqsum":169966.2516021797,"variance":5860.905227661369,"size":30}},"loadavg":{"n=5000000":{"mean":172924.76616850382,"sqsum":337632580.4960486,"variance":11642502.775725814,"size":30}},"networkInterfaces":{"n=10000":{"mean":15560.121655286526,"sqsum":869911.1861608716,"variance":29996.93745382316,"size":30}}}