{"format":{"n=100000 type=\"string\"":{"mean":3653490.987259427,"sqsum":222972451376.29272,"variance":7688705219.872163,"size":30},"n=100000 type=\"string-2\"":{"mean":3011088.3730306956,"sqsum":86798134639.38647,"variance":2993039125.4960856,"size":30},"n=100000 type=\"number\"":{"mean":4037256.211209737,"sqsum":191035972209.53162,"variance":6587447317.570056,"size":30},"n=100000 type=\"replace-object\"":{"mean":1575918.6715534497,"sqsum":50805346181.00029,"variance":1751908489.00001,"size":30},"n=100000 type=\"unknown\"":{"mean":5654068.129001764,"sqsum":206437458684.2091,"variance":7118533058.076177,"size":30},"n=100000 type=\"no-replace\"":{"mean":3092747.9092213586,"sqsum":40609017844.322174,"variance":1400310960.1490405,"size":30},"n=100000 type=\"no-replace-2\"":{"mean":6238130.693468587,"sqsum":287552160247.5816,"variance":9915591732.675228,"size":30},"n=100000 type=\"only-objects\"":{"mean":261580.9029542182,"sqsum":1043454599.5785619,"variance":35981193.08891593,"size":30},"n=100000 type=\"many-%\"":{"mean":1987447.8454659416,"sqsum":64413207143.30173,"variance":2221145073.906956,"size":30},"n=100000 type=\"object-to-string\"":{"mean":2569404.7105405424,"sqsum":277377625972.20636,"variance":9564745723.179531,"size":30},"n=100000 type=\"object-%s\"":{"mean":321414.2547056976,"sqsum":1148397684.5067017,"variance":39599920.15540351,"size":30}},"inspect-array":{"len=100 n=500 type=\"denseArray\"":{"mean":9388.388642333983,"sqsum":5178335.912043073,"variance":178563.3073118301,"size":30},"len=100 n=500 type=\"sparseArray\"":{"mean":51150.307176544185,"sqsum":26701461.259471755,"variance":920740.0434300605,"size":30},"len=100 n=500 type=\"mixedArray\"":{"mean":9948.895770338573,"sqsum":1203479.7505700733,"variance":41499.30174379563,"size":30},"len=100 n=500 type=\"denseArray_showHidden\"":{"mean":8817.342784170462,"sqsum":2063295.151868799,"variance":71148.108685131,"size":30},"len=100000 n=500 type=\"denseArray\"":{"mean":9194.132542030029,"sqsum":1569257.704731187,"variance":54112.33464590301,"size":30},"len=100000 n=500 type=\"sparseArray\"":{"mean":2547.132617034937,"sqsum":2268.558910769904,"variance":78.22616933689325,"size":30},"len=100000 n=500 type=\"mixedArray\"":{"mean":2100.464760629609,"sqsum":8280.507889029954,"variance":285.5347547941363,"size":30},"len=100000 n=500 type=\"denseArray_showHidden\"":{"mean":8015.242832720598,"sqsum":2115594.1978403074,"variance":72951.52406345888,"size":30}},"inspect-proxy":{"isProxy=0 n=100000 showProxy=0":{"mean":233358.00378228546,"sqsum":1686158816.8763437,"variance":58143407.47849461,"size":30},"isProxy=1 n=100000 showProxy=0":{"mean":229116.32759731016,"sqsum":1605446636.1637893,"variance":55360228.83323412,"size":30},"isProxy=0 n=100000 showProxy=1":{"mean":232064.5918338936,"sqsum":2750339883.253139,"variance":94839306.31907375,"size":30},"isProxy=1 n=100000 showProxy=1":{"mean":126766.66324046145,"sqsum":72449368.09842354,"variance":2498254.072359432,"size":30}},"inspect":{"method=\"Object\" n=20000 option=\"showHidden\"":{"mean":214277.05402800575,"sqsum":433315386.36351883,"variance":14941909.874604097,"size":30},"method=\"Object\" n=20000 option=\"colors\"":{"mean":115916.42964390582,"sqsum":278912708.71513426,"variance":9617679.6108667,"size":30},"method=\"Object\" n=20000 option=\"none\"":{"mean":229946.59781245264,"sqsum":617441944.9576306,"variance":21291101.550263125,"size":30},"method=\"Object_empty\" n=20000 option=\"showHidden\"":{"mean":529506.2074034619,"sqsum":1598351107.1503417,"variance":55115555.4189773,"size":30},"method=\"Object_empty\" n=20000 option=\"colors\"":{"mean":604707.9292974408,"sqsum":1216651193.0889962,"variance":41953489.41686194,"size":30},"method=\"Object_empty\" n=20000 option=\"none\"":{"mean":652432.6823787752,"sqsum":3238807778.5126433,"variance":111683026.84526356,"size":30},"method=\"Object_deep_ln\" n=20000 option=\"showHidden\"":{"mean":110625.14611515772,"sqsum":87978892.68891175,"variance":3033754.9203073015,"size":30},"method=\"Object_deep_ln\" n=20000 option=\"colors\"":{"mean":53361.21167601467,"sqsum":17158421.64079151,"variance":591669.7117514315,"size":30},"method=\"Object_deep_ln\" n=20000 option=\"none\"":{"mean":119932.16553867562,"sqsum":63256684.80229941,"variance":2181264.9931827383,"size":30},"method=\"String\" n=20000 option=\"showHidden\"":{"mean":933837.3636935671,"sqsum":4777644383.708298,"variance":164746358.05890682,"size":30},"method=\"String\" n=20000 option=\"colors\"":{"mean":769763.1304807278,"sqsum":3283514533.898437,"variance":113224639.0999461,"size":30},"method=\"String\" n=20000 option=\"none\"":{"mean":1079018.5845311186,"sqsum":10931165468.15392,"variance":376936740.28116965,"size":30},"method=\"String_complex\" n=20000 option=\"showHidden\"":{"mean":679156.6179065871,"sqsum":7737619144.466032,"variance":266814453.2574494,"size":30},"method=\"String_complex\" n=20000 option=\"colors\"":{"mean":595542.5819839863,"sqsum":8828669715.03832,"variance":304436886.72545934,"size":30},"method=\"String_complex\" n=20000 option=\"none\"":{"mean":749099.0932862521,"sqsum":6988777852.509864,"variance":240992339.74171942,"size":30},"method=\"String_boxed\" n=20000 option=\"showHidden\"":{"mean":121630.22326896871,"sqsum":94119608.56925058,"variance":3245503.7437672615,"size":30},"method=\"String_boxed\" n=20000 option=\"colors\"":{"mean":196724.4033596262,"sqsum":523137218.47654444,"variance":18039214.43022567,"size":30},"method=\"String_boxed\" n=20000 option=\"none\"":{"mean":239923.40134858375,"sqsum":86559887.71499144,"variance":2984823.7143100495,"size":30},"method=\"Date\" n=20000 option=\"showHidden\"":{"mean":346989.5519547639,"sqsum":1588435726.6173675,"variance":54773645.74542647,"size":30},"method=\"Date\" n=20000 option=\"colors\"":{"mean":342660.8171759968,"sqsum":1598923721.0583146,"variance":55135300.72614878,"size":30},"method=\"Date\" n=20000 option=\"none\"":{"mean":403646.97807821323,"sqsum":2045046638.008204,"variance":70518849.58648978,"size":30},"method=\"Set\" n=20000 option=\"showHidden\"":{"mean":262880.1692294792,"sqsum":1019606496.9294565,"variance":35158844.72170539,"size":30},"method=\"Set\" n=20000 option=\"colors\"":{"mean":212473.6478499671,"sqsum":478050877.085476,"variance":16484513.002947446,"size":30},"method=\"Set\" n=20000 option=\"none\"":{"mean":291950.55861327995,"sqsum":2213480986.35761,"variance":76326930.56405552,"size":30},"method=\"Error\" n=20000 option=\"showHidden\"":{"mean":72425.56719262215,"sqsum":36664661.27177266,"variance":1264298.6645438848,"size":30},"method=\"Error\" n=20000 option=\"colors\"":{"mean":160612.69470676486,"sqsum":127807924.32577212,"variance":4407169.80433697,"size":30},"method=\"Error\" n=20000 option=\"none\"":{"mean":406928.4500395978,"sqsum":1916000019.1479213,"variance":66068966.17751452,"size":30},"method=\"Array\" n=20000 option=\"showHidden\"":{"mean":45837.70584107358,"sqsum":4299778.850807447,"variance":148268.23623473954,"size":30},"method=\"Array\" n=20000 option=\"colors\"":{"mean":23188.509270673654,"sqsum":6549094.079398179,"variance":225830.83032407516,"size":30},"method=\"Array\" n=20000 option=\"none\"":{"mean":54445.91493496839,"sqsum":24764843.992651705,"variance":853960.137677645,"size":30},"method=\"TypedArray\" n=20000 option=\"showHidden\"":{"mean":90357.30874535494,"sqsum":11753059.544796024,"variance":405277.91533779394,"size":30},"method=\"TypedArray\" n=20000 option=\"colors\"":{"mean":30710.044574816293,"sqsum":1351836.3144894177,"variance":46615.0453272213,"size":30},"method=\"TypedArray\" n=20000 option=\"none\"":{"mean":122128.86092115642,"sqsum":104382106.19024934,"variance":3599382.9720775634,"size":30},"method=\"TypedArray_extra\" n=20000 option=\"showHidden\"":{"mean":62664.88432037214,"sqsum":22630365.64275097,"variance":780357.43595693,"size":30},"method=\"TypedArray_extra\" n=20000 option=\"colors\"":{"mean":23221.36072852766,"sqsum":2211605.4477987145,"variance":76262.25682064533,"size":30},