{"immediate":{"n=5000000 type=\"depth\"":{"mean":281390.31669580657,"sqsum":181195451.52861056,"variance":6248119.018227951,"size":30},"n=5000000 type=\"depth1\"":{"mean":290275.8073325673,"sqsum":255622815.58677056,"variance":8814579.847819675,"size":30},"n=5000000 type=\"breadth\"":{"mean":1947070.9702659198,"sqsum":7980374029.362365,"variance":275185311.35732293,"size":30},"n=5000000 type=\"breadth1\"":{"mean":1634248.3169811624,"sqsum":4413852718.28229,"variance":152201817.87180313,"size":30},"n=5000000 type=\"breadth4\"":{"mean":1279552.8494110233,"sqsum":12577735709.542501,"variance":433715024.4669828,"size":30},"n=5000000 type=\"clear\"":{"mean":6388003.879907701,"sqsum":288044891105.06836,"variance":9932582451.89891,"size":30}},"set-immediate-breadth-args":{"n=5000000":{"mean":940051.0360592001,"sqsum":4841079176.278304,"variance":166933764.6992519,"size":30}},"set-immediate-breadth":{"n=10000000":{"mean":1378875.802806485,"sqsum":1805679564.5531797,"variance":62264812.570799306,"size":30}},"set-immediate-depth-args":{"n=5000000":{"mean":280380.33582281275,"sqsum":471250791.2179668,"variance":16250027.283378165,"size":30}},"timers-breadth-args":{"n=1000000":{"mean":938306.9839546005,"sqsum":2077823225.359672,"variance":71649076.73654042,"size":30}},"timers-breadth":{"n=5000000":{"mean":1555574.9423943732,"sqsum":3111698609.8361683,"variance":107299952.06331615,"size":30}},"timers-cancel-pooled":{"n=5000000":{"mean":22584507.495193467,"sqsum":7486941333017.623,"variance":258170390793.71115,"size":30}},"timers-cancel-unpooled":{"direction=\"start\" n=1000000":{"mean":1627250.3392301872,"sqsum":3541812969.76602,"variance":122131481.71606965,"size":30},"direction=\"end\" n=1000000":{"mean":6353660.01826513,"sqsum":57544821650.809685,"variance":1984304194.8555062,"size":30}},"timers-depth":{"n=1000":{"mean":842.2500978394685,"sqsum":36786.289256796466,"variance":1268.4927329929817,"size":30}},"timers-insert-pooled":{"n=5000000":{"mean":1427446.1974280993,"sqsum":2958934559.2556405,"variance":102032226.18122898,"size":30}},"timers-insert-unpooled":{"direction=\"start\" n=1000000":{"mean":988486.8288577686,"sqsum":1718215877.5947359,"variance":59248823.36533572,"size":30},"direction=\"end\" n=1000000":{"mean":624069.1162408285,"sqsum":1892717346.5449119,"variance":65266115.39810041,"size":30}},"timers-timeout-nexttick":{"n=50000":{"mean":784957.1441379358,"sqsum":7838895899.868989,"variance":270306755.16789615,"size":30},"n=5000000":{"mean":4074044.2728403993,"sqsum":91643958362.84033,"variance":3160136495.2703567,"size":30}},"timers-timeout-pooled":{"n=10000000":{"mean":9958187.561435342,"sqsum":652828418155.7905,"variance":22511324763.992775,"size":30}},"timers-timeout-unpooled":{"n=1000000":{"mean":7947221.001260461,"sqsum":362610181965.2749,"variance":12503799378.112928,"size":30}}}