{"echo":{"n=100000 payload=\"string\" sendsPerBroadcast=1 workers=1":{"mean":57474.538322551016,"sqsum":32874441.075809103,"variance":1133601.4164072105,"size":30},"n=100000 payload=\"string\" sendsPerBroadcast=10 workers=1":{"mean":21158.338895500867,"sqsum":12312854.008881794,"variance":424581.1727200619,"size":30},"n=100000 payload=\"object\" sendsPerBroadcast=1 workers=1":{"mean":37047.66631116926,"sqsum":13295395.808598103,"variance":458461.92443441733,"size":30},"n=100000 payload=\"object\" sendsPerBroadcast=10 workers=1":{"mean":10342.823432597554,"sqsum":1390748.2624865463,"variance":47956.83663746712,"size":30}},"messageport":{"n=1000000 payload=\"string\"":{"mean":495546.2597734888,"sqsum":6438714062.259383,"variance":222024622.83653045,"size":30},"n=1000000 payload=\"object\"":{"mean":214776.82743412815,"sqsum":644369541.9626391,"variance":22219639.37802204,"size":30}}}