{"convertprotocols":{"n=1":{"mean":2308.713514671246,"sqsum":871276.170727091,"variance":30044.00588714107,"size":30},"n=50000":{"mean":748576.6612914403,"sqsum":2884746950.282526,"variance":99474032.76836297,"size":30}},"secure-pair":{"dur=5 securing=\"SecurePair\" size=100":{"mean":342.23275558818546,"sqsum":52.53047287479371,"variance":1.8113956163721967,"size":30},"dur=5 securing=\"SecurePair\" size=1024":{"mean":376.30037573606285,"sqsum":109.14594582850938,"variance":3.7636533044313576,"size":30},"dur=5 securing=\"SecurePair\" size=1048576":{"mean":448.17857157698865,"sqsum":282.28979146666586,"variance":9.734130740229858,"size":30},"dur=5 securing=\"TLSSocket\" size=100":{"mean":340.73315270717785,"sqsum":66.78472444032272,"variance":2.3029215324249215,"size":30},"dur=5 securing=\"TLSSocket\" size=1024":{"mean":380.44568382306716,"sqsum":24.095250584266775,"variance":0.8308707098023026,"size":30},"dur=5 securing=\"TLSSocket\" size=1048576":{"mean":451.4091713580141,"sqsum":94.42199350005986,"variance":3.2559308103468916,"size":30},"dur=5 securing=\"clear\" size=100":{"mean":250.50572303164208,"sqsum":662.4311288596721,"variance":22.84245271929904,"size":30},"dur=5 securing=\"clear\" size=1024":{"mean":1942.3436218058148,"sqsum":68359.31568870308,"variance":2357.2177823690718,"size":30},"dur=5 securing=\"clear\" size=1048576":{"mean":5990.281288823382,"sqsum":101005.52528650856,"variance":3482.94914781064,"size":30}},"throughput-c2s":{"dur=5 size=100 type=\"buf\"":{"mean":373.9161708698536,"sqsum":56.49803767929129,"variance":1.9482081958376307,"size":30},"dur=5 size=1024 type=\"buf\"":{"mean":430.31768214079597,"sqsum":38.70326668882706,"variance":1.3345954030630018,"size":30},"dur=5 size=1048576 type=\"buf\"":{"mean":501.55499762969185,"sqsum":41.73944879014703,"variance":1.4392913375912768,"size":30},"dur=5 size=4194304 type=\"buf\"":{"mean":495.39020254603236,"sqsum":71.72197839807838,"variance":2.4731716688992544,"size":30},"dur=5 size=16777216 type=\"buf\"":{"mean":491.24390080896956,"sqsum":1020.272457128104,"variance":35.18180886648634,"size":30},"dur=5 size=100 type=\"asc\"":{"mean":294.2203893944035,"sqsum":612.8889100604745,"variance":21.134100346912913,"size":30},"dur=5 size=1024 type=\"asc\"":{"mean":413.6723368706229,"sqsum":69.31472949198658,"variance":2.390163085930572,"size":30},"dur=5 size=1048576 type=\"asc\"":{"mean":496.7531325460742,"sqsum":42.76183816925215,"variance":1.4745461437673155,"size":30},"dur=5 size=4194304 type=\"asc\"":{"mean":489.25860403756946,"sqsum":42.77594569626455,"variance":1.475032610216019,"size":30},"dur=5 size=16777216 type=\"asc\"":{"mean":479.44572972841814,"sqsum":80.79245541168488,"variance":2.7859467383339616,"size":30},"dur=5 size=100 type=\"utf\"":{"mean":305.05985501389165,"sqsum":583.4954105808401,"variance":20.120531399339317,"size":30},"dur=5 size=1024 type=\"utf\"":{"mean":414.48552746489474,"sqsum":44.62305412845837,"variance":1.538726004429599,"size":30},"dur=5 size=1048576 type=\"utf\"":{"mean":464.41590644818183,"sqsum":43.417301132806664,"variance":1.4971483149243676,"size":30},"dur=5 size=4194304 type=\"utf\"":{"mean":459.56390649428863,"sqsum":38.819600359689524,"variance":1.3386069089548112,"size":30},"dur=5 size=16777216 type=\"utf\"":{"mean":445.38753540930225,"sqsum":82.05176989179333,"variance":2.8293713755790804,"size":30}},"throughput-s2c":{"dur=5 recvbufgenfn=\"true\" recvbuflen=0 sendchunklen=256 type=\"buf\"":{"mean":413.9575914544884,"sqsum":80.88450471768208,"variance":2.7891208523338644,"size":30},"dur=5 recvbufgenfn=\"false\" recvbuflen=0 sendchunklen=256 type=\"buf\"":{"mean":413.6341475438955,"sqsum":97.99220880011846,"variance":3.3790416827627054,"size":30},"dur=5 recvbufgenfn=\"true\" recvbuflen=65536 sendchunklen=256 type=\"buf\"":{"mean":433.5886358367501,"sqsum":36.204185560731666,"variance":1.2484201917493678,"size":30},"dur=5 recvbufgenfn=\"false\" recvbuflen=65536 sendchunklen=256 type=\"buf\"":{"mean":434.80139763751674,"sqsum":93.94743576794508,"variance":3.239566750618796,"size":30},"dur=5 recvbufgenfn=\"true\" recvbuflen=1048576 sendchunklen=256 type=\"buf\"":{"mean":433.41361473333507,"sqsum":77.56895866241929,"variance":2.6747916780144583,"size":30},"dur=5 recvbufgenfn=\"false\" recvbuflen=1048576 sendchunklen=256 type=\"buf\"":{"mean":435.0023069421345,"sqsum":50.89804941990086,"variance":1.7551051524103745,"size":30},"dur=5 recvbufgenfn=\"true\" recvbuflen=0 sendchunklen=32768 type=\"buf\"":{"mean":484.1142553480309,"sqsum":14.837033859799291,"variance":0.5116218572344583,"size":30},"dur=5 recvbufgenfn=\"false\" recvbuflen=0 sendchunklen=32768 type=\"buf\"":{"mean":484.09909428745834,"sqsum":26.875701593873686,"variance":0.9267483308232305,"size":30},"dur=5 recvbufgenfn=\"true\" recvbuflen=65536 sendchunklen=32768 type=\"buf\"":{"mean":504.6808417335954,"sqsum":19.16577039001875,"variance":0.6608886341385777,"size":30},"dur=5 recvbufgenfn=\"false\" recvbuflen=65536 sendchunklen=32768 type=\"buf\"":{"mean":507.1157773541101,"sqsum":65.41454655649684,"variance":2.2556740191895464,"size":30},"dur=5 recvbufgenfn=\"true\" recvbuflen=1048576 sendchunklen=32768 type=\"buf\"":{"mean":505.0224902597147,"sqsum":29.562103297657014,"variance":1.0193828723330005,"size":30},"dur=5 recvbufgenfn=\"false\" recvbuflen=1048576 sendchunklen=32768 type=\"buf\"":{"mean":506.60585765852335,"sqsum":34.986448165166045,"variance":1.2064292470746911,"size":30},"dur=5 recvbufgenfn=\"true\" recvbuflen=0 sendchunklen=131072 type=\"buf\"":{"mean":497.39550770973443,"sqsum":17.60788707933041,"variance":0.6071685199769107,"size":30},"dur=5 recvbufgenfn=\"false\" recvbuflen=0 sendchunklen=131072 type=\"buf\"":{"mean":497.64814730545544,"sqsum":21.81412692499406,"variance":0.7522112732756572,"size":30},"dur=5 recvbufgenfn=\"true\" recvbuflen=65536 sendchunklen=131072 type=\"buf\"":{"mean":520.6031458435189,"sqsum":43.443820895548335,"variance":1.4980627895016667,"size":30},"dur=5 recvbufgenfn=\"false\" recvbuflen=65536 sendchunklen=131072 type=\"buf\"":{"mean":521.0866435779169,"sqsum":20.85935665012252,"variance":0.7192881603490524,"size":30},"dur=5 recvbufgenfn=\"true\" recvbuflen=1048576 sendchunklen=131072 type=\"buf\"":{"mean":520.1096709362657,"sqsum":67.82504126370002,"variance":2.338794526334483,"size":30},"dur=5 recvbufgenfn=\"false\" recvbuflen=1048576 sendchunklen=131072 type=\"buf\"":{"mean":521.3639143011363,"sqsum":28.725880149179975,"variance":0.9905475913510335,"size":30},"dur=5 recvbufgenfn=\"true\" recvbuflen=0 sendchunklen=16777216 type=\"buf\"":{"mean":488.9510407871492,"sqsum":573.3353438414775,"variance":19.770184270395774,"size":30},"dur=5 recvbufgenfn=\"false\" recvbuflen=0 sendchunklen=16777216 type=\"buf\"":{"mean":488.2012644815781,"sqsum":352.1350616010834,"variance":12.14258833107184,"size":30},"dur=5 recvbufgenfn=\"true\" recvbuflen=65536 sendchunklen=16777216 type=\"buf\"":{"mean":518.7811787596403,"sqsum":32.96879499272356,"variance":1.1368549997490882,"size":30},"dur=5 recvbufgenfn=\"false\" recvbuflen=65536 sendchunklen=16777216 type=\"buf\"":{"mean":521.9555750306597,"sqsum":71.77957873545614,"variance":2.475157887429522,"size":30},"dur=5 recvbufgenfn=\"true\" recvbuflen=1048576 sendchunklen=16777216 type=\"buf\"":{"mean":518.2958087515594,"sqsum":63.611500413208326,"variance":2.193500014248563,"size":30},"dur=5 recvbufgenfn=\"false\" recvbuflen=1048576 sendchunklen=16777216 type=\"buf\"":{"mean":521.8197361827662,"sqsum":61.44522510409395,"variance":2.118800865658412,"size":30},"dur=5 recvbufgenfn=\"true\" recvbuflen=0 sendchunklen=256 type=\"asc\"":{"mean":366.65622995155786,"sqsum":298.6137604752551,"variance":10.297026223284659,"size":30},"dur=5 recvbufgenfn=\"false\" recvbuflen=0 sendchunklen=256 type=\"asc\"":{"mean":366.9089083712076,"sqsum":292.93444884826994,"variance":10.101187891319654,"size":30},"dur=5 recvbufgenfn=\"true\" recvbuflen=65536 sendchunklen=256 type=\"asc\"":{"mean":383.2724768652204,"sqsum":321.44607432720784,