{"ee-add-remove":{"n=1000000 newListener=0 removeListener=0":{"mean":1204430.9251662607,"sqsum":702837535.5758122,"variance":24235777.088821113,"size":30},"n=1000000 newListener=0 removeListener=1":{"mean":820134.2183610704,"sqsum":2991453098.1346884,"variance":103153555.10809271,"size":30},"n=1000000 newListener=1 removeListener=0":{"mean":929433.0434588094,"sqsum":3200716595.0771503,"variance":110369537.76128104,"size":30},"n=1000000 newListener=1 removeListener=1":{"mean":707711.7721193365,"sqsum":8213351609.104602,"variance":283219021.003607,"size":30}},"ee-emit":{"argc=0 listeners=1 n=2000000":{"mean":63384125.62939755,"sqsum":23680443793030.562,"variance":816567027345.8815,"size":30},"argc=0 listeners=5 n=2000000":{"mean":16027783.70973947,"sqsum":312857210695.4488,"variance":10788179679.153406,"size":30},"argc=0 listeners=10 n=2000000":{"mean":9230099.989828758,"sqsum":100461817423.99419,"variance":3464200600.827386,"size":30},"argc=2 listeners=1 n=2000000":{"mean":62606819.43629985,"sqsum":25078461386724.402,"variance":864774530576.7036,"size":30},"argc=2 listeners=5 n=2000000":{"mean":16046603.292843612,"sqsum":216693796172.1289,"variance":7472199868.004445,"size":30},"argc=2 listeners=10 n=2000000":{"mean":7686319.361440568,"sqsum":103506848074.62709,"variance":3569201657.745762,"size":30},"argc=4 listeners=1 n=2000000":{"mean":62157496.70592594,"sqsum":22625286107560.99,"variance":780182279571.0685,"size":30},"argc=4 listeners=5 n=2000000":{"mean":15920401.16845877,"sqsum":172113939920.7409,"variance":5934963445.542789,"size":30},"argc=4 listeners=10 n=2000000":{"mean":7419816.911185339,"sqsum":229320589320.36768,"variance":7907606528.28854,"size":30},"argc=10 listeners=1 n=2000000":{"mean":61579151.13426704,"sqsum":24274877675402.375,"variance":837064747427.6681,"size":30},"argc=10 listeners=5 n=2000000":{"mean":14151981.593389131,"sqsum":158122345114.69855,"variance":5452494659.127536,"size":30},"argc=10 listeners=10 n=2000000":{"mean":6829631.302245408,"sqsum":60798710344.052605,"variance":2096507253.2431934,"size":30}},"ee-listener-count-on-prototype":{"n=50000000":{"mean":77242866.92561208,"sqsum":108298091213693.98,"variance":3734416938403.2407,"size":30}},"ee-listeners":{"listeners=5 n=5000000 raw=\"true\"":{"mean":53622553.81311272,"sqsum":22996774292066.258,"variance":792992216967.802,"size":30},"listeners=5 n=5000000 raw=\"false\"":{"mean":28434656.986894395,"sqsum":2108848717165.0098,"variance":72718921281.55206,"size":30},"listeners=50 n=5000000 raw=\"true\"":{"mean":19540678.665442035,"sqsum":1342633971371.175,"variance":46297723150.73017,"size":30},"listeners=50 n=5000000 raw=\"false\"":{"mean":5816530.436807283,"sqsum":24088177964.498512,"variance":830626826.3620178,"size":30}},"ee-once":{"argc=0 n=20000000":{"mean":7891075.470498089,"sqsum":60295378655.90868,"variance":2079150988.1347823,"size":30},"argc=1 n=20000000":{"mean":7713900.832687819,"sqsum":168990455755.18414,"variance":5827257095.00635,"size":30},"argc=4 n=20000000":{"mean":7557769.821449883,"sqsum":391006050496.1809,"variance":13482967258.488997,"size":30},"argc=5 n=20000000":{"mean":7528537.534851772,"sqsum":25987401891.010178,"variance":896117306.5865579,"size":30}},"eventtarget":{"listeners=1 n=1000000":{"mean":3123664.6917938944,"sqsum":28918426522.478504,"variance":997187121.464776,"size":30},"listeners=5 n=1000000":{"mean":2650344.4041657015,"sqsum":506860023911.842,"variance":17477931859.029034,"size":30},"listeners=10 n=1000000":{"mean":2232661.663983025,"sqsum":8465163207.044127,"variance":291902179.5532458,"size":30}}}