{"immediate":{"n=5000000 type=\"depth\"":{"mean":277046.7348669002,"sqsum":387266696.8401508,"variance":13354024.028970715,"size":30},"n=5000000 type=\"depth1\"":{"mean":281378.62510340114,"sqsum":371267400.48177737,"variance":12802324.154544048,"size":30},"n=5000000 type=\"breadth\"":{"mean":2280529.929704879,"sqsum":14238046845.027296,"variance":490967132.58714813,"size":30},"n=5000000 type=\"breadth1\"":{"mean":1530197.7478405898,"sqsum":102465857819.58784,"variance":3533305442.0547533,"size":30},"n=5000000 type=\"breadth4\"":{"mean":1166532.7931888849,"sqsum":74405012538.31712,"variance":2565690087.528177,"size":30},"n=5000000 type=\"clear\"":{"mean":6156651.162105402,"sqsum":1918990165342.0054,"variance":66172074666.965706,"size":30}},"set-immediate-breadth-args":{"n=5000000":{"mean":1472161.9129887873,"sqsum":109686288953.58144,"variance":3782285825.9855666,"size":30}},"set-immediate-breadth":{"n=10000000":{"mean":2117258.861701941,"sqsum":6328736952.779352,"variance":218232308.71652937,"size":30}},"set-immediate-depth-args":{"n=5000000":{"mean":272211.30465594813,"sqsum":206818094.56135434,"variance":7131658.433150149,"size":30}},"timers-breadth-args":{"n=1000000":{"mean":1138241.3712013524,"sqsum":28573744880.26421,"variance":985301547.5953175,"size":30}},"timers-breadth":{"n=5000000":{"mean":1338037.1087526395,"sqsum":478404627314.107,"variance":16496711286.693344,"size":30}},"timers-cancel-pooled":{"n=5000000":{"mean":20409162.14391385,"sqsum":380454069354680.5,"variance":13119105839816.57,"size":30}},"timers-cancel-unpooled":{"direction=\"start\" n=1000000":{"mean":1629463.685159096,"sqsum":7345825394.618554,"variance":253304323.95236394,"size":30},"direction=\"end\" n=1000000":{"mean":6546508.845637389,"sqsum":50460333775.521164,"variance":1740011509.5007298,"size":30}},"timers-depth":{"n=1000":{"mean":849.7185304164228,"sqsum":888.2233449854713,"variance":30.628391206395563,"size":30}},"timers-insert-pooled":{"n=5000000":{"mean":1169978.4497309062,"sqsum":88124988081.69446,"variance":3038792692.472223,"size":30}},"timers-insert-unpooled":{"direction=\"start\" n=1000000":{"mean":1432761.0427088782,"sqsum":14015672024.245895,"variance":483299035.31882393,"size":30},"direction=\"end\" n=1000000":{"mean":938067.6469331582,"sqsum":4776831429.809459,"variance":164718325.16584343,"size":30}},"timers-timeout-nexttick":{"n=50000":{"mean":774725.1018818896,"sqsum":9420694406.871101,"variance":324851531.27141726,"size":30},"n=5000000":{"mean":4236708.025866538,"sqsum":5224556634961.068,"variance":180157125343.48514,"size":30}},"timers-timeout-pooled":{"n=10000000":{"mean":10347225.727027724,"sqsum":334436060316.882,"variance":11532277941.961449,"size":30}},"timers-timeout-unpooled":{"n=1000000":{"mean":7837440.612502964,"sqsum":734142343305.057,"variance":25315253217.41576,"size":30}}}