{"ee-add-remove":{"n=1000000":{"mean":819045.8824487563,"sqsum":29973082520.560417,"variance":1033554569.6744971,"size":30}},"ee-emit":{"argc=0 listeners=1 n=2000000":{"mean":34071840.00931938,"sqsum":7722663889761.894,"variance":266298754819.3756,"size":30},"argc=0 listeners=5 n=2000000":{"mean":10095738.134094572,"sqsum":175045526923.8441,"variance":6036052652.546349,"size":30},"argc=0 listeners=10 n=2000000":{"mean":5936853.730918493,"sqsum":518344791013.3779,"variance":17873958310.806133,"size":30},"argc=2 listeners=1 n=2000000":{"mean":31981922.651068177,"sqsum":13018918881997.883,"variance":448928237310.2718,"size":30},"argc=2 listeners=5 n=2000000":{"mean":8978797.84863787,"sqsum":537663996863.5925,"variance":18540137822.8825,"size":30},"argc=2 listeners=10 n=2000000":{"mean":5239990.349688419,"sqsum":21215174364.998085,"variance":731557736.724072,"size":30},"argc=4 listeners=1 n=2000000":{"mean":31772053.60053144,"sqsum":11805466267657.334,"variance":407085043712.32184,"size":30},"argc=4 listeners=5 n=2000000":{"mean":8828052.29726642,"sqsum":243634270729.08554,"variance":8401181749.278811,"size":30},"argc=4 listeners=10 n=2000000":{"mean":5152059.361957931,"sqsum":38379868055.466675,"variance":1323443726.0505748,"size":30},"argc=10 listeners=1 n=2000000":{"mean":30359517.914504666,"sqsum":12017888507088.926,"variance":414409948520.30774,"size":30},"argc=10 listeners=5 n=2000000":{"mean":8460364.410898784,"sqsum":635660576518.6942,"variance":21919330224.78256,"size":30},"argc=10 listeners=10 n=2000000":{"mean":4891213.085898942,"sqsum":285085808527.1887,"variance":9830545121.627197,"size":30}},"ee-listener-count-on-prototype":{"n=50000000":{"mean":58488117.387102045,"sqsum":133096701566621.67,"variance":4589541433331.782,"size":30}},"ee-listeners-many":{"n=5000000":{"mean":5068279.558767836,"sqsum":104423299244.5256,"variance":3600803422.225021,"size":30}},"ee-listeners":{"n=5000000":{"mean":22068818.84364097,"sqsum":20891209433765.78,"variance":720386532198.8201,"size":30}},"ee-once":{"argc=0 n=20000000":{"mean":4907147.430019655,"sqsum":752623007653.0072,"variance":25952517505.276108,"size":30},"argc=1 n=20000000":{"mean":4672487.325479527,"sqsum":123828884679.50177,"variance":4269961540.672475,"size":30},"argc=4 n=20000000":{"mean":4653247.379558561,"sqsum":149468874343.90848,"variance":5154099115.307189,"size":30},"argc=5 n=20000000":{"mean":4627280.745158063,"sqsum":54742635350.327705,"variance":1887677081.0457828,"size":30}}}