{"basename-posix":{"n=100000 pathext=\"\"":{"mean":11060742.844113143,"sqsum":444293097051.3549,"variance":15320451622.460514,"size":30},"n=100000 pathext=\"/\"":{"mean":9802127.818697842,"sqsum":2671966144828.084,"variance":92136763614.76152,"size":30},"n=100000 pathext=\"/foo\"":{"mean":8611443.947521588,"sqsum":80412283616.77672,"variance":2772837366.095749,"size":30},"n=100000 pathext=\"/foo/.bar.baz\"":{"mean":5957841.974044185,"sqsum":78323192578.89412,"variance":2700799744.0997972,"size":30},"n=100000 pathext=\"/foo/.bar.baz|.baz\"":{"mean":4405717.726204203,"sqsum":38442167047.369316,"variance":1325591967.1506662,"size":30},"n=100000 pathext=\"foo\"":{"mean":9164263.192585234,"sqsum":115829920698.35622,"variance":3994135196.495042,"size":30},"n=100000 pathext=\"foo/bar.\"":{"mean":6971553.007759441,"sqsum":64022795830.15477,"variance":2207682614.8329234,"size":30},"n=100000 pathext=\"foo/bar.|.\"":{"mean":5104125.407498927,"sqsum":32756995106.82581,"variance":1129551555.4077866,"size":30},"n=100000 pathext=\"/foo/bar/baz/asdf/quux.html\"":{"mean":5856643.087335396,"sqsum":38173104295.53523,"variance":1316313941.2253528,"size":30},"n=100000 pathext=\"/foo/bar/baz/asdf/quux.html|.html\"":{"mean":4209076.61230795,"sqsum":23665669299.794136,"variance":816057562.0618668,"size":30}},"basename-win32":{"n=100000 pathext=\"\"":{"mean":10192653.459397815,"sqsum":256191489860.21844,"variance":8834189305.524775,"size":30},"n=100000 pathext=\"C:\\\\\"":{"mean":7807286.299292656,"sqsum":84483750237.84041,"variance":2913232766.822083,"size":30},"n=100000 pathext=\"C:\\\\foo\"":{"mean":6990587.067861377,"sqsum":116540151034.56332,"variance":4018625897.7435627,"size":30},"n=100000 pathext=\"D:\\\\foo\\\\.bar.baz\"":{"mean":4999053.437306739,"sqsum":35721274786.264565,"variance":1231768096.0780885,"size":30},"n=100000 pathext=\"E:\\\\foo\\\\.bar.baz|.baz\"":{"mean":4093646.7756161895,"sqsum":21671475964.71781,"variance":747292274.6454418,"size":30},"n=100000 pathext=\"foo\"":{"mean":7902298.731752251,"sqsum":150466093593.0129,"variance":5188485985.965961,"size":30},"n=100000 pathext=\"foo\\\\bar.\"":{"mean":5740557.038575183,"sqsum":44981257602.291794,"variance":1551077848.3548894,"size":30},"n=100000 pathext=\"foo\\\\bar.|.\"":{"mean":4904946.082858201,"sqsum":28232040842.19107,"variance":973518649.7307266,"size":30},"n=100000 pathext=\"\\\\foo\\\\bar\\\\baz\\\\asdf\\\\quux.html\"":{"mean":5329352.036330724,"sqsum":20644804787.19369,"variance":711889820.2480583,"size":30},"n=100000 pathext=\"\\\\foo\\\\bar\\\\baz\\\\asdf\\\\quux.html|.html\"":{"mean":4191338.4346562815,"sqsum":14036235831.375694,"variance":484008132.1164033,"size":30}},"dirname-posix":{"n=100000 path=\"\"":{"mean":11482374.36148633,"sqsum":399083043338.95483,"variance":13761484253.06741,"size":30},"n=100000 path=\"/\"":{"mean":9570293.710667124,"sqsum":194021847962.6096,"variance":6690408550.4348135,"size":30},"n=100000 path=\"/foo\"":{"mean":8676705.917471495,"sqsum":1581473904290.4478,"variance":54533582906.56716,"size":30},"n=100000 path=\"/foo/bar\"":{"mean":6741641.385219582,"sqsum":65625150963.1946,"variance":2262936240.110159,"size":30},"n=100000 path=\"foo\"":{"mean":8955936.044311294,"sqsum":148959848996.65485,"variance":5136546517.12603,"size":30},"n=100000 path=\"foo/bar\"":{"mean":8079615.609606933,"sqsum":119998733516.07394,"variance":4137887362.6232395,"size":30},"n=100000 path=\"/foo/bar/baz/asdf/quux\"":{"mean":6261756.402400637,"sqsum":61678088976.78192,"variance":2126830654.3717902,"size":30}},"dirname-win32":{"n=100000 path=\"\"":{"mean":10037646.93776346,"sqsum":188459386578.60083,"variance":6498599537.193132,"size":30},"n=100000 path=\"\\\\\"":{"mean":8386134.960565609,"sqsum":104315693229.02928,"variance":3597092869.966527,"size":30},"n=100000 path=\"\\\\foo\"":{"mean":7467540.356284121,"sqsum":1174184388768.149,"variance":40489116854.0741,"size":30},"n=100000 path=\"C:\\\\foo\\\\bar\"":{"mean":5570104.840489738,"sqsum":20461383326.786873,"variance":705564942.3029957,"size":30},"n=100000 path=\"foo\"":{"mean":7548458.657607235,"sqsum":75774381990.3866,"variance":2612909723.806434,"size":30},"n=100000 path=\"foo\\\\bar\"":{"mean":6867408.278621802,"sqsum":69455024820.92604,"variance":2395000855.8940015,"size":30},"n=100000 path=\"D:\\\\foo\\\\bar\\\\baz\\\\asdf\\\\quux\"":{"mean":5204679.949290223,"sqsum":37390461954.77296,"variance":1289326274.3025157,"size":30}},"extname-posix":{"n=100000 path=\"\"":{"mean":12604183.824157624,"sqsum":393002425605.43384,"variance":13551807779.497719,"size":30},"n=100000 path=\"/\"":{"mean":10856666.094900556,"sqsum":185230987443.68912,"variance":6387275429.092729,"size":30},"n=100000 path=\"/foo\"":{"mean":9223159.56251378,"sqsum":1665663874804.2056,"variance":57436685338.07605,"size":30},"n=100000 path=\"foo/.bar.baz\"":{"mean":5579821.304551275,"sqsum":22848639330.381058,"variance":787884114.8407261,"size":30},"n=100000 path=\"index.html\"":{"mean":5762252.067488615,"sqsum":80056041572.31454,"variance":2760553157.666019,"size":30},"n=100000 path=\"index\"":{"mean":8893589.548857002,"sqsum":286437853748.76666,"variance":9877167370.647125,"size":30},"n=100000 path=\"foo/bar/..baz.quux\"":{"mean":5012694.248299324,"sqsum":34973595752.271416,"variance":1205986060.4231522,"size":30},"n=100000 path=\"foo/bar/...baz.quux\"":{"mean":4793881.426765047,"sqsum":65053771368.34753,"variance":2243233495.4602594,"size":30},"n=100000 path=\"/foo/bar/baz/asdf/quux\"":{"mean":6993603.178958807,"sqsum":63865436115.51122,"variance":2202256417.776249,"size":30},"n=100000 path=\"/foo/bar/baz/asdf/quux.foobarbazasdfquux\"":{"mean":3812201.7908542207,"sqsum":14115318047.149153,"variance":486735105.0741087,"size":30}},"extname-win32":{"n=100000 path=\"\"":{"mean":10980852.049476374,"sqsum":198963379748.83264,"variance":6860806198.235609,"size":30},"n=100000 path=\"\\\\\"":{"mean":9532556.191544762,"sqsum":100987539581.50148,"variance":3482328951.086258,"size":30},"n=100000 path=\"C:\\\\foo\"":{"mean":7454141.210255134,"sqsum":79223240879.26793,"variance":2731835892.3885493,"size":30},"n=100000 path=\"foo\\\\.bar.baz\"":{"mean":5174032.355697428,"sqsum":31942448880.098965,"variance":1101463754.4861712,"size":30},"n=100000 path=\"index.html\"":{"mean":5468237.414755672,"sqsum":33045058803.03341,"variance":1139484786.3114967,"size":30},"n=100000 path=\"index\"":{"mean":7921971.9837611215,"sqsum":95256521648.30634,"variance":3284707643.045046,"size":30},"n=100000 path=\"foo\\\\bar\\\\..baz.quux\"":{"mean":4578312.914126727,"sqsum":20618684741.050198,"variance":710989129.001731,"size":30},"n=100000 path=\"foo\\\\bar\\\\...baz.quux\"":{"mean":4469767.833857103,"sqsum":25263139138.554245,"variance":871142728.9156636,"size":30},"n=100000 path=\"D:\\\\foo\\\\bar\\\\baz\\\\asdf\\\\quux\"":{"mean":5918983.940064699,"sqsum":39161465687.407776,"variance":1350395368.5313025,"size":30},"n=100000 path=\"\\\\foo\\\\bar\\\\baz\\\\asdf\\\\quux.foobarbazasdfquux\"":{"mean":3666592.6750959284,"sqsum":9523504846.326584,"variance":328396718.83884776,"size":30}},"format-posix":{"n=1000000 props=\"/|/home/user/dir|index.html|.html|index\"":{"mean":6646249.05308616,"sqsum":18696698040.418537,"variance":644713725.5316737,"size":30}},"format-win32":{"n=1000000 props=\"C:\\\\|C:\\\\path\\\\dir|index.html|.html|index\"":{"mean":6237483.631977916,"sqsum":11372826153.273142,"variance":392166419.0783842,"size":30}},"isAbsolute-posix":{"n=100000 path=\"\"":{"mean":16317781.477032162,"sqsum":1094808205752.7574,"variance":37752007094.92267,"size":30},"n=100000 path=\".\"":{"mean":13876344.909676215,"sqsum":490914226925.4404,"variance":16928076790.532429,"size":30},"n=100000 path=\"/foo/bar\"":{"mean":10134721.495025046,"sqsum":303701151893.67285,"variance":10472453513.574924,"size":30},"n=100000 path=\"/baz/..\"":{"mean":12629686.563340832,"sqsum":730155168792.9518,"variance":25177764441.13627,"size":30},"n=100000 path=\"bar/baz\"":{"mean":12644916.488830442,"sqsum":472688525332.70935,