{"ee-add-remove":{"n=1000000":{"mean":817161.8940985543,"sqsum":16942225920.649841,"variance":584214686.91896,"size":30}},"ee-emit":{"argc=0 listeners=1 n=2000000":{"mean":34337251.06678875,"sqsum":30818845060563.562,"variance":1062718795191.847,"size":30},"argc=0 listeners=5 n=2000000":{"mean":11907784.703003379,"sqsum":3465791214941.5337,"variance":119510041894.53564,"size":30},"argc=0 listeners=10 n=2000000":{"mean":6190405.627558142,"sqsum":998576416441.3328,"variance":34433669532.45975,"size":30},"argc=2 listeners=1 n=2000000":{"mean":29873697.35993296,"sqsum":15133640720655.94,"variance":521849680022.6186,"size":30},"argc=2 listeners=5 n=2000000":{"mean":9530332.14048889,"sqsum":1920759625682.9592,"variance":66233090540.791695,"size":30},"argc=2 listeners=10 n=2000000":{"mean":5099926.300656163,"sqsum":992056858948.8953,"variance":34208857205.13432,"size":30},"argc=4 listeners=1 n=2000000":{"mean":29477982.162403263,"sqsum":15484757647660.094,"variance":533957160264.1411,"size":30},"argc=4 listeners=5 n=2000000":{"mean":9255210.451002551,"sqsum":1603501280725.468,"variance":55293147611.22303,"size":30},"argc=4 listeners=10 n=2000000":{"mean":4822943.871068132,"sqsum":757522459408.392,"variance":26121464117.530758,"size":30},"argc=10 listeners=1 n=2000000":{"mean":29078744.745133135,"sqsum":15275950992896.85,"variance":526756930789.5466,"size":30},"argc=10 listeners=5 n=2000000":{"mean":8754971.317074781,"sqsum":1774645250465.525,"variance":61194663809.15603,"size":30},"argc=10 listeners=10 n=2000000":{"mean":4644305.547122724,"sqsum":1416789984343.0093,"variance":48854827046.31066,"size":30}},"ee-listener-count-on-prototype":{"n=50000000":{"mean":59026299.647050545,"sqsum":47978674066373.625,"variance":1654437036771.5044,"size":30}},"ee-listeners":{"listeners=5 n=5000000 raw=\"true\"":{"mean":44519415.173720464,"sqsum":39128079577914.01,"variance":1349244123376.345,"size":30},"listeners=5 n=5000000 raw=\"false\"":{"mean":23143082.112928078,"sqsum":3539198969938.0894,"variance":122041343790.9686,"size":30},"listeners=50 n=5000000 raw=\"true\"":{"mean":12234474.359175839,"sqsum":6280478952475.896,"variance":216568239740.54813,"size":30},"listeners=50 n=5000000 raw=\"false\"":{"mean":4554836.02896804,"sqsum":23099504039.20463,"variance":796534622.0415391,"size":30}},"ee-once":{"argc=0 n=20000000":{"mean":5543436.693523121,"sqsum":181403993707.89108,"variance":6255310127.858314,"size":30},"argc=1 n=20000000":{"mean":5128354.0236924,"sqsum":241911380339.29276,"variance":8341771735.837681,"size":30},"argc=4 n=20000000":{"mean":5032671.109430104,"sqsum":233084567689.38718,"variance":8037398885.840937,"size":30},"argc=5 n=20000000":{"mean":5028849.649224049,"sqsum":102831741176.46863,"variance":3545922109.533401,"size":30}},"eventtarget":{"listeners=1 n=1000000":{"mean":1630058.1775321586,"sqsum":119143517289.63063,"variance":4108397147.9182973,"size":30},"listeners=5 n=1000000":{"mean":1450690.3037057833,"sqsum":56538583505.656105,"variance":1949606327.781245,"size":30},"listeners=10 n=1000000":{"mean":1293878.87214047,"sqsum":47157175700.02713,"variance":1626109506.8974872,"size":30}}}