{"module-loader-circular":{"n=10000":{"mean":6352.517526816454,"sqsum":121439.22551052469,"variance":4187.5595003629205,"size":30}},"module-loader-deep":{"cache=\"true\" ext=\"\" files=1000":{"mean":836741.9054144766,"sqsum":33507513879.908024,"variance":1155431513.1002767,"size":30},"cache=\"false\" ext=\"\" files=1000":{"mean":5685.500190246931,"sqsum":183394.19416865814,"variance":6323.937729953729,"size":30},"cache=\"true\" ext=\".js\" files=1000":{"mean":828908.7494077273,"sqsum":55534790060.46636,"variance":1914992760.7057366,"size":30},"cache=\"false\" ext=\".js\" files=1000":{"mean":5771.124859164323,"sqsum":171792.22128959154,"variance":5923.869699641087,"size":30}},"module-loader":{"cache=\"true\" dir=\"rel\" files=500 n=1 name=\"\"":{"mean":18643.201367462636,"sqsum":395119.0224538765,"variance":13624.793877719878,"size":30},"cache=\"false\" dir=\"rel\" files=500 n=1 name=\"\"":{"mean":4548.550605558003,"sqsum":58564.63988910089,"variance":2019.470341003479,"size":30},"cache=\"true\" dir=\"rel\" files=500 n=1000 name=\"\"":{"mean":1916001.7289876626,"sqsum":83574371374.21536,"variance":2881874874.9729433,"size":30},"cache=\"false\" dir=\"rel\" files=500 n=1000 name=\"\"":{"mean":1441622.7823665624,"sqsum":2747559658.0165634,"variance":94743436.48332977,"size":30},"cache=\"true\" dir=\"abs\" files=500 n=1 name=\"\"":{"mean":18622.80045855417,"sqsum":156717.27797927288,"variance":5404.04406825079,"size":30},"cache=\"false\" dir=\"abs\" files=500 n=1 name=\"\"":{"mean":4625.0670262934555,"sqsum":71417.46300477794,"variance":2462.6711380957913,"size":30},"cache=\"true\" dir=\"abs\" files=500 n=1000 name=\"\"":{"mean":1915614.124164714,"sqsum":3445057362.549309,"variance":118795081.46721755,"size":30},"cache=\"false\" dir=\"abs\" files=500 n=1000 name=\"\"":{"mean":1448915.2455552605,"sqsum":1030596332.3114899,"variance":35537804.56246517,"size":30},"cache=\"true\" dir=\"rel\" files=500 n=1 name=\"/\"":{"mean":18681.15187319131,"sqsum":418544.3316424575,"variance":14432.563160084741,"size":30},"cache=\"false\" dir=\"rel\" files=500 n=1 name=\"/\"":{"mean":4742.011045582115,"sqsum":59527.28554172928,"variance":2052.66501868032,"size":30},"cache=\"true\" dir=\"rel\" files=500 n=1000 name=\"/\"":{"mean":1888740.1644929855,"sqsum":3140439698.931412,"variance":108291024.10108317,"size":30},"cache=\"false\" dir=\"rel\" files=500 n=1000 name=\"/\"":{"mean":1427644.2262700805,"sqsum":1657394789.5031312,"variance":57151544.46562521,"size":30},"cache=\"true\" dir=\"abs\" files=500 n=1 name=\"/\"":{"mean":18675.53150517906,"sqsum":260622.50799524007,"variance":8986.983034318622,"size":30},"cache=\"false\" dir=\"abs\" files=500 n=1 name=\"/\"":{"mean":4790.4155532700315,"sqsum":75602.9036162373,"variance":2606.9966764219753,"size":30},"cache=\"true\" dir=\"abs\" files=500 n=1000 name=\"/\"":{"mean":1885058.402205901,"sqsum":3450231595.449807,"variance":118973503.29137266,"size":30},"cache=\"false\" dir=\"abs\" files=500 n=1000 name=\"/\"":{"mean":1431739.045269077,"sqsum":1264300107.64614,"variance":43596555.436073795,"size":30},"cache=\"true\" dir=\"rel\" files=500 n=1 name=\"/index.js\"":{"mean":18672.12117651567,"sqsum":209660.67704658417,"variance":7229.67851884773,"size":30},"cache=\"false\" dir=\"rel\" files=500 n=1 name=\"/index.js\"":{"mean":4943.489219496417,"sqsum":96436.89689123367,"variance":3325.410237628747,"size":30},"cache=\"true\" dir=\"rel\" files=500 n=1000 name=\"/index.js\"":{"mean":1828704.2087694844,"sqsum":11826493329.653568,"variance":407810114.8156403,"size":30},"cache=\"false\" dir=\"rel\" files=500 n=1000 name=\"/index.js\"":{"mean":1416906.6815177586,"sqsum":1136252396.9114385,"variance":39181117.13487719,"size":30},"cache=\"true\" dir=\"abs\" files=500 n=1 name=\"/index.js\"":{"mean":19074.759084011526,"sqsum":1089529.0194005792,"variance":37569.96618622686,"size":30},"cache=\"false\" dir=\"abs\" files=500 n=1 name=\"/index.js\"":{"mean":5014.012013439519,"sqsum":93302.47932501529,"variance":3217.326873276389,"size":30},"cache=\"true\" dir=\"abs\" files=500 n=1000 name=\"/index.js\"":{"mean":1820090.6182167227,"sqsum":2035116819.0386715,"variance":70176442.03581625,"size":30},"cache=\"false\" dir=\"abs\" files=500 n=1000 name=\"/index.js\"":{"mean":1403602.2784809186,"sqsum":2532013722.384563,"variance":87310818.0132608,"size":30}},"module-require":{"n=10000 type=\".js\"":{"mean":10554.489821512647,"sqsum":536069.5050644564,"variance":18485.155347050222,"size":30},"n=10000 type=\".json\"":{"mean":21319.838241175457,"sqsum":1988799.9861132093,"variance":68579.30986597274,"size":30},"n=10000 type=\"dir\"":{"mean":8851.523516432666,"sqsum":185252.64954348854,"variance":6388.022398051329,"size":30}}}