{"basename-posix":{"n=100000 pathext=\"\"":{"mean":11104635.373901563,"sqsum":436032030197.93646,"variance":15035587248.204706,"size":30},"n=100000 pathext=\"/\"":{"mean":10076291.770419516,"sqsum":189530047285.59595,"variance":6535518871.917102,"size":30},"n=100000 pathext=\"/foo\"":{"mean":8704272.799337512,"sqsum":141539709493.58887,"variance":4880679637.709961,"size":30},"n=100000 pathext=\"/foo/.bar.baz\"":{"mean":5965261.410984295,"sqsum":24562848232.406357,"variance":846994766.6347018,"size":30},"n=100000 pathext=\"/foo/.bar.baz|.baz\"":{"mean":4997269.970168952,"sqsum":51414449266.03318,"variance":1772912043.6563165,"size":30},"n=100000 pathext=\"foo\"":{"mean":10011800.557000272,"sqsum":215148167750.2006,"variance":7418902336.213814,"size":30},"n=100000 pathext=\"foo/bar.\"":{"mean":7045895.848037715,"sqsum":280104636405.2808,"variance":9658780565.699339,"size":30},"n=100000 pathext=\"foo/bar.|.\"":{"mean":5870001.207132537,"sqsum":26122877440.177364,"variance":900788877.2474953,"size":30},"n=100000 pathext=\"/foo/bar/baz/asdf/quux.html\"":{"mean":5817640.9600019185,"sqsum":29248822928.115356,"variance":1008580100.9694949,"size":30},"n=100000 pathext=\"/foo/bar/baz/asdf/quux.html|.html\"":{"mean":4755761.50440234,"sqsum":26651374368.9907,"variance":919012909.2755414,"size":30}},"basename-win32":{"n=100000 pathext=\"\"":{"mean":9593027.676905736,"sqsum":86361731964.73079,"variance":2977990757.4045095,"size":30},"n=100000 pathext=\"C:\\\\\"":{"mean":7943008.734347784,"sqsum":320390620006.72675,"variance":11047952414.02506,"size":30},"n=100000 pathext=\"C:\\\\foo\"":{"mean":7153898.500690026,"sqsum":58243562557.811035,"variance":2008398708.8900356,"size":30},"n=100000 pathext=\"D:\\\\foo\\\\.bar.baz\"":{"mean":5066853.987181812,"sqsum":17738478800.11976,"variance":611671682.7627504,"size":30},"n=100000 pathext=\"E:\\\\foo\\\\.bar.baz|.baz\"":{"mean":4189754.1421601204,"sqsum":13050939807.048939,"variance":450032407.1396186,"size":30},"n=100000 pathext=\"foo\"":{"mean":7649424.0796318455,"sqsum":702621808892.9839,"variance":24228338237.6891,"size":30},"n=100000 pathext=\"foo\\\\bar.\"":{"mean":5805616.428975985,"sqsum":24545810346.951046,"variance":846407253.3431395,"size":30},"n=100000 pathext=\"foo\\\\bar.|.\"":{"mean":4925616.218807579,"sqsum":24401485463.70037,"variance":841430533.2310473,"size":30},"n=100000 pathext=\"\\\\foo\\\\bar\\\\baz\\\\asdf\\\\quux.html\"":{"mean":5298373.413290371,"sqsum":28665996346.124565,"variance":988482632.624985,"size":30},"n=100000 pathext=\"\\\\foo\\\\bar\\\\baz\\\\asdf\\\\quux.html|.html\"":{"mean":4147777.582834569,"sqsum":12675818484.86495,"variance":437097189.13327414,"size":30}},"dirname-posix":{"n=100000 path=\"\"":{"mean":10598322.738492824,"sqsum":287544716850.422,"variance":9915335063.807653,"size":30},"n=100000 path=\"/\"":{"mean":9963864.709375001,"sqsum":190485828127.74222,"variance":6568476831.991111,"size":30},"n=100000 path=\"/foo\"":{"mean":8557209.809860552,"sqsum":130046060914.57666,"variance":4484346928.088851,"size":30},"n=100000 path=\"/foo/bar\"":{"mean":6861608.476363958,"sqsum":62351830956.31178,"variance":2150063136.4245443,"size":30},"n=100000 path=\"foo\"":{"mean":9325496.196616383,"sqsum":179719797858.3478,"variance":6197234408.908545,"size":30},"n=100000 path=\"foo/bar\"":{"mean":8284880.986643304,"sqsum":78738663595.33203,"variance":2715126330.8735185,"size":30},"n=100000 path=\"/foo/bar/baz/asdf/quux\"":{"mean":6350749.334548456,"sqsum":177190599894.34958,"variance":6110020686.012054,"size":30}},"dirname-win32":{"n=100000 path=\"\"":{"mean":9416709.57920268,"sqsum":98712356807.1662,"variance":3403874372.6609035,"size":30},"n=100000 path=\"\\\\\"":{"mean":8630263.834511708,"sqsum":62382903576.88575,"variance":2151134606.099509,"size":30},"n=100000 path=\"\\\\foo\"":{"mean":7426740.753591561,"sqsum":99168473083.06595,"variance":3419602520.1057224,"size":30},"n=100000 path=\"C:\\\\foo\\\\bar\"":{"mean":5639321.287033906,"sqsum":31658217640.1277,"variance":1091662677.2457829,"size":30},"n=100000 path=\"foo\"":{"mean":7772970.548512865,"sqsum":104586696589.76398,"variance":3606437813.440137,"size":30},"n=100000 path=\"foo\\\\bar\"":{"mean":7007500.644500791,"sqsum":77759280830.88914,"variance":2681354511.4099708,"size":30},"n=100000 path=\"D:\\\\foo\\\\bar\\\\baz\\\\asdf\\\\quux\"":{"mean":5320400.086174028,"sqsum":124905226508.96852,"variance":4307076776.171329,"size":30}},"extname-posix":{"n=100000 path=\"\"":{"mean":11649146.601833574,"sqsum":207515843663.8063,"variance":7155718747.027804,"size":30},"n=100000 path=\"/\"":{"mean":11151017.425360898,"sqsum":251144654023.41705,"variance":8660160483.566105,"size":30},"n=100000 path=\"/foo\"":{"mean":9424899.372122575,"sqsum":115409501038.23842,"variance":3979637966.835808,"size":30},"n=100000 path=\"foo/.bar.baz\"":{"mean":5840697.0109374765,"sqsum":22006287881.31095,"variance":758837513.1486534,"size":30},"n=100000 path=\"index.html\"":{"mean":6003113.095243819,"sqsum":33219254816.77498,"variance":1145491545.4060338,"size":30},"n=100000 path=\"index\"":{"mean":9052320.149007242,"sqsum":124638761092.16368,"variance":4297888313.522885,"size":30},"n=100000 path=\"foo/bar/..baz.quux\"":{"mean":5257082.964165948,"sqsum":29917392621.20787,"variance":1031634228.3175128,"size":30},"n=100000 path=\"foo/bar/...baz.quux\"":{"mean":5020354.053088818,"sqsum":43079474845.28516,"variance":1485499132.5960398,"size":30},"n=100000 path=\"/foo/bar/baz/asdf/quux\"":{"mean":7150415.914692483,"sqsum":68675853548.95417,"variance":2368132880.99842,"size":30},"n=100000 path=\"/foo/bar/baz/asdf/quux.foobarbazasdfquux\"":{"mean":3881343.3221152164,"sqsum":13478023161.713945,"variance":464759419.3694464,"size":30}},"extname-win32":{"n=100000 path=\"\"":{"mean":10310293.717221454,"sqsum":169946645458.22778,"variance":5860229153.731993,"size":30},"n=100000 path=\"\\\\\"":{"mean":9867956.553967921,"sqsum":185872092710.9707,"variance":6409382507.274852,"size":30},"n=100000 path=\"C:\\\\foo\"":{"mean":7726043.52144792,"sqsum":53519729384.3168,"variance":1845507909.8040278,"size":30},"n=100000 path=\"foo\\\\.bar.baz\"":{"mean":5452923.917200369,"sqsum":30181302601.887207,"variance":1040734572.4788692,"size":30},"n=100000 path=\"index.html\"":{"mean":5547679.233744384,"sqsum":22213693749.958405,"variance":765989439.6537381,"size":30},"n=100000 path=\"index\"":{"mean":8062561.360306446,"sqsum":90373599983.90512,"variance":3116331033.9277625,"size":30},"n=100000 path=\"foo\\\\bar\\\\..baz.quux\"":{"mean":4759206.841332811,"sqsum":25009142917.683098,"variance":862384238.5407965,"size":30},"n=100000 path=\"foo\\\\bar\\\\...baz.quux\"":{"mean":4651691.0059536975,"sqsum":45286717580.895706,"variance":1561610951.0653691,"size":30},"n=100000 path=\"D:\\\\foo\\\\bar\\\\baz\\\\asdf\\\\quux\"":{"mean":6099088.344277477,"sqsum":25130352440.665524,"variance":866563877.2643284,"size":30},"n=100000 path=\"\\\\foo\\\\bar\\\\baz\\\\asdf\\\\quux.foobarbazasdfquux\"":{"mean":3704204.0455296575,"sqsum":13893738038.264452,"variance":479094415.1125673,"size":30}},"format-posix":{"n=1000000 props=\"/|/home/user/dir|index.html|.html|index\"":{"mean":6636636.163128047,"sqsum":22025537958.382847,"variance":759501308.9097534,"size":30}},"format-win32":{"n=1000000 props=\"C:\\\\|C:\\\\path\\\\dir|index.html|.html|index\"":{"mean":6154950.126313913,"sqsum":15660533101.304432,"variance":540018382.8036011,"size":30}},"isAbsolute-posix":{"n=100000 path=\"\"":{"mean":14424875.179709027,"sqsum":638552175562.3435,"variance":22019040536.632534,"size":30},"n=100000 path=\".\"":{"mean":14258759.26981644,"sqsum":561837769103.1973,"variance":19373716175.97232,"size":30},"n=100000 path=\"/foo/bar\"":{"mean":10415449.433459347,"sqsum":1109814335451.7407,"variance":38269459843.16347,"size":30},"n=100000 path=\"/baz/..\"":{"mean":12820701.083223116,"sqsum":596952613361.885,"variance":20584572874.54776,"size":30},"n=100000 path=\"bar/baz\"":{"mean":12829035.74386853,"sqsum":463382305916.62805,