{"format":{"n=100000 type=\"string\"":{"mean":5388181.01408591,"sqsum":22478022474.823822,"variance":775104223.269787,"size":30},"n=100000 type=\"string-2\"":{"mean":4261688.864906487,"sqsum":15316752285.473166,"variance":528163871.9128677,"size":30},"n=100000 type=\"number\"":{"mean":5418099.61495476,"sqsum":25205468517.20504,"variance":869154086.8001738,"size":30},"n=100000 type=\"replace-object\"":{"mean":2466359.922315172,"sqsum":16231826568.707874,"variance":559718157.5416508,"size":30},"n=100000 type=\"unknown\"":{"mean":7779518.448708244,"sqsum":116374618560.30568,"variance":4012917881.389851,"size":30},"n=100000 type=\"no-replace\"":{"mean":6319415.66608616,"sqsum":77859385951.9764,"variance":2684806412.137117,"size":30},"n=100000 type=\"no-replace-2\"":{"mean":8308181.218383881,"sqsum":78212506703.14229,"variance":2696982989.763527,"size":30},"n=100000 type=\"only-objects\"":{"mean":519919.52258124435,"sqsum":8103169274.182111,"variance":279419630.1442107,"size":30},"n=100000 type=\"many-%\"":{"mean":3091822.8364571026,"sqsum":6000179742.466139,"variance":206902749.7402117,"size":30},"n=100000 type=\"object-to-string\"":{"mean":3867574.2993153892,"sqsum":43257946758.364845,"variance":1491653336.4953394,"size":30},"n=100000 type=\"object-%s\"":{"mean":629922.7683943876,"sqsum":2868111139.68094,"variance":98900384.12692897,"size":30}},"inspect-array":{"len=100 n=500 type=\"denseArray\"":{"mean":16307.505290165045,"sqsum":1474937.0395084627,"variance":50859.89791408492,"size":30},"len=100 n=500 type=\"sparseArray\"":{"mean":117809.82229844369,"sqsum":197868375.7047791,"variance":6823047.43809583,"size":30},"len=100 n=500 type=\"mixedArray\"":{"mean":17723.993728189216,"sqsum":1159016.5361641238,"variance":39966.0874539353,"size":30},"len=100 n=500 type=\"denseArray_showHidden\"":{"mean":15728.047173255927,"sqsum":369734.0373623959,"variance":12749.449564220547,"size":30},"len=100000 n=500 type=\"denseArray\"":{"mean":15955.164009944894,"sqsum":408146.3678642285,"variance":14074.012684973395,"size":30},"len=100000 n=500 type=\"sparseArray\"":{"mean":4286.897677903455,"sqsum":10623.466757415494,"variance":366.3264399108791,"size":30},"len=100000 n=500 type=\"mixedArray\"":{"mean":3548.1666956189524,"sqsum":25293.549474218522,"variance":872.1913611799491,"size":30},"len=100000 n=500 type=\"denseArray_showHidden\"":{"mean":14966.28336312372,"sqsum":303521.5286622431,"variance":10466.259609042865,"size":30}},"inspect-proxy":{"isProxy=0 n=100000 showProxy=0":{"mean":460926.9083208657,"sqsum":921442061.3039227,"variance":31773864.182893883,"size":30},"isProxy=1 n=100000 showProxy=0":{"mean":457869.4963458368,"sqsum":516265027.8636683,"variance":17802242.340126492,"size":30},"isProxy=0 n=100000 showProxy=1":{"mean":457593.25446212024,"sqsum":5972541041.370258,"variance":205949691.08173305,"size":30},"isProxy=1 n=100000 showProxy=1":{"mean":237227.17193782667,"sqsum":148116858.48924273,"variance":5107477.878939404,"size":30}},"inspect":{"method=\"Object\" n=20000 option=\"showHidden\"":{"mean":392011.1854194319,"sqsum":294371335.3781216,"variance":10150735.702693848,"size":30},"method=\"Object\" n=20000 option=\"colors\"":{"mean":224868.39429216916,"sqsum":138131956.69181654,"variance":4763170.920407467,"size":30},"method=\"Object\" n=20000 option=\"none\"":{"mean":412062.93657393864,"sqsum":1208238593.7542825,"variance":41663399.784630425,"size":30},"method=\"Object_empty\" n=20000 option=\"showHidden\"":{"mean":947261.1147173495,"sqsum":4260941808.9660683,"variance":146929027.89538166,"size":30},"method=\"Object_empty\" n=20000 option=\"colors\"":{"mean":1061904.81805554,"sqsum":8255440809.231851,"variance":284670372.7321328,"size":30},"method=\"Object_empty\" n=20000 option=\"none\"":{"mean":1129073.108088762,"sqsum":8158637626.415158,"variance":281332331.9453503,"size":30},"method=\"Object_deep_ln\" n=20000 option=\"showHidden\"":{"mean":183306.1891843769,"sqsum":72470198.72738814,"variance":2498972.369909936,"size":30},"method=\"Object_deep_ln\" n=20000 option=\"colors\"":{"mean":92725.73902656254,"sqsum":56741381.106862105,"variance":1956599.3485124863,"size":30},"method=\"Object_deep_ln\" n=20000 option=\"none\"":{"mean":196142.07191810425,"sqsum":46629827.01646497,"variance":1607925.0695332747,"size":30},"method=\"String\" n=20000 option=\"showHidden\"":{"mean":1787996.2214263282,"sqsum":36261403887.39941,"variance":1250393237.4965312,"size":30},"method=\"String\" n=20000 option=\"colors\"":{"mean":1462604.6926009543,"sqsum":16288450281.626373,"variance":561670699.3664267,"size":30},"method=\"String\" n=20000 option=\"none\"":{"mean":1979771.362041423,"sqsum":17159039554.072891,"variance":591691019.1059618,"size":30},"method=\"String_complex\" n=20000 option=\"showHidden\"":{"mean":1265193.0097154155,"sqsum":2229598174.4028,"variance":76882695.66906206,"size":30},"method=\"String_complex\" n=20000 option=\"colors\"":{"mean":1093859.9542234216,"sqsum":2493402937.730129,"variance":85979411.64586651,"size":30},"method=\"String_complex\" n=20000 option=\"none\"":{"mean":1347551.7215989367,"sqsum":2504345635.218871,"variance":86356746.04203004,"size":30},"method=\"String_boxed\" n=20000 option=\"showHidden\"":{"mean":292496.07041496236,"sqsum":832076718.3952396,"variance":28692300.63431861,"size":30},"method=\"String_boxed\" n=20000 option=\"colors\"":{"mean":411559.2379018589,"sqsum":1087409092.6457038,"variance":37496865.263644956,"size":30},"method=\"String_boxed\" n=20000 option=\"none\"":{"mean":466746.1367442585,"sqsum":1082209656.043309,"variance":37317574.346321,"size":30},"method=\"Date\" n=20000 option=\"showHidden\"":{"mean":656046.0332949598,"sqsum":2509804498.2634,"variance":86544982.69873792,"size":30},"method=\"Date\" n=20000 option=\"colors\"":{"mean":640962.192449665,"sqsum":3573505564.807101,"variance":123224329.8209345,"size":30},"method=\"Date\" n=20000 option=\"none\"":{"mean":730303.6874484641,"sqsum":3718408974.18742,"variance":128220999.10991102,"size":30},"method=\"Set\" n=20000 option=\"showHidden\"":{"mean":526392.3162437932,"sqsum":1727174724.861851,"variance":59557749.133167274,"size":30},"method=\"Set\" n=20000 option=\"colors\"":{"mean":403901.165516254,"sqsum":689348049.1376272,"variance":23770622.384056114,"size":30},"method=\"Set\" n=20000 option=\"none\"":{"mean":567289.7637924182,"sqsum":1412347628.393982,"variance":48701642.35841317,"size":30},"method=\"Error\" n=20000 option=\"showHidden\"":{"mean":134499.6727196645,"sqsum":198127103.7762006,"variance":6831969.095731054,"size":30},"method=\"Error\" n=20000 option=\"colors\"":{"mean":339919.60338627314,"sqsum":812830869.210544,"variance":28028650.66243255,"size":30},"method=\"Error\" n=20000 option=\"none\"":{"mean":635830.6800497115,"sqsum":2443516168.960685,"variance":84259178.24002361,"size":30},"method=\"Array\" n=20000 option=\"showHidden\"":{"mean":76629.6835525344,"sqsum":53951836.2733642,"variance":1860408.1473573863,"size":30},"method=\"Array\" n=20000 option=\"colors\"":{"mean":35162.99675276021,"sqsum":752673.128054731,"variance":25954.245794990722,"size":30},"method=\"Array\" n=20000 option=\"none\"":{"mean":86860.41937237247,"sqsum":2301798.5877955225,"variance":79372.36509639732,"size":30},"method=\"TypedArray\" n=20000 option=\"showHidden\"":{"mean":154829.38594688958,"sqsum":213747180.23610285,"variance":7370592.42193458,"size":30},"method=\"TypedArray\" n=20000 option=\"colors\"":{"mean":46717.27790358444,"sqsum":3561493.7241187845,"variance":122810.12841788912,"size":30},"method=\"TypedArray\" n=20000 option=\"none\"":{"mean":201773.74131985346,"sqsum":94426226.30773865,"variance":3256076.7692323667,"size":30},"method=\"TypedArray_extra\" n=20000 option=\"showHidden\"":{"mean":116276.8697460062,"sqsum":66789342.80730775,"variance":2303080.786458888,"size":30},"method=\"TypedArray_extra\" n=20000 option=\"colors\"":{"mean":38242.760485480394,"sqsum":4849762.274176588,"variance":167233.18186815822,"size":30},