{"cpus":{"n=30000":{"mean":6183.861594474589,"sqsum":197102.1681248562,"variance":6796.626487064007,"size":30}},"loadavg":{"n=5000000":{"mean":172303.77293334363,"sqsum":688300977.1718607,"variance":23734516.454202093,"size":30}},"networkInterfaces":{"n=10000":{"mean":15469.997310720813,"sqsum":556089.0428077484,"variance":19175.484234749947,"size":30}}}