{"createInflate":{"chunkLen=1024 inputLen=16777216 n=100":{"mean":67.61318215538728,"sqsum":105.74767190845955,"variance":3.646471445119295,"size":30}},"creation":{"n=500000 options=\"true\" type=\"Deflate\"":{"mean":307835.5048385373,"sqsum":257809509.12594047,"variance":8889983.073308293,"size":30},"n=500000 options=\"false\" type=\"Deflate\"":{"mean":311312.65614218963,"sqsum":291547389.7830863,"variance":10053358.268382287,"size":30},"n=500000 options=\"true\" type=\"DeflateRaw\"":{"mean":312113.5011220788,"sqsum":487939790.8567125,"variance":16825510.029541813,"size":30},"n=500000 options=\"false\" type=\"DeflateRaw\"":{"mean":310868.9030070167,"sqsum":389242070.3903288,"variance":13422140.3582872,"size":30},"n=500000 options=\"true\" type=\"Inflate\"":{"mean":306968.3143194824,"sqsum":480148716.7563111,"variance":16556852.301941764,"size":30},"n=500000 options=\"false\" type=\"Inflate\"":{"mean":310831.0893273904,"sqsum":345442938.02058876,"variance":11911825.44898582,"size":30},"n=500000 options=\"true\" type=\"InflateRaw\"":{"mean":305966.2984471628,"sqsum":756253919.2118325,"variance":26077721.352132156,"size":30},"n=500000 options=\"false\" type=\"InflateRaw\"":{"mean":310720.9818489673,"sqsum":591347839.2873766,"variance":20391304.803012986,"size":30},"n=500000 options=\"true\" type=\"Gzip\"":{"mean":306214.2623256281,"sqsum":463171254.9231799,"variance":15971422.58355793,"size":30},"n=500000 options=\"false\" type=\"Gzip\"":{"mean":311743.0036380515,"sqsum":331903898.5339599,"variance":11444962.018412411,"size":30},"n=500000 options=\"true\" type=\"Gunzip\"":{"mean":306584.66675226315,"sqsum":417996694.4010563,"variance":14413679.117277803,"size":30},"n=500000 options=\"false\" type=\"Gunzip\"":{"mean":311648.1711970116,"sqsum":406848848.97668207,"variance":14029270.654368348,"size":30},"n=500000 options=\"true\" type=\"Unzip\"":{"mean":306182.8723948148,"sqsum":398101996.0081235,"variance":13727655.03476288,"size":30},"n=500000 options=\"false\" type=\"Unzip\"":{"mean":310270.2386038832,"sqsum":818395033.3257201,"variance":28220518.39054207,"size":30},"n=500000 options=\"true\" type=\"BrotliCompress\"":{"mean":278984.4390374506,"sqsum":193673289.16389865,"variance":6678389.281513746,"size":30},"n=500000 options=\"false\" type=\"BrotliCompress\"":{"mean":282154.7362569,"sqsum":227131105.9779401,"variance":7832107.10268759,"size":30},"n=500000 options=\"true\" type=\"BrotliDecompress\"":{"mean":281005.28555182356,"sqsum":367050396.2817067,"variance":12656910.216610575,"size":30},"n=500000 options=\"false\" type=\"BrotliDecompress\"":{"mean":285421.59956839535,"sqsum":244051077.55223703,"variance":8415554.398353001,"size":30}},"deflate":{"inputLen=1024 method=\"createDeflate\" n=400000":{"mean":81832.54598016027,"sqsum":113346347.5516021,"variance":3908494.743158693,"size":30},"inputLen=1024 method=\"deflate\" n=400000":{"mean":30735.70934617696,"sqsum":11427898.222743183,"variance":394065.4559566615,"size":30},"inputLen=1024 method=\"deflateSync\" n=400000":{"mean":86877.62917858604,"sqsum":16147849.155202383,"variance":556822.3846621512,"size":30}},"inflate":{"inputLen=1024 method=\"inflate\" n=400000":{"mean":48177.60657840811,"sqsum":23017143.587576438,"variance":793694.6064681531,"size":30},"inputLen=1024 method=\"inflateSync\" n=400000":{"mean":224935.79701462932,"sqsum":246904759.793179,"variance":8513957.234247552,"size":30}},"pipe":{"algorithm=\"gzip\" duration=5 inputLen=1024 type=\"string\"":{"mean":0.3455772587328583,"sqsum":0.005654273232471973,"variance":0.00019497493905075767,"size":30},"algorithm=\"brotli\" duration=5 inputLen=1024 type=\"string\"":{"mean":0.27537211416643803,"sqsum":0.00015083871738265099,"variance":0.00000520133508216038,"size":30},"algorithm=\"gzip\" duration=5 inputLen=1024 type=\"buffer\"":{"mean":0.3730368392376931,"sqsum":0.005711660766198842,"variance":0.00019695381952409798,"size":30},"algorithm=\"brotli\" duration=5 inputLen=1024 type=\"buffer\"":{"mean":0.28597912989368646,"sqsum":0.0004501022901909261,"variance":0.00001552076862727331,"size":30}}}