{"async-resource-vs-destroy":{"asyncMethod=\"callbacks\" benchmarker=\"test-double-http\" connections=500 duration=5 n=1000000 path=\"/\" type=\"async-resource\"":{"mean":382.4,"sqsum":41.2,"variance":1.4206896551724137,"size":30},"asyncMethod=\"async\" benchmarker=\"test-double-http\" connections=500 duration=5 n=1000000 path=\"/\" type=\"async-resource\"":{"mean":375.93333333333334,"sqsum":23.866666666666667,"variance":0.8229885057471265,"size":30},"asyncMethod=\"callbacks\" benchmarker=\"test-double-http\" connections=500 duration=5 n=1000000 path=\"/\" type=\"destroy\"":{"mean":380.4,"sqsum":39.2,"variance":1.3517241379310345,"size":30},"asyncMethod=\"async\" benchmarker=\"test-double-http\" connections=500 duration=5 n=1000000 path=\"/\" type=\"destroy\"":{"mean":376.73333333333335,"sqsum":17.866666666666667,"variance":0.6160919540229886,"size":30},"asyncMethod=\"callbacks\" benchmarker=\"test-double-http\" connections=500 duration=5 n=1000000 path=\"/\" type=\"async-local-storage\"":{"mean":378.6,"sqsum":25.2,"variance":0.8689655172413793,"size":30},"asyncMethod=\"async\" benchmarker=\"test-double-http\" connections=500 duration=5 n=1000000 path=\"/\" type=\"async-local-storage\"":{"mean":375.23333333333335,"sqsum":47.36666666666667,"variance":1.6333333333333333,"size":30}},"gc-tracking":{"method=\"trackingEnabled\" n=1000000":{"mean":57749432.39313221,"sqsum":3596736428503.2183,"variance":124025394086.31787,"size":30},"method=\"trackingEnabledWithDestroyHook\" n=1000000":{"mean":1845652.1734506146,"sqsum":3765407000.262255,"variance":129841620.69869846,"size":30},"method=\"trackingDisabled\" n=1000000":{"mean":60484127.92103152,"sqsum":8204692099338.709,"variance":282920417218.5762,"size":30}},"http-server":{"asyncHooks=\"init\" benchmarker=\"test-double-http\" connections=50 duration=5":{"mean":25486.233333333334,"sqsum":2573219.3666666667,"variance":88731.70229885058,"size":30},"asyncHooks=\"init\" benchmarker=\"test-double-http\" connections=500 duration=5":{"mean":25479.466666666667,"sqsum":2097667.466666667,"variance":72333.36091954024,"size":30},"asyncHooks=\"before\" benchmarker=\"test-double-http\" connections=50 duration=5":{"mean":25315.833333333332,"sqsum":1713622.1666666667,"variance":59090.41954022989,"size":30},"asyncHooks=\"before\" benchmarker=\"test-double-http\" connections=500 duration=5":{"mean":25472.066666666666,"sqsum":2154315.8666666667,"variance":74286.7540229885,"size":30},"asyncHooks=\"after\" benchmarker=\"test-double-http\" connections=50 duration=5":{"mean":25405,"sqsum":1677388,"variance":57840.96551724138,"size":30},"asyncHooks=\"after\" benchmarker=\"test-double-http\" connections=500 duration=5":{"mean":25328.4,"sqsum":2157447.2,"variance":74394.73103448276,"size":30},"asyncHooks=\"all\" benchmarker=\"test-double-http\" connections=50 duration=5":{"mean":25496.766666666666,"sqsum":1817255.3666666667,"variance":62663.97816091954,"size":30},"asyncHooks=\"all\" benchmarker=\"test-double-http\" connections=500 duration=5":{"mean":25362.466666666667,"sqsum":2114437.466666667,"variance":72911.6367816092,"size":30},"asyncHooks=\"disabled\" benchmarker=\"test-double-http\" connections=50 duration=5":{"mean":25538.2,"sqsum":2539976.8,"variance":87585.40689655172,"size":30},"asyncHooks=\"disabled\" benchmarker=\"test-double-http\" connections=500 duration=5":{"mean":25397.866666666665,"sqsum":1906331.4666666666,"variance":65735.56781609195,"size":30},"asyncHooks=\"none\" benchmarker=\"test-double-http\" connections=50 duration=5":{"mean":25396.533333333333,"sqsum":1787569.4666666666,"variance":61640.32643678161,"size":30},"asyncHooks=\"none\" benchmarker=\"test-double-http\" connections=500 duration=5":{"mean":25529.966666666667,"sqsum":2247600.966666667,"variance":77503.4816091954,"size":30}},"promises":{"asyncHooks=\"enabled\" n=1000000":{"mean":260086.0335594673,"sqsum":921000317.1279684,"variance":31758631.62510236,"size":30},"asyncHooks=\"enabledWithDestroy\" n=1000000":{"mean":178163.38334439526,"sqsum":860398590.5673426,"variance":29668916.91611526,"size":30},"asyncHooks=\"enabledWithInitOnly\" n=1000000":{"mean":305868.09497870563,"sqsum":1323191186.666304,"variance":45627282.29883808,"size":30},"asyncHooks=\"disabled\" n=1000000":{"mean":1456076.7151840602,"sqsum":16922630621.122307,"variance":583538986.935252,"size":30}}}