{"module-loader-circular":{"n=10000":{"mean":6175.746753661687,"sqsum":155494.71063901825,"variance":5361.88657375925,"size":30}},"module-loader-deep":{"cache=\"true\" ext=\"\" files=1000":{"mean":858839.7367341977,"sqsum":12939391234.416428,"variance":446185904.6350493,"size":30},"cache=\"false\" ext=\"\" files=1000":{"mean":5868.894102745662,"sqsum":135443.04685344084,"variance":4670.44989149796,"size":30},"cache=\"true\" ext=\".js\" files=1000":{"mean":829858.2157548672,"sqsum":4973830564.058986,"variance":171511398.7606547,"size":30},"cache=\"false\" ext=\".js\" files=1000":{"mean":5987.099639680315,"sqsum":132650.4615743307,"variance":4574.153847390713,"size":30}},"module-loader":{"cache=\"true\" dir=\"rel\" files=500 n=1 name=\"\"":{"mean":19842.501268507298,"sqsum":551410.3669368511,"variance":19014.15058402935,"size":30},"cache=\"false\" dir=\"rel\" files=500 n=1 name=\"\"":{"mean":4771.823320639695,"sqsum":79265.66581320143,"variance":2733.298821144877,"size":30},"cache=\"true\" dir=\"rel\" files=500 n=1000 name=\"\"":{"mean":1988508.398373551,"sqsum":37161033690.199455,"variance":1281414954.834464,"size":30},"cache=\"false\" dir=\"rel\" files=500 n=1000 name=\"\"":{"mean":1494455.143262884,"sqsum":2305227605.0741544,"variance":79490607.07152258,"size":30},"cache=\"true\" dir=\"abs\" files=500 n=1 name=\"\"":{"mean":19839.016730678995,"sqsum":523463.56128426053,"variance":18050.46763049174,"size":30},"cache=\"false\" dir=\"abs\" files=500 n=1 name=\"\"":{"mean":4848.078604631497,"sqsum":71109.30068906912,"variance":2452.044851347211,"size":30},"cache=\"true\" dir=\"abs\" files=500 n=1000 name=\"\"":{"mean":1975584.282548393,"sqsum":5553860893.371624,"variance":191512444.59902152,"size":30},"cache=\"false\" dir=\"abs\" files=500 n=1000 name=\"\"":{"mean":1493170.8327669604,"sqsum":1430668337.1743295,"variance":49333390.93704585,"size":30},"cache=\"true\" dir=\"rel\" files=500 n=1 name=\"/\"":{"mean":19908.625599514922,"sqsum":634788.4110690457,"variance":21889.25555410502,"size":30},"cache=\"false\" dir=\"rel\" files=500 n=1 name=\"/\"":{"mean":4977.861591949497,"sqsum":73385.82083582392,"variance":2530.5455460628937,"size":30},"cache=\"true\" dir=\"rel\" files=500 n=1000 name=\"/\"":{"mean":1949803.3135698622,"sqsum":2396111298.317288,"variance":82624527.52818234,"size":30},"cache=\"false\" dir=\"rel\" files=500 n=1000 name=\"/\"":{"mean":1479934.0675806454,"sqsum":1581564025.8546946,"variance":54536690.54671361,"size":30},"cache=\"true\" dir=\"abs\" files=500 n=1 name=\"/\"":{"mean":19888.79905261426,"sqsum":375633.90432101296,"variance":12952.893252448725,"size":30},"cache=\"false\" dir=\"abs\" files=500 n=1 name=\"/\"":{"mean":5031.982762548753,"sqsum":99555.2690259839,"variance":3432.940311240824,"size":30},"cache=\"true\" dir=\"abs\" files=500 n=1000 name=\"/\"":{"mean":1927570.9020583227,"sqsum":7216203187.666733,"variance":248834592.6781632,"size":30},"cache=\"false\" dir=\"abs\" files=500 n=1000 name=\"/\"":{"mean":1474793.3982109423,"sqsum":1434919571.5163903,"variance":49479985.22470311,"size":30},"cache=\"true\" dir=\"rel\" files=500 n=1 name=\"/index.js\"":{"mean":19874.75748128193,"sqsum":269337.5011278534,"variance":9287.500038891496,"size":30},"cache=\"false\" dir=\"rel\" files=500 n=1 name=\"/index.js\"":{"mean":5460.561271546848,"sqsum":83487.60118535715,"variance":2878.8827994950743,"size":30},"cache=\"true\" dir=\"rel\" files=500 n=1000 name=\"/index.js\"":{"mean":1897946.9027523864,"sqsum":14520625290.923632,"variance":500711216.9284011,"size":30},"cache=\"false\" dir=\"rel\" files=500 n=1000 name=\"/index.js\"":{"mean":1482646.0233117775,"sqsum":1266024617.234106,"variance":43656021.28393469,"size":30},"cache=\"true\" dir=\"abs\" files=500 n=1 name=\"/index.js\"":{"mean":20432.334456624998,"sqsum":564142.7548036652,"variance":19453.198441505698,"size":30},"cache=\"false\" dir=\"abs\" files=500 n=1 name=\"/index.js\"":{"mean":5534.27686066225,"sqsum":114442.11331695643,"variance":3946.2797695502213,"size":30},"cache=\"true\" dir=\"abs\" files=500 n=1000 name=\"/index.js\"":{"mean":1862086.2618425118,"sqsum":2645351556.582999,"variance":91219019.1925172,"size":30},"cache=\"false\" dir=\"abs\" files=500 n=1000 name=\"/index.js\"":{"mean":1476182.4769398996,"sqsum":918335565.1827255,"variance":31666743.626990534,"size":30}},"module-require":{"n=10000 type=\".js\"":{"mean":10586.638835958825,"sqsum":487158.83067939477,"variance":16798.580368254992,"size":30},"n=10000 type=\".json\"":{"mean":21018.009116398553,"sqsum":3145000.4390646005,"variance":108448.2910022276,"size":30},"n=10000 type=\"dir\"":{"mean":8618.562927080951,"sqsum":213813.48762094125,"variance":7372.878883480733,"size":30}}}