{"immediate":{"n=5000000 type=\"depth\"":{"mean":751996.9205940657,"sqsum":3816706840.9941077,"variance":131610580.72393474,"size":30},"n=5000000 type=\"depth1\"":{"mean":739023.8220571391,"sqsum":7605216390.775964,"variance":262248841.06124014,"size":30},"n=5000000 type=\"breadth\"":{"mean":3050085.8671484212,"sqsum":147888800840.54944,"variance":5099613822.087912,"size":30},"n=5000000 type=\"breadth1\"":{"mean":2137958.3800122035,"sqsum":303444012325.5321,"variance":10463586631.9149,"size":30},"n=5000000 type=\"breadth4\"":{"mean":1595164.66648764,"sqsum":155524839326.36688,"variance":5362925494.0126505,"size":30},"n=5000000 type=\"clear\"":{"mean":11827232.947938444,"sqsum":11405242070360.549,"variance":393284209322.7775,"size":30}},"set-immediate-breadth-args":{"n=5000000":{"mean":2160650.6042971583,"sqsum":236806186544.9906,"variance":8165730570.516917,"size":30}},"set-immediate-breadth":{"n=10000000":{"mean":2855437.6255754167,"sqsum":187484108055.9517,"variance":6464969243.30868,"size":30}},"set-immediate-depth-args":{"n=5000000":{"mean":711246.2218638362,"sqsum":5600431116.094964,"variance":193118314.3481022,"size":30}},"timers-breadth-args":{"n=1000000":{"mean":1656197.9662227833,"sqsum":107710766647.58067,"variance":3714164367.157954,"size":30}},"timers-breadth":{"n=5000000":{"mean":2018093.1971236307,"sqsum":24708793977.14067,"variance":852027378.5220921,"size":30}},"timers-cancel-pooled":{"n=5000000":{"mean":28935675.352945432,"sqsum":3647962121486.355,"variance":125791797292.63293,"size":30}},"timers-cancel-unpooled":{"direction=\"start\" n=1000000":{"mean":2428598.1846596957,"sqsum":11286281072.660797,"variance":389182105.9538206,"size":30},"direction=\"end\" n=1000000":{"mean":9096750.123590909,"sqsum":864160576132.9712,"variance":29798640556.30935,"size":30}},"timers-depth":{"n=1000":{"mean":843.713117572583,"sqsum":1748.3479906212376,"variance":60.287861745559916,"size":30}},"timers-insert-pooled":{"n=5000000":{"mean":1721617.5527521495,"sqsum":92930016039.74799,"variance":3204483311.715448,"size":30}},"timers-insert-unpooled":{"direction=\"start\" n=1000000":{"mean":1918886.6253066524,"sqsum":12589142044.90751,"variance":434108346.3761211,"size":30},"direction=\"end\" n=1000000":{"mean":1297571.0602479873,"sqsum":22505923638.47808,"variance":776066332.3613131,"size":30}},"timers-timeout-nexttick":{"n=50000":{"mean":1565355.4266625212,"sqsum":126762040302.62704,"variance":4371104838.021623,"size":30},"n=5000000":{"mean":4807243.179848898,"sqsum":1011752441128.3582,"variance":34888015211.32269,"size":30}},"timers-timeout-pooled":{"n=10000000":{"mean":10447268.978485037,"sqsum":2138949570439.8027,"variance":73756881739.30354,"size":30}},"timers-timeout-unpooled":{"n=1000000":{"mean":9094776.731347479,"sqsum":2089694300945.9343,"variance":72058424170.54947,"size":30}}}