{"defaultparams-bench":{"method=\"withoutdefaults\" n=100000000":{"mean":553125199.1639559,"sqsum":184019840257574.44,"variance":6345511733019.809,"size":30},"method=\"withdefaults\" n=100000000":{"mean":554632668.1660558,"sqsum":242658474049504.2,"variance":8367533587913.9375,"size":30}},"destructuring-bench":{"method=\"swap\" n=100000000":{"mean":373135895.2962877,"sqsum":43609914655696.08,"variance":1503790160541.2441,"size":30},"method=\"destructure\" n=100000000":{"mean":281198195.6454779,"sqsum":18696431906227.16,"variance":644704548490.5918,"size":30}},"destructuring-object-bench":{"method=\"normal\" n=100000000":{"mean":1105485677.249498,"sqsum":1479290821364268.2,"variance":51010028322905.805,"size":30},"method=\"destructureObject\" n=100000000":{"mean":1106836947.186212,"sqsum":1963236673313274.5,"variance":67697816321147.4,"size":30}},"foreach-bench":{"count=5 method=\"for\" n=5000000":{"mean":126877436.34859903,"sqsum":28897081068961.54,"variance":996451071343.5013,"size":30},"count=10 method=\"for\" n=5000000":{"mean":81330856.09101674,"sqsum":17131445441205.973,"variance":590739497972.6198,"size":30},"count=20 method=\"for\" n=5000000":{"mean":47587458.00186419,"sqsum":2608011278120.7964,"variance":89931423383.47572,"size":30},"count=100 method=\"for\" n=5000000":{"mean":10376703.843840199,"sqsum":14107137346.097845,"variance":486453011.9344084,"size":30},"count=5 method=\"for-of\" n=5000000":{"mean":85692404.44149192,"sqsum":14095266834014.012,"variance":486043683931.51764,"size":30},"count=10 method=\"for-of\" n=5000000":{"mean":52816932.81127126,"sqsum":6423866800073.75,"variance":221512648278.40518,"size":30},"count=20 method=\"for-of\" n=5000000":{"mean":32733989.26909201,"sqsum":820886549386.1681,"variance":28306432737.45407,"size":30},"count=100 method=\"for-of\" n=5000000":{"mean":9884686.762054393,"sqsum":6999482189.655398,"variance":241361454.8157034,"size":30},"count=5 method=\"for-in\" n=5000000":{"mean":2539350.5110137975,"sqsum":82532690348.79968,"variance":2845954839.613782,"size":30},"count=10 method=\"for-in\" n=5000000":{"mean":1660200.592689558,"sqsum":32404093435.776882,"variance":1117382532.2681684,"size":30},"count=20 method=\"for-in\" n=5000000":{"mean":980611.8457787336,"sqsum":9418789008.451445,"variance":324785827.877636,"size":30},"count=100 method=\"for-in\" n=5000000":{"mean":231408.22914858363,"sqsum":62992269.91933306,"variance":2172147.238597692,"size":30},"count=5 method=\"forEach\" n=5000000":{"mean":98694660.62595373,"sqsum":24703340672714.254,"variance":851839333541.8708,"size":30},"count=10 method=\"forEach\" n=5000000":{"mean":64885477.47721537,"sqsum":15366373754162.205,"variance":529874957040.07605,"size":30},"count=20 method=\"forEach\" n=5000000":{"mean":46562065.55505856,"sqsum":2323169236821.522,"variance":80109284028.32835,"size":30},"count=100 method=\"forEach\" n=5000000":{"mean":13660008.311142407,"sqsum":45884827525.285995,"variance":1582235431.9064136,"size":30}},"map-bench":{"method=\"object\" n=1000000":{"mean":324549.84514598025,"sqsum":464205052.9426537,"variance":16007070.79112599,"size":30},"method=\"nullProtoObject\" n=1000000":{"mean":338900.51778197446,"sqsum":316185361.8195054,"variance":10902943.511017427,"size":30},"method=\"nullProtoLiteralObject\" n=1000000":{"mean":337798.0891793263,"sqsum":540963466.0567526,"variance":18653912.62264664,"size":30},"method=\"storageObject\" n=1000000":{"mean":334672.8880941759,"sqsum":380054964.06075406,"variance":13105343.588301864,"size":30},"method=\"fakeMap\" n=1000000":{"mean":291367.3455293933,"sqsum":554327829.4549971,"variance":19114752.739827484,"size":30},"method=\"map\" n=1000000":{"mean":665603.1661729015,"sqsum":596158652.7815939,"variance":20557194.92350324,"size":30}},"restparams-bench":{"method=\"copy\" n=100000000":{"mean":30424348.772849336,"sqsum":35362991269248.88,"variance":1219413492043.065,"size":30},"method=\"rest\" n=100000000":{"mean":140068239.83778876,"sqsum":2102800159612083.2,"variance":72510350331451.16,"size":30},"method=\"arguments\" n=100000000":{"mean":138565081.64257848,"sqsum":4076652268887187.5,"variance":140574216168523.7,"size":30}},"spread-assign":{"count=5 method=\"spread\" n=1000000":{"mean":24334699.061691716,"sqsum":863281376070.6237,"variance":29768323312.780125,"size":30},"count=10 method=\"spread\" n=1000000":{"mean":19900744.361664362,"sqsum":453230004725.2296,"variance":15628620852.594126,"size":30},"count=20 method=\"spread\" n=1000000":{"mean":105087.74217010029,"sqsum":144340724.675158,"variance":4977266.368108897,"size":30},"count=5 method=\"assign\" n=1000000":{"mean":5374213.060665242,"sqsum":249150255981.336,"variance":8591388137.287449,"size":30},"count=10 method=\"assign\" n=1000000":{"mean":2782226.560509273,"sqsum":44434463167.54142,"variance":1532222867.8462558,"size":30},"count=20 method=\"assign\" n=1000000":{"mean":87397.01220328965,"sqsum":66414980.78975772,"variance":2290171.7513709557,"size":30},"count=5 method=\"_extend\" n=1000000":{"mean":3468044.4715258577,"sqsum":55706994773.47351,"variance":1920930854.257707,"size":30},"count=10 method=\"_extend\" n=1000000":{"mean":1525191.1840243964,"sqsum":20714548056.63059,"variance":714294760.5734686,"size":30},"count=20 method=\"_extend\" n=1000000":{"mean":264991.3544235097,"sqsum":1008791824.8579414,"variance":34785924.99510142,"size":30}},"spread-bench":{"context=\"context\" count=5 method=\"apply\" n=5000000 rest=0":{"mean":29224082.89627519,"sqsum":110784103237325.25,"variance":3820141490942.25,"size":30},"context=\"context\" count=5 method=\"apply\" n=5000000 rest=1":{"mean":29401986.45679487,"sqsum":14414131796040.244,"variance":497039027449.6636,"size":30},"context=\"null\" count=5 method=\"apply\" n=5000000 rest=0":{"mean":29673241.509659667,"sqsum":12415058143701.686,"variance":428105453231.09265,"size":30},"context=\"null\" count=5 method=\"apply\" n=5000000 rest=1":{"mean":29484713.413871508,"sqsum":11747638015874.98,"variance":405090966064.6545,"size":30},"context=\"context\" count=10 method=\"apply\" n=5000000 rest=0":{"mean":22914424.485309195,"sqsum":33769151421084.79,"variance":1164453497278.786,"size":30},"context=\"context\" count=10 method=\"apply\" n=5000000 rest=1":{"mean":23515268.12777813,"sqsum":10807265891562.854,"variance":372664341088.3742,"size":30},"context=\"null\" count=10 method=\"apply\" n=5000000 rest=0":{"mean":23122150.01567349,"sqsum":17799212629533.133,"variance":613765952742.5219,"size":30},"context=\"null\" count=10 method=\"apply\" n=5000000 rest=1":{"mean":23648718.90560598,"sqsum":8662428103063.211,"variance":298704417347.00726,"size":30},"context=\"context\" count=20 method=\"apply\" n=5000000 rest=0":{"mean":17657088.528884523,"sqsum":26335595925317.008,"variance":908123997424.7244,"size":30},"context=\"context\" count=20 method=\"apply\" n=5000000 rest=1":{"mean":17930769.119669136,"sqsum":1952942470918.8796,"variance":67342843824.78895,"size":30},"context=\"null\" count=20 method=\"apply\" n=5000000 rest=0":{"mean":17387068.538040478,"sqsum":34972505445641.562,"variance":1205948463642.8125,"size":30},"context=\"null\" count=20 method=\"apply\" n=5000000 rest=1":{"mean":17826964.14771872,"sqsum":16027680257984.766,"variance":552678629585.6816,"size":30},"context=\"context\" count=5 method=\"spread\" n=5000000 rest=0":{"mean":30432707.75234598,"sqsum":3224055528775.127,"variance":111174328578.45265,"size":30},"context=\"context\" count=5 method=\"spread\" n=5000000 rest=1":{"mean":30186127.829847846,"sqsum":2931839193790.57,"variance":101097903234.15758,"size":30},"context=\"null\" count=5 method=\"spread\" n=5000000 rest=0":{"mean":33723240.43278279,"sqsum":27460179495394.72,"variance":946902741220.5076,"size":30},"context=\"null\" count=5 method=\"spread\" n=5000000 rest=1":{"mean":33338069.453876108,"sqsum":44246769493386.805,"variance":1525750672185.7517,"size":30},"context=\"context\" count=10 method=\"spread\" n=5000000 rest=0":{"mean":24910907.018251058,