{"module-loader-circular":{"n=10000":{"mean":3536.763041315319,"sqsum":43402.882762202775,"variance":1496.6511297311301,"size":30}},"module-loader-deep":{"cache=\"true\" ext=\"\" files=1000":{"mean":454884.30908400915,"sqsum":11353662846.777956,"variance":391505615.4061364,"size":30},"cache=\"false\" ext=\"\" files=1000":{"mean":3174.133782752497,"sqsum":17752.781405557154,"variance":612.164876053695,"size":30},"cache=\"true\" ext=\".js\" files=1000":{"mean":467413.59350953007,"sqsum":4031406515.3479805,"variance":139014017.77062002,"size":30},"cache=\"false\" ext=\".js\" files=1000":{"mean":3228.0824550785032,"sqsum":29246.045519831987,"variance":1008.4843282700685,"size":30}},"module-loader":{"cache=\"true\" dir=\"rel\" files=500 n=1 name=\"\"":{"mean":13149.765495087084,"sqsum":767802.1466563224,"variance":26475.936091597327,"size":30},"cache=\"false\" dir=\"rel\" files=500 n=1 name=\"\"":{"mean":2691.9621295745515,"sqsum":26541.591382589748,"variance":915.2272890548189,"size":30},"cache=\"true\" dir=\"rel\" files=500 n=1000 name=\"\"":{"mean":1354440.8106208355,"sqsum":3680042182.5039253,"variance":126898006.2932388,"size":30},"cache=\"false\" dir=\"rel\" files=500 n=1000 name=\"\"":{"mean":955745.2322704544,"sqsum":3205667390.9529653,"variance":110540254.86044708,"size":30},"cache=\"true\" dir=\"abs\" files=500 n=1 name=\"\"":{"mean":13288.799186693039,"sqsum":755319.3721284838,"variance":26045.495590637373,"size":30},"cache=\"false\" dir=\"abs\" files=500 n=1 name=\"\"":{"mean":2762.7319496035534,"sqsum":23111.669928605974,"variance":796.9541354691714,"size":30},"cache=\"true\" dir=\"abs\" files=500 n=1000 name=\"\"":{"mean":1344214.6002668345,"sqsum":9475093996.291428,"variance":326727379.18246305,"size":30},"cache=\"false\" dir=\"abs\" files=500 n=1000 name=\"\"":{"mean":958715.6551261145,"sqsum":2229237433.834866,"variance":76870256.33913332,"size":30},"cache=\"true\" dir=\"rel\" files=500 n=1 name=\"/\"":{"mean":13160.282573884537,"sqsum":739398.7245994661,"variance":25496.507744809176,"size":30},"cache=\"false\" dir=\"rel\" files=500 n=1 name=\"/\"":{"mean":2833.877786910265,"sqsum":15217.30658671999,"variance":524.7347098868962,"size":30},"cache=\"true\" dir=\"rel\" files=500 n=1000 name=\"/\"":{"mean":1286434.592936173,"sqsum":2178502535.286952,"variance":75120777.07886042,"size":30},"cache=\"false\" dir=\"rel\" files=500 n=1000 name=\"/\"":{"mean":929727.2118268108,"sqsum":3743953915.4827933,"variance":129101859.15457907,"size":30},"cache=\"true\" dir=\"abs\" files=500 n=1 name=\"/\"":{"mean":13499.118488817581,"sqsum":611809.3963200295,"variance":21096.87573517343,"size":30},"cache=\"false\" dir=\"abs\" files=500 n=1 name=\"/\"":{"mean":2860.285559209909,"sqsum":49068.29735801957,"variance":1692.0102537248126,"size":30},"cache=\"true\" dir=\"abs\" files=500 n=1000 name=\"/\"":{"mean":1277300.3806680376,"sqsum":1749863998.1671789,"variance":60340137.867833756,"size":30},"cache=\"false\" dir=\"abs\" files=500 n=1000 name=\"/\"":{"mean":927640.0673259622,"sqsum":12662241108.78049,"variance":436629003.7510514,"size":30},"cache=\"true\" dir=\"rel\" files=500 n=1 name=\"/index.js\"":{"mean":13245.083074570237,"sqsum":1359900.6711786136,"variance":46893.12659236598,"size":30},"cache=\"false\" dir=\"rel\" files=500 n=1 name=\"/index.js\"":{"mean":2921.2805840819965,"sqsum":30399.36754760621,"variance":1048.2540533657314,"size":30},"cache=\"true\" dir=\"rel\" files=500 n=1000 name=\"/index.js\"":{"mean":1287633.338257081,"sqsum":5954567787.651849,"variance":205329923.7121327,"size":30},"cache=\"false\" dir=\"rel\" files=500 n=1000 name=\"/index.js\"":{"mean":942796.3159780073,"sqsum":2208849050.924589,"variance":76167208.65257204,"size":30},"cache=\"true\" dir=\"abs\" files=500 n=1 name=\"/index.js\"":{"mean":13147.976544714475,"sqsum":732954.602097489,"variance":25274.296624051345,"size":30},"cache=\"false\" dir=\"abs\" files=500 n=1 name=\"/index.js\"":{"mean":2962.654357473969,"sqsum":29453.450843372924,"variance":1015.6362359783767,"size":30},"cache=\"true\" dir=\"abs\" files=500 n=1000 name=\"/index.js\"":{"mean":1283272.5588711833,"sqsum":2236692007.459973,"variance":77127310.60206802,"size":30},"cache=\"false\" dir=\"abs\" files=500 n=1000 name=\"/index.js\"":{"mean":949378.981506342,"sqsum":2212039108.4845405,"variance":76277210.63739794,"size":30}}}