{"defaultparams-bench":{"method=\"withoutdefaults\" n=100000000":{"mean":667726690.2917893,"sqsum":885445423020753.2,"variance":30532600793819.08,"size":30},"method=\"withdefaults\" n=100000000":{"mean":673605623.8428558,"sqsum":1095870286312851.6,"variance":37788630562512.125,"size":30}},"destructuring-bench":{"method=\"swap\" n=100000000":{"mean":378720829.4525045,"sqsum":41692696506123.805,"variance":1437679189866.3381,"size":30},"method=\"destructure\" n=100000000":{"mean":285868219.04997045,"sqsum":33181773745221.06,"variance":1144199094662.7952,"size":30}},"destructuring-object-bench":{"method=\"normal\" n=100000000":{"mean":1668193260.7710676,"sqsum":7941942768506328,"variance":273860095465735.44,"size":30},"method=\"destructureObject\" n=100000000":{"mean":1665340684.2744155,"sqsum":10701655783865610,"variance":369022613236745.2,"size":30}},"foreach-bench":{"count=5 method=\"for\" n=5000000":{"mean":186244922.9845842,"sqsum":27167324653500.355,"variance":936804298396.564,"size":30},"count=10 method=\"for\" n=5000000":{"mean":120041102.41098401,"sqsum":4339592406648.6177,"variance":149641117470.64197,"size":30},"count=20 method=\"for\" n=5000000":{"mean":69039832.22821899,"sqsum":410191120879884.6,"variance":14144521409651.195,"size":30},"count=100 method=\"for\" n=5000000":{"mean":14290770.386432583,"sqsum":63641287443.21353,"variance":2194527153.2142596,"size":30},"count=5 method=\"for-of\" n=5000000":{"mean":125614121.0079765,"sqsum":240856707704576.28,"variance":8305403713950.906,"size":30},"count=10 method=\"for-of\" n=5000000":{"mean":77201765.59760614,"sqsum":23448513972564.105,"variance":808569447329.7968,"size":30},"count=20 method=\"for-of\" n=5000000":{"mean":30072505.48585161,"sqsum":1643665514723.4783,"variance":56678121197.36132,"size":30},"count=100 method=\"for-of\" n=5000000":{"mean":12632292.990281409,"sqsum":49059527852.22339,"variance":1691707856.9732203,"size":30},"count=5 method=\"for-in\" n=5000000":{"mean":3816337.622117835,"sqsum":16491989892.1652,"variance":568689306.6263862,"size":30},"count=10 method=\"for-in\" n=5000000":{"mean":2376618.3285441454,"sqsum":5353409546.132159,"variance":184600329.17697102,"size":30},"count=20 method=\"for-in\" n=5000000":{"mean":1458007.6161850332,"sqsum":300698087.8877159,"variance":10368899.582335029,"size":30},"count=100 method=\"for-in\" n=5000000":{"mean":354867.07513968623,"sqsum":17609912.308448136,"variance":607238.3554637288,"size":30},"count=5 method=\"forEach\" n=5000000":{"mean":142707087.8999545,"sqsum":119957345724772,"variance":4136460197405.931,"size":30},"count=10 method=\"forEach\" n=5000000":{"mean":114424353.50133923,"sqsum":247133365411689.34,"variance":8521840186609.978,"size":30},"count=20 method=\"forEach\" n=5000000":{"mean":79981751.4849766,"sqsum":6505332263471.692,"variance":224321802188.67905,"size":30},"count=100 method=\"forEach\" n=5000000":{"mean":23028960.03207843,"sqsum":375589893386.33215,"variance":12951375634.011454,"size":30}},"map-bench":{"method=\"object\" n=1000000":{"mean":497491.5176949563,"sqsum":515238256.03136146,"variance":17766836.41487453,"size":30},"method=\"nullProtoObject\" n=1000000":{"mean":512893.2543763327,"sqsum":1811081603.9034054,"variance":62451089.7897726,"size":30},"method=\"nullProtoLiteralObject\" n=1000000":{"mean":514471.7996859919,"sqsum":1064972146.2214761,"variance":36723177.45591297,"size":30},"method=\"storageObject\" n=1000000":{"mean":508388.04617188714,"sqsum":2267884034.032872,"variance":78202897.72527146,"size":30},"method=\"fakeMap\" n=1000000":{"mean":452162.7445956648,"sqsum":280556368.6581498,"variance":9674357.5399362,"size":30},"method=\"map\" n=1000000":{"mean":947878.1515543254,"sqsum":832149657.5223719,"variance":28694815.776633516,"size":30}},"restparams-bench":{"method=\"copy\" n=100000000":{"mean":44218930.767739005,"sqsum":604227751189.0785,"variance":20835439696.17512,"size":30},"method=\"rest\" n=100000000":{"mean":191107692.95932478,"sqsum":8111902210456.758,"variance":279720765877.8192,"size":30},"method=\"arguments\" n=100000000":{"mean":191097707.48229972,"sqsum":7512492590103.929,"variance":259051468624.2734,"size":30}},"spread-assign":{"count=5 method=\"spread\" n=1000000":{"mean":34860232.92305257,"sqsum":2905887237359.5273,"variance":100203008184.81128,"size":30},"count=10 method=\"spread\" n=1000000":{"mean":28727074.663631354,"sqsum":20557340658108.742,"variance":708873815796.8531,"size":30},"count=20 method=\"spread\" n=1000000":{"mean":170636.23328542634,"sqsum":211940751.79227003,"variance":7308301.785940346,"size":30},"count=5 method=\"assign\" n=1000000":{"mean":8725696.904259022,"sqsum":196566114969.60403,"variance":6778141895.503587,"size":30},"count=10 method=\"assign\" n=1000000":{"mean":4787777.041174276,"sqsum":30227495440.693478,"variance":1042327428.9894303,"size":30},"count=20 method=\"assign\" n=1000000":{"mean":138296.01840432605,"sqsum":111602536.12040576,"variance":3848363.31449675,"size":30},"count=5 method=\"_extend\" n=1000000":{"mean":4901529.682494813,"sqsum":122622726494.8016,"variance":4228369879.13109,"size":30},"count=10 method=\"_extend\" n=1000000":{"mean":2555960.3335956507,"sqsum":556262971100.075,"variance":19181481762.07155,"size":30},"count=20 method=\"_extend\" n=1000000":{"mean":441220.345055349,"sqsum":1643525944.1905854,"variance":56673308.42036501,"size":30}},"spread-bench":{"context=\"context\" count=5 method=\"apply\" n=5000000 rest=0":{"mean":48576984.109214246,"sqsum":3282758755377.3677,"variance":113198577771.63336,"size":30},"context=\"context\" count=5 method=\"apply\" n=5000000 rest=1":{"mean":46954989.55788761,"sqsum":8855350030029.014,"variance":305356897587.2074,"size":30},"context=\"null\" count=5 method=\"apply\" n=5000000 rest=0":{"mean":49304844.99223153,"sqsum":8045807341873.696,"variance":277441632478.4033,"size":30},"context=\"null\" count=5 method=\"apply\" n=5000000 rest=1":{"mean":47120980.04951216,"sqsum":5986139790151.731,"variance":206418613453.50797,"size":30},"context=\"context\" count=10 method=\"apply\" n=5000000 rest=0":{"mean":41529902.06637884,"sqsum":4628748940614.507,"variance":159612032434.98297,"size":30},"context=\"context\" count=10 method=\"apply\" n=5000000 rest=1":{"mean":40118187.695323385,"sqsum":3889865463980.0166,"variance":134133291861.37988,"size":30},"context=\"null\" count=10 method=\"apply\" n=5000000 rest=0":{"mean":41700254.2567695,"sqsum":4613281519411.64,"variance":159078673083.16,"size":30},"context=\"null\" count=10 method=\"apply\" n=5000000 rest=1":{"mean":40027767.30387101,"sqsum":4927786353248.674,"variance":169923667353.40256,"size":30},"context=\"context\" count=20 method=\"apply\" n=5000000 rest=0":{"mean":33035903.003405638,"sqsum":46265994036975.49,"variance":1595379104723.2927,"size":30},"context=\"context\" count=20 method=\"apply\" n=5000000 rest=1":{"mean":31041658.883372575,"sqsum":541692802434195.75,"variance":18679062152903.3,"size":30},"context=\"null\" count=20 method=\"apply\" n=5000000 rest=0":{"mean":33306698.392692015,"sqsum":3945457612969.2427,"variance":136050262516.18079,"size":30},"context=\"null\" count=20 method=\"apply\" n=5000000 rest=1":{"mean":31794317.432886276,"sqsum":3711370176479.054,"variance":127978281947.55359,"size":30},"context=\"context\" count=5 method=\"spread\" n=5000000 rest=0":{"mean":50195068.33436077,"sqsum":9562537524645.752,"variance":329742673263.6466,"size":30},"context=\"context\" count=5 method=\"spread\" n=5000000 rest=1":{"mean":48444212.1956241,"sqsum":7249547761426.07,"variance":249984405566.41623,"size":30},"context=\"null\" count=5 method=\"spread\" n=5000000 rest=0":{"mean":56370599.93965577,"sqsum":11127289569888.008,"variance":383699640340.9658,"size":30},"context=\"null\" count=5 method=\"spread\" n=5000000 rest=1":{"mean":55032671.28276605,"sqsum":17285523289699.047,"variance":596052527231.0016,"size":30},"context=\"context\" count=10 method=\"spread\" n=5000000 rest=0":{"mean":37303738.551250674,"sqsum":738307350533734.9,