{"convertprotocols":{"n=1":{"mean":4068.917536840121,"sqsum":1117041.225528123,"variance":38518.66294924562,"size":30},"n=50000":{"mean":1029326.7259012045,"sqsum":5293856688.25078,"variance":182546782.35347515,"size":30}},"secure-pair":{"dur=5 securing=\"SecurePair\" size=100":{"mean":1862.2700882744336,"sqsum":33114.41896455569,"variance":1141.8765160191617,"size":30},"dur=5 securing=\"SecurePair\" size=1024":{"mean":2638.0724642334103,"sqsum":82556.00357153172,"variance":2846.7587438459213,"size":30},"dur=5 securing=\"SecurePair\" size=1048576":{"mean":3703.3430433798894,"sqsum":139669.220086429,"variance":4816.180002980311,"size":30},"dur=5 securing=\"TLSSocket\" size=100":{"mean":1887.7861757175626,"sqsum":11150.240971523706,"variance":384.49106798357604,"size":30},"dur=5 securing=\"TLSSocket\" size=1024":{"mean":2719.60995695488,"sqsum":71569.47797731443,"variance":2467.913033700497,"size":30},"dur=5 securing=\"TLSSocket\" size=1048576":{"mean":4244.438636764747,"sqsum":98257.48711967,"variance":3388.1892110231033,"size":30},"dur=5 securing=\"clear\" size=100":{"mean":640.1492563931938,"sqsum":3965.584960429985,"variance":136.7443089803443,"size":30},"dur=5 securing=\"clear\" size=1024":{"mean":4126.594978594014,"sqsum":2565793.6627471265,"variance":88475.64354300436,"size":30},"dur=5 securing=\"clear\" size=1048576":{"mean":8224.744114268708,"sqsum":1229339.397006099,"variance":42391.01368986549,"size":30}},"throughput-c2s":{"dur=5 size=100 type=\"buf\"":{"mean":2223.224349437904,"sqsum":9542.032066387701,"variance":329.0355884961276,"size":30},"dur=5 size=1024 type=\"buf\"":{"mean":3657.4461724749735,"sqsum":33550.94474645515,"variance":1156.9291291881086,"size":30},"dur=5 size=1048576 type=\"buf\"":{"mean":6382.384224429953,"sqsum":70598.32628710866,"variance":2434.4250443830574,"size":30},"dur=5 size=4194304 type=\"buf\"":{"mean":5954.8653595323,"sqsum":69695.04769332575,"variance":2403.277506666405,"size":30},"dur=5 size=16777216 type=\"buf\"":{"mean":5813.506493656173,"sqsum":48792.17569298036,"variance":1682.4888169993228,"size":30},"dur=5 size=100 type=\"asc\"":{"mean":1168.017836729044,"sqsum":1396.1512172955352,"variance":48.143145423983974,"size":30},"dur=5 size=1024 type=\"asc\"":{"mean":3094.159814446762,"sqsum":32349.43340671679,"variance":1115.4977036798894,"size":30},"dur=5 size=1048576 type=\"asc\"":{"mean":5987.443692322286,"sqsum":52823.608350659604,"variance":1821.5037362296416,"size":30},"dur=5 size=4194304 type=\"asc\"":{"mean":5258.580539120774,"sqsum":31697.6735950782,"variance":1093.0232274164896,"size":30},"dur=5 size=16777216 type=\"asc\"":{"mean":5378.452984156147,"sqsum":36434.44212963411,"variance":1256.360073435659,"size":30},"dur=5 size=100 type=\"utf\"":{"mean":1178.7379748729343,"sqsum":1142.0656554266366,"variance":39.381574325056434,"size":30},"dur=5 size=1024 type=\"utf\"":{"mean":2734.6493025943164,"sqsum":8579.601716971383,"variance":295.8483350679787,"size":30},"dur=5 size=1048576 type=\"utf\"":{"mean":3800.336050587882,"sqsum":22001.15910937874,"variance":758.6606589440945,"size":30},"dur=5 size=4194304 type=\"utf\"":{"mean":3640.401244738195,"sqsum":6774.154299194625,"variance":233.59152755843536,"size":30},"dur=5 size=16777216 type=\"utf\"":{"mean":3571.2022063486966,"sqsum":4526.003885167533,"variance":156.0690994885356,"size":30}},"throughput-s2c":{"dur=5 recvbufgenfn=\"true\" recvbuflen=0 sendchunklen=256 type=\"buf\"":{"mean":3087.1636171895766,"sqsum":33301.950251682596,"variance":1148.343112126986,"size":30},"dur=5 recvbufgenfn=\"false\" recvbuflen=0 sendchunklen=256 type=\"buf\"":{"mean":3067.721216926575,"sqsum":35142.126639695896,"variance":1211.7974703343411,"size":30},"dur=5 recvbufgenfn=\"true\" recvbuflen=65536 sendchunklen=256 type=\"buf\"":{"mean":3503.327266824488,"sqsum":60434.82392845226,"variance":2083.9594458086985,"size":30},"dur=5 recvbufgenfn=\"false\" recvbuflen=65536 sendchunklen=256 type=\"buf\"":{"mean":3524.3653363934754,"sqsum":57813.032265147136,"variance":1993.5528367292115,"size":30},"dur=5 recvbufgenfn=\"true\" recvbuflen=1048576 sendchunklen=256 type=\"buf\"":{"mean":3497.873874817115,"sqsum":52851.52161905438,"variance":1822.4662627260132,"size":30},"dur=5 recvbufgenfn=\"false\" recvbuflen=1048576 sendchunklen=256 type=\"buf\"":{"mean":3519.6459124196476,"sqsum":37337.89896783634,"variance":1287.513757511598,"size":30},"dur=5 recvbufgenfn=\"true\" recvbuflen=0 sendchunklen=32768 type=\"buf\"":{"mean":5837.813639037987,"sqsum":92204.55019817714,"variance":3179.4672482130045,"size":30},"dur=5 recvbufgenfn=\"false\" recvbuflen=0 sendchunklen=32768 type=\"buf\"":{"mean":5818.449230623982,"sqsum":87460.80584216061,"variance":3015.889856626228,"size":30},"dur=5 recvbufgenfn=\"true\" recvbuflen=65536 sendchunklen=32768 type=\"buf\"":{"mean":7061.047314216956,"sqsum":146246.22210904813,"variance":5042.973176174074,"size":30},"dur=5 recvbufgenfn=\"false\" recvbuflen=65536 sendchunklen=32768 type=\"buf\"":{"mean":7104.1735073983255,"sqsum":146072.33474653887,"variance":5036.977060225478,"size":30},"dur=5 recvbufgenfn=\"true\" recvbuflen=1048576 sendchunklen=32768 type=\"buf\"":{"mean":7053.949812219674,"sqsum":145913.48785562022,"variance":5031.499581228283,"size":30},"dur=5 recvbufgenfn=\"false\" recvbuflen=1048576 sendchunklen=32768 type=\"buf\"":{"mean":7109.986441110288,"sqsum":143549.21049207123,"variance":4949.972775588663,"size":30},"dur=5 recvbufgenfn=\"true\" recvbuflen=0 sendchunklen=131072 type=\"buf\"":{"mean":6273.743825633204,"sqsum":110498.22882358677,"variance":3810.283752537475,"size":30},"dur=5 recvbufgenfn=\"false\" recvbuflen=0 sendchunklen=131072 type=\"buf\"":{"mean":6281.5839270532015,"sqsum":91933.954900846,"variance":3170.136375891241,"size":30},"dur=5 recvbufgenfn=\"true\" recvbuflen=65536 sendchunklen=131072 type=\"buf\"":{"mean":7793.907404198733,"sqsum":94171.78869176301,"variance":3247.3030583366553,"size":30},"dur=5 recvbufgenfn=\"false\" recvbuflen=65536 sendchunklen=131072 type=\"buf\"":{"mean":7856.683449914593,"sqsum":118344.68007393995,"variance":4080.851037032412,"size":30},"dur=5 recvbufgenfn=\"true\" recvbuflen=1048576 sendchunklen=131072 type=\"buf\"":{"mean":7805.1296747777105,"sqsum":120702.43762456026,"variance":4162.153021536561,"size":30},"dur=5 recvbufgenfn=\"false\" recvbuflen=1048576 sendchunklen=131072 type=\"buf\"":{"mean":7864.744792479735,"sqsum":140908.85910067084,"variance":4858.926175885202,"size":30},"dur=5 recvbufgenfn=\"true\" recvbuflen=0 sendchunklen=16777216 type=\"buf\"":{"mean":5817.755001858607,"sqsum":39979.107521853235,"variance":1378.5899145466633,"size":30},"dur=5 recvbufgenfn=\"false\" recvbuflen=0 sendchunklen=16777216 type=\"buf\"":{"mean":5819.086555470549,"sqsum":37206.852122261604,"variance":1282.9949007676414,"size":30},"dur=5 recvbufgenfn=\"true\" recvbuflen=65536 sendchunklen=16777216 type=\"buf\"":{"mean":6957.843283849451,"sqsum":35653.41269944497,"variance":1229.4280241187919,"size":30},"dur=5 recvbufgenfn=\"false\" recvbuflen=65536 sendchunklen=16777216 type=\"buf\"":{"mean":7014.7170874046315,"sqsum":43094.10487959102,"variance":1486.0036165376214,"size":30},"dur=5 recvbufgenfn=\"true\" recvbuflen=1048576 sendchunklen=16777216 type=\"buf\"":{"mean":6954.194208560917,"sqsum":31766.056213640266,"variance":1095.381248746216,"size":30},"dur=5 recvbufgenfn=\"false\" recvbuflen=1048576 sendchunklen=16777216 type=\"buf\"":{"mean":7016.359083923144,"sqsum":37559.32003229646,"variance":1295.1489666309126,"size":30},"dur=5 recvbufgenfn=\"true\" recvbuflen=0 sendchunklen=256 type=\"asc\"":{"mean":2049.9981141843978,"sqsum":6891.1699143860815,"variance":237.62654877193387,"size":30},"dur=5 recvbufgenfn=\"false\" recvbuflen=0 sendchunklen=256 type=\"asc\"":{"mean":2048.5859463057946,"sqsum":7995.53612191313,"variance":275.70814213493554,"size":30},"dur=5 recvbufgenfn=\"true\" recvbuflen=65536 sendchunklen=256 type=\"asc\"":{"mean":2223.2983097842425,"sqsum":12926.812622445645,"variance":445.7521593946774,