{"arguments":{"method=\"restAndSpread\" n=1000000":{"mean":3108006.606192684,"sqsum":482141828787.39154,"variance":16625580303.013502,"size":30},"method=\"argumentsAndApply\" n=1000000":{"mean":3155158.746275071,"sqsum":490998708959.199,"variance":16930989964.11031,"size":30},"method=\"restAndApply\" n=1000000":{"mean":3097413.6894405424,"sqsum":541900106923.5846,"variance":18686210583.571884,"size":30},"method=\"predefined\" n=1000000":{"mean":3187621.887740769,"sqsum":541382512158.8258,"variance":18668362488.23537,"size":30}},"freelist":{"n=100000":{"mean":136437.4810202951,"sqsum":1203444.9150891795,"variance":41498.10052031653,"size":30}},"getstringwidth":{"n=100000 type=\"ascii\"":{"mean":230657.64699424803,"sqsum":15175308.34440801,"variance":523286.494634759,"size":30},"n=100000 type=\"mixed\"":{"mean":134641.52534508184,"sqsum":3095729.1607717494,"variance":106749.28140592239,"size":30},"n=100000 type=\"emojiseq\"":{"mean":208603.77388990187,"sqsum":6960801.397196632,"variance":240027.63438609074,"size":30},"n=100000 type=\"fullwidth\"":{"mean":330272.17120296205,"sqsum":82207314.61119276,"variance":2834734.986592854,"size":30}},"object-property-bench":{"method=\"property\" n=1000000000":{"mean":1146671154.65925,"sqsum":51497285903158.086,"variance":1775768479419.2441,"size":30},"method=\"string\" n=1000000000":{"mean":1146918454.388066,"sqsum":44895764775184.44,"variance":1548129819833.946,"size":30},"method=\"variable\" n=1000000000":{"mean":1145980014.1243157,"sqsum":35769048878569.805,"variance":1233415478571.3726,"size":30},"method=\"symbol\" n=1000000000":{"mean":1138546181.1762357,"sqsum":71260422104594.11,"variance":2457255934641.1763,"size":30}},"print":{"code=\"1\" dur=1":{"mean":23.983475445339025,"sqsum":0.8940465602486538,"variance":0.030829191732712202,"size":30},"code=\"\\\"string\\\"\" dur=1":{"mean":23.980218765217412,"sqsum":0.8523775941760245,"variance":0.029392330833656017,"size":30},"code=\"process.versions\" dur=1":{"mean":23.956649086006696,"sqsum":0.8845183838133193,"variance":0.030500633924597217,"size":30},"code=\"process\" dur=1":{"mean":23.8725155462266,"sqsum":0.8084916356988668,"variance":0.02787902192065058,"size":30}},"punycode":{"method=\"punycode\" n=1024 val=\"افغانستا.icom.museum\"":{"mean":85553.78756260811,"sqsum":114661387.66516145,"variance":3953840.953971084,"size":30},"method=\"punycode\" n=1024 val=\"الجزائر.icom.museum\"":{"mean":86671.30333597622,"sqsum":124953541.69986622,"variance":4308742.817236766,"size":30},"method=\"punycode\" n=1024 val=\"österreich.icom.museum\"":{"mean":93919.24012690086,"sqsum":134888103.96084914,"variance":4651313.929684453,"size":30},"method=\"punycode\" n=1024 val=\"বাংলাদেশ.icom.museum\"":{"mean":83399.18808876547,"sqsum":151882565.95206743,"variance":5237329.860416119,"size":30},"method=\"punycode\" n=1024 val=\"беларусь.icom.museum\"":{"mean":85557.93418298753,"sqsum":166114792.98434135,"variance":5728096.3098048745,"size":30},"method=\"punycode\" n=1024 val=\"belgië.icom.museum\"":{"mean":100072.25784400431,"sqsum":90713560.04930478,"variance":3128053.794803613,"size":30},"method=\"punycode\" n=1024 val=\"българия.icom.museum\"":{"mean":85079.75413158876,"sqsum":169962319.44763258,"variance":5860769.636125261,"size":30},"method=\"punycode\" n=1024 val=\"تشادر.icom.museum\"":{"mean":88446.35435817807,"sqsum":109511393.0919467,"variance":3776254.934205059,"size":30},"method=\"punycode\" n=1024 val=\"中国.icom.museum\"":{"mean":89430.89640163592,"sqsum":81259176.7335342,"variance":2802040.5770184207,"size":30},"method=\"punycode\" n=1024 val=\"القمر.icom.museum\"":{"mean":88513.19797418422,"sqsum":98427104.04307704,"variance":3394038.0704509323,"size":30},"method=\"punycode\" n=1024 val=\"κυπρος.icom.museum\"":{"mean":88603.84610136504,"sqsum":172242979.67939526,"variance":5939413.09239294,"size":30},"method=\"punycode\" n=1024 val=\"českárepublika.icom.museum\"":{"mean":89657.65745809875,"sqsum":336596894.3903957,"variance":11606789.461737782,"size":30},"method=\"punycode\" n=1024 val=\"مصر.icom.museum\"":{"mean":89791.41780764004,"sqsum":67806955.51857738,"variance":2338170.8799509443,"size":30},"method=\"punycode\" n=1024 val=\"ελλάδα.icom.museum\"":{"mean":87127.4614640372,"sqsum":121589880.55504078,"variance":4192754.5018979576,"size":30},"method=\"punycode\" n=1024 val=\"magyarország.icom.museum\"":{"mean":93836.4616571634,"sqsum":146939483.0126105,"variance":5066878.724572776,"size":30},"method=\"punycode\" n=1024 val=\"ísland.icom.museum\"":{"mean":99376.06131219564,"sqsum":110295995.69120784,"variance":3803310.196248546,"size":30},"method=\"punycode\" n=1024 val=\"भारत.icom.museum\"":{"mean":89366.23396517984,"sqsum":174606653.9275598,"variance":6020919.100950338,"size":30},"method=\"punycode\" n=1024 val=\"ايران.icom.museum\"":{"mean":87122.59872852915,"sqsum":61966869.00042932,"variance":2136788.5862217005,"size":30},"method=\"punycode\" n=1024 val=\"éire.icom.museum\"":{"mean":101512.37231118075,"sqsum":247055257.14514667,"variance":8519146.798108505,"size":30},"method=\"punycode\" n=1024 val=\"איקו״ם.ישראל.museum\"":{"mean":76910.06850957232,"sqsum":98781452.81640686,"variance":3406256.993669202,"size":30},"method=\"punycode\" n=1024 val=\"日本.icom.museum\"":{"mean":89914.36927716529,"sqsum":95840482.38115488,"variance":3304844.2200398236,"size":30},"method=\"punycode\" n=1024 val=\"الأردن.icom.museum\"":{"mean":87140.81076133673,"sqsum":134878090.6576597,"variance":4650968.643367576,"size":30},"method=\"icu\" n=1024 val=\"افغانستا.icom.museum\"":{"mean":214651.4562242692,"sqsum":499288583.054927,"variance":17216847.691549208,"size":30},"method=\"icu\" n=1024 val=\"الجزائر.icom.museum\"":{"mean":232661.088479223,"sqsum":366535069.92017883,"variance":12639140.342075134,"size":30},"method=\"icu\" n=1024 val=\"österreich.icom.museum\"":{"mean":251861.9915959896,"sqsum":577524893.9717531,"variance":19914651.516267348,"size":30},"method=\"icu\" n=1024 val=\"বাংলাদেশ.icom.museum\"":{"mean":191195.067311855,"sqsum":318674012.37439114,"variance":10988759.047392799,"size":30},"method=\"icu\" n=1024 val=\"беларусь.icom.museum\"":{"mean":217685.4133516473,"sqsum":588051742.6943096,"variance":20277646.29980378,"size":30},"method=\"icu\" n=1024 val=\"belgië.icom.museum\"":{"mean":263019.88492752984,"sqsum":509077929.91685086,"variance":17554411.376443133,"size":30},"method=\"icu\" n=1024 val=\"българия.icom.museum\"":{"mean":212705.21471514195,"sqsum":396107199.28136903,"variance":13658868.940736864,"size":30},"method=\"icu\" n=1024 val=\"تشادر.icom.museum\"":{"mean":248699.05618723857,"sqsum":1075959988.173421,"variance":37102068.557704166,"size":30},"method=\"icu\" n=1024 val=\"中国.icom.museum\"":{"mean":272647.842125612,"sqsum":728693173.5472188,"variance":25127350.811973065,"size":30},"method=\"icu\" n=1024 val=\"القمر.icom.museum\"":{"mean":246786.43506894857,"sqsum":982003827.1715127,"variance":33862200.93694872,"size":30},"method=\"icu\" n=1024 val=\"κυπρος.icom.museum\"":{"mean":243167.12430115326,"sqsum":544221891.7973161,"variance":18766272.130941935,"size":30},"method=\"icu\" n=1024 val=\"českárepublika.icom.museum\"":{"mean":229126.23570217227,"sqsum":448560551.4052607,"variance":15467605.220871057,"size":30},"method=\"icu\" n=1024 val=\"مصر.icom.museum\"":{"mean":266899.0686725142,"sqsum":721847420.8528802,"variance":24891290.37423725,"size":30},"method=\"icu\" n=1024 val=\"ελλάδα.icom.museum\"":{"mean":246336.87866419755,"sqsum":346766578.77898866,"variance":11957468.233758228,"size":30},"method=\"icu\" n=1024 val=\"magyarország.icom.museum\"":{"mean":236820.12123445582,"sqsum":424957794.97752213,"variance":14653717.068190418,"size":30},"method=\"icu\" n=1024 val=\"ísland.icom.museum\"":{"mean":268120.4946028081,"sqsum":755033412.4831622,"variance":26035634.91321249,"size":30},"method=\"icu\" n=1024 val=\"भारत.icom.museum\"":{"mean":256213.76747974762,"sqsum":517213084.9218523,"variance":17834933.962822493,"size":30},