{"lookup-promises":{"all=\"true\" n=5000000 name=\"127.0.0.1\"":{"mean":11882357705.290634,"sqsum":21382242163492490000,"variance":737318695292844500,"size":30},"all=\"false\" n=5000000 name=\"127.0.0.1\"":{"mean":13010825563.80163,"sqsum":18555797407194657000,"variance":639855083006712200,"size":30},"all=\"true\" n=5000000 name=\"::1\"":{"mean":3683499751.6800365,"sqsum":757873010434515200,"variance":26133552083948800,"size":30},"all=\"false\" n=5000000 name=\"::1\"":{"mean":3802127888.4984674,"sqsum":602613864230774700,"variance":20779788421750852,"size":30}},"lookup":{"all=\"true\" n=5000000 name=\"127.0.0.1\"":{"mean":4907250.727045166,"sqsum":133797561025.80727,"variance":4613709000.889906,"size":30},"all=\"false\" n=5000000 name=\"127.0.0.1\"":{"mean":5652649.693686939,"sqsum":231063168888.32684,"variance":7967695478.907823,"size":30},"all=\"true\" n=5000000 name=\"::1\"":{"mean":2903127.6443526503,"sqsum":92176123488.09521,"variance":3178487016.8308697,"size":30},"all=\"false\" n=5000000 name=\"::1\"":{"mean":3074190.2826642008,"sqsum":46594804961.494965,"variance":1606717412.4653437,"size":30}}}