{"createInflate":{"chunkLen=1024 inputLen=16777216 n=100":{"mean":28.87295979277313,"sqsum":2756.0109904804376,"variance":95.03486174070476,"size":30}},"creation":{"n=500000 options=\"true\" type=\"Deflate\"":{"mean":186416.8159183445,"sqsum":412424528.45759743,"variance":14221535.464055084,"size":30},"n=500000 options=\"false\" type=\"Deflate\"":{"mean":205187.31155177866,"sqsum":419853214.8393842,"variance":14477697.06342704,"size":30},"n=500000 options=\"true\" type=\"DeflateRaw\"":{"mean":185655.41186264035,"sqsum":672652798.0930262,"variance":23194924.072173316,"size":30},"n=500000 options=\"false\" type=\"DeflateRaw\"":{"mean":207192.900452059,"sqsum":312182351.67115015,"variance":10764908.678315522,"size":30},"n=500000 options=\"true\" type=\"Inflate\"":{"mean":182398.20514567973,"sqsum":195788569.3317,"variance":6751329.976955173,"size":30},"n=500000 options=\"false\" type=\"Inflate\"":{"mean":207883.78705981912,"sqsum":436486541.83430195,"variance":15051260.063251792,"size":30},"n=500000 options=\"true\" type=\"InflateRaw\"":{"mean":186012.63230641244,"sqsum":317741739.68516505,"variance":10956611.713281553,"size":30},"n=500000 options=\"false\" type=\"InflateRaw\"":{"mean":206888.82500832152,"sqsum":463947982.75067866,"variance":15998206.30174754,"size":30},"n=500000 options=\"true\" type=\"Gzip\"":{"mean":185989.19515351916,"sqsum":391754049.99119264,"variance":13508760.344523884,"size":30},"n=500000 options=\"false\" type=\"Gzip\"":{"mean":205350.72799368974,"sqsum":287427506.6181502,"variance":9911293.33166035,"size":30},"n=500000 options=\"true\" type=\"Gunzip\"":{"mean":182358.62733482287,"sqsum":179386226.9745528,"variance":6185731.964639751,"size":30},"n=500000 options=\"false\" type=\"Gunzip\"":{"mean":207213.54881275416,"sqsum":699949065.6056205,"variance":24136174.676055882,"size":30},"n=500000 options=\"true\" type=\"Unzip\"":{"mean":185157.35226651805,"sqsum":220794559.86436132,"variance":7613605.512564183,"size":30},"n=500000 options=\"false\" type=\"Unzip\"":{"mean":207708.4436112228,"sqsum":358031463.79089034,"variance":12345912.544513458,"size":30},"n=500000 options=\"true\" type=\"BrotliCompress\"":{"mean":172807.33061479827,"sqsum":250723389.21677,"variance":8645634.110923104,"size":30},"n=500000 options=\"false\" type=\"BrotliCompress\"":{"mean":187470.34648720222,"sqsum":377963833.4553008,"variance":13033235.636389684,"size":30},"n=500000 options=\"true\" type=\"BrotliDecompress\"":{"mean":170907.7132663405,"sqsum":231902931.84347206,"variance":7996652.822188691,"size":30},"n=500000 options=\"false\" type=\"BrotliDecompress\"":{"mean":187581.43676320883,"sqsum":412608078.2609477,"variance":14227864.767618887,"size":30}},"deflate":{"inputLen=1024 method=\"createDeflate\" n=400000":{"mean":34878.58800018628,"sqsum":2070868649.8943825,"variance":71409263.78946146,"size":30},"inputLen=1024 method=\"deflate\" n=400000":{"mean":10083.30207736098,"sqsum":214548479.32525578,"variance":7398223.42500882,"size":30},"inputLen=1024 method=\"deflateSync\" n=400000":{"mean":47569.43539793824,"sqsum":3676437.706877327,"variance":126773.71403025265,"size":30}},"inflate":{"inputLen=1024 method=\"inflate\" n=400000":{"mean":17487.5628280151,"sqsum":340459598.62240356,"variance":11739986.159393225,"size":30},"inputLen=1024 method=\"inflateSync\" n=400000":{"mean":133600.66194991962,"sqsum":146056455.3870269,"variance":5036429.496104376,"size":30}},"pipe":{"algorithm=\"gzip\" duration=5 inputLen=1024 type=\"string\"":{"mean":0.05378663055611271,"sqsum":0.0016501130969418564,"variance":0.0000569004516186847,"size":30},"algorithm=\"brotli\" duration=5 inputLen=1024 type=\"string\"":{"mean":0.129421345087271,"sqsum":0.007069392615150446,"variance":0.00024377215914311883,"size":30},"algorithm=\"gzip\" duration=5 inputLen=1024 type=\"buffer\"":{"mean":0.06680372882122954,"sqsum":0.009693914734305729,"variance":0.00033427292187261133,"size":30},"algorithm=\"brotli\" duration=5 inputLen=1024 type=\"buffer\"":{"mean":0.13312837357148938,"sqsum":0.008849300269028243,"variance":0.000305148285138905,"size":30}}}