{"module-loader-circular":{"n=10000":{"mean":6212.612014656567,"sqsum":201429.96248765886,"variance":6945.860775436513,"size":30}},"module-loader-deep":{"cache=\"true\" ext=\"\" files=1000":{"mean":775135.8662321629,"sqsum":28366052986.793423,"variance":978139758.1652905,"size":30},"cache=\"false\" ext=\"\" files=1000":{"mean":5281.175317438644,"sqsum":127137.53332040437,"variance":4384.052873117392,"size":30},"cache=\"true\" ext=\".js\" files=1000":{"mean":756268.14352713,"sqsum":39130299997.68431,"variance":1349320689.575321,"size":30},"cache=\"false\" ext=\".js\" files=1000":{"mean":5322.225151642029,"sqsum":92024.03918274703,"variance":3173.242730439553,"size":30}},"module-loader":{"cache=\"true\" dir=\"rel\" files=500 n=1 name=\"\"":{"mean":17292.430201827246,"sqsum":610897.126497099,"variance":21065.418155072377,"size":30},"cache=\"false\" dir=\"rel\" files=500 n=1 name=\"\"":{"mean":4200.143622255635,"sqsum":44469.20152936141,"variance":1533.4207423917726,"size":30},"cache=\"true\" dir=\"rel\" files=500 n=1000 name=\"\"":{"mean":1890995.905328757,"sqsum":3503682238.5198913,"variance":120816628.91447902,"size":30},"cache=\"false\" dir=\"rel\" files=500 n=1000 name=\"\"":{"mean":1393614.075816938,"sqsum":1110787835.1425605,"variance":38303028.79801933,"size":30},"cache=\"true\" dir=\"abs\" files=500 n=1 name=\"\"":{"mean":17281.000256547853,"sqsum":417943.20959648123,"variance":14411.834813671765,"size":30},"cache=\"false\" dir=\"abs\" files=500 n=1 name=\"\"":{"mean":4236.111168855814,"sqsum":78593.95576386694,"variance":2710.136405650584,"size":30},"cache=\"true\" dir=\"abs\" files=500 n=1000 name=\"\"":{"mean":1885456.7944195801,"sqsum":50005712903.060165,"variance":1724334927.6917298,"size":30},"cache=\"false\" dir=\"abs\" files=500 n=1000 name=\"\"":{"mean":1399351.5584937662,"sqsum":631822680.5140357,"variance":21786988.983242612,"size":30},"cache=\"true\" dir=\"rel\" files=500 n=1 name=\"/\"":{"mean":17303.213139622712,"sqsum":319242.97930756805,"variance":11008.378596812692,"size":30},"cache=\"false\" dir=\"rel\" files=500 n=1 name=\"/\"":{"mean":4337.909145919235,"sqsum":61417.43457263764,"variance":2117.8425714702635,"size":30},"cache=\"true\" dir=\"rel\" files=500 n=1000 name=\"/\"":{"mean":1853981.103042635,"sqsum":4565548737.122552,"variance":157432715.07319146,"size":30},"cache=\"false\" dir=\"rel\" files=500 n=1000 name=\"/\"":{"mean":1382629.3564639622,"sqsum":2071735761.6575017,"variance":71439164.19508627,"size":30},"cache=\"true\" dir=\"abs\" files=500 n=1 name=\"/\"":{"mean":17319.43919316128,"sqsum":442055.1278135622,"variance":15243.28026943318,"size":30},"cache=\"false\" dir=\"abs\" files=500 n=1 name=\"/\"":{"mean":4389.850253054013,"sqsum":58919.559227943784,"variance":2031.708938894613,"size":30},"cache=\"true\" dir=\"abs\" files=500 n=1000 name=\"/\"":{"mean":1838759.5945884343,"sqsum":14840942517.959137,"variance":511756638.5503151,"size":30},"cache=\"false\" dir=\"abs\" files=500 n=1000 name=\"/\"":{"mean":1382682.8611810792,"sqsum":1684870552.713869,"variance":58098984.57634032,"size":30},"cache=\"true\" dir=\"rel\" files=500 n=1 name=\"/index.js\"":{"mean":17264.19310653911,"sqsum":1031178.7447579913,"variance":35557.887750275564,"size":30},"cache=\"false\" dir=\"rel\" files=500 n=1 name=\"/index.js\"":{"mean":4523.312440382138,"sqsum":60322.856513932624,"variance":2080.098500480435,"size":30},"cache=\"true\" dir=\"rel\" files=500 n=1000 name=\"/index.js\"":{"mean":1805314.2158219733,"sqsum":5619505729.9380245,"variance":193776059.6530353,"size":30},"cache=\"false\" dir=\"rel\" files=500 n=1000 name=\"/index.js\"":{"mean":1371952.980460902,"sqsum":815879961.7773983,"variance":28133791.78542753,"size":30},"cache=\"true\" dir=\"abs\" files=500 n=1 name=\"/index.js\"":{"mean":17558.805909510374,"sqsum":2019668.7613212904,"variance":69643.75039038932,"size":30},"cache=\"false\" dir=\"abs\" files=500 n=1 name=\"/index.js\"":{"mean":4575.113346503837,"sqsum":86616.17769990888,"variance":2986.7647482727198,"size":30},"cache=\"true\" dir=\"abs\" files=500 n=1000 name=\"/index.js\"":{"mean":1797153.2035636785,"sqsum":2148889517.473893,"variance":74099638.53358252,"size":30},"cache=\"false\" dir=\"abs\" files=500 n=1000 name=\"/index.js\"":{"mean":1371461.9619168835,"sqsum":2183536058.6191006,"variance":75294346.8489345,"size":30}},"module-require":{"n=10000 type=\".js\"":{"mean":10298.915653869153,"sqsum":392999.13769774005,"variance":13551.694403370348,"size":30},"n=10000 type=\".json\"":{"mean":20662.693699044852,"sqsum":1595721.1460589669,"variance":55024.86710548162,"size":30},"n=10000 type=\"dir\"":{"mean":8543.278462958746,"sqsum":270280.4894449371,"variance":9320.016877411625,"size":30}}}