{"atomics-wait":{"n=10000000":{"mean":10642913.990706112,"sqsum":1280623063321.2605,"variance":44159415976.59519,"size":30}},"bench-eventlooputil":{"method=\"ELU_simple\" n=1000000":{"mean":6490374.295890139,"sqsum":493538450652.0126,"variance":17018567263.862503,"size":30},"method=\"ELU_passed\" n=1000000":{"mean":5918993.855732319,"sqsum":220600377873.827,"variance":7606909581.856104,"size":30}},"echo":{"n=100000 payload=\"string\" sendsPerBroadcast=1 workers=1":{"mean":89646.5027052407,"sqsum":1834019061.6398509,"variance":63242036.60827072,"size":30},"n=100000 payload=\"string\" sendsPerBroadcast=10 workers=1":{"mean":45877.10764608235,"sqsum":25057990.262036193,"variance":864068.6297253859,"size":30},"n=100000 payload=\"object\" sendsPerBroadcast=1 workers=1":{"mean":65186.512392298806,"sqsum":425320567.27497894,"variance":14666226.457757894,"size":30},"n=100000 payload=\"object\" sendsPerBroadcast=10 workers=1":{"mean":29422.419210015418,"sqsum":42065412.58595536,"variance":1450531.4684812194,"size":30}},"messageport":{"n=1000000 payload=\"string\" style=\"eventtarget\"":{"mean":648735.5628941834,"sqsum":12109166342.541443,"variance":417557460.08763593,"size":30},"n=1000000 payload=\"string\" style=\"eventemitter\"":{"mean":1066836.8329278321,"sqsum":26172832936.295994,"variance":902511480.5619308,"size":30},"n=1000000 payload=\"object\" style=\"eventtarget\"":{"mean":360496.50337796565,"sqsum":5035426071.745615,"variance":173635381.78433153,"size":30},"n=1000000 payload=\"object\" style=\"eventemitter\"":{"mean":523835.35807019024,"sqsum":5631802770.776077,"variance":194200095.54400265,"size":30}}}