{"convertprotocols":{"n=1":{"mean":3824.059864990718,"sqsum":1014653.2001596021,"variance":34988.04138481386,"size":30},"n=50000":{"mean":1052903.95342489,"sqsum":10187881533.699345,"variance":351306259.782736,"size":30}},"secure-pair":{"dur=5 securing=\"SecurePair\" size=100":{"mean":1857.4835794891117,"sqsum":16942.45885838423,"variance":584.2227192546287,"size":30},"dur=5 securing=\"SecurePair\" size=1024":{"mean":2703.0615575422153,"sqsum":171855.44586667532,"variance":5926.049857471562,"size":30},"dur=5 securing=\"SecurePair\" size=1048576":{"mean":3894.887870672521,"sqsum":55081.575825109714,"variance":1899.364683624473,"size":30},"dur=5 securing=\"TLSSocket\" size=100":{"mean":1911.5290696651039,"sqsum":18291.503267460113,"variance":630.7414919813833,"size":30},"dur=5 securing=\"TLSSocket\" size=1024":{"mean":2758.2803332378717,"sqsum":44561.00098458534,"variance":1536.5862408477706,"size":30},"dur=5 securing=\"TLSSocket\" size=1048576":{"mean":4246.903572124716,"sqsum":61365.14459470373,"variance":2116.039468782887,"size":30},"dur=5 securing=\"clear\" size=100":{"mean":649.40017110639,"sqsum":3856.6575001258993,"variance":132.98818965951378,"size":30},"dur=5 securing=\"clear\" size=1024":{"mean":4093.282023256009,"sqsum":1662524.1902516782,"variance":57328.420353506146,"size":30},"dur=5 securing=\"clear\" size=1048576":{"mean":8411.782475296277,"sqsum":3900252.48894924,"variance":134491.4651361807,"size":30}},"throughput-c2s":{"dur=5 size=100 type=\"buf\"":{"mean":2224.2417342238086,"sqsum":15017.806810956276,"variance":517.8554072743543,"size":30},"dur=5 size=1024 type=\"buf\"":{"mean":3703.268931492998,"sqsum":85950.16460540192,"variance":2963.798779496618,"size":30},"dur=5 size=1048576 type=\"buf\"":{"mean":6394.657262745044,"sqsum":47319.71383876215,"variance":1631.7142703021432,"size":30},"dur=5 size=4194304 type=\"buf\"":{"mean":5967.633783431842,"sqsum":62502.53798031065,"variance":2155.2599303555394,"size":30},"dur=5 size=16777216 type=\"buf\"":{"mean":5818.072873802241,"sqsum":41037.98065833621,"variance":1415.1027813219382,"size":30},"dur=5 size=100 type=\"asc\"":{"mean":1151.6728656121072,"sqsum":1649.0632784977918,"variance":56.86425098268248,"size":30},"dur=5 size=1024 type=\"asc\"":{"mean":3132.300790556131,"sqsum":41928.16193119839,"variance":1445.798687282703,"size":30},"dur=5 size=1048576 type=\"asc\"":{"mean":6012.123598863675,"sqsum":75703.76664170648,"variance":2610.4747117829816,"size":30},"dur=5 size=4194304 type=\"asc\"":{"mean":5259.9197258231925,"sqsum":58625.77910934367,"variance":2021.5785899773678,"size":30},"dur=5 size=16777216 type=\"asc\"":{"mean":5380.796716806783,"sqsum":40461.45233097321,"variance":1395.2224941714899,"size":30},"dur=5 size=100 type=\"utf\"":{"mean":1169.3158850112604,"sqsum":1153.582563172133,"variance":39.77870907490114,"size":30},"dur=5 size=1024 type=\"utf\"":{"mean":2753.7922539158794,"sqsum":12617.983113484403,"variance":435.10286598222075,"size":30},"dur=5 size=1048576 type=\"utf\"":{"mean":3803.9172202547475,"sqsum":13567.0828007464,"variance":467.8304414050483,"size":30},"dur=5 size=4194304 type=\"utf\"":{"mean":3641.909660386276,"sqsum":7211.757910972237,"variance":248.68130727490473,"size":30},"dur=5 size=16777216 type=\"utf\"":{"mean":3573.3556234856496,"sqsum":15294.370254965354,"variance":527.392077757426,"size":30}},"throughput-s2c":{"dur=5 recvbufgenfn=\"true\" recvbuflen=0 sendchunklen=256 type=\"buf\"":{"mean":3095.4932193583936,"sqsum":34118.33203128481,"variance":1176.4942079753382,"size":30},"dur=5 recvbufgenfn=\"false\" recvbuflen=0 sendchunklen=256 type=\"buf\"":{"mean":3096.2535756642046,"sqsum":29533.976908778426,"variance":1018.4129968544285,"size":30},"dur=5 recvbufgenfn=\"true\" recvbuflen=65536 sendchunklen=256 type=\"buf\"":{"mean":3519.8721594866493,"sqsum":40955.510220214994,"variance":1412.258973110862,"size":30},"dur=5 recvbufgenfn=\"false\" recvbuflen=65536 sendchunklen=256 type=\"buf\"":{"mean":3534.063367432734,"sqsum":45403.35132690347,"variance":1565.6328043759816,"size":30},"dur=5 recvbufgenfn=\"true\" recvbuflen=1048576 sendchunklen=256 type=\"buf\"":{"mean":3517.2208261811675,"sqsum":37789.762704272194,"variance":1303.0952656645584,"size":30},"dur=5 recvbufgenfn=\"false\" recvbuflen=1048576 sendchunklen=256 type=\"buf\"":{"mean":3559.9171623674392,"sqsum":37893.12277222483,"variance":1306.6594059387874,"size":30},"dur=5 recvbufgenfn=\"true\" recvbuflen=0 sendchunklen=32768 type=\"buf\"":{"mean":5856.353435940036,"sqsum":100853.56062823674,"variance":3477.7089871805774,"size":30},"dur=5 recvbufgenfn=\"false\" recvbuflen=0 sendchunklen=32768 type=\"buf\"":{"mean":5858.420200914929,"sqsum":70672.8526492771,"variance":2436.99491894059,"size":30},"dur=5 recvbufgenfn=\"true\" recvbuflen=65536 sendchunklen=32768 type=\"buf\"":{"mean":7095.827228411837,"sqsum":145365.93283639473,"variance":5012.6183736687835,"size":30},"dur=5 recvbufgenfn=\"false\" recvbuflen=65536 sendchunklen=32768 type=\"buf\"":{"mean":7133.3619398061555,"sqsum":141829.8689736015,"variance":4890.685137020741,"size":30},"dur=5 recvbufgenfn=\"true\" recvbuflen=1048576 sendchunklen=32768 type=\"buf\"":{"mean":7093.9400668290655,"sqsum":116835.9315727286,"variance":4028.825226645814,"size":30},"dur=5 recvbufgenfn=\"false\" recvbuflen=1048576 sendchunklen=32768 type=\"buf\"":{"mean":7136.2087086369675,"sqsum":106734.61707710827,"variance":3680.5040371416644,"size":30},"dur=5 recvbufgenfn=\"true\" recvbuflen=0 sendchunklen=131072 type=\"buf\"":{"mean":6287.6834181101285,"sqsum":80586.55275930022,"variance":2778.8466468724214,"size":30},"dur=5 recvbufgenfn=\"false\" recvbuflen=0 sendchunklen=131072 type=\"buf\"":{"mean":6298.00324756992,"sqsum":87548.32810155662,"variance":3018.9078655709177,"size":30},"dur=5 recvbufgenfn=\"true\" recvbuflen=65536 sendchunklen=131072 type=\"buf\"":{"mean":7837.440888918515,"sqsum":139904.0908887439,"variance":4824.278996163583,"size":30},"dur=5 recvbufgenfn=\"false\" recvbuflen=65536 sendchunklen=131072 type=\"buf\"":{"mean":7917.180471642236,"sqsum":125840.54741494951,"variance":4339.329221205156,"size":30},"dur=5 recvbufgenfn=\"true\" recvbuflen=1048576 sendchunklen=131072 type=\"buf\"":{"mean":7830.8919247413605,"sqsum":52676.03445479391,"variance":1816.41498119979,"size":30},"dur=5 recvbufgenfn=\"false\" recvbuflen=1048576 sendchunklen=131072 type=\"buf\"":{"mean":7920.338341117359,"sqsum":70246.38539930902,"variance":2422.289151700311,"size":30},"dur=5 recvbufgenfn=\"true\" recvbuflen=0 sendchunklen=16777216 type=\"buf\"":{"mean":5833.584937994498,"sqsum":46154.729936700365,"variance":1591.5424116103575,"size":30},"dur=5 recvbufgenfn=\"false\" recvbuflen=0 sendchunklen=16777216 type=\"buf\"":{"mean":5841.1508093167895,"sqsum":41473.76501216712,"variance":1430.1298280057629,"size":30},"dur=5 recvbufgenfn=\"true\" recvbuflen=65536 sendchunklen=16777216 type=\"buf\"":{"mean":6977.235658450834,"sqsum":38849.24103923923,"variance":1339.6290013530768,"size":30},"dur=5 recvbufgenfn=\"false\" recvbuflen=65536 sendchunklen=16777216 type=\"buf\"":{"mean":7030.895311508526,"sqsum":59585.410118432024,"variance":2054.6693144286905,"size":30},"dur=5 recvbufgenfn=\"true\" recvbuflen=1048576 sendchunklen=16777216 type=\"buf\"":{"mean":6979.7569306404375,"sqsum":31164.208847378246,"variance":1074.627891288905,"size":30},"dur=5 recvbufgenfn=\"false\" recvbuflen=1048576 sendchunklen=16777216 type=\"buf\"":{"mean":7024.660756317806,"sqsum":39111.19439575324,"variance":1348.661875715629,"size":30},"dur=5 recvbufgenfn=\"true\" recvbuflen=0 sendchunklen=256 type=\"asc\"":{"mean":2040.3630657651381,"sqsum":11402.885884728381,"variance":393.2029615423579,"size":30},"dur=5 recvbufgenfn=\"false\" recvbuflen=0 sendchunklen=256 type=\"asc\"":{"mean":2043.0015812674583,"sqsum":8097.360602165084,"variance":279.2193311091408,"size":30},"dur=5 recvbufgenfn=\"true\" recvbuflen=65536 sendchunklen=256 type=\"asc\"":{"mean":2221.53887978184,"sqsum":11752.119687909364,