{"echo":{"n=100000 payload=\"string\" sendsPerBroadcast=1 serialization=\"json\" workers=1":{"mean":37622.15062989793,"sqsum":9623431.031918457,"variance":331842.4493764985,"size":30},"n=100000 payload=\"string\" sendsPerBroadcast=1 serialization=\"advanced\" workers=1":{"mean":27898.916819286784,"sqsum":5782325.999841341,"variance":199390.55171866695,"size":30},"n=100000 payload=\"string\" sendsPerBroadcast=10 serialization=\"json\" workers=1":{"mean":17216.647996668256,"sqsum":3835330.011265174,"variance":132252.75900914392,"size":30},"n=100000 payload=\"string\" sendsPerBroadcast=10 serialization=\"advanced\" workers=1":{"mean":8257.810797864824,"sqsum":1058278.0035547568,"variance":36492.34495016402,"size":30},"n=100000 payload=\"object\" sendsPerBroadcast=1 serialization=\"json\" workers=1":{"mean":32026.250135733673,"sqsum":7927852.389508072,"variance":273374.2203278646,"size":30},"n=100000 payload=\"object\" sendsPerBroadcast=1 serialization=\"advanced\" workers=1":{"mean":22754.16894524662,"sqsum":3143239.870436759,"variance":108387.58173919859,"size":30},"n=100000 payload=\"object\" sendsPerBroadcast=10 serialization=\"json\" workers=1":{"mean":13314.025388849972,"sqsum":1673244.3418646683,"variance":57698.08075395408,"size":30},"n=100000 payload=\"object\" sendsPerBroadcast=10 serialization=\"advanced\" workers=1":{"mean":6142.300675365417,"sqsum":192357.11543589595,"variance":6633.003980548136,"size":30}}}