{"createInflate":{"chunkLen=1024 inputLen=16777216 n=100":{"mean":70.01417872723796,"sqsum":136.38411225715765,"variance":4.702900422660608,"size":30}},"creation":{"n=500000 options=\"true\" type=\"Deflate\"":{"mean":307435.3604797761,"sqsum":199782363.14152285,"variance":6889047.004880099,"size":30},"n=500000 options=\"false\" type=\"Deflate\"":{"mean":311359.8978436083,"sqsum":580291949.836499,"variance":20010067.235741343,"size":30},"n=500000 options=\"true\" type=\"DeflateRaw\"":{"mean":313141.50368669775,"sqsum":437878650.67914313,"variance":15099263.816522177,"size":30},"n=500000 options=\"false\" type=\"DeflateRaw\"":{"mean":310442.28717954527,"sqsum":319311388.56993526,"variance":11010737.53689432,"size":30},"n=500000 options=\"true\" type=\"Inflate\"":{"mean":307959.2382096287,"sqsum":190622703.75418127,"variance":6573196.681178664,"size":30},"n=500000 options=\"false\" type=\"Inflate\"":{"mean":311866.08524521004,"sqsum":362990017.444668,"variance":12516897.153264413,"size":30},"n=500000 options=\"true\" type=\"InflateRaw\"":{"mean":307662.954812828,"sqsum":285566743.384976,"variance":9847129.082240552,"size":30},"n=500000 options=\"false\" type=\"InflateRaw\"":{"mean":310577.60548309126,"sqsum":274326587.48049486,"variance":9459537.499327408,"size":30},"n=500000 options=\"true\" type=\"Gzip\"":{"mean":306639.32716617396,"sqsum":482614332.67075765,"variance":16641873.540370954,"size":30},"n=500000 options=\"false\" type=\"Gzip\"":{"mean":310491.2992380475,"sqsum":510799082.0699203,"variance":17613761.450686906,"size":30},"n=500000 options=\"true\" type=\"Gunzip\"":{"mean":306814.437050265,"sqsum":552758763.6197532,"variance":19060647.021370802,"size":30},"n=500000 options=\"false\" type=\"Gunzip\"":{"mean":310552.7993089731,"sqsum":309071409.2413879,"variance":10657634.801427169,"size":30},"n=500000 options=\"true\" type=\"Unzip\"":{"mean":305807.5092193282,"sqsum":542975917.4005265,"variance":18723307.49656988,"size":30},"n=500000 options=\"false\" type=\"Unzip\"":{"mean":311219.9879624027,"sqsum":303620521.31700355,"variance":10469673.148862192,"size":30},"n=500000 options=\"true\" type=\"BrotliCompress\"":{"mean":277114.088976608,"sqsum":482614518.7713137,"variance":16641879.95763151,"size":30},"n=500000 options=\"false\" type=\"BrotliCompress\"":{"mean":280142.3903047826,"sqsum":177391364.36035436,"variance":6116943.598632908,"size":30},"n=500000 options=\"true\" type=\"BrotliDecompress\"":{"mean":282014.313075241,"sqsum":415993680.6751217,"variance":14344609.678452473,"size":30},"n=500000 options=\"false\" type=\"BrotliDecompress\"":{"mean":283950.1702822039,"sqsum":274319472.3609266,"variance":9459292.15037678,"size":30}},"deflate":{"inputLen=1024 method=\"createDeflate\" n=400000":{"mean":81557.58424124499,"sqsum":116588515.56077924,"variance":4020293.6400268706,"size":30},"inputLen=1024 method=\"deflate\" n=400000":{"mean":30881.023290223515,"sqsum":12446499.561934013,"variance":429189.6400666901,"size":30},"inputLen=1024 method=\"deflateSync\" n=400000":{"mean":86293.9065480617,"sqsum":9083680.734043226,"variance":313230.3701394216,"size":30}},"inflate":{"inputLen=1024 method=\"inflate\" n=400000":{"mean":48340.85585949976,"sqsum":17320340.012800723,"variance":597253.1038896801,"size":30},"inputLen=1024 method=\"inflateSync\" n=400000":{"mean":222841.71903289616,"sqsum":368426846.3553052,"variance":12704374.012251902,"size":30}},"pipe":{"algorithm=\"gzip\" duration=5 inputLen=1024 type=\"string\"":{"mean":0.3451066205522492,"sqsum":0.0036363068793682247,"variance":0.00012538989239200776,"size":30},"algorithm=\"brotli\" duration=5 inputLen=1024 type=\"string\"":{"mean":0.27542062251681243,"sqsum":0.00015062742123006368,"variance":0.00000519404900793323,"size":30},"algorithm=\"gzip\" duration=5 inputLen=1024 type=\"buffer\"":{"mean":0.3686094880607622,"sqsum":0.0076613011491914905,"variance":0.00026418279824798243,"size":30},"algorithm=\"brotli\" duration=5 inputLen=1024 type=\"buffer\"":{"mean":0.28651392370514306,"sqsum":0.00029686282900287346,"variance":0.00001023664927596115,"size":30}}}