{"creation":{"kind=\"duplex\" n=50000000":{"mean":2498495.19887716,"sqsum":265216212634.30652,"variance":9145386642.562294,"size":30},"kind=\"readable\" n=50000000":{"mean":6731823.927982707,"sqsum":198024865919.2898,"variance":6828443652.389303,"size":30},"kind=\"transform\" n=50000000":{"mean":2767111.106736091,"sqsum":899337413008.4607,"variance":31011634931.32623,"size":30},"kind=\"writable\" n=50000000":{"mean":6350501.119542141,"sqsum":73629476568.60721,"variance":2538947467.8830075,"size":30}},"pipe-object-mode":{"n=5000000":{"mean":8630323.226129774,"sqsum":302981608913.6026,"variance":10447641686.675953,"size":30}},"pipe":{"n=5000000":{"mean":4366340.776200411,"sqsum":48124387940.6981,"variance":1659461653.1275208,"size":30}},"readable-async-iterator":{"n=100000 sync=\"yes\"":{"mean":2303568.7712295973,"sqsum":21750554138.85562,"variance":750019108.2364007,"size":30},"n=100000 sync=\"no\"":{"mean":1047471.8386796035,"sqsum":409117248.3999428,"variance":14107491.32413596,"size":30}},"readable-bigread":{"n=1000":{"mean":648.420966924891,"sqsum":121.60671643417076,"variance":4.193335049454165,"size":30}},"readable-bigunevenread":{"n=1000":{"mean":376.48589680898135,"sqsum":61.545658480731156,"variance":2.1222640855424535,"size":30}},"readable-boundaryread":{"n=2000 type=\"string\"":{"mean":233.1202450138456,"sqsum":91.73028757112093,"variance":3.163113364521411,"size":30},"n=2000 type=\"buffer\"":{"mean":688.5888960341251,"sqsum":17.025365851475435,"variance":0.5870815810853598,"size":30}},"readable-from":{"n=10000000":{"mean":8454168.564820886,"sqsum":741244490536.7488,"variance":25560154846.094788,"size":30}},"readable-readall":{"n=5000":{"mean":978.066107666687,"sqsum":26954.245454793676,"variance":929.4567398204716,"size":30}},"readable-unevenread":{"n=1000":{"mean":121.6364449346206,"sqsum":7.435394833502836,"variance":0.25639292529320123,"size":30}},"writable-manywrites":{"callback=\"yes\" len=1024 n=2000000 sync=\"yes\" writev=\"yes\"":{"mean":22120781.70791105,"sqsum":508813424183.5117,"variance":17545290489.08661,"size":30},"callback=\"yes\" len=32768 n=2000000 sync=\"yes\" writev=\"yes\"":{"mean":5326159.732924093,"sqsum":235230393634.91104,"variance":8111392883.962449,"size":30},"callback=\"no\" len=1024 n=2000000 sync=\"yes\" writev=\"yes\"":{"mean":21440575.452740625,"sqsum":577767428856.3973,"variance":19923014788.151634,"size":30},"callback=\"no\" len=32768 n=2000000 sync=\"yes\" writev=\"yes\"":{"mean":5254251.168488363,"sqsum":560383854925.2362,"variance":19323581204.31849,"size":30},"callback=\"yes\" len=1024 n=2000000 sync=\"yes\" writev=\"no\"":{"mean":22239112.522981524,"sqsum":12034689754297.205,"variance":414989301872.31744,"size":30},"callback=\"yes\" len=32768 n=2000000 sync=\"yes\" writev=\"no\"":{"mean":5232346.33854753,"sqsum":94800114090.15242,"variance":3268969451.3845663,"size":30},"callback=\"no\" len=1024 n=2000000 sync=\"yes\" writev=\"no\"":{"mean":21563638.187660903,"sqsum":647045185013.3674,"variance":22311902931.49543,"size":30},"callback=\"no\" len=32768 n=2000000 sync=\"yes\" writev=\"no\"":{"mean":5115294.0127527155,"sqsum":139164036128.4646,"variance":4798759866.498779,"size":30},"callback=\"yes\" len=1024 n=2000000 sync=\"no\" writev=\"yes\"":{"mean":14443275.505241089,"sqsum":50498929907.586426,"variance":1741342410.6064284,"size":30},"callback=\"yes\" len=32768 n=2000000 sync=\"no\" writev=\"yes\"":{"mean":5418160.6077491185,"sqsum":6455792057.625209,"variance":222613519.22845548,"size":30},"callback=\"no\" len=1024 n=2000000 sync=\"no\" writev=\"yes\"":{"mean":16266119.565583095,"sqsum":68333535806.68881,"variance":2356328820.920304,"size":30},"callback=\"no\" len=32768 n=2000000 sync=\"no\" writev=\"yes\"":{"mean":5378358.2731389385,"sqsum":40719840443.98775,"variance":1404132429.1030257,"size":30},"callback=\"yes\" len=1024 n=2000000 sync=\"no\" writev=\"no\"":{"mean":4845417.837246577,"sqsum":10370810480.83966,"variance":357614154.51171243,"size":30},"callback=\"yes\" len=32768 n=2000000 sync=\"no\" writev=\"no\"":{"mean":5476859.732757378,"sqsum":44329496818.72565,"variance":1528603338.5767465,"size":30},"callback=\"no\" len=1024 n=2000000 sync=\"no\" writev=\"no\"":{"mean":4866846.677765471,"sqsum":241389739046.76202,"variance":8323784105.06076,"size":30},"callback=\"no\" len=32768 n=2000000 sync=\"no\" writev=\"no\"":{"mean":5483993.55611602,"sqsum":38955598574.83568,"variance":1343296502.5805407,"size":30}}}