{"async-resource-vs-destroy":{"asyncMethod=\"callbacks\" benchmarker=\"test-double-http\" connections=500 duration=5 n=1000000 path=\"/\" type=\"async-resource\"":{"mean":418.53333333333336,"sqsum":219.46666666666667,"variance":7.567816091954023,"size":30},"asyncMethod=\"async\" benchmarker=\"test-double-http\" connections=500 duration=5 n=1000000 path=\"/\" type=\"async-resource\"":{"mean":417.73333333333335,"sqsum":143.86666666666667,"variance":4.960919540229885,"size":30},"asyncMethod=\"callbacks\" benchmarker=\"test-double-http\" connections=500 duration=5 n=1000000 path=\"/\" type=\"destroy\"":{"mean":419.53333333333336,"sqsum":161.46666666666667,"variance":5.567816091954023,"size":30},"asyncMethod=\"async\" benchmarker=\"test-double-http\" connections=500 duration=5 n=1000000 path=\"/\" type=\"destroy\"":{"mean":418.43333333333334,"sqsum":289.3666666666667,"variance":9.97816091954023,"size":30},"asyncMethod=\"callbacks\" benchmarker=\"test-double-http\" connections=500 duration=5 n=1000000 path=\"/\" type=\"async-local-storage\"":{"mean":418.1666666666667,"sqsum":242.16666666666666,"variance":8.350574712643677,"size":30},"asyncMethod=\"async\" benchmarker=\"test-double-http\" connections=500 duration=5 n=1000000 path=\"/\" type=\"async-local-storage\"":{"mean":416.26666666666665,"sqsum":151.86666666666667,"variance":5.236781609195402,"size":30}},"gc-tracking":{"method=\"trackingEnabled\" n=1000000":{"mean":43219538.66310579,"sqsum":12201323410740.744,"variance":420735290025.54285,"size":30},"method=\"trackingEnabledWithDestroyHook\" n=1000000":{"mean":1216323.4922443028,"sqsum":8724865011.384079,"variance":300857414.1856579,"size":30},"method=\"trackingDisabled\" n=1000000":{"mean":46098999.10634896,"sqsum":12864552380418.791,"variance":443605254497.1997,"size":30}},"http-server":{"asyncHooks=\"init\" benchmarker=\"test-double-http\" connections=50 duration=5":{"mean":12462.366666666667,"sqsum":174620.96666666667,"variance":6021.412643678161,"size":30},"asyncHooks=\"init\" benchmarker=\"test-double-http\" connections=500 duration=5":{"mean":12433.733333333334,"sqsum":162591.86666666667,"variance":5606.6160919540225,"size":30},"asyncHooks=\"before\" benchmarker=\"test-double-http\" connections=50 duration=5":{"mean":12465.233333333334,"sqsum":147325.36666666667,"variance":5080.185057471264,"size":30},"asyncHooks=\"before\" benchmarker=\"test-double-http\" connections=500 duration=5":{"mean":12470.266666666666,"sqsum":128501.86666666667,"variance":4431.098850574713,"size":30},"asyncHooks=\"after\" benchmarker=\"test-double-http\" connections=50 duration=5":{"mean":12465.766666666666,"sqsum":112949.36666666667,"variance":3894.805747126437,"size":30},"asyncHooks=\"after\" benchmarker=\"test-double-http\" connections=500 duration=5":{"mean":12473.5,"sqsum":208673.5,"variance":7195.637931034483,"size":30},"asyncHooks=\"all\" benchmarker=\"test-double-http\" connections=50 duration=5":{"mean":12494.733333333334,"sqsum":180369.86666666667,"variance":6219.650574712644,"size":30},"asyncHooks=\"all\" benchmarker=\"test-double-http\" connections=500 duration=5":{"mean":12500.8,"sqsum":173198.8,"variance":5972.372413793103,"size":30},"asyncHooks=\"disabled\" benchmarker=\"test-double-http\" connections=50 duration=5":{"mean":12493.333333333334,"sqsum":167470.66666666666,"variance":5774.850574712644,"size":30},"asyncHooks=\"disabled\" benchmarker=\"test-double-http\" connections=500 duration=5":{"mean":12485.7,"sqsum":212056.3,"variance":7312.286206896551,"size":30},"asyncHooks=\"none\" benchmarker=\"test-double-http\" connections=50 duration=5":{"mean":12515.533333333333,"sqsum":149161.46666666667,"variance":5143.498850574712,"size":30},"asyncHooks=\"none\" benchmarker=\"test-double-http\" connections=500 duration=5":{"mean":12495.533333333333,"sqsum":183277.46666666667,"variance":6319.912643678161,"size":30}},"promises":{"asyncHooks=\"enabled\" n=1000000":{"mean":151084.1068152424,"sqsum":238214949.9281619,"variance":8214308.618212479,"size":30},"asyncHooks=\"enabledWithDestroy\" n=1000000":{"mean":103974.26380550757,"sqsum":114457598.60278907,"variance":3946813.744923761,"size":30},"asyncHooks=\"enabledWithInitOnly\" n=1000000":{"mean":178484.43853343703,"sqsum":300567741.1695088,"variance":10364404.867914097,"size":30},"asyncHooks=\"disabled\" n=1000000":{"mean":925013.3000815155,"sqsum":15582586002.02755,"variance":537330551.7940534,"size":30}}}