{"creation":{"kind=\"duplex\" n=50000000":{"mean":2328930.720570016,"sqsum":81318705612.35237,"variance":2804093296.9776683,"size":30},"kind=\"readable\" n=50000000":{"mean":3638583.919306979,"sqsum":185113905136.3317,"variance":6383238108.149368,"size":30},"kind=\"transform\" n=50000000":{"mean":2649655.462138306,"sqsum":17870426096.455257,"variance":616221589.5329399,"size":30},"kind=\"writable\" n=50000000":{"mean":4419276.834169357,"sqsum":61918209552.58193,"variance":2135110674.2269633,"size":30}},"pipe-object-mode":{"n=5000000":{"mean":5548595.330868057,"sqsum":566697750668.6526,"variance":19541301747.194916,"size":30}},"pipe":{"n=5000000":{"mean":4966070.47195001,"sqsum":111770478648.94066,"variance":3854154436.1703672,"size":30}},"readable-async-iterator":{"n=100000 sync=\"yes\"":{"mean":1250276.4217361955,"sqsum":15370658273.89866,"variance":530022699.09995383,"size":30},"n=100000 sync=\"no\"":{"mean":540466.5988513301,"sqsum":3503245182.414127,"variance":120801558.01428023,"size":30}},"readable-bigread":{"n=1000":{"mean":810.4804004146454,"sqsum":5786.099754884418,"variance":199.52068120291096,"size":30}},"readable-bigunevenread":{"n=1000":{"mean":357.7403144545784,"sqsum":16005.366319107063,"variance":551.909183417485,"size":30}},"readable-boundaryread":{"n=2000 type=\"string\"":{"mean":194.77173059214118,"sqsum":1683.3306630852826,"variance":58.04588493397526,"size":30},"n=2000 type=\"buffer\"":{"mean":843.3490791061934,"sqsum":62345.08445725155,"variance":2149.8304985259156,"size":30}},"readable-readall":{"n=5000":{"mean":1124.9672386168795,"sqsum":4273.257683281179,"variance":147.35371321659238,"size":30}},"readable-unevenread":{"n=1000":{"mean":164.38114662354909,"sqsum":84.5125268296309,"variance":2.9142250630907207,"size":30}},"writable-manywrites":{"callback=\"yes\" len=1024 n=2000000 sync=\"yes\" writev=\"yes\"":{"mean":20357024.977544777,"sqsum":876630742814.5172,"variance":30228646303.948868,"size":30},"callback=\"yes\" len=32768 n=2000000 sync=\"yes\" writev=\"yes\"":{"mean":4417835.592649487,"sqsum":175686050322.5955,"variance":6058139666.296396,"size":30},"callback=\"no\" len=1024 n=2000000 sync=\"yes\" writev=\"yes\"":{"mean":19981455.958564635,"sqsum":636146939100.0889,"variance":21936101348.278923,"size":30},"callback=\"no\" len=32768 n=2000000 sync=\"yes\" writev=\"yes\"":{"mean":4355484.510155728,"sqsum":996066174427.4778,"variance":34347109463.016476,"size":30},"callback=\"yes\" len=1024 n=2000000 sync=\"yes\" writev=\"no\"":{"mean":22031949.19532031,"sqsum":844082817805.2506,"variance":29106304062.25002,"size":30},"callback=\"yes\" len=32768 n=2000000 sync=\"yes\" writev=\"no\"":{"mean":4621080.329864497,"sqsum":97113334057.55873,"variance":3348735657.157198,"size":30},"callback=\"no\" len=1024 n=2000000 sync=\"yes\" writev=\"no\"":{"mean":21670716.285908084,"sqsum":895003458634.9377,"variance":30862188228.79096,"size":30},"callback=\"no\" len=32768 n=2000000 sync=\"yes\" writev=\"no\"":{"mean":4564570.082714988,"sqsum":509876961924.0074,"variance":17581964204.27612,"size":30},"callback=\"yes\" len=1024 n=2000000 sync=\"no\" writev=\"yes\"":{"mean":11997771.016142976,"sqsum":1431979779386.43,"variance":49378613082.29069,"size":30},"callback=\"yes\" len=32768 n=2000000 sync=\"no\" writev=\"yes\"":{"mean":5023609.00031325,"sqsum":140482079972.1701,"variance":4844209654.212763,"size":30},"callback=\"no\" len=1024 n=2000000 sync=\"no\" writev=\"yes\"":{"mean":14032364.65929477,"sqsum":788643054506.8845,"variance":27194588086.444294,"size":30},"callback=\"no\" len=32768 n=2000000 sync=\"no\" writev=\"yes\"":{"mean":5024180.929723408,"sqsum":183464617965.25034,"variance":6326366136.73277,"size":30},"callback=\"yes\" len=1024 n=2000000 sync=\"no\" writev=\"no\"":{"mean":4844763.017829469,"sqsum":278061959915.534,"variance":9588343445.363241,"size":30},"callback=\"yes\" len=32768 n=2000000 sync=\"no\" writev=\"no\"":{"mean":5094875.334166125,"sqsum":1081347345409.5985,"variance":37287839496.882706,"size":30},"callback=\"no\" len=1024 n=2000000 sync=\"no\" writev=\"no\"":{"mean":4880952.262112485,"sqsum":183386627966.86038,"variance":6323676826.443461,"size":30},"callback=\"no\" len=32768 n=2000000 sync=\"no\" writev=\"no\"":{"mean":5157503.9134708755,"sqsum":406657283909.66956,"variance":14022664962.4024,"size":30}}}