{"array-vs-concat":{"chunks=1 dur=5 len=64 num=100 type=\"concat\"":{"mean":0.12420367545870017,"sqsum":0.00019133947308206317,"variance":0.00000659791286489873,"size":30},"chunks=1 dur=5 len=64 num=100 type=\"multi\"":{"mean":0.1263527068166119,"sqsum":0.00018307101503104624,"variance":0.00000631279362176021,"size":30},"chunks=2 dur=5 len=64 num=100 type=\"concat\"":{"mean":0.12299898433740634,"sqsum":0.00015260198742649033,"variance":0.00000526213749746518,"size":30},"chunks=2 dur=5 len=64 num=100 type=\"multi\"":{"mean":0.12054476156762378,"sqsum":0.0001779301774248712,"variance":0.00000613552335947832,"size":30},"chunks=4 dur=5 len=64 num=100 type=\"concat\"":{"mean":0.12172905818648523,"sqsum":0.00019511099289539112,"variance":0.00000672796527225487,"size":30},"chunks=4 dur=5 len=64 num=100 type=\"multi\"":{"mean":0.10931713881686093,"sqsum":0.00009024416984695708,"variance":0.00000311186792575714,"size":30},"chunks=8 dur=5 len=64 num=100 type=\"concat\"":{"mean":0.11872502908066133,"sqsum":0.00013380506144844998,"variance":0.00000461396763615345,"size":30},"chunks=8 dur=5 len=64 num=100 type=\"multi\"":{"mean":0.09330934505092316,"sqsum":0.00007006556165880433,"variance":0.0000024160538503036,"size":30},"chunks=1 dur=5 len=256 num=100 type=\"concat\"":{"mean":0.4852094056779389,"sqsum":0.002011767887022731,"variance":0.0000693713064490597,"size":30},"chunks=1 dur=5 len=256 num=100 type=\"multi\"":{"mean":0.5044147580211842,"sqsum":0.0017045051647803986,"variance":0.00005877604016484133,"size":30},"chunks=2 dur=5 len=256 num=100 type=\"concat\"":{"mean":0.4855145904844493,"sqsum":0.0031897716003643816,"variance":0.00010999212415049591,"size":30},"chunks=2 dur=5 len=256 num=100 type=\"multi\"":{"mean":0.4782196840147955,"sqsum":0.0026210573738008934,"variance":0.00009038128875175496,"size":30},"chunks=4 dur=5 len=256 num=100 type=\"concat\"":{"mean":0.4811470455897001,"sqsum":0.0029100509817877856,"variance":0.00010034658557888916,"size":30},"chunks=4 dur=5 len=256 num=100 type=\"multi\"":{"mean":0.4327860621645623,"sqsum":0.0037258033052873824,"variance":0.0001284759760443925,"size":30},"chunks=8 dur=5 len=256 num=100 type=\"concat\"":{"mean":0.4658181112293736,"sqsum":0.0030259297555238146,"variance":0.00010434240536289017,"size":30},"chunks=8 dur=5 len=256 num=100 type=\"multi\"":{"mean":0.36677033796901354,"sqsum":0.0009581857750607446,"variance":0.00003304088879519809,"size":30},"chunks=1 dur=5 len=512 num=100 type=\"concat\"":{"mean":0.9686615558897157,"sqsum":0.008340623145923704,"variance":0.00028760769468702427,"size":30},"chunks=1 dur=5 len=512 num=100 type=\"multi\"":{"mean":1.0020069798688573,"sqsum":0.012879282748452037,"variance":0.00044411319822248405,"size":30},"chunks=2 dur=5 len=512 num=100 type=\"concat\"":{"mean":0.9642759570929424,"sqsum":0.008021850788491996,"variance":0.00027661554443075847,"size":30},"chunks=2 dur=5 len=512 num=100 type=\"multi\"":{"mean":0.9523875648390888,"sqsum":0.012297591344969562,"variance":0.0004240548739644677,"size":30},"chunks=4 dur=5 len=512 num=100 type=\"concat\"":{"mean":0.9477100000407392,"sqsum":0.004958277493848179,"variance":0.0001709750859947648,"size":30},"chunks=4 dur=5 len=512 num=100 type=\"multi\"":{"mean":0.8614883404004933,"sqsum":0.006342105342004711,"variance":0.00021869328765533486,"size":30},"chunks=8 dur=5 len=512 num=100 type=\"concat\"":{"mean":0.9321201947286721,"sqsum":0.005583290314080253,"variance":0.00019252725220966391,"size":30},"chunks=8 dur=5 len=512 num=100 type=\"multi\"":{"mean":0.731962572015638,"sqsum":0.0025340892054635574,"variance":0.00008738238639529508,"size":30},"chunks=1 dur=5 len=1024 num=100 type=\"concat\"":{"mean":1.8428695429276272,"sqsum":0.03048438553205325,"variance":0.0010511857080018362,"size":30},"chunks=1 dur=5 len=1024 num=100 type=\"multi\"":{"mean":1.9763576461015684,"sqsum":0.08552319748195163,"variance":0.002949075775239711,"size":30},"chunks=2 dur=5 len=1024 num=100 type=\"concat\"":{"mean":1.8276957952809532,"sqsum":0.030527987846150878,"variance":0.0010526892360741681,"size":30},"chunks=2 dur=5 len=1024 num=100 type=\"multi\"":{"mean":1.9034762148866413,"sqsum":0.04926417089501695,"variance":0.0016987645136212744,"size":30},"chunks=4 dur=5 len=1024 num=100 type=\"concat\"":{"mean":1.8212975843801806,"sqsum":0.03637260116341582,"variance":0.0012542276263246834,"size":30},"chunks=4 dur=5 len=1024 num=100 type=\"multi\"":{"mean":1.727224133646637,"sqsum":0.02727756689013217,"variance":0.0009406057548321438,"size":30},"chunks=8 dur=5 len=1024 num=100 type=\"concat\"":{"mean":1.7791207979399697,"sqsum":0.020652820491744488,"variance":0.0007121662238532583,"size":30},"chunks=8 dur=5 len=1024 num=100 type=\"multi\"":{"mean":1.453575710356451,"sqsum":0.011938230017711547,"variance":0.0004116631040590189,"size":30}},"bind-params":{"address=\"true\" n=10000 port=\"true\"":{"mean":240990.54613845886,"sqsum":234264085.2188194,"variance":8078071.904097221,"size":30},"address=\"false\" n=10000 port=\"true\"":{"mean":240765.6436342753,"sqsum":320874156.9112615,"variance":11064626.100388326,"size":30},"address=\"false\" n=10000 port=\"false\"":{"mean":243590.06779825396,"sqsum":380063572.2357739,"variance":13105640.421923239,"size":30}},"multi-buffer":{"chunks=1 dur=5 len=64 num=100 type=\"send\"":{"mean":0.12614277244228358,"sqsum":0.0002233523277088875,"variance":0.00000770180440375474,"size":30},"chunks=1 dur=5 len=64 num=100 type=\"recv\"":{"mean":0.04048873120448408,"sqsum":0.000021663958859036322,"variance":7.470330641047e-7,"size":30},"chunks=2 dur=5 len=64 num=100 type=\"send\"":{"mean":0.12056743620118517,"sqsum":0.00013593604868085968,"variance":0.0000046874499545124,"size":30},"chunks=2 dur=5 len=64 num=100 type=\"recv\"":{"mean":0.038561799923702414,"sqsum":0.000013380549663213966,"variance":4.6139826424876e-7,"size":30},"chunks=4 dur=5 len=64 num=100 type=\"send\"":{"mean":0.10934874454361947,"sqsum":0.00011187616870011641,"variance":0.00000385779892069367,"size":30},"chunks=4 dur=5 len=64 num=100 type=\"recv\"":{"mean":0.03513241555336969,"sqsum":0.000015788947791917312,"variance":5.4444647558336e-7,"size":30},"chunks=8 dur=5 len=64 num=100 type=\"send\"":{"mean":0.09379111326163848,"sqsum":0.00005295435418391875,"variance":0.00000182601221323858,"size":30},"chunks=8 dur=5 len=64 num=100 type=\"recv\"":{"mean":0.029865035629555562,"sqsum":0.000008676934942572525,"variance":2.9920465319216e-7,"size":30},"chunks=1 dur=5 len=256 num=100 type=\"send\"":{"mean":0.5052934162840719,"sqsum":0.004795419030289206,"variance":0.0001653592769065243,"size":30},"chunks=1 dur=5 len=256 num=100 type=\"recv\"":{"mean":0.16061629800690602,"sqsum":0.0004147785451454148,"variance":0.00001430270845329017,"size":30},"chunks=2 dur=5 len=256 num=100 type=\"send\"":{"mean":0.4781818576127556,"sqsum":0.0017972993826412286,"variance":0.00006197584078073203,"size":30},"chunks=2 dur=5 len=256 num=100 type=\"recv\"":{"mean":0.15334677429934324,"sqsum":0.0001890773208074632,"variance":0.00000651990761405045,"size":30},"chunks=4 dur=5 len=256 num=100 type=\"send\"":{"mean":0.43547620168326817,"sqsum":0.0015147302451097057,"variance":0.00005223207741757606,"size":30},"chunks=4 dur=5 len=256 num=100 type=\"recv\"":{"mean":0.13868422435410704,"sqsum":0.00014022117758712645,"variance":0.00000483521302024574,"size":30},"chunks=8 dur=5 len=256 num=100 type=\"send\"":{"mean":0.3660351558349895,"sqsum":0.0013379408444142973,"variance":0.00004613589118669991,"size":30},"chunks=8 dur=5 len=256 num=100 type=\"recv\"":{"mean":0.11770205859951988,"sqsum":0.00005661262609092734,"variance":0.0000019521595203768,"size":30},"chunks=1 dur=5 len=1024 num=100 type=\"send\"":{"mean":1.987987053272528,"sqsum":0.04643090047205453,"variance":0.0016010655335191217,"size":30},"chunks=1 dur=5 len=1024 num=100 type=\"recv\"":{"mean":0.6299845294897732,"sqsum":0.01828421902112056,"variance":0.0006304903110731228,"size":30},