{"createInflate":{"chunkLen=1024 inputLen=16777216 n=100":{"mean":69.2235924459197,"sqsum":233.21640914908463,"variance":8.041945143071883,"size":30}},"creation":{"n=500000 options=\"true\" type=\"Deflate\"":{"mean":314978.6835784872,"sqsum":1556368062.1595435,"variance":53667864.21239805,"size":30},"n=500000 options=\"false\" type=\"Deflate\"":{"mean":312761.2477500403,"sqsum":2204993957.8333597,"variance":76034274.40804689,"size":30},"n=500000 options=\"true\" type=\"DeflateRaw\"":{"mean":316480.86986319977,"sqsum":1209130629.3546054,"variance":41694159.63291743,"size":30},"n=500000 options=\"false\" type=\"DeflateRaw\"":{"mean":317340.597061861,"sqsum":2050730566.9970407,"variance":70714847.13782899,"size":30},"n=500000 options=\"true\" type=\"Inflate\"":{"mean":314658.3310088208,"sqsum":1910842764.1492388,"variance":65891129.79824961,"size":30},"n=500000 options=\"false\" type=\"Inflate\"":{"mean":312445.05213495874,"sqsum":1596722901.4243474,"variance":55059410.39394301,"size":30},"n=500000 options=\"true\" type=\"InflateRaw\"":{"mean":315358.0889048836,"sqsum":937247632.833706,"variance":32318883.89081745,"size":30},"n=500000 options=\"false\" type=\"InflateRaw\"":{"mean":312755.8383890405,"sqsum":1987404611.9995818,"variance":68531193.51722696,"size":30},"n=500000 options=\"true\" type=\"Gzip\"":{"mean":316793.06255311065,"sqsum":1572664643.7156856,"variance":54229815.30054089,"size":30},"n=500000 options=\"false\" type=\"Gzip\"":{"mean":313675.70659881714,"sqsum":1332866257.5281086,"variance":45960905.432003744,"size":30},"n=500000 options=\"true\" type=\"Gunzip\"":{"mean":315820.48659568746,"sqsum":969874667.3448031,"variance":33443954.046372518,"size":30},"n=500000 options=\"false\" type=\"Gunzip\"":{"mean":314441.1540023919,"sqsum":1781582628.1501935,"variance":61433883.72931702,"size":30},"n=500000 options=\"true\" type=\"Unzip\"":{"mean":316512.0258035935,"sqsum":835079121.3868704,"variance":28795831.771961045,"size":30},"n=500000 options=\"false\" type=\"Unzip\"":{"mean":312730.49671311694,"sqsum":2159878960.2161126,"variance":74478584.83503836,"size":30},"n=500000 options=\"true\" type=\"BrotliCompress\"":{"mean":273665.3669767878,"sqsum":296826635.9624717,"variance":10235401.240085231,"size":30},"n=500000 options=\"false\" type=\"BrotliCompress\"":{"mean":272516.6560700051,"sqsum":778714708.7467818,"variance":26852231.336095925,"size":30},"n=500000 options=\"true\" type=\"BrotliDecompress\"":{"mean":278021.04357895505,"sqsum":720294977.6484019,"variance":24837757.849944893,"size":30},"n=500000 options=\"false\" type=\"BrotliDecompress\"":{"mean":278958.6739950496,"sqsum":392562035.8649295,"variance":13536621.92637688,"size":30}},"deflate":{"inputLen=1024 method=\"createDeflate\" n=400000":{"mean":81742.80559136588,"sqsum":67432697.97667529,"variance":2325265.4474715614,"size":30},"inputLen=1024 method=\"deflate\" n=400000":{"mean":29278.278122056676,"sqsum":3051129.1524492246,"variance":105211.35008445602,"size":30},"inputLen=1024 method=\"deflateSync\" n=400000":{"mean":86849.2170759628,"sqsum":34724866.08956775,"variance":1197409.1755023364,"size":30}},"inflate":{"inputLen=1024 method=\"inflate\" n=400000":{"mean":47470.42678610942,"sqsum":20303931.38453816,"variance":700135.5649840743,"size":30},"inputLen=1024 method=\"inflateSync\" n=400000":{"mean":230510.51075364102,"sqsum":977759321.8014627,"variance":33715838.682809055,"size":30}},"pipe":{"algorithm=\"gzip\" duration=5 inputLen=1024 type=\"string\"":{"mean":0.3420100907378328,"sqsum":0.0026452039169606962,"variance":0.0000912139281710585,"size":30},"algorithm=\"brotli\" duration=5 inputLen=1024 type=\"string\"":{"mean":0.2749614623145567,"sqsum":3.7935887344278464e-8,"variance":1.30813404635e-9,"size":30},"algorithm=\"gzip\" duration=5 inputLen=1024 type=\"buffer\"":{"mean":0.37072271813396324,"sqsum":0.0017712827318461,"variance":0.00006107871489124483,"size":30},"algorithm=\"brotli\" duration=5 inputLen=1024 type=\"buffer\"":{"mean":0.28595952379173767,"sqsum":0.0005848224633196146,"variance":0.0000201662918386074,"size":30}}}