{"module-loader-circular":{"n=10000":{"mean":3417.6034116399287,"sqsum":29407.956852310286,"variance":1014.0674776658719,"size":30}},"module-loader-deep":{"cache=\"true\" ext=\"\" files=1000":{"mean":427265.1989312024,"sqsum":3570402289.277959,"variance":123117320.31992961,"size":30},"cache=\"false\" ext=\"\" files=1000":{"mean":3161.8665054776156,"sqsum":25049.813484371734,"variance":863.7866718748875,"size":30},"cache=\"true\" ext=\".js\" files=1000":{"mean":429237.67601222056,"sqsum":3368600653.8626213,"variance":116158643.23664212,"size":30},"cache=\"false\" ext=\".js\" files=1000":{"mean":3207.234155751708,"sqsum":41019.24498105089,"variance":1414.4567234845133,"size":30}},"module-loader":{"cache=\"true\" dir=\"rel\" files=500 n=1 name=\"\"":{"mean":12475.402016212256,"sqsum":564682.5947177764,"variance":19471.813610957808,"size":30},"cache=\"false\" dir=\"rel\" files=500 n=1 name=\"\"":{"mean":2679.3212031904964,"sqsum":22124.968746040493,"variance":762.9299567600169,"size":30},"cache=\"true\" dir=\"rel\" files=500 n=1000 name=\"\"":{"mean":1327029.3655251297,"sqsum":10027705190.474838,"variance":345782937.60258067,"size":30},"cache=\"false\" dir=\"rel\" files=500 n=1000 name=\"\"":{"mean":948191.015464827,"sqsum":3322446911.1599646,"variance":114567134.86758499,"size":30},"cache=\"true\" dir=\"abs\" files=500 n=1 name=\"\"":{"mean":12499.547881492172,"sqsum":618704.6362893055,"variance":21334.64263066571,"size":30},"cache=\"false\" dir=\"abs\" files=500 n=1 name=\"\"":{"mean":2737.9454677677422,"sqsum":17076.662390273657,"variance":588.8504272508158,"size":30},"cache=\"true\" dir=\"abs\" files=500 n=1000 name=\"\"":{"mean":1315325.7602654232,"sqsum":8305486607.759465,"variance":286396089.92274016,"size":30},"cache=\"false\" dir=\"abs\" files=500 n=1000 name=\"\"":{"mean":945785.8024538143,"sqsum":6853887734.212485,"variance":236340956.35215464,"size":30},"cache=\"true\" dir=\"rel\" files=500 n=1 name=\"/\"":{"mean":12496.308743064965,"sqsum":627634.9222425455,"variance":21642.583525605016,"size":30},"cache=\"false\" dir=\"rel\" files=500 n=1 name=\"/\"":{"mean":2797.2708938646597,"sqsum":24273.775621957855,"variance":837.0267455847536,"size":30},"cache=\"true\" dir=\"rel\" files=500 n=1000 name=\"/\"":{"mean":1251956.5172313638,"sqsum":53227848760.0628,"variance":1835443060.6918206,"size":30},"cache=\"false\" dir=\"rel\" files=500 n=1000 name=\"/\"":{"mean":920308.6923059518,"sqsum":6136334071.1713295,"variance":211597726.5921148,"size":30},"cache=\"true\" dir=\"abs\" files=500 n=1 name=\"/\"":{"mean":12801.303776153969,"sqsum":640421.4752941799,"variance":22083.499148075167,"size":30},"cache=\"false\" dir=\"abs\" files=500 n=1 name=\"/\"":{"mean":2847.1855366967206,"sqsum":21192.420623871483,"variance":730.7731249610857,"size":30},"cache=\"true\" dir=\"abs\" files=500 n=1000 name=\"/\"":{"mean":1254074.141963608,"sqsum":8298664177.777942,"variance":286160833.71648073,"size":30},"cache=\"false\" dir=\"abs\" files=500 n=1000 name=\"/\"":{"mean":922641.5700266323,"sqsum":2711861634.7153354,"variance":93512470.16259776,"size":30},"cache=\"true\" dir=\"rel\" files=500 n=1 name=\"/index.js\"":{"mean":12361.780913108065,"sqsum":755912.7404130013,"variance":26065.95656596556,"size":30},"cache=\"false\" dir=\"rel\" files=500 n=1 name=\"/index.js\"":{"mean":2876.970094606314,"sqsum":18724.69561296856,"variance":645.6791590678814,"size":30},"cache=\"true\" dir=\"rel\" files=500 n=1000 name=\"/index.js\"":{"mean":1262742.3211905095,"sqsum":16079702630.913889,"variance":554472504.514272,"size":30},"cache=\"false\" dir=\"rel\" files=500 n=1000 name=\"/index.js\"":{"mean":934610.6067087507,"sqsum":4828028288.721594,"variance":166483734.09384805,"size":30},"cache=\"true\" dir=\"abs\" files=500 n=1 name=\"/index.js\"":{"mean":12314.967155681159,"sqsum":815393.6888420809,"variance":28117.023753175203,"size":30},"cache=\"false\" dir=\"abs\" files=500 n=1 name=\"/index.js\"":{"mean":2933.3433803927965,"sqsum":16273.20509286855,"variance":561.1450032023638,"size":30},"cache=\"true\" dir=\"abs\" files=500 n=1000 name=\"/index.js\"":{"mean":1255305.5938539307,"sqsum":10552743557.475544,"variance":363887708.878467,"size":30},"cache=\"false\" dir=\"abs\" files=500 n=1000 name=\"/index.js\"":{"mean":939815.1933033154,"sqsum":5826244953.235686,"variance":200904998.38743746,"size":30}}}