{"bench-env":{"n=1000000 operation=\"get\"":{"mean":2966737.6200800114,"sqsum":1437317050594.672,"variance":49562656917.057655,"size":30},"n=1000000 operation=\"set\"":{"mean":1909187.344589279,"sqsum":1005494256416.6012,"variance":34672215738.50349,"size":30},"n=1000000 operation=\"enumerate\"":{"mean":20566.708086619114,"sqsum":13898108.631524598,"variance":479245.1252249861,"size":30},"n=1000000 operation=\"query\"":{"mean":3230152.735340532,"sqsum":1215942223247.5505,"variance":41929042180.95002,"size":30},"n=1000000 operation=\"delete\"":{"mean":2524292.8456116132,"sqsum":1502661841714.869,"variance":51815925576.37479,"size":30}},"bench-hrtime":{"n=1000000 type=\"raw\"":{"mean":5635206.987271187,"sqsum":851904379275.5349,"variance":29376013078.46672,"size":30},"n=1000000 type=\"diff\"":{"mean":5639037.351435292,"sqsum":372772273897.0583,"variance":12854216341.277872,"size":30},"n=1000000 type=\"bigint\"":{"mean":5650365.318882713,"sqsum":649330133663.0134,"variance":22390694264.241844,"size":30}},"memoryUsage":{"n=100000":{"mean":105525.36886468901,"sqsum":53875410.46273232,"variance":1857772.7745769767,"size":30}},"next-tick-breadth-args":{"n=10000000":{"mean":2969142.813119327,"sqsum":709214080141.6268,"variance":24455657935.918167,"size":30}},"next-tick-breadth":{"n=10000000":{"mean":7506795.085783135,"sqsum":1031424696939.542,"variance":35566368859.98421,"size":30}},"next-tick-depth-args":{"n=7000000":{"mean":6485636.969425934,"sqsum":1865802111575.7922,"variance":64338003847.44111,"size":30}},"next-tick-depth":{"n=7000000":{"mean":8691574.915038003,"sqsum":17181318857094.992,"variance":592459270934.31,"size":30}},"next-tick-exec-args":{"n=4000000":{"mean":27585909.79461591,"sqsum":5231966192248.64,"variance":180412627318.9186,"size":30}},"next-tick-exec":{"n=4000000":{"mean":30392072.049029447,"sqsum":457804914907.4106,"variance":15786376376.117605,"size":30}},"queue-microtask-breadth":{"n=400000":{"mean":1846376.6988790398,"sqsum":26380962228.167057,"variance":909688352.6954157,"size":30}},"queue-microtask-depth":{"n=1200000":{"mean":3644131.4971112227,"sqsum":1242146808271.7212,"variance":42832648561.093834,"size":30}}}