{"atomics-wait":{"n=10000000":{"mean":7301878.039274689,"sqsum":422961987166.5376,"variance":14584896109.19095,"size":30}},"bench-eventlooputil":{"method=\"ELU_simple\" n=1000000":{"mean":5437552.999350456,"sqsum":679076392897.5364,"variance":23416427341.294357,"size":30},"method=\"ELU_passed\" n=1000000":{"mean":4901240.305456068,"sqsum":165341761697.2383,"variance":5701440058.525459,"size":30}},"echo":{"n=100000 payload=\"string\" sendsPerBroadcast=1 workers=1":{"mean":56814.53229191445,"sqsum":41400177.721664995,"variance":1427592.3352298273,"size":30},"n=100000 payload=\"string\" sendsPerBroadcast=10 workers=1":{"mean":23078.920834279423,"sqsum":11058880.04627804,"variance":381340.6912509669,"size":30},"n=100000 payload=\"object\" sendsPerBroadcast=1 workers=1":{"mean":35528.98011722132,"sqsum":7126008.263561668,"variance":245724.42288143683,"size":30},"n=100000 payload=\"object\" sendsPerBroadcast=10 workers=1":{"mean":13932.670710749013,"sqsum":2015066.7534762132,"variance":69485.060464697,"size":30}},"messageport":{"n=1000000 payload=\"string\" style=\"eventtarget\"":{"mean":284257.39914555923,"sqsum":1567459487.2052484,"variance":54050327.145008564,"size":30},"n=1000000 payload=\"string\" style=\"eventemitter\"":{"mean":586606.1784016604,"sqsum":15104326183.74886,"variance":520838833.9223744,"size":30},"n=1000000 payload=\"object\" style=\"eventtarget\"":{"mean":147818.8021451445,"sqsum":180152748.74821442,"variance":6212163.749938428,"size":30},"n=1000000 payload=\"object\" style=\"eventemitter\"":{"mean":228767.5814656453,"sqsum":960525648.911056,"variance":33121574.10038124,"size":30}}}