{"echo":{"n=100000 payload=\"string\" sendsPerBroadcast=1 workers=1":{"mean":64925.817174340504,"sqsum":47352264.17988813,"variance":1632836.6958582113,"size":30},"n=100000 payload=\"string\" sendsPerBroadcast=10 workers=1":{"mean":26454.22895487393,"sqsum":10050698.451700415,"variance":346575.80867932463,"size":30},"n=100000 payload=\"object\" sendsPerBroadcast=1 workers=1":{"mean":41842.6019681227,"sqsum":13178455.474206878,"variance":454429.499110582,"size":30},"n=100000 payload=\"object\" sendsPerBroadcast=10 workers=1":{"mean":12211.56333204823,"sqsum":1836725.2848988634,"variance":63335.354651684946,"size":30}},"messageport":{"n=1000000 payload=\"string\"":{"mean":751667.0389341462,"sqsum":20533241048.457905,"variance":708042794.7744105,"size":30},"n=1000000 payload=\"object\"":{"mean":269384.6360219703,"sqsum":933797646.4110258,"variance":32199918.84175951,"size":30}}}