{"array-vs-concat":{"chunks=1 dur=5 len=64 num=100 type=\"concat\"":{"mean":0.12366883890698546,"sqsum":0.0001497321660318972,"variance":0.00000516317813903094,"size":30},"chunks=1 dur=5 len=64 num=100 type=\"multi\"":{"mean":0.12655083164862696,"sqsum":0.0001422569032582235,"variance":0.00000490541045718012,"size":30},"chunks=2 dur=5 len=64 num=100 type=\"concat\"":{"mean":0.11930260469333734,"sqsum":0.00021847565394943522,"variance":0.0000075336432396357,"size":30},"chunks=2 dur=5 len=64 num=100 type=\"multi\"":{"mean":0.11884611653498947,"sqsum":0.00009231226149803681,"variance":0.00000318318143096679,"size":30},"chunks=4 dur=5 len=64 num=100 type=\"concat\"":{"mean":0.11326458573958924,"sqsum":0.00006078893216884053,"variance":0.0000020961700747876,"size":30},"chunks=4 dur=5 len=64 num=100 type=\"multi\"":{"mean":0.10616711468640089,"sqsum":0.00007554399032867405,"variance":0.00000260496518374738,"size":30},"chunks=8 dur=5 len=64 num=100 type=\"concat\"":{"mean":0.10288755069236112,"sqsum":0.0000635173952838008,"variance":0.00000219025500978623,"size":30},"chunks=8 dur=5 len=64 num=100 type=\"multi\"":{"mean":0.08801979442047875,"sqsum":0.000056858918836640796,"variance":0.00000196065237367727,"size":30},"chunks=1 dur=5 len=256 num=100 type=\"concat\"":{"mean":0.4897229650414109,"sqsum":0.002963841025368803,"variance":0.00010220141466788975,"size":30},"chunks=1 dur=5 len=256 num=100 type=\"multi\"":{"mean":0.501306654900219,"sqsum":0.00219620770023537,"variance":0.0000757313000081162,"size":30},"chunks=2 dur=5 len=256 num=100 type=\"concat\"":{"mean":0.47221772007833307,"sqsum":0.0014171765690978047,"variance":0.00004886815755509671,"size":30},"chunks=2 dur=5 len=256 num=100 type=\"multi\"":{"mean":0.47096647157286686,"sqsum":0.0014427207223883995,"variance":0.00004974899042718619,"size":30},"chunks=4 dur=5 len=256 num=100 type=\"concat\"":{"mean":0.4467339500533895,"sqsum":0.0011430886713634225,"variance":0.00003941685073666974,"size":30},"chunks=4 dur=5 len=256 num=100 type=\"multi\"":{"mean":0.4230073930322844,"sqsum":0.001002376784159422,"variance":0.00003456471669515249,"size":30},"chunks=8 dur=5 len=256 num=100 type=\"concat\"":{"mean":0.4066102821453366,"sqsum":0.001160000643544522,"variance":0.00004000002219119041,"size":30},"chunks=8 dur=5 len=256 num=100 type=\"multi\"":{"mean":0.34699871712015756,"sqsum":0.0010969331903184381,"variance":0.00003782528242477373,"size":30},"chunks=1 dur=5 len=512 num=100 type=\"concat\"":{"mean":0.9322726969769727,"sqsum":0.008057425858346528,"variance":0.00027784227097746647,"size":30},"chunks=1 dur=5 len=512 num=100 type=\"multi\"":{"mean":1.001401384777696,"sqsum":0.006172833968082906,"variance":0.00021285634372699677,"size":30},"chunks=2 dur=5 len=512 num=100 type=\"concat\"":{"mean":0.9101633295104032,"sqsum":0.0037438730344435964,"variance":0.00012909907015322747,"size":30},"chunks=2 dur=5 len=512 num=100 type=\"multi\"":{"mean":0.9355010002141153,"sqsum":0.0054704000902620195,"variance":0.00018863448587110412,"size":30},"chunks=4 dur=5 len=512 num=100 type=\"concat\"":{"mean":0.8621882065210827,"sqsum":0.004927503100596422,"variance":0.0001699139000205663,"size":30},"chunks=4 dur=5 len=512 num=100 type=\"multi\"":{"mean":0.8378219844598116,"sqsum":0.004391582260333644,"variance":0.00015143387104598772,"size":30},"chunks=8 dur=5 len=512 num=100 type=\"concat\"":{"mean":0.7848352360806412,"sqsum":0.004803850674255257,"variance":0.00016565002325018125,"size":30},"chunks=8 dur=5 len=512 num=100 type=\"multi\"":{"mean":0.6898349099603787,"sqsum":0.001640821593687646,"variance":0.00005658005495474641,"size":30},"chunks=1 dur=5 len=1024 num=100 type=\"concat\"":{"mean":1.8022821655346344,"sqsum":0.03586120221266011,"variance":0.0012365931797469001,"size":30},"chunks=1 dur=5 len=1024 num=100 type=\"multi\"":{"mean":1.9888409912004619,"sqsum":0.04340310043174272,"variance":0.0014966586355773352,"size":30},"chunks=2 dur=5 len=1024 num=100 type=\"concat\"":{"mean":1.7582379622557036,"sqsum":0.021347835217582812,"variance":0.000736132248882166,"size":30},"chunks=2 dur=5 len=1024 num=100 type=\"multi\"":{"mean":1.8660775215967027,"sqsum":0.030499782746385977,"variance":0.0010517166464271027,"size":30},"chunks=4 dur=5 len=1024 num=100 type=\"concat\"":{"mean":1.6741262049790135,"sqsum":0.015303469822575265,"variance":0.0005277058559508712,"size":30},"chunks=4 dur=5 len=1024 num=100 type=\"multi\"":{"mean":1.6626231231942674,"sqsum":0.015000022187852348,"variance":0.0005172421444087017,"size":30},"chunks=8 dur=5 len=1024 num=100 type=\"concat\"":{"mean":1.526867414336484,"sqsum":0.01335959117270832,"variance":0.00046067555767959723,"size":30},"chunks=8 dur=5 len=1024 num=100 type=\"multi\"":{"mean":1.3700968296673912,"sqsum":0.00869009075145406,"variance":0.00029965830177427794,"size":30}},"bind-params":{"address=\"true\" n=10000 port=\"true\"":{"mean":270942.99557065836,"sqsum":357034209.7712008,"variance":12311524.474868992,"size":30},"address=\"false\" n=10000 port=\"true\"":{"mean":273675.5795077454,"sqsum":381060740.8281574,"variance":13140025.54579853,"size":30},"address=\"false\" n=10000 port=\"false\"":{"mean":277050.74449320487,"sqsum":390012144.8310227,"variance":13448694.64934561,"size":30}},"multi-buffer":{"chunks=1 dur=5 len=64 num=100 type=\"send\"":{"mean":0.12558578803601106,"sqsum":0.00016199648841823893,"variance":0.00000558608580752548,"size":30},"chunks=1 dur=5 len=64 num=100 type=\"recv\"":{"mean":0.0401480973222228,"sqsum":0.000025059137889065687,"variance":8.6410820307123e-7,"size":30},"chunks=2 dur=5 len=64 num=100 type=\"send\"":{"mean":0.11791711268196108,"sqsum":0.00007194779710789943,"variance":0.00000248095852096205,"size":30},"chunks=2 dur=5 len=64 num=100 type=\"recv\"":{"mean":0.03757081766830828,"sqsum":0.000013261836804530163,"variance":4.5730471739759e-7,"size":30},"chunks=4 dur=5 len=64 num=100 type=\"send\"":{"mean":0.10513167012630928,"sqsum":0.000094519972439692,"variance":0.00000325930939447214,"size":30},"chunks=4 dur=5 len=64 num=100 type=\"recv\"":{"mean":0.03363591265498927,"sqsum":0.000013697821377623124,"variance":4.723386681939e-7,"size":30},"chunks=8 dur=5 len=64 num=100 type=\"send\"":{"mean":0.0874627200689828,"sqsum":0.0000421284368699935,"variance":0.00000145270471965495,"size":30},"chunks=8 dur=5 len=64 num=100 type=\"recv\"":{"mean":0.027952325431207212,"sqsum":0.000004795974105849533,"variance":1.6537841744309e-7,"size":30},"chunks=1 dur=5 len=256 num=100 type=\"send\"":{"mean":0.500814434303023,"sqsum":0.0021978810455968224,"variance":0.00007578900157230422,"size":30},"chunks=1 dur=5 len=256 num=100 type=\"recv\"":{"mean":0.160986589122122,"sqsum":0.00022142048171467618,"variance":0.00000763518902464401,"size":30},"chunks=2 dur=5 len=256 num=100 type=\"send\"":{"mean":0.46850366850803077,"sqsum":0.001319055359930718,"variance":0.00004548466758381786,"size":30},"chunks=2 dur=5 len=256 num=100 type=\"recv\"":{"mean":0.1497082122032746,"sqsum":0.0001518968586668382,"variance":0.00000523782271264959,"size":30},"chunks=4 dur=5 len=256 num=100 type=\"send\"":{"mean":0.4174753605665949,"sqsum":0.0010666617939555382,"variance":0.00003678144117088063,"size":30},"chunks=4 dur=5 len=256 num=100 type=\"recv\"":{"mean":0.1336443124851304,"sqsum":0.00011689491136852094,"variance":0.00000403085901270762,"size":30},"chunks=8 dur=5 len=256 num=100 type=\"send\"":{"mean":0.34462501031364556,"sqsum":0.0010160956699782186,"variance":0.00003503778172338685,"size":30},"chunks=8 dur=5 len=256 num=100 type=\"recv\"":{"mean":0.11055407525349971,"sqsum":0.00011431468560024639,"variance":0.00000394188571035332,"size":30},"chunks=1 dur=5 len=1024 num=100 type=\"send\"":{"mean":1.9827630188626504,"sqsum":0.03795036568579679,"variance":0.0013086332995102341,"size":30},"chunks=1 dur=5 len=1024 num=100 type=\"recv\"":{"mean":0.6326325521183427,"sqsum":0.002587940066032036,"variance":0.00008923931262179435,"size":30},