{"convertprotocols":{"n=1":{"mean":3859.7184494546896,"sqsum":865917.611119325,"variance":29859.227969631895,"size":30},"n=50000":{"mean":1061268.5024465306,"sqsum":3661711016.9694476,"variance":126265897.1368775,"size":30}},"secure-pair":{"dur=5 securing=\"SecurePair\" size=100":{"mean":1886.1435204759848,"sqsum":12065.985673268642,"variance":416.0684714920221,"size":30},"dur=5 securing=\"SecurePair\" size=1024":{"mean":2683.0851936836207,"sqsum":124683.52781964574,"variance":4299.431993780888,"size":30},"dur=5 securing=\"SecurePair\" size=1048576":{"mean":3894.592288678184,"sqsum":126899.09452507446,"variance":4375.830845692222,"size":30},"dur=5 securing=\"TLSSocket\" size=100":{"mean":1893.4399626789511,"sqsum":11151.893351544346,"variance":384.54804660497746,"size":30},"dur=5 securing=\"TLSSocket\" size=1024":{"mean":2735.7102322613564,"sqsum":64272.27087113745,"variance":2216.2852024530152,"size":30},"dur=5 securing=\"TLSSocket\" size=1048576":{"mean":4206.690708638541,"sqsum":50469.69183362684,"variance":1740.3342011595462,"size":30},"dur=5 securing=\"clear\" size=100":{"mean":653.9849422159554,"sqsum":2939.3739727316056,"variance":101.35772319764158,"size":30},"dur=5 securing=\"clear\" size=1024":{"mean":4007.384436037678,"sqsum":2164778.4959586156,"variance":74647.53434340055,"size":30},"dur=5 securing=\"clear\" size=1048576":{"mean":9556.398144041543,"sqsum":17096415.90017366,"variance":589531.582764609,"size":30}},"throughput-c2s":{"dur=5 size=100 type=\"buf\"":{"mean":2225.9972126076814,"sqsum":16094.89957692338,"variance":554.996537135289,"size":30},"dur=5 size=1024 type=\"buf\"":{"mean":3683.599365827517,"sqsum":36780.5755937721,"variance":1268.2957101300724,"size":30},"dur=5 size=1048576 type=\"buf\"":{"mean":6396.824846000245,"sqsum":55481.95737526969,"variance":1913.170943974817,"size":30},"dur=5 size=4194304 type=\"buf\"":{"mean":5978.538588498095,"sqsum":51181.51697761259,"variance":1764.8798957797446,"size":30},"dur=5 size=16777216 type=\"buf\"":{"mean":5848.705929069863,"sqsum":25295.536957741766,"variance":872.2598950945436,"size":30},"dur=5 size=100 type=\"asc\"":{"mean":1149.7863173768685,"sqsum":3060.1290905916435,"variance":105.52169277902219,"size":30},"dur=5 size=1024 type=\"asc\"":{"mean":3120.8891728670515,"sqsum":20233.008188448166,"variance":697.6899375326954,"size":30},"dur=5 size=1048576 type=\"asc\"":{"mean":6006.312719347082,"sqsum":137966.09795733457,"variance":4757.451653701192,"size":30},"dur=5 size=4194304 type=\"asc\"":{"mean":5257.604653334092,"sqsum":36000.593699233104,"variance":1241.399782732176,"size":30},"dur=5 size=16777216 type=\"asc\"":{"mean":5393.407079999169,"sqsum":42203.407803934766,"variance":1455.2899242736125,"size":30},"dur=5 size=100 type=\"utf\"":{"mean":1209.4966655067906,"sqsum":5809.591219799878,"variance":200.33073171723717,"size":30},"dur=5 size=1024 type=\"utf\"":{"mean":3051.2454287165074,"sqsum":13328.372418907982,"variance":459.5990489278615,"size":30},"dur=5 size=1048576 type=\"utf\"":{"mean":4436.949108626566,"sqsum":33435.74301694927,"variance":1152.9566557568714,"size":30},"dur=5 size=4194304 type=\"utf\"":{"mean":4219.560822789737,"sqsum":18264.847954548546,"variance":629.8223432602947,"size":30},"dur=5 size=16777216 type=\"utf\"":{"mean":4139.014267812528,"sqsum":5137.354491243831,"variance":177.15015487047694,"size":30}},"throughput-s2c":{"dur=5 recvbufgenfn=\"true\" recvbuflen=0 sendchunklen=256 type=\"buf\"":{"mean":3081.9032232848535,"sqsum":49013.62949512737,"variance":1690.125155004392,"size":30},"dur=5 recvbufgenfn=\"false\" recvbuflen=0 sendchunklen=256 type=\"buf\"":{"mean":3078.7457626415185,"sqsum":70507.01380410357,"variance":2431.2763380725364,"size":30},"dur=5 recvbufgenfn=\"true\" recvbuflen=65536 sendchunklen=256 type=\"buf\"":{"mean":3490.025592341451,"sqsum":54068.0050570294,"variance":1864.4139674837722,"size":30},"dur=5 recvbufgenfn=\"false\" recvbuflen=65536 sendchunklen=256 type=\"buf\"":{"mean":3513.9797518710056,"sqsum":66805.34084452198,"variance":2303.632442914551,"size":30},"dur=5 recvbufgenfn=\"true\" recvbuflen=1048576 sendchunklen=256 type=\"buf\"":{"mean":3505.4240458015015,"sqsum":95506.8811674018,"variance":3293.340729910407,"size":30},"dur=5 recvbufgenfn=\"false\" recvbuflen=1048576 sendchunklen=256 type=\"buf\"":{"mean":3509.2719822018107,"sqsum":56569.19522229117,"variance":1950.661904216937,"size":30},"dur=5 recvbufgenfn=\"true\" recvbuflen=0 sendchunklen=32768 type=\"buf\"":{"mean":5874.856504361903,"sqsum":106649.44941627019,"variance":3677.567221250696,"size":30},"dur=5 recvbufgenfn=\"false\" recvbuflen=0 sendchunklen=32768 type=\"buf\"":{"mean":5863.503278482871,"sqsum":79266.74972955087,"variance":2733.33619757072,"size":30},"dur=5 recvbufgenfn=\"true\" recvbuflen=65536 sendchunklen=32768 type=\"buf\"":{"mean":7124.429299258638,"sqsum":119296.62433428354,"variance":4113.676701182191,"size":30},"dur=5 recvbufgenfn=\"false\" recvbuflen=65536 sendchunklen=32768 type=\"buf\"":{"mean":7172.534717326545,"sqsum":107580.99507656957,"variance":3709.6894853989506,"size":30},"dur=5 recvbufgenfn=\"true\" recvbuflen=1048576 sendchunklen=32768 type=\"buf\"":{"mean":7145.1216968062845,"sqsum":185993.4229178527,"variance":6413.566307512162,"size":30},"dur=5 recvbufgenfn=\"false\" recvbuflen=1048576 sendchunklen=32768 type=\"buf\"":{"mean":7166.49801143552,"sqsum":153161.92574762332,"variance":5281.445715435288,"size":30},"dur=5 recvbufgenfn=\"true\" recvbuflen=0 sendchunklen=131072 type=\"buf\"":{"mean":6315.842365247905,"sqsum":81318.2129523828,"variance":2804.076308702855,"size":30},"dur=5 recvbufgenfn=\"false\" recvbuflen=0 sendchunklen=131072 type=\"buf\"":{"mean":6317.630895178472,"sqsum":104901.00790657429,"variance":3617.2761347094583,"size":30},"dur=5 recvbufgenfn=\"true\" recvbuflen=65536 sendchunklen=131072 type=\"buf\"":{"mean":7835.486933444552,"sqsum":73544.52810339186,"variance":2536.018210461788,"size":30},"dur=5 recvbufgenfn=\"false\" recvbuflen=65536 sendchunklen=131072 type=\"buf\"":{"mean":7892.803242273619,"sqsum":82434.5633232255,"variance":2842.5711490767417,"size":30},"dur=5 recvbufgenfn=\"true\" recvbuflen=1048576 sendchunklen=131072 type=\"buf\"":{"mean":7829.829733052706,"sqsum":87736.04913291929,"variance":3025.3810045834234,"size":30},"dur=5 recvbufgenfn=\"false\" recvbuflen=1048576 sendchunklen=131072 type=\"buf\"":{"mean":7905.620710303793,"sqsum":96866.96804457734,"variance":3340.2402773992185,"size":30},"dur=5 recvbufgenfn=\"true\" recvbuflen=0 sendchunklen=16777216 type=\"buf\"":{"mean":5841.693356809605,"sqsum":44510.638841687236,"variance":1534.8496152305943,"size":30},"dur=5 recvbufgenfn=\"false\" recvbuflen=0 sendchunklen=16777216 type=\"buf\"":{"mean":5857.524978411376,"sqsum":45462.489151645175,"variance":1567.6720397119025,"size":30},"dur=5 recvbufgenfn=\"true\" recvbuflen=65536 sendchunklen=16777216 type=\"buf\"":{"mean":6955.382722258445,"sqsum":31146.378011111457,"variance":1074.0130348659122,"size":30},"dur=5 recvbufgenfn=\"false\" recvbuflen=65536 sendchunklen=16777216 type=\"buf\"":{"mean":7016.026871771869,"sqsum":25179.38029723497,"variance":868.2544930081024,"size":30},"dur=5 recvbufgenfn=\"true\" recvbuflen=1048576 sendchunklen=16777216 type=\"buf\"":{"mean":6976.508697408141,"sqsum":24540.12821937711,"variance":846.2113179095555,"size":30},"dur=5 recvbufgenfn=\"false\" recvbuflen=1048576 sendchunklen=16777216 type=\"buf\"":{"mean":7030.160669112305,"sqsum":26935.153359938846,"variance":928.7983917220291,"size":30},"dur=5 recvbufgenfn=\"true\" recvbuflen=0 sendchunklen=256 type=\"asc\"":{"mean":2033.7805366744867,"sqsum":15616.397136648573,"variance":538.4964529878818,"size":30},"dur=5 recvbufgenfn=\"false\" recvbuflen=0 sendchunklen=256 type=\"asc\"":{"mean":2035.9788071075432,"sqsum":6399.515205176031,"variance":220.6729381095183,"size":30},"dur=5 recvbufgenfn=\"true\" recvbuflen=65536 sendchunklen=256 type=\"asc\"":{"mean":2204.392425566894,"sqsum":12229.276170348185,"variance":421.6991782878684,