{"lookup-promises":{"all=\"true\" n=5000000 name=\"127.0.0.1\"":{"mean":11531119614.8554,"sqsum":30021979293034406000,"variance":1035240665277048400,"size":30},"all=\"false\" n=5000000 name=\"127.0.0.1\"":{"mean":12759457922.117268,"sqsum":969940434504286300,"variance":33446221879458150,"size":30},"all=\"true\" n=5000000 name=\"::1\"":{"mean":3604424028.7987704,"sqsum":636430726814827000,"variance":21945887131545760,"size":30},"all=\"false\" n=5000000 name=\"::1\"":{"mean":3678633311.890637,"sqsum":644780143129372300,"variance":22233798038943870,"size":30}},"lookup":{"all=\"true\" n=5000000 name=\"127.0.0.1\"":{"mean":4561654.120851704,"sqsum":287735594868.67706,"variance":9921917064.43714,"size":30},"all=\"false\" n=5000000 name=\"127.0.0.1\"":{"mean":5285393.108154234,"sqsum":378272766829.0492,"variance":13043888511.346525,"size":30},"all=\"true\" n=5000000 name=\"::1\"":{"mean":2699071.837657259,"sqsum":875925301843.6652,"variance":30204320753.22983,"size":30},"all=\"false\" n=5000000 name=\"::1\"":{"mean":3017015.5436375635,"sqsum":172293711806.45728,"variance":5941162476.084734,"size":30}}}