{"create-context":{"n=100":{"mean":1981.5691760172174,"sqsum":14455.184698195793,"variance":498.45464476537217,"size":30}},"run-in-context":{"breakOnSigint=0 n=1 withSigintListener=0":{"mean":1989.4049452364031,"sqsum":397939.5402087196,"variance":13722.053110645504,"size":30},"breakOnSigint=0 n=1 withSigintListener=1":{"mean":1996.0029361304616,"sqsum":493706.82015395234,"variance":17024.373108756976,"size":30},"breakOnSigint=1 n=1 withSigintListener=0":{"mean":1186.3525876515796,"sqsum":361832.7798845818,"variance":12476.992409813165,"size":30},"breakOnSigint=1 n=1 withSigintListener=1":{"mean":834.3239382083576,"sqsum":174137.86841650595,"variance":6004.754083327792,"size":30}},"run-in-this-context":{"breakOnSigint=0 n=1 withSigintListener=0":{"mean":2014.3032800335156,"sqsum":887462.9918480763,"variance":30602.17213269229,"size":30},"breakOnSigint=0 n=1 withSigintListener=1":{"mean":2060.3639113518157,"sqsum":675233.171136673,"variance":23283.90245298872,"size":30},"breakOnSigint=1 n=1 withSigintListener=0":{"mean":1187.8175205274413,"sqsum":424586.2181049575,"variance":14640.90407258474,"size":30},"breakOnSigint=1 n=1 withSigintListener=1":{"mean":881.8815759961958,"sqsum":215515.5366868671,"variance":7431.570230581624,"size":30}}}