{"array-vs-concat":{"chunks=1 dur=5 len=64 num=100 type=\"concat\"":{"mean":0.04760824144608188,"sqsum":0.000005899196945779274,"variance":2.0342058433722e-7,"size":30},"chunks=1 dur=5 len=64 num=100 type=\"multi\"":{"mean":0.04790778365687431,"sqsum":0.000004699709118404985,"variance":1.6205893511741e-7,"size":30},"chunks=2 dur=5 len=64 num=100 type=\"concat\"":{"mean":0.047506669688308203,"sqsum":0.000006616425902298185,"variance":2.2815261732063e-7,"size":30},"chunks=2 dur=5 len=64 num=100 type=\"multi\"":{"mean":0.045935783136395854,"sqsum":0.000008850716444042649,"variance":3.0519711876009e-7,"size":30},"chunks=4 dur=5 len=64 num=100 type=\"concat\"":{"mean":0.04732598470345353,"sqsum":0.000006196705088663882,"variance":2.13679485816e-7,"size":30},"chunks=4 dur=5 len=64 num=100 type=\"multi\"":{"mean":0.04324736807340803,"sqsum":0.000005174172603811257,"variance":1.7841974495901e-7,"size":30},"chunks=8 dur=5 len=64 num=100 type=\"concat\"":{"mean":0.04673551369382123,"sqsum":0.000006292586870719257,"variance":2.1698575416273e-7,"size":30},"chunks=8 dur=5 len=64 num=100 type=\"multi\"":{"mean":0.03860113880497487,"sqsum":0.0000061896785831304474,"variance":2.1343719252174e-7,"size":30},"chunks=1 dur=5 len=256 num=100 type=\"concat\"":{"mean":0.1883149265128127,"sqsum":0.0001247544263640477,"variance":0.00000430187677117406,"size":30},"chunks=1 dur=5 len=256 num=100 type=\"multi\"":{"mean":0.19115827960788867,"sqsum":0.00008065298479390171,"variance":0.00000278113740668627,"size":30},"chunks=2 dur=5 len=256 num=100 type=\"concat\"":{"mean":0.188412272395884,"sqsum":0.00010050605101545937,"variance":0.00000346572589708481,"size":30},"chunks=2 dur=5 len=256 num=100 type=\"multi\"":{"mean":0.18366997297187979,"sqsum":0.00017064706804965134,"variance":0.00000588438165688453,"size":30},"chunks=4 dur=5 len=256 num=100 type=\"concat\"":{"mean":0.18716737924523633,"sqsum":0.0001233454757333642,"variance":0.00000425329226666773,"size":30},"chunks=4 dur=5 len=256 num=100 type=\"multi\"":{"mean":0.17256314586499363,"sqsum":0.00008110978098479333,"variance":0.00000279688899947563,"size":30},"chunks=8 dur=5 len=256 num=100 type=\"concat\"":{"mean":0.18591337541972283,"sqsum":0.00014974259073483956,"variance":0.00000516353761154619,"size":30},"chunks=8 dur=5 len=256 num=100 type=\"multi\"":{"mean":0.1527086425337407,"sqsum":0.00008012994554418862,"variance":0.00000276310157048926,"size":30},"chunks=1 dur=5 len=512 num=100 type=\"concat\"":{"mean":0.36608393734843614,"sqsum":0.0003285718079735477,"variance":0.00001133006234391544,"size":30},"chunks=1 dur=5 len=512 num=100 type=\"multi\"":{"mean":0.38043353299550675,"sqsum":0.00046816818371418225,"variance":0.00001614373047290284,"size":30},"chunks=2 dur=5 len=512 num=100 type=\"concat\"":{"mean":0.36426708285104104,"sqsum":0.0006922807115273964,"variance":0.0000238717486733585,"size":30},"chunks=2 dur=5 len=512 num=100 type=\"multi\"":{"mean":0.3670079760415137,"sqsum":0.000302520231039138,"variance":0.00001043173210479786,"size":30},"chunks=4 dur=5 len=512 num=100 type=\"concat\"":{"mean":0.3623020806201718,"sqsum":0.00037966550475765105,"variance":0.00001309191395716038,"size":30},"chunks=4 dur=5 len=512 num=100 type=\"multi\"":{"mean":0.3444464756244386,"sqsum":0.0004450615035319127,"variance":0.00001534694839765216,"size":30},"chunks=8 dur=5 len=512 num=100 type=\"concat\"":{"mean":0.3567566420665371,"sqsum":0.0005435756980119163,"variance":0.0000187439895866178,"size":30},"chunks=8 dur=5 len=512 num=100 type=\"multi\"":{"mean":0.3044702509690379,"sqsum":0.0003158624792335949,"variance":0.00001089180962874465,"size":30},"chunks=1 dur=5 len=1024 num=100 type=\"concat\"":{"mean":0.7182406885152569,"sqsum":0.0011967927773640264,"variance":0.00004126871646082849,"size":30},"chunks=1 dur=5 len=1024 num=100 type=\"multi\"":{"mean":0.7562326694273439,"sqsum":0.0006258310763978732,"variance":0.00002158038194475425,"size":30},"chunks=2 dur=5 len=1024 num=100 type=\"concat\"":{"mean":0.7179286529753078,"sqsum":0.0010620070109224112,"variance":0.00003662093141111763,"size":30},"chunks=2 dur=5 len=1024 num=100 type=\"multi\"":{"mean":0.7308680122459787,"sqsum":0.0013493134107293635,"variance":0.00004652804864584012,"size":30},"chunks=4 dur=5 len=1024 num=100 type=\"concat\"":{"mean":0.7141150114562395,"sqsum":0.0019230454408960995,"variance":0.00006631191175503792,"size":30},"chunks=4 dur=5 len=1024 num=100 type=\"multi\"":{"mean":0.6849338700712321,"sqsum":0.001632340203724199,"variance":0.00005628759323186894,"size":30},"chunks=8 dur=5 len=1024 num=100 type=\"concat\"":{"mean":0.7065611908562531,"sqsum":0.0015136920228722985,"variance":0.00005219627665076892,"size":30},"chunks=8 dur=5 len=1024 num=100 type=\"multi\"":{"mean":0.6100347676602251,"sqsum":0.0011367909897577204,"variance":0.00003919968930199035,"size":30}},"bind-params":{"address=\"true\" n=10000 port=\"true\"":{"mean":116667.00194294975,"sqsum":110988964.90439329,"variance":3827205.6863583894,"size":30},"address=\"false\" n=10000 port=\"true\"":{"mean":117108.23182259843,"sqsum":93269916.0853554,"variance":3216204.00294329,"size":30},"address=\"false\" n=10000 port=\"false\"":{"mean":117741.82844180433,"sqsum":57314102.78886196,"variance":1976348.3720297227,"size":30}},"multi-buffer":{"chunks=1 dur=5 len=64 num=100 type=\"send\"":{"mean":0.04750703198001391,"sqsum":0.000007685514849008146,"variance":2.6501775341407e-7,"size":30},"chunks=1 dur=5 len=64 num=100 type=\"recv\"":{"mean":0.015223575329806104,"sqsum":7.676667124973559e-7,"variance":2.647126594818e-8,"size":30},"chunks=2 dur=5 len=64 num=100 type=\"send\"":{"mean":0.046052510266114066,"sqsum":0.000008227142732679523,"variance":2.8369457698895e-7,"size":30},"chunks=2 dur=5 len=64 num=100 type=\"recv\"":{"mean":0.014651304465112683,"sqsum":6.845745087698795e-7,"variance":2.360601754379e-8,"size":30},"chunks=4 dur=5 len=64 num=100 type=\"send\"":{"mean":0.043018432311783816,"sqsum":0.00000867347895307254,"variance":2.9908548114043e-7,"size":30},"chunks=4 dur=5 len=64 num=100 type=\"recv\"":{"mean":0.013716224663949178,"sqsum":4.814683941395757e-7,"variance":1.660235841861e-8,"size":30},"chunks=8 dur=5 len=64 num=100 type=\"send\"":{"mean":0.03841738337799219,"sqsum":0.00000551543927180488,"variance":1.9018756109672e-7,"size":30},"chunks=8 dur=5 len=64 num=100 type=\"recv\"":{"mean":0.012303539752302237,"sqsum":6.159507079967601e-7,"variance":2.12396795861e-8,"size":30},"chunks=1 dur=5 len=256 num=100 type=\"send\"":{"mean":0.19055585906005146,"sqsum":0.00008189525876015008,"variance":0.00000282397444000518,"size":30},"chunks=1 dur=5 len=256 num=100 type=\"recv\"":{"mean":0.06084216165484942,"sqsum":0.000015147971764198592,"variance":5.2234385393788e-7,"size":30},"chunks=2 dur=5 len=256 num=100 type=\"send\"":{"mean":0.18280912224358759,"sqsum":0.00010131407841942597,"variance":0.00000349358891101469,"size":30},"chunks=2 dur=5 len=256 num=100 type=\"recv\"":{"mean":0.05853062350495533,"sqsum":0.000009627831737186094,"variance":3.31994197834e-7,"size":30},"chunks=4 dur=5 len=256 num=100 type=\"send\"":{"mean":0.1712802944103039,"sqsum":0.00008220496546380888,"variance":0.00000283465398151065,"size":30},"chunks=4 dur=5 len=256 num=100 type=\"recv\"":{"mean":0.05490742773364755,"sqsum":0.000013906690475588193,"variance":4.7954105088235e-7,"size":30},"chunks=8 dur=5 len=256 num=100 type=\"send\"":{"mean":0.15149794718540543,"sqsum":0.000033957770337981426,"variance":0.00000117095759786143,"size":30},"chunks=8 dur=5 len=256 num=100 type=\"recv\"":{"mean":0.048536171216552015,"sqsum":0.00000887053281086567,"variance":3.0588044175399e-7,"size":30},"chunks=1 dur=5 len=1024 num=100 type=\"send\"":{"mean":0.7550439989889847,"sqsum":0.0014678489107395384,"variance":0.00005061547968067374,"size":30},"chunks=1 dur=5 len=1024 num=100 type=\"recv\"":{"mean":0.24135546721908918,"sqsum":0.0002973769464174325,"variance":0.00001025437746267009,"size":30},