{"echo":{"n=100000 payload=\"string\" sendsPerBroadcast=1 serialization=\"json\" workers=1":{"mean":38880.50445612694,"sqsum":15416678.778025726,"variance":531609.6130353699,"size":30},"n=100000 payload=\"string\" sendsPerBroadcast=1 serialization=\"advanced\" workers=1":{"mean":28655.204195754628,"sqsum":3297542.4504573606,"variance":113708.36036059863,"size":30},"n=100000 payload=\"string\" sendsPerBroadcast=10 serialization=\"json\" workers=1":{"mean":18033.424635949115,"sqsum":2107215.9486875944,"variance":72662.61892026188,"size":30},"n=100000 payload=\"string\" sendsPerBroadcast=10 serialization=\"advanced\" workers=1":{"mean":8763.346173161846,"sqsum":616573.2298605143,"variance":21261.14585725911,"size":30},"n=100000 payload=\"object\" sendsPerBroadcast=1 serialization=\"json\" workers=1":{"mean":33846.07370237805,"sqsum":7702376.205724687,"variance":265599.1795077478,"size":30},"n=100000 payload=\"object\" sendsPerBroadcast=1 serialization=\"advanced\" workers=1":{"mean":23134.20654304635,"sqsum":3917088.017427386,"variance":135072.00060094433,"size":30},"n=100000 payload=\"object\" sendsPerBroadcast=10 serialization=\"json\" workers=1":{"mean":14671.648402783634,"sqsum":3282887.1201458173,"variance":113203.00414295921,"size":30},"n=100000 payload=\"object\" sendsPerBroadcast=10 serialization=\"advanced\" workers=1":{"mean":6426.329352967539,"sqsum":283443.9972207419,"variance":9773.930938646272,"size":30}}}