{"immediate":{"n=5000000 type=\"depth\"":{"mean":281526.97784723167,"sqsum":251819504.82713804,"variance":8683431.200935794,"size":30},"n=5000000 type=\"depth1\"":{"mean":286911.5837336527,"sqsum":259392717.70782053,"variance":8944576.472683467,"size":30},"n=5000000 type=\"breadth\"":{"mean":2068608.5578071577,"sqsum":134273417522.19316,"variance":4630117845.592868,"size":30},"n=5000000 type=\"breadth1\"":{"mean":1385861.4364333425,"sqsum":178528806201.74347,"variance":6156165731.094602,"size":30},"n=5000000 type=\"breadth4\"":{"mean":1107661.7792783298,"sqsum":54905159094.658035,"variance":1893281348.0916564,"size":30},"n=5000000 type=\"clear\"":{"mean":6221406.708996969,"sqsum":569370641936.5543,"variance":19633470411.605324,"size":30}},"set-immediate-breadth-args":{"n=5000000":{"mean":1423435.4262918106,"sqsum":40683141836.3777,"variance":1402866959.875093,"size":30}},"set-immediate-breadth":{"n=10000000":{"mean":1871385.102166469,"sqsum":365603535988.44727,"variance":12607018482.36025,"size":30}},"set-immediate-depth-args":{"n=5000000":{"mean":270590.2589000096,"sqsum":355012877.8615856,"variance":12241823.374537434,"size":30}},"timers-breadth-args":{"n=1000000":{"mean":1067185.3252909114,"sqsum":100975174762.54512,"variance":3481902578.0187974,"size":30}},"timers-breadth":{"n=5000000":{"mean":1380868.0057721282,"sqsum":1356505566500.9634,"variance":46776054017.2746,"size":30}},"timers-cancel-pooled":{"n=5000000":{"mean":22219519.153496124,"sqsum":18380503142473.086,"variance":633810453188.727,"size":30}},"timers-cancel-unpooled":{"direction=\"start\" n=1000000":{"mean":1618819.4735082947,"sqsum":5031065274.445433,"variance":173485009.4636356,"size":30},"direction=\"end\" n=1000000":{"mean":6337919.933768487,"sqsum":2779418122106.659,"variance":95842004210.57445,"size":30}},"timers-depth":{"n=1000":{"mean":828.9955761093865,"sqsum":9421.648266597123,"variance":324.8844229861077,"size":30}},"timers-insert-pooled":{"n=5000000":{"mean":1055136.637893955,"sqsum":3909811862.8304777,"variance":134821098.71829233,"size":30}},"timers-insert-unpooled":{"direction=\"start\" n=1000000":{"mean":1480126.0961234374,"sqsum":17323207592.92383,"variance":597351985.9628906,"size":30},"direction=\"end\" n=1000000":{"mean":947878.2597822829,"sqsum":7087297122.872921,"variance":244389555.9611352,"size":30}},"timers-timeout-nexttick":{"n=50000":{"mean":780016.5861063132,"sqsum":11013003823.967283,"variance":379758752.55059594,"size":30},"n=5000000":{"mean":4119884.0901146275,"sqsum":6036556757830.101,"variance":208157129580.3483,"size":30}},"timers-timeout-pooled":{"n=10000000":{"mean":10223842.069545314,"sqsum":656553403144.459,"variance":22639772522.222725,"size":30}},"timers-timeout-unpooled":{"n=1000000":{"mean":7937885.194136131,"sqsum":710411837507.2203,"variance":24496959914.04208,"size":30}}}