{"lookup-promises":{"all=\"true\" n=5000000 name=\"127.0.0.1\"":{"mean":17026382219.136503,"sqsum":19093826662350840000,"variance":658407815943132400,"size":30},"all=\"false\" n=5000000 name=\"127.0.0.1\"":{"mean":17954432718.08791,"sqsum":1336282124836662500,"variance":46078693959884910,"size":30},"all=\"true\" n=5000000 name=\"::1\"":{"mean":4632202948.325796,"sqsum":242937877244805730,"variance":8377168180855370,"size":30},"all=\"false\" n=5000000 name=\"::1\"":{"mean":4718251013.226085,"sqsum":179467753141536480,"variance":6188543211777120,"size":30}},"lookup":{"all=\"true\" n=5000000 name=\"127.0.0.1\"":{"mean":6225998.370690691,"sqsum":351403168245.451,"variance":12117350629.153482,"size":30},"all=\"false\" n=5000000 name=\"127.0.0.1\"":{"mean":6685089.637953476,"sqsum":211058861637.33417,"variance":7277891780.59773,"size":30},"all=\"true\" n=5000000 name=\"::1\"":{"mean":3761413.2534072855,"sqsum":44258275027.139465,"variance":1526147414.728947,"size":30},"all=\"false\" n=5000000 name=\"::1\"":{"mean":3877839.0958699044,"sqsum":115126686931.28915,"variance":3969885756.2513504,"size":30}}}