{"defaultparams-bench":{"method=\"withoutdefaults\" n=100000000":{"mean":562053992.903368,"sqsum":497249108145431.25,"variance":17146520970532.111,"size":30},"method=\"withdefaults\" n=100000000":{"mean":565226356.6569971,"sqsum":362534201935046,"variance":12501179377070.553,"size":30}},"destructuring-bench":{"method=\"swap\" n=100000000":{"mean":377882586.48854846,"sqsum":48898065615452.06,"variance":1686140193636.278,"size":30},"method=\"destructure\" n=100000000":{"mean":264353750.38448474,"sqsum":18991074931175.086,"variance":654864652799.141,"size":30}},"destructuring-object-bench":{"method=\"normal\" n=100000000":{"mean":1119429145.3814738,"sqsum":2793558073713484.5,"variance":96329588748740.84,"size":30},"method=\"destructureObject\" n=100000000":{"mean":1124163978.830388,"sqsum":2531350253760173.5,"variance":87287939784833.56,"size":30}},"foreach-bench":{"count=5 method=\"for\" n=5000000":{"mean":177439217.66028085,"sqsum":105920428700354.88,"variance":3652428575874.306,"size":30},"count=10 method=\"for\" n=5000000":{"mean":115713945.44430722,"sqsum":5401906998078.104,"variance":186272655106.14148,"size":30},"count=20 method=\"for\" n=5000000":{"mean":67538278.67932084,"sqsum":486690776326658.3,"variance":16782440562988.219,"size":30},"count=100 method=\"for\" n=5000000":{"mean":14310726.564649198,"sqsum":176366325112.25858,"variance":6081597417.664088,"size":30},"count=5 method=\"for-of\" n=5000000":{"mean":124494474.71424338,"sqsum":26013516054372.555,"variance":897017794978.3639,"size":30},"count=10 method=\"for-of\" n=5000000":{"mean":84264861.80633616,"sqsum":10510153604240.148,"variance":362419089801.3844,"size":30},"count=20 method=\"for-of\" n=5000000":{"mean":30326323.753656976,"sqsum":9488823011412.012,"variance":327200793496.96594,"size":30},"count=100 method=\"for-of\" n=5000000":{"mean":12636269.297656802,"sqsum":46068879591.89138,"variance":1588582054.892806,"size":30},"count=5 method=\"for-in\" n=5000000":{"mean":3765718.2116376758,"sqsum":1818823860.570461,"variance":62718064.15760211,"size":30},"count=10 method=\"for-in\" n=5000000":{"mean":2307848.1098455596,"sqsum":5258583897.928345,"variance":181330479.23890844,"size":30},"count=20 method=\"for-in\" n=5000000":{"mean":1389681.400824612,"sqsum":168210419.5651145,"variance":5800359.295348776,"size":30},"count=100 method=\"for-in\" n=5000000":{"mean":329635.3380661765,"sqsum":45912915.96328541,"variance":1583203.9987339796,"size":30},"count=5 method=\"forEach\" n=5000000":{"mean":142779628.07824898,"sqsum":32990177454519.6,"variance":1137592326017.9175,"size":30},"count=10 method=\"forEach\" n=5000000":{"mean":114996600.70639439,"sqsum":67433071923931.77,"variance":2325278342204.544,"size":30},"count=20 method=\"forEach\" n=5000000":{"mean":75962272.34725517,"sqsum":7740458299317.186,"variance":266912355148.86847,"size":30},"count=100 method=\"forEach\" n=5000000":{"mean":22789912.094584588,"sqsum":389652982409.4044,"variance":13436309738.255325,"size":30}},"map-bench":{"method=\"object\" n=1000000":{"mean":449536.6056753506,"sqsum":303440938.9231063,"variance":10463480.652520908,"size":30},"method=\"nullProtoObject\" n=1000000":{"mean":467089.03026387375,"sqsum":272624364.22771555,"variance":9400840.145783296,"size":30},"method=\"nullProtoLiteralObject\" n=1000000":{"mean":466142.15172711265,"sqsum":256194848.89780548,"variance":8834305.134407086,"size":30},"method=\"storageObject\" n=1000000":{"mean":462040.4188069641,"sqsum":270740150.05609745,"variance":9335867.243313706,"size":30},"method=\"fakeMap\" n=1000000":{"mean":413879.7781973024,"sqsum":161098886.51978815,"variance":5555134.017923729,"size":30},"method=\"map\" n=1000000":{"mean":906398.1521977959,"sqsum":375233565.1376934,"variance":12939088.45302391,"size":30}},"restparams-bench":{"method=\"copy\" n=100000000":{"mean":42970895.43487971,"sqsum":497717667917.3174,"variance":17162678204.045425,"size":30},"method=\"rest\" n=100000000":{"mean":171857781.90217194,"sqsum":4923820015157.287,"variance":169786897074.38922,"size":30},"method=\"arguments\" n=100000000":{"mean":171893908.02325895,"sqsum":5459798154012.746,"variance":188268901862.50848,"size":30}},"spread-assign":{"count=5 method=\"spread\" n=1000000":{"mean":32000556.0127445,"sqsum":2105934273097.6787,"variance":72618423210.26479,"size":30},"count=10 method=\"spread\" n=1000000":{"mean":27249036.63905022,"sqsum":11713652212925.693,"variance":403919041825.0239,"size":30},"count=20 method=\"spread\" n=1000000":{"mean":167684.23774826282,"sqsum":461846263.0768226,"variance":15925733.209545607,"size":30},"count=5 method=\"assign\" n=1000000":{"mean":8943053.548636388,"sqsum":269036334372.49054,"variance":9277114978.361742,"size":30},"count=10 method=\"assign\" n=1000000":{"mean":4841023.607440392,"sqsum":50855079531.91789,"variance":1753623432.1350996,"size":30},"count=20 method=\"assign\" n=1000000":{"mean":139248.53542215945,"sqsum":288451517.2730579,"variance":9946604.043898547,"size":30},"count=5 method=\"_extend\" n=1000000":{"mean":4827911.243014261,"sqsum":9751064463.77186,"variance":336243602.1990296,"size":30},"count=10 method=\"_extend\" n=1000000":{"mean":2467000.529137255,"sqsum":7070733552.791981,"variance":243818398.37213725,"size":30},"count=20 method=\"_extend\" n=1000000":{"mean":435410.32622365013,"sqsum":1237705447.006678,"variance":42679498.17264407,"size":30}},"spread-bench":{"context=\"context\" count=5 method=\"apply\" n=5000000 rest=0":{"mean":45874897.83903284,"sqsum":24106630918099.47,"variance":831263135106.8782,"size":30},"context=\"context\" count=5 method=\"apply\" n=5000000 rest=1":{"mean":45309205.91800501,"sqsum":13241990985667.791,"variance":456620378816.13074,"size":30},"context=\"null\" count=5 method=\"apply\" n=5000000 rest=0":{"mean":46558821.29886816,"sqsum":18744277466733.887,"variance":646354395404.6168,"size":30},"context=\"null\" count=5 method=\"apply\" n=5000000 rest=1":{"mean":45216467.33847046,"sqsum":22741987262709.2,"variance":784206457334.8,"size":30},"context=\"context\" count=10 method=\"apply\" n=5000000 rest=0":{"mean":38713143.12331927,"sqsum":5547593883968.728,"variance":191296340826.50784,"size":30},"context=\"context\" count=10 method=\"apply\" n=5000000 rest=1":{"mean":37885626.008918054,"sqsum":4175049237576.929,"variance":143967215088.85962,"size":30},"context=\"null\" count=10 method=\"apply\" n=5000000 rest=0":{"mean":38780182.206181124,"sqsum":6935701373681.914,"variance":239162116333.8591,"size":30},"context=\"null\" count=10 method=\"apply\" n=5000000 rest=1":{"mean":38088846.480043,"sqsum":6435822678072.287,"variance":221924919933.52716,"size":30},"context=\"context\" count=20 method=\"apply\" n=5000000 rest=0":{"mean":28470374.034806725,"sqsum":1654043660070.0054,"variance":57035988278.27605,"size":30},"context=\"context\" count=20 method=\"apply\" n=5000000 rest=1":{"mean":28256444.92872666,"sqsum":2226956413311.985,"variance":76791600459.03397,"size":30},"context=\"null\" count=20 method=\"apply\" n=5000000 rest=0":{"mean":28540783.00184882,"sqsum":2514365847204.0054,"variance":86702270593.24156,"size":30},"context=\"null\" count=20 method=\"apply\" n=5000000 rest=1":{"mean":28311348.36382677,"sqsum":1605225357973.1099,"variance":55352598550.79689,"size":30},"context=\"context\" count=5 method=\"spread\" n=5000000 rest=0":{"mean":51984317.294236,"sqsum":6402612189341.706,"variance":220779730666.95535,"size":30},"context=\"context\" count=5 method=\"spread\" n=5000000 rest=1":{"mean":49088119.48068861,"sqsum":8150107424296.293,"variance":281038187044.69977,"size":30},"context=\"null\" count=5 method=\"spread\" n=5000000 rest=0":{"mean":57746061.18792424,"sqsum":17832056339924.19,"variance":614898494480.1445,"size":30},"context=\"null\" count=5 method=\"spread\" n=5000000 rest=1":{"mean":56041002.03144272,"sqsum":14504424384672.367,"variance":500152564988.70233,"size":30},"context=\"context\" count=10 method=\"spread\" n=5000000 rest=0":{"mean":40070758.9503681,"sqsum":292873746514241,