{"immediate":{"n=5000000 type=\"depth\"":{"mean":737636.6205966047,"sqsum":1979009491.0832932,"variance":68241706.58907908,"size":30},"n=5000000 type=\"depth1\"":{"mean":724391.4159553454,"sqsum":8018639145.813309,"variance":276504798.1314934,"size":30},"n=5000000 type=\"breadth\"":{"mean":2809903.9927469958,"sqsum":89465527276.3534,"variance":3085018181.9432206,"size":30},"n=5000000 type=\"breadth1\"":{"mean":2362442.1192064607,"sqsum":19827496744.619682,"variance":683706784.2972304,"size":30},"n=5000000 type=\"breadth4\"":{"mean":1779353.3173005835,"sqsum":2738091850.313357,"variance":94416960.35563299,"size":30},"n=5000000 type=\"clear\"":{"mean":12457783.031187238,"sqsum":5533642793546.392,"variance":190815268742.97903,"size":30}},"set-immediate-breadth-args":{"n=5000000":{"mean":1470974.3836673694,"sqsum":5052119649.1103735,"variance":174211022.38311633,"size":30}},"set-immediate-breadth":{"n=10000000":{"mean":2074985.1922704047,"sqsum":8850247057.260258,"variance":305180933.00897443,"size":30}},"set-immediate-depth-args":{"n=5000000":{"mean":704744.9054465579,"sqsum":4742717533.967391,"variance":163541983.92991003,"size":30}},"timers-breadth-args":{"n=1000000":{"mean":1401321.9279482411,"sqsum":5350047781.052567,"variance":184484406.24319196,"size":30}},"timers-breadth":{"n=5000000":{"mean":2239012.792162075,"sqsum":5591991056.317791,"variance":192827277.80406177,"size":30}},"timers-cancel-pooled":{"n=5000000":{"mean":29325003.770182904,"sqsum":1214345473292.6926,"variance":41873981837.67906,"size":30}},"timers-cancel-unpooled":{"direction=\"start\" n=1000000":{"mean":2332495.0411676075,"sqsum":7441003759.539056,"variance":256586336.5358295,"size":30},"direction=\"end\" n=1000000":{"mean":9230247.33736314,"sqsum":5008186412549.035,"variance":172696083191.34604,"size":30}},"timers-depth":{"n=1000":{"mean":833.9220646069649,"sqsum":733.7658164378638,"variance":25.30226953234013,"size":30}},"timers-insert-pooled":{"n=5000000":{"mean":2013807.1240627272,"sqsum":4588256792.768163,"variance":158215751.47476423,"size":30}},"timers-insert-unpooled":{"direction=\"start\" n=1000000":{"mean":1251354.5117895757,"sqsum":3213968340.658518,"variance":110826494.50546613,"size":30},"direction=\"end\" n=1000000":{"mean":879870.0042342528,"sqsum":847120096.0337313,"variance":29211037.794266596,"size":30}},"timers-timeout-nexttick":{"n=50000":{"mean":1293250.4383382217,"sqsum":95396318476.142,"variance":3289528223.3152413,"size":30},"n=5000000":{"mean":5044149.31313202,"sqsum":72545637618.7998,"variance":2501573710.9930964,"size":30}},"timers-timeout-pooled":{"n=10000000":{"mean":10504360.009114135,"sqsum":2432777602142.364,"variance":83888882832.4953,"size":30}},"timers-timeout-unpooled":{"n=1000000":{"mean":8922448.192718353,"sqsum":2543606531577.3286,"variance":87710570054.39064,"size":30}}}