{"querystring-parse":{"n=1000000 type=\"noencode\"":{"mean":2255330.1880764244,"sqsum":83455220781.22499,"variance":2877766233.835345,"size":30},"n=1000000 type=\"multicharsep\"":{"mean":1604724.0392104478,"sqsum":9398335052.806005,"variance":324080519.06227607,"size":30},"n=1000000 type=\"encodefake\"":{"mean":2137225.3833316304,"sqsum":37955406887.50321,"variance":1308807134.051835,"size":30},"n=1000000 type=\"encodemany\"":{"mean":855357.4619195047,"sqsum":7506425332.107338,"variance":258842252.8312875,"size":30},"n=1000000 type=\"encodelast\"":{"mean":1691420.0065774913,"sqsum":12188590548.462399,"variance":420296225.80904824,"size":30},"n=1000000 type=\"multivalue\"":{"mean":1604026.9440990465,"sqsum":40145734520.22305,"variance":1384335673.1111398,"size":30},"n=1000000 type=\"multivaluemany\"":{"mean":612006.3805461249,"sqsum":2348710631.631979,"variance":80990021.78041308,"size":30},"n=1000000 type=\"manypairs\"":{"mean":437128.03066188324,"sqsum":739330753.9098988,"variance":25494163.927927542,"size":30},"n=1000000 type=\"manyblankpairs\"":{"mean":8817035.551514663,"sqsum":45004228652.87557,"variance":1551869953.5474336,"size":30},"n=1000000 type=\"altspaces\"":{"mean":1154507.1575555066,"sqsum":2704400675.4781117,"variance":93255195.70614178,"size":30}},"querystring-stringify":{"n=1000000 type=\"noencode\"":{"mean":3451016.2549106963,"sqsum":3350399440.0872483,"variance":115531015.17542236,"size":30},"n=1000000 type=\"encodemany\"":{"mean":2124721.19903445,"sqsum":5625358717.478885,"variance":193977886.8096167,"size":30},"n=1000000 type=\"encodelast\"":{"mean":2927368.932545438,"sqsum":341641344738.1263,"variance":11780736025.452631,"size":30},"n=1000000 type=\"array\"":{"mean":2952433.5136078564,"sqsum":70063669295.77966,"variance":2415988596.4061956,"size":30},"n=1000000 type=\"multiprimitives\"":{"mean":4353857.063530199,"sqsum":10415333753.75949,"variance":359149439.78480995,"size":30}},"querystring-unescapebuffer":{"input=\"there is nothing to unescape here\" n=10000000":{"mean":5502578.572674742,"sqsum":458112128.3737344,"variance":15796969.943921877,"size":30},"input=\"there%20are%20several%20spaces%20that%20need%20to%20be%20unescaped\" n=10000000":{"mean":2426906.0537648206,"sqsum":205063031.3008107,"variance":7071139.010372783,"size":30},"input=\"there%2Qare%0-fake%escaped values in%%%%this%9Hstring\" n=10000000":{"mean":3231271.862526186,"sqsum":376137526.681099,"variance":12970259.540727552,"size":30},"input=\"%20%21%22%23%24%25%26%27%28%29%2A%2B%2C%2D%2E%2F%30%31%32%33%34%35%36%37\" n=10000000":{"mean":2533457.7075929833,"sqsum":205296986.7532097,"variance":7079206.439765852,"size":30}}}