{"array-vs-concat":{"chunks=1 dur=5 len=64 num=100 type=\"concat\"":{"mean":0.12334019769488261,"sqsum":0.00006707389848968813,"variance":0.00000231289305136856,"size":30},"chunks=1 dur=5 len=64 num=100 type=\"multi\"":{"mean":0.12333559706221826,"sqsum":0.0002473863483048493,"variance":0.00000853056373464998,"size":30},"chunks=2 dur=5 len=64 num=100 type=\"concat\"":{"mean":0.12305899292818025,"sqsum":0.00014087424424349534,"variance":0.00000485773256012053,"size":30},"chunks=2 dur=5 len=64 num=100 type=\"multi\"":{"mean":0.11684920389707903,"sqsum":0.00006692913066648124,"variance":0.00000230790105746487,"size":30},"chunks=4 dur=5 len=64 num=100 type=\"concat\"":{"mean":0.12183356211561783,"sqsum":0.00010239301741242811,"variance":0.00000353079370387683,"size":30},"chunks=4 dur=5 len=64 num=100 type=\"multi\"":{"mean":0.10374928973679916,"sqsum":0.00009346002806850641,"variance":0.00000322275958856919,"size":30},"chunks=8 dur=5 len=64 num=100 type=\"concat\"":{"mean":0.11802579491792849,"sqsum":0.0000836964055166287,"variance":0.00000288608294884927,"size":30},"chunks=8 dur=5 len=64 num=100 type=\"multi\"":{"mean":0.08771444872944353,"sqsum":0.00003928932393269918,"variance":0.00000135480427354135,"size":30},"chunks=1 dur=5 len=256 num=100 type=\"concat\"":{"mean":0.47927731671711293,"sqsum":0.0030900316884607338,"variance":0.00010655281684347358,"size":30},"chunks=1 dur=5 len=256 num=100 type=\"multi\"":{"mean":0.4905982243051308,"sqsum":0.0021337982572373192,"variance":0.00007357925024956274,"size":30},"chunks=2 dur=5 len=256 num=100 type=\"concat\"":{"mean":0.4791035448221667,"sqsum":0.0028111478566354496,"variance":0.00009693613298742929,"size":30},"chunks=2 dur=5 len=256 num=100 type=\"multi\"":{"mean":0.4653860559030416,"sqsum":0.002059055557437928,"variance":0.00007100191577372166,"size":30},"chunks=4 dur=5 len=256 num=100 type=\"concat\"":{"mean":0.4729158968652315,"sqsum":0.001508979868810436,"variance":0.00005203378857967021,"size":30},"chunks=4 dur=5 len=256 num=100 type=\"multi\"":{"mean":0.41349384670146855,"sqsum":0.0015842932632488425,"variance":0.00005463080218099457,"size":30},"chunks=8 dur=5 len=256 num=100 type=\"concat\"":{"mean":0.4599382802166245,"sqsum":0.0025456041401217292,"variance":0.00008777945310764585,"size":30},"chunks=8 dur=5 len=256 num=100 type=\"multi\"":{"mean":0.3481145467496967,"sqsum":0.0009359591479129294,"variance":0.00003227445337630791,"size":30},"chunks=1 dur=5 len=512 num=100 type=\"concat\"":{"mean":0.9327689334861066,"sqsum":0.007959436459047863,"variance":0.00027446332617406423,"size":30},"chunks=1 dur=5 len=512 num=100 type=\"multi\"":{"mean":0.9792443617531085,"sqsum":0.009206344391361029,"variance":0.00031746015142624235,"size":30},"chunks=2 dur=5 len=512 num=100 type=\"concat\"":{"mean":0.928060808016806,"sqsum":0.012191237263268212,"variance":0.0004203874918368349,"size":30},"chunks=2 dur=5 len=512 num=100 type=\"multi\"":{"mean":0.9288816901190603,"sqsum":0.007109741627253689,"variance":0.00024516350438805824,"size":30},"chunks=4 dur=5 len=512 num=100 type=\"concat\"":{"mean":0.9172615487392581,"sqsum":0.009228618014813153,"variance":0.00031822820740735013,"size":30},"chunks=4 dur=5 len=512 num=100 type=\"multi\"":{"mean":0.8236943294726533,"sqsum":0.005655763793525691,"variance":0.00019502633770778242,"size":30},"chunks=8 dur=5 len=512 num=100 type=\"concat\"":{"mean":0.8946166667491234,"sqsum":0.00881578551436144,"variance":0.00030399260394349797,"size":30},"chunks=8 dur=5 len=512 num=100 type=\"multi\"":{"mean":0.6887396238630534,"sqsum":0.0032176599466318674,"variance":0.00011095379126316784,"size":30},"chunks=1 dur=5 len=1024 num=100 type=\"concat\"":{"mean":1.7817899134480935,"sqsum":0.023701253892912038,"variance":0.0008172846169969669,"size":30},"chunks=1 dur=5 len=1024 num=100 type=\"multi\"":{"mean":1.9624987194403851,"sqsum":0.031729184165843326,"variance":0.0010941097988221835,"size":30},"chunks=2 dur=5 len=1024 num=100 type=\"concat\"":{"mean":1.7878517875478366,"sqsum":0.022167841988334453,"variance":0.0007644083444253259,"size":30},"chunks=2 dur=5 len=1024 num=100 type=\"multi\"":{"mean":1.8387963922706794,"sqsum":0.05529353660650953,"variance":0.0019066736760865353,"size":30},"chunks=4 dur=5 len=1024 num=100 type=\"concat\"":{"mean":1.7670071414868207,"sqsum":0.021664695505009268,"variance":0.0007470584656899747,"size":30},"chunks=4 dur=5 len=1024 num=100 type=\"multi\"":{"mean":1.6302593240734324,"sqsum":0.022242876111622126,"variance":0.0007669957279869699,"size":30},"chunks=8 dur=5 len=1024 num=100 type=\"concat\"":{"mean":1.7098776058175293,"sqsum":0.035009473636571906,"variance":0.001207223228847307,"size":30},"chunks=8 dur=5 len=1024 num=100 type=\"multi\"":{"mean":1.3656595011964567,"sqsum":0.00938219596505663,"variance":0.0003235239987950562,"size":30}},"bind-params":{"address=\"true\" n=10000 port=\"true\"":{"mean":235120.62183143976,"sqsum":224327196.56367812,"variance":7735420.571161315,"size":30},"address=\"false\" n=10000 port=\"true\"":{"mean":234553.08622533176,"sqsum":201776003.22289684,"variance":6957793.21458265,"size":30},"address=\"false\" n=10000 port=\"false\"":{"mean":234793.92722922226,"sqsum":260692910.82406417,"variance":8989410.718071178,"size":30}},"multi-buffer":{"chunks=1 dur=5 len=64 num=100 type=\"send\"":{"mean":0.12368395320498049,"sqsum":0.00006931378759032814,"variance":0.00000239013060656304,"size":30},"chunks=1 dur=5 len=64 num=100 type=\"recv\"":{"mean":0.03938737000049429,"sqsum":0.000016860424254506246,"variance":5.8139393981056e-7,"size":30},"chunks=2 dur=5 len=64 num=100 type=\"send\"":{"mean":0.1174939103589583,"sqsum":0.00012722260775335905,"variance":0.00000438698647425376,"size":30},"chunks=2 dur=5 len=64 num=100 type=\"recv\"":{"mean":0.03726087027070642,"sqsum":0.000022142129282082092,"variance":7.6352169938214e-7,"size":30},"chunks=4 dur=5 len=64 num=100 type=\"send\"":{"mean":0.10425760891606299,"sqsum":0.00006747660624253294,"variance":0.00000232677952560458,"size":30},"chunks=4 dur=5 len=64 num=100 type=\"recv\"":{"mean":0.03353278700024052,"sqsum":0.000008236420073382004,"variance":2.8401448528903e-7,"size":30},"chunks=8 dur=5 len=64 num=100 type=\"send\"":{"mean":0.08744743709057838,"sqsum":0.000039917226492810866,"variance":0.000001376456085959,"size":30},"chunks=8 dur=5 len=64 num=100 type=\"recv\"":{"mean":0.02800491433003495,"sqsum":0.0000033010399949692626,"variance":1.1382896534377e-7,"size":30},"chunks=1 dur=5 len=256 num=100 type=\"send\"":{"mean":0.493140744200776,"sqsum":0.0022020068078379943,"variance":0.00007593126923579291,"size":30},"chunks=1 dur=5 len=256 num=100 type=\"recv\"":{"mean":0.15672754307230322,"sqsum":0.00042850399959230834,"variance":0.00001477599998594167,"size":30},"chunks=2 dur=5 len=256 num=100 type=\"send\"":{"mean":0.4633483463548072,"sqsum":0.002352964083022094,"variance":0.00008113669251800325,"size":30},"chunks=2 dur=5 len=256 num=100 type=\"recv\"":{"mean":0.1484541802502242,"sqsum":0.00019470599122802993,"variance":0.00000671399969751827,"size":30},"chunks=4 dur=5 len=256 num=100 type=\"send\"":{"mean":0.4153251543999392,"sqsum":0.0009476148722852029,"variance":0.00003267637490638631,"size":30},"chunks=4 dur=5 len=256 num=100 type=\"recv\"":{"mean":0.13267797366108874,"sqsum":0.0000861492324824271,"variance":0.00000297066318904921,"size":30},"chunks=8 dur=5 len=256 num=100 type=\"send\"":{"mean":0.3462389204792287,"sqsum":0.0003369592897801087,"variance":0.00001161928585448651,"size":30},"chunks=8 dur=5 len=256 num=100 type=\"recv\"":{"mean":0.1105513454216844,"sqsum":0.0000952930090458687,"variance":0.00000328596582916789,"size":30},"chunks=1 dur=5 len=1024 num=100 type=\"send\"":{"mean":1.952816250360371,"sqsum":0.03703271925278581,"variance":0.0012769903190615799,"size":30},"chunks=1 dur=5 len=1024 num=100 type=\"recv\"":{"mean":0.6235593475815668,"sqsum":0.004539135406075971,"variance":0.00015652191055434385,"size":30},