{"querystring-parse":{"n=1000000 type=\"noencode\"":{"mean":2283336.713932738,"sqsum":32287870098.68526,"variance":1113374830.989147,"size":30},"n=1000000 type=\"multicharsep\"":{"mean":1605315.5988285018,"sqsum":12245703154.987232,"variance":422265626.03404254,"size":30},"n=1000000 type=\"encodefake\"":{"mean":2138191.8519505174,"sqsum":34583082462.164536,"variance":1192520084.9022255,"size":30},"n=1000000 type=\"encodemany\"":{"mean":852029.839537811,"sqsum":2140128148.4790802,"variance":73797522.36134759,"size":30},"n=1000000 type=\"encodelast\"":{"mean":1678644.8371495912,"sqsum":14051615792.607666,"variance":484538475.60716087,"size":30},"n=1000000 type=\"multivalue\"":{"mean":1594061.8961794835,"sqsum":11537468012.062006,"variance":397843724.5538623,"size":30},"n=1000000 type=\"multivaluemany\"":{"mean":611855.201214295,"sqsum":1776990477.123586,"variance":61275533.69391675,"size":30},"n=1000000 type=\"manypairs\"":{"mean":436293.2550602192,"sqsum":762672272.4142691,"variance":26299043.876354106,"size":30},"n=1000000 type=\"manyblankpairs\"":{"mean":8798455.736428408,"sqsum":47995149994.62641,"variance":1655005172.2284968,"size":30},"n=1000000 type=\"altspaces\"":{"mean":1149666.9209734888,"sqsum":1414395323.9827416,"variance":48772252.55112902,"size":30}},"querystring-stringify":{"n=1000000 type=\"noencode\"":{"mean":3417894.3311379137,"sqsum":165957758480.3459,"variance":5722681326.90848,"size":30},"n=1000000 type=\"encodemany\"":{"mean":2122284.5086560086,"sqsum":547070941.736612,"variance":18864515.232296966,"size":30},"n=1000000 type=\"encodelast\"":{"mean":2943187.0190620893,"sqsum":26513686865.456898,"variance":914265064.3260999,"size":30},"n=1000000 type=\"array\"":{"mean":2954992.031789876,"sqsum":605497640.0712943,"variance":20879228.967975665,"size":30},"n=1000000 type=\"multiprimitives\"":{"mean":4339722.896574274,"sqsum":10376183388.031824,"variance":357799427.17351115,"size":30}},"querystring-unescapebuffer":{"input=\"there is nothing to unescape here\" n=10000000":{"mean":5511752.842097235,"sqsum":468445544.0974698,"variance":16153294.624050682,"size":30},"input=\"there%20are%20several%20spaces%20that%20need%20to%20be%20unescaped\" n=10000000":{"mean":2419962.5697289035,"sqsum":351217194.66697735,"variance":12110937.74713715,"size":30},"input=\"there%2Qare%0-fake%escaped values in%%%%this%9Hstring\" n=10000000":{"mean":3238541.16356775,"sqsum":463840371.0593951,"variance":15994495.553772245,"size":30},"input=\"%20%21%22%23%24%25%26%27%28%29%2A%2B%2C%2D%2E%2F%30%31%32%33%34%35%36%37\" n=10000000":{"mean":2533051.941397646,"sqsum":482674906.5517558,"variance":16643962.29488813,"size":30}}}