{"async-resource-vs-destroy":{"asyncMethod=\"callbacks\" benchmarker=\"test-double-http\" connections=500 duration=5 n=1000000 path=\"/\" type=\"async-resource\"":{"mean":420.3333333333333,"sqsum":140.66666666666666,"variance":4.850574712643678,"size":30},"asyncMethod=\"async\" benchmarker=\"test-double-http\" connections=500 duration=5 n=1000000 path=\"/\" type=\"async-resource\"":{"mean":419.2,"sqsum":190.8,"variance":6.5793103448275865,"size":30},"asyncMethod=\"callbacks\" benchmarker=\"test-double-http\" connections=500 duration=5 n=1000000 path=\"/\" type=\"destroy\"":{"mean":422.26666666666665,"sqsum":187.86666666666667,"variance":6.47816091954023,"size":30},"asyncMethod=\"async\" benchmarker=\"test-double-http\" connections=500 duration=5 n=1000000 path=\"/\" type=\"destroy\"":{"mean":420.2,"sqsum":224.8,"variance":7.751724137931035,"size":30},"asyncMethod=\"callbacks\" benchmarker=\"test-double-http\" connections=500 duration=5 n=1000000 path=\"/\" type=\"async-local-storage\"":{"mean":420.6666666666667,"sqsum":258.6666666666667,"variance":8.919540229885056,"size":30},"asyncMethod=\"async\" benchmarker=\"test-double-http\" connections=500 duration=5 n=1000000 path=\"/\" type=\"async-local-storage\"":{"mean":418.6333333333333,"sqsum":182.96666666666667,"variance":6.30919540229885,"size":30}},"gc-tracking":{"method=\"trackingEnabled\" n=1000000":{"mean":48180232.993437886,"sqsum":9493526514173.398,"variance":327362983247.3585,"size":30},"method=\"trackingEnabledWithDestroyHook\" n=1000000":{"mean":1235268.2010862203,"sqsum":1273694413.0176635,"variance":43920497.00060909,"size":30},"method=\"trackingDisabled\" n=1000000":{"mean":51642283.66154527,"sqsum":11798504102396.81,"variance":406844969048.1659,"size":30}},"http-server":{"asyncHooks=\"init\" benchmarker=\"test-double-http\" connections=50 duration=5":{"mean":13555.3,"sqsum":216070.3,"variance":7450.7,"size":30},"asyncHooks=\"init\" benchmarker=\"test-double-http\" connections=500 duration=5":{"mean":13548.466666666667,"sqsum":204569.46666666667,"variance":7054.119540229885,"size":30},"asyncHooks=\"before\" benchmarker=\"test-double-http\" connections=50 duration=5":{"mean":13648.766666666666,"sqsum":106283.36666666667,"variance":3664.9436781609197,"size":30},"asyncHooks=\"before\" benchmarker=\"test-double-http\" connections=500 duration=5":{"mean":13651.366666666667,"sqsum":196540.96666666667,"variance":6777.274712643678,"size":30},"asyncHooks=\"after\" benchmarker=\"test-double-http\" connections=50 duration=5":{"mean":13661.633333333333,"sqsum":140514.96666666667,"variance":4845.34367816092,"size":30},"asyncHooks=\"after\" benchmarker=\"test-double-http\" connections=500 duration=5":{"mean":13706.1,"sqsum":207926.7,"variance":7169.886206896552,"size":30},"asyncHooks=\"all\" benchmarker=\"test-double-http\" connections=50 duration=5":{"mean":13651.733333333334,"sqsum":294363.86666666664,"variance":10150.47816091954,"size":30},"asyncHooks=\"all\" benchmarker=\"test-double-http\" connections=500 duration=5":{"mean":13628.366666666667,"sqsum":186110.96666666667,"variance":6417.619540229885,"size":30},"asyncHooks=\"disabled\" benchmarker=\"test-double-http\" connections=50 duration=5":{"mean":13671.8,"sqsum":250804.8,"variance":8648.441379310345,"size":30},"asyncHooks=\"disabled\" benchmarker=\"test-double-http\" connections=500 duration=5":{"mean":13643.066666666668,"sqsum":180639.86666666667,"variance":6228.96091954023,"size":30},"asyncHooks=\"none\" benchmarker=\"test-double-http\" connections=50 duration=5":{"mean":13645.166666666666,"sqsum":183006.16666666666,"variance":6310.557471264367,"size":30},"asyncHooks=\"none\" benchmarker=\"test-double-http\" connections=500 duration=5":{"mean":13665.833333333334,"sqsum":206200.16666666666,"variance":7110.350574712644,"size":30}},"promises":{"asyncHooks=\"enabled\" n=1000000":{"mean":132218.87549654345,"sqsum":178382797.53474605,"variance":6151130.949474001,"size":30},"asyncHooks=\"enabledWithDestroy\" n=1000000":{"mean":101276.05516690106,"sqsum":49053685.49652881,"variance":1691506.3964320282,"size":30},"asyncHooks=\"enabledWithInitOnly\" n=1000000":{"mean":152848.63897141293,"sqsum":151264122.03196067,"variance":5216004.207998645,"size":30},"asyncHooks=\"disabled\" n=1000000":{"mean":940978.3513114597,"sqsum":22331168392.581776,"variance":770040289.3993716,"size":30}}}