{"ee-add-remove":{"n=1000000":{"mean":863834.4359199522,"sqsum":17744108467.00443,"variance":611865809.2070493,"size":30}},"ee-emit":{"argc=0 listeners=1 n=2000000":{"mean":35272191.995704025,"sqsum":2470536778107.652,"variance":85190923383.02249,"size":30},"argc=0 listeners=5 n=2000000":{"mean":11621328.70598519,"sqsum":436933206760.4852,"variance":15066662302.085697,"size":30},"argc=0 listeners=10 n=2000000":{"mean":6101712.179936152,"sqsum":208613547558.50058,"variance":7193570605.465537,"size":30},"argc=2 listeners=1 n=2000000":{"mean":32330422.68991273,"sqsum":12313726393273.732,"variance":424611254940.4735,"size":30},"argc=2 listeners=5 n=2000000":{"mean":10409769.321670813,"sqsum":1661248351884.9312,"variance":57284425927.06659,"size":30},"argc=2 listeners=10 n=2000000":{"mean":5323692.032234749,"sqsum":55471201385.97027,"variance":1912800047.792078,"size":30},"argc=4 listeners=1 n=2000000":{"mean":31822570.929007314,"sqsum":18627216647711.715,"variance":642317815438.335,"size":30},"argc=4 listeners=5 n=2000000":{"mean":10144128.608459434,"sqsum":736222526329.9811,"variance":25386983666.55107,"size":30},"argc=4 listeners=10 n=2000000":{"mean":5302457.745582096,"sqsum":141224259790.50616,"variance":4869802061.741592,"size":30},"argc=10 listeners=1 n=2000000":{"mean":31408376.825411525,"sqsum":8652257570513.214,"variance":298353709328.0419,"size":30},"argc=10 listeners=5 n=2000000":{"mean":9721978.711712431,"sqsum":84084059156.23547,"variance":2899450315.732258,"size":30},"argc=10 listeners=10 n=2000000":{"mean":4978632.453368942,"sqsum":145436555799.8989,"variance":5015053648.272375,"size":30}},"ee-listener-count-on-prototype":{"n=50000000":{"mean":59797099.660168536,"sqsum":60931553315226.21,"variance":2101088045352.6282,"size":30}},"ee-listeners":{"listeners=5 n=5000000 raw=\"true\"":{"mean":45963191.63348431,"sqsum":25660021041691.867,"variance":884828311782.4781,"size":30},"listeners=5 n=5000000 raw=\"false\"":{"mean":22901752.16705944,"sqsum":2904797513087.9253,"variance":100165431485.79053,"size":30},"listeners=50 n=5000000 raw=\"true\"":{"mean":10821086.365542872,"sqsum":2594550540126.3345,"variance":89467260004.35637,"size":30},"listeners=50 n=5000000 raw=\"false\"":{"mean":4166845.030632538,"sqsum":60451251125.489845,"variance":2084525900.8789601,"size":30}},"ee-once":{"argc=0 n=20000000":{"mean":4821948.602569573,"sqsum":976510630318.6451,"variance":33672780355.81535,"size":30},"argc=1 n=20000000":{"mean":4644528.021396924,"sqsum":84262514537.28725,"variance":2905603949.5616293,"size":30},"argc=4 n=20000000":{"mean":4524722.859866868,"sqsum":1585987123551.2866,"variance":54689211156.94092,"size":30},"argc=5 n=20000000":{"mean":4547056.719171536,"sqsum":90500538473.2798,"variance":3120708223.216545,"size":30}},"eventtarget":{"listeners=1 n=1000000":{"mean":1662493.0046938884,"sqsum":166344274651.728,"variance":5736009470.749241,"size":30},"listeners=5 n=1000000":{"mean":1540660.3109431802,"sqsum":88372849687.60924,"variance":3047339644.4003186,"size":30},"listeners=10 n=1000000":{"mean":1360773.5546251084,"sqsum":91723833364.44138,"variance":3162890805.6703925,"size":30}}}