{"arguments":{"method=\"restAndSpread\" n=1000000":{"mean":3202764.997501863,"sqsum":40706163964.38388,"variance":1403660826.358065,"size":30},"method=\"argumentsAndApply\" n=1000000":{"mean":3202998.8348517558,"sqsum":69155553271.21873,"variance":2384674250.7316804,"size":30},"method=\"restAndApply\" n=1000000":{"mean":3185840.6440583137,"sqsum":51712921390.368164,"variance":1783204185.8747642,"size":30},"method=\"predefined\" n=1000000":{"mean":3192873.464625765,"sqsum":19083157201.56001,"variance":658039903.5020694,"size":30}},"freelist":{"n=100000":{"mean":140851.59982125857,"sqsum":18551188.86212977,"variance":639696.1676596473,"size":30}},"getstringwidth":{"n=100000 type=\"ascii\"":{"mean":241051.2946145089,"sqsum":7822363.56840695,"variance":269736.67477265344,"size":30},"n=100000 type=\"mixed\"":{"mean":111129.51874120187,"sqsum":3592436.601488684,"variance":123877.12418926496,"size":30},"n=100000 type=\"emojiseq\"":{"mean":147296.91297744645,"sqsum":18341927.23317993,"variance":632480.2494199977,"size":30},"n=100000 type=\"fullwidth\"":{"mean":233854.57961869767,"sqsum":44665012.95511261,"variance":1540172.8605211244,"size":30}},"object-property-bench":{"method=\"property\" n=1000000000":{"mean":1146702055.525559,"sqsum":52059168440944.08,"variance":1795143739342.8992,"size":30},"method=\"string\" n=1000000000":{"mean":1146383035.115364,"sqsum":29980178925951.582,"variance":1033799273308.6753,"size":30},"method=\"variable\" n=1000000000":{"mean":1145847514.7228522,"sqsum":50664234176281.7,"variance":1747042557802.8174,"size":30},"method=\"symbol\" n=1000000000":{"mean":1145738359.8197448,"sqsum":31950939882249.086,"variance":1101756547663.7617,"size":30}},"print":{"code=\"1\" dur=1":{"mean":27.222087535849248,"sqsum":1.4488679550538306,"variance":0.04996096396737347,"size":30},"code=\"\\\"string\\\"\" dur=1":{"mean":27.188620433813917,"sqsum":1.6070717523778588,"variance":0.05541626732337444,"size":30},"code=\"process.versions\" dur=1":{"mean":27.133127000652816,"sqsum":1.3836961667670344,"variance":0.04771366092300119,"size":30},"code=\"process\" dur=1":{"mean":27.15443348977251,"sqsum":1.4748034031337645,"variance":0.05085528976323326,"size":30}},"punycode":{"method=\"punycode\" n=1024 val=\"افغانستا.icom.museum\"":{"mean":79648.78354664418,"sqsum":56339391.723411255,"variance":1942737.645634871,"size":30},"method=\"punycode\" n=1024 val=\"الجزائر.icom.museum\"":{"mean":82009.17800806394,"sqsum":65544656.63485621,"variance":2260160.573615731,"size":30},"method=\"punycode\" n=1024 val=\"österreich.icom.museum\"":{"mean":94189.7781281353,"sqsum":80693837.84911579,"variance":2782546.132728131,"size":30},"method=\"punycode\" n=1024 val=\"বাংলাদেশ.icom.museum\"":{"mean":78520.91090683763,"sqsum":46073099.460538216,"variance":1588727.567604766,"size":30},"method=\"punycode\" n=1024 val=\"беларусь.icom.museum\"":{"mean":79204.43949847414,"sqsum":57281533.88079219,"variance":1975225.3062342135,"size":30},"method=\"punycode\" n=1024 val=\"belgië.icom.museum\"":{"mean":100923.675751283,"sqsum":242072273.0267083,"variance":8347319.759541666,"size":30},"method=\"punycode\" n=1024 val=\"българия.icom.museum\"":{"mean":78463.26769661986,"sqsum":72852732.75264215,"variance":2512163.1983669708,"size":30},"method=\"punycode\" n=1024 val=\"تشادر.icom.museum\"":{"mean":87083.19965292592,"sqsum":108052797.54206112,"variance":3725958.535933142,"size":30},"method=\"punycode\" n=1024 val=\"中国.icom.museum\"":{"mean":91843.77661157302,"sqsum":89068860.92268074,"variance":3071340.031816577,"size":30},"method=\"punycode\" n=1024 val=\"القمر.icom.museum\"":{"mean":87546.47130192092,"sqsum":46675029.96878284,"variance":1609483.7920269945,"size":30},"method=\"punycode\" n=1024 val=\"κυπρος.icom.museum\"":{"mean":85095.50272983377,"sqsum":41813456.88871233,"variance":1441843.3409900803,"size":30},"method=\"punycode\" n=1024 val=\"českárepublika.icom.museum\"":{"mean":85710.46469495684,"sqsum":43335124.029029585,"variance":1494314.6216906754,"size":30},"method=\"punycode\" n=1024 val=\"مصر.icom.museum\"":{"mean":90165.26700634554,"sqsum":121644743.5481679,"variance":4194646.329247169,"size":30},"method=\"punycode\" n=1024 val=\"ελλάδα.icom.museum\"":{"mean":85517.59343027679,"sqsum":23994240.42047445,"variance":827387.6007060155,"size":30},"method=\"punycode\" n=1024 val=\"magyarország.icom.museum\"":{"mean":93404.26414635507,"sqsum":105190818.73721182,"variance":3627269.611627994,"size":30},"method=\"punycode\" n=1024 val=\"ísland.icom.museum\"":{"mean":101647.90258737117,"sqsum":83845317.82205135,"variance":2891217.855932805,"size":30},"method=\"punycode\" n=1024 val=\"भारत.icom.museum\"":{"mean":88915.61490894614,"sqsum":88672483.42257471,"variance":3057671.8421577485,"size":30},"method=\"punycode\" n=1024 val=\"ايران.icom.museum\"":{"mean":86046.50968875815,"sqsum":143581743.80579567,"variance":4951094.613992955,"size":30},"method=\"punycode\" n=1024 val=\"éire.icom.museum\"":{"mean":101216.59041374536,"sqsum":440678314.31016654,"variance":15195803.94172988,"size":30},"method=\"punycode\" n=1024 val=\"איקו״ם.ישראל.museum\"":{"mean":67671.31369212354,"sqsum":32632121.1370162,"variance":1125245.5564488345,"size":30},"method=\"punycode\" n=1024 val=\"日本.icom.museum\"":{"mean":91674.63012127706,"sqsum":101538998.73518537,"variance":3501344.783971909,"size":30},"method=\"punycode\" n=1024 val=\"الأردن.icom.museum\"":{"mean":82835.93858338056,"sqsum":81968727.77155441,"variance":2826507.8541915314,"size":30},"method=\"icu\" n=1024 val=\"افغانستا.icom.museum\"":{"mean":197892.93746314783,"sqsum":377880617.3624222,"variance":13030366.115945594,"size":30},"method=\"icu\" n=1024 val=\"الجزائر.icom.museum\"":{"mean":207134.69729116306,"sqsum":410372423.19662124,"variance":14150773.213676594,"size":30},"method=\"icu\" n=1024 val=\"österreich.icom.museum\"":{"mean":227471.0276180911,"sqsum":639279516.5708475,"variance":22044121.261063706,"size":30},"method=\"icu\" n=1024 val=\"বাংলাদেশ.icom.museum\"":{"mean":175297.1940079304,"sqsum":421310047.9076086,"variance":14527932.686469264,"size":30},"method=\"icu\" n=1024 val=\"беларусь.icom.museum\"":{"mean":199605.42052713994,"sqsum":270106366.8240468,"variance":9314012.649105063,"size":30},"method=\"icu\" n=1024 val=\"belgië.icom.museum\"":{"mean":236577.0013317367,"sqsum":407256600.3398914,"variance":14043331.046203151,"size":30},"method=\"icu\" n=1024 val=\"българия.icom.museum\"":{"mean":196779.01461135733,"sqsum":465163314.18141997,"variance":16040114.28211793,"size":30},"method=\"icu\" n=1024 val=\"تشادر.icom.museum\"":{"mean":221001.285255222,"sqsum":673562583.5215428,"variance":23226295.983501475,"size":30},"method=\"icu\" n=1024 val=\"中国.icom.museum\"":{"mean":238432.89328276642,"sqsum":778666364.4951297,"variance":26850564.292935506,"size":30},"method=\"icu\" n=1024 val=\"القمر.icom.museum\"":{"mean":218939.1139194457,"sqsum":599878144.1024172,"variance":20685453.24491094,"size":30},"method=\"icu\" n=1024 val=\"κυπρος.icom.museum\"":{"mean":216762.28539216166,"sqsum":438132622.7132914,"variance":15108021.472872118,"size":30},"method=\"icu\" n=1024 val=\"českárepublika.icom.museum\"":{"mean":210499.97776942124,"sqsum":510457613.9100753,"variance":17601986.68655432,"size":30},"method=\"icu\" n=1024 val=\"مصر.icom.museum\"":{"mean":230807.08813985443,"sqsum":372373513.46380234,"variance":12840465.981510427,"size":30},"method=\"icu\" n=1024 val=\"ελλάδα.icom.museum\"":{"mean":218035.25864593513,"sqsum":827333392.8646864,"variance":28528737.684989188,"size":30},"method=\"icu\" n=1024 val=\"magyarország.icom.museum\"":{"mean":219138.44063511837,"sqsum":607904973.6057816,"variance":20962240.469164878,"size":30},"method=\"icu\" n=1024 val=\"ísland.icom.museum\"":{"mean":240484.77380703107,"sqsum":508100119.10018295,"variance":17520693.762075275,"size":30},"method=\"icu\" n=1024 val=\"भारत.icom.museum\"":{"mean":226047.89284773497,"sqsum":388544127.2143346,"variance":13398073.352218436,"size":30},