{"module-loader-circular":{"n=10000":{"mean":3562.0111396434268,"sqsum":36346.74134614369,"variance":1253.3359084877134,"size":30}},"module-loader-deep":{"cache=\"true\" ext=\"\" files=1000":{"mean":460179.59527777904,"sqsum":5951336316.218182,"variance":205218493.6626959,"size":30},"cache=\"false\" ext=\"\" files=1000":{"mean":3184.12085466567,"sqsum":29377.411080862974,"variance":1013.0141752021715,"size":30},"cache=\"true\" ext=\".js\" files=1000":{"mean":465913.30402526795,"sqsum":3254556372.116168,"variance":112226081.79710923,"size":30},"cache=\"false\" ext=\".js\" files=1000":{"mean":3224.7605821806887,"sqsum":27486.554291399265,"variance":947.8122169448022,"size":30}},"module-loader":{"cache=\"true\" dir=\"rel\" files=500 n=1 name=\"\"":{"mean":13287.512219783783,"sqsum":697399.4953573467,"variance":24048.258460598165,"size":30},"cache=\"false\" dir=\"rel\" files=500 n=1 name=\"\"":{"mean":2703.310405338324,"sqsum":21872.644803501575,"variance":754.2291311552267,"size":30},"cache=\"true\" dir=\"rel\" files=500 n=1000 name=\"\"":{"mean":1355956.5832834505,"sqsum":7265697653.619991,"variance":250541298.40068936,"size":30},"cache=\"false\" dir=\"rel\" files=500 n=1000 name=\"\"":{"mean":957126.8243461007,"sqsum":5266749908.82303,"variance":181612065.82148382,"size":30},"cache=\"true\" dir=\"abs\" files=500 n=1 name=\"\"":{"mean":13322.309676718653,"sqsum":938778.7971095849,"variance":32371.682658951202,"size":30},"cache=\"false\" dir=\"abs\" files=500 n=1 name=\"\"":{"mean":2763.4585740512202,"sqsum":27654.011870611706,"variance":953.5866162279899,"size":30},"cache=\"true\" dir=\"abs\" files=500 n=1000 name=\"\"":{"mean":1356036.2378551755,"sqsum":1245504061.6879816,"variance":42948415.920275226,"size":30},"cache=\"false\" dir=\"abs\" files=500 n=1000 name=\"\"":{"mean":964145.1077225239,"sqsum":1645466434.9119153,"variance":56740221.89351432,"size":30},"cache=\"true\" dir=\"rel\" files=500 n=1 name=\"/\"":{"mean":13294.838611062809,"sqsum":297672.6765486756,"variance":10264.575053402605,"size":30},"cache=\"false\" dir=\"rel\" files=500 n=1 name=\"/\"":{"mean":2827.038988541048,"sqsum":44647.489643946996,"variance":1539.5686084119652,"size":30},"cache=\"true\" dir=\"rel\" files=500 n=1000 name=\"/\"":{"mean":1294522.6315013121,"sqsum":1861054764.9041407,"variance":64174302.23807382,"size":30},"cache=\"false\" dir=\"rel\" files=500 n=1000 name=\"/\"":{"mean":935092.926068779,"sqsum":2978296623.577993,"variance":102699883.57165493,"size":30},"cache=\"true\" dir=\"abs\" files=500 n=1 name=\"/\"":{"mean":13638.404887355426,"sqsum":486962.82123294164,"variance":16791.821421825574,"size":30},"cache=\"false\" dir=\"abs\" files=500 n=1 name=\"/\"":{"mean":2874.3010538384665,"sqsum":26469.19812048292,"variance":912.7309696718248,"size":30},"cache=\"true\" dir=\"abs\" files=500 n=1000 name=\"/\"":{"mean":1283531.003727306,"sqsum":1551984899.031584,"variance":53516720.65626151,"size":30},"cache=\"false\" dir=\"abs\" files=500 n=1000 name=\"/\"":{"mean":936946.8830377224,"sqsum":2130905883.108443,"variance":73479513.21063598,"size":30},"cache=\"true\" dir=\"rel\" files=500 n=1 name=\"/index.js\"":{"mean":13311.284037770933,"sqsum":1468467.3494422936,"variance":50636.80515318254,"size":30},"cache=\"false\" dir=\"rel\" files=500 n=1 name=\"/index.js\"":{"mean":2935.831973960229,"sqsum":17425.87365796962,"variance":600.8921951024007,"size":30},"cache=\"true\" dir=\"rel\" files=500 n=1000 name=\"/index.js\"":{"mean":1291050.025495676,"sqsum":13319550004.834795,"variance":459294827.75292397,"size":30},"cache=\"false\" dir=\"rel\" files=500 n=1000 name=\"/index.js\"":{"mean":946460.5847418307,"sqsum":3797549662.0595922,"variance":130949988.34688249,"size":30},"cache=\"true\" dir=\"abs\" files=500 n=1 name=\"/index.js\"":{"mean":13208.54909496685,"sqsum":630970.314506305,"variance":21757.597051941553,"size":30},"cache=\"false\" dir=\"abs\" files=500 n=1 name=\"/index.js\"":{"mean":2971.443507403466,"sqsum":22340.987752756337,"variance":770.3788880260806,"size":30},"cache=\"true\" dir=\"abs\" files=500 n=1000 name=\"/index.js\"":{"mean":1288655.040754664,"sqsum":3616021427.890744,"variance":124690394.06519808,"size":30},"cache=\"false\" dir=\"abs\" files=500 n=1000 name=\"/index.js\"":{"mean":952840.6101608282,"sqsum":2729877080.45163,"variance":94133692.42936656,"size":30}}}