{"cpus":{"n=30000":{"mean":7359.651174229152,"sqsum":9869.962728223478,"variance":340.34354235253375,"size":30}},"loadavg":{"n=5000000":{"mean":279349.74223390355,"sqsum":196959666.36793393,"variance":6791712.633377032,"size":30}},"networkInterfaces":{"n=10000":{"mean":7584.157261969643,"sqsum":9369.480865036094,"variance":323.08554707021017,"size":30}}}