{"module-loader-circular":{"n=10000":{"mean":6383.3668613647815,"sqsum":196639.3812857856,"variance":6780.668320199504,"size":30}},"module-loader-deep":{"cache=\"true\" ext=\"\" files=1000":{"mean":865465.6960336906,"sqsum":15846868449.826517,"variance":546443739.6491902,"size":30},"cache=\"false\" ext=\"\" files=1000":{"mean":5955.753834465343,"sqsum":172830.53691212606,"variance":5959.673686625037,"size":30},"cache=\"true\" ext=\".js\" files=1000":{"mean":857425.3867680465,"sqsum":14301952332.479313,"variance":493170770.0854935,"size":30},"cache=\"false\" ext=\".js\" files=1000":{"mean":6056.220450065861,"sqsum":133960.7342651426,"variance":4619.335664315261,"size":30}},"module-loader":{"cache=\"true\" dir=\"rel\" files=500 n=1 name=\"\"":{"mean":18675.293437795117,"sqsum":330570.6926146217,"variance":11398.989400504197,"size":30},"cache=\"false\" dir=\"rel\" files=500 n=1 name=\"\"":{"mean":4732.170580131882,"sqsum":67282.19390869046,"variance":2320.075652023809,"size":30},"cache=\"true\" dir=\"rel\" files=500 n=1000 name=\"\"":{"mean":1976433.7144937639,"sqsum":3441278729.214539,"variance":118664783.7660186,"size":30},"cache=\"false\" dir=\"rel\" files=500 n=1000 name=\"\"":{"mean":1487330.3808200373,"sqsum":1616624412.7735963,"variance":55745669.40598608,"size":30},"cache=\"true\" dir=\"abs\" files=500 n=1 name=\"\"":{"mean":18657.840936307108,"sqsum":218680.12302882073,"variance":7540.693897545543,"size":30},"cache=\"false\" dir=\"abs\" files=500 n=1 name=\"\"":{"mean":4803.931074590935,"sqsum":81626.30977783258,"variance":2814.7003371666406,"size":30},"cache=\"true\" dir=\"abs\" files=500 n=1000 name=\"\"":{"mean":1956096.9621654695,"sqsum":2620695102.4715133,"variance":90368796.63694873,"size":30},"cache=\"false\" dir=\"abs\" files=500 n=1000 name=\"\"":{"mean":1489735.0824846744,"sqsum":1161272508.7271183,"variance":40043879.61127994,"size":30},"cache=\"true\" dir=\"rel\" files=500 n=1 name=\"/\"":{"mean":18697.36693078521,"sqsum":438035.9361518583,"variance":15104.687453512355,"size":30},"cache=\"false\" dir=\"rel\" files=500 n=1 name=\"/\"":{"mean":4923.261509121029,"sqsum":56477.14243555222,"variance":1947.487670191456,"size":30},"cache=\"true\" dir=\"rel\" files=500 n=1000 name=\"/\"":{"mean":1929062.0305760044,"sqsum":4640277534.4900465,"variance":160009570.15482917,"size":30},"cache=\"false\" dir=\"rel\" files=500 n=1000 name=\"/\"":{"mean":1474571.6692657024,"sqsum":2548649771.215999,"variance":87884474.8695172,"size":30},"cache=\"true\" dir=\"abs\" files=500 n=1 name=\"/\"":{"mean":18724.412095770833,"sqsum":272338.77131224546,"variance":9390.992114215362,"size":30},"cache=\"false\" dir=\"abs\" files=500 n=1 name=\"/\"":{"mean":4974.234797594139,"sqsum":123596.24000983572,"variance":4261.93931068399,"size":30},"cache=\"true\" dir=\"abs\" files=500 n=1000 name=\"/\"":{"mean":1911126.3834874693,"sqsum":1520526046.0898345,"variance":52431932.623787396,"size":30},"cache=\"false\" dir=\"abs\" files=500 n=1000 name=\"/\"":{"mean":1469875.8884318569,"sqsum":1902206466.0271523,"variance":65593326.41472939,"size":30},"cache=\"true\" dir=\"rel\" files=500 n=1 name=\"/index.js\"":{"mean":18699.28501030539,"sqsum":335689.0292047173,"variance":11575.483765679906,"size":30},"cache=\"false\" dir=\"rel\" files=500 n=1 name=\"/index.js\"":{"mean":5164.8947655207185,"sqsum":49590.27274158852,"variance":1710.0094048823626,"size":30},"cache=\"true\" dir=\"rel\" files=500 n=1000 name=\"/index.js\"":{"mean":1871899.265965547,"sqsum":13368911378.82844,"variance":460996944.0975324,"size":30},"cache=\"false\" dir=\"rel\" files=500 n=1000 name=\"/index.js\"":{"mean":1459436.919942353,"sqsum":1246601085.300647,"variance":42986244.32071197,"size":30},"cache=\"true\" dir=\"abs\" files=500 n=1 name=\"/index.js\"":{"mean":19033.234757654667,"sqsum":1878954.4950487276,"variance":64791.53431202509,"size":30},"cache=\"false\" dir=\"abs\" files=500 n=1 name=\"/index.js\"":{"mean":5227.420372861081,"sqsum":84861.31215396573,"variance":2926.2521432401977,"size":30},"cache=\"true\" dir=\"abs\" files=500 n=1000 name=\"/index.js\"":{"mean":1849694.6268575792,"sqsum":9652558351.024885,"variance":332846839.69051325,"size":30},"cache=\"false\" dir=\"abs\" files=500 n=1000 name=\"/index.js\"":{"mean":1447828.281146258,"sqsum":2752913095.998313,"variance":94928037.79304528,"size":30}},"module-require":{"n=10000 type=\".js\"":{"mean":10619.710421405047,"sqsum":703963.7610125834,"variance":24274.612448709773,"size":30},"n=10000 type=\".json\"":{"mean":21243.720229872164,"sqsum":3220242.486187971,"variance":111042.84435130935,"size":30},"n=10000 type=\"dir\"":{"mean":8915.963731520533,"sqsum":338074.3164756063,"variance":11657.735050882975,"size":30}}}