{"convertprotocols":{"n=1":{"mean":4121.930976250025,"sqsum":796337.9734230198,"variance":27459.93011803516,"size":30},"n=50000":{"mean":1028049.167044398,"sqsum":3140287179.3828597,"variance":108285764.8063055,"size":30}},"secure-pair":{"dur=5 securing=\"SecurePair\" size=100":{"mean":1853.076507766954,"sqsum":45154.220984840504,"variance":1557.0421029255347,"size":30},"dur=5 securing=\"SecurePair\" size=1024":{"mean":2629.2917286857537,"sqsum":107249.12888922714,"variance":3698.245823766453,"size":30},"dur=5 securing=\"SecurePair\" size=1048576":{"mean":3715.7705601467997,"sqsum":176733.19568812463,"variance":6094.248127176712,"size":30},"dur=5 securing=\"TLSSocket\" size=100":{"mean":1889.986549420758,"sqsum":12569.361475209831,"variance":433.4262577658563,"size":30},"dur=5 securing=\"TLSSocket\" size=1024":{"mean":2726.878072224604,"sqsum":47528.34959833648,"variance":1638.908606839189,"size":30},"dur=5 securing=\"TLSSocket\" size=1048576":{"mean":4221.6787500300725,"sqsum":88893.54121971357,"variance":3065.2945248177093,"size":30},"dur=5 securing=\"clear\" size=100":{"mean":639.0791843275556,"sqsum":2677.2058610735994,"variance":92.31744348529654,"size":30},"dur=5 securing=\"clear\" size=1024":{"mean":4076.627728110598,"sqsum":1992770.03973536,"variance":68716.20826673656,"size":30},"dur=5 securing=\"clear\" size=1048576":{"mean":8222.470386301055,"sqsum":1056044.6907310232,"variance":36415.33416313873,"size":30}},"throughput-c2s":{"dur=5 size=100 type=\"buf\"":{"mean":2216.370655185574,"sqsum":7515.491910459066,"variance":259.1548934641057,"size":30},"dur=5 size=1024 type=\"buf\"":{"mean":3657.9345038366346,"sqsum":62016.84653978959,"variance":2138.511949647917,"size":30},"dur=5 size=1048576 type=\"buf\"":{"mean":6381.96476215505,"sqsum":59503.916912104745,"variance":2051.859203865681,"size":30},"dur=5 size=4194304 type=\"buf\"":{"mean":5957.739863424442,"sqsum":52921.137785868,"variance":1824.8668202023448,"size":30},"dur=5 size=16777216 type=\"buf\"":{"mean":5810.989844482895,"sqsum":38400.7424773588,"variance":1324.1635337020275,"size":30},"dur=5 size=100 type=\"asc\"":{"mean":1167.4784460806425,"sqsum":1123.6316820615411,"variance":38.745920071087625,"size":30},"dur=5 size=1024 type=\"asc\"":{"mean":3088.590934657359,"sqsum":39575.93869000675,"variance":1364.6875410347154,"size":30},"dur=5 size=1048576 type=\"asc\"":{"mean":5990.212083760589,"sqsum":83056.14396915432,"variance":2864.004964453597,"size":30},"dur=5 size=4194304 type=\"asc\"":{"mean":5253.197381096667,"sqsum":44456.207025192096,"variance":1532.9726560411068,"size":30},"dur=5 size=16777216 type=\"asc\"":{"mean":5374.915487674516,"sqsum":32776.5273952533,"variance":1130.2250825949416,"size":30},"dur=5 size=100 type=\"utf\"":{"mean":1175.8944260512417,"sqsum":2377.2533713195207,"variance":81.97425418343175,"size":30},"dur=5 size=1024 type=\"utf\"":{"mean":2731.3855896830787,"sqsum":10056.746379760263,"variance":346.78435792276764,"size":30},"dur=5 size=1048576 type=\"utf\"":{"mean":3797.8133120184298,"sqsum":10974.536387043512,"variance":378.4322892083969,"size":30},"dur=5 size=4194304 type=\"utf\"":{"mean":3636.682586629283,"sqsum":4848.030785718892,"variance":167.17347536961697,"size":30},"dur=5 size=16777216 type=\"utf\"":{"mean":3567.887395181697,"sqsum":7552.046368746474,"variance":260.4153920257405,"size":30}},"throughput-s2c":{"dur=5 recvbufgenfn=\"true\" recvbuflen=0 sendchunklen=256 type=\"buf\"":{"mean":3084.117042849112,"sqsum":21519.296384000445,"variance":742.0447028965671,"size":30},"dur=5 recvbufgenfn=\"false\" recvbuflen=0 sendchunklen=256 type=\"buf\"":{"mean":3078.192800255882,"sqsum":25941.033894823107,"variance":894.5184101663141,"size":30},"dur=5 recvbufgenfn=\"true\" recvbuflen=65536 sendchunklen=256 type=\"buf\"":{"mean":3495.863421526559,"sqsum":32012.657279185365,"variance":1103.8847337650127,"size":30},"dur=5 recvbufgenfn=\"false\" recvbuflen=65536 sendchunklen=256 type=\"buf\"":{"mean":3527.324227773326,"sqsum":38089.90108378078,"variance":1313.4448649579579,"size":30},"dur=5 recvbufgenfn=\"true\" recvbuflen=1048576 sendchunklen=256 type=\"buf\"":{"mean":3492.069400609913,"sqsum":43216.938742373335,"variance":1490.2392669783908,"size":30},"dur=5 recvbufgenfn=\"false\" recvbuflen=1048576 sendchunklen=256 type=\"buf\"":{"mean":3528.998974648131,"sqsum":48603.353734797325,"variance":1675.9777149930112,"size":30},"dur=5 recvbufgenfn=\"true\" recvbuflen=0 sendchunklen=32768 type=\"buf\"":{"mean":5822.575393770552,"sqsum":157199.22866821528,"variance":5420.663057524665,"size":30},"dur=5 recvbufgenfn=\"false\" recvbuflen=0 sendchunklen=32768 type=\"buf\"":{"mean":5819.877638991838,"sqsum":87628.37313696495,"variance":3021.668039205688,"size":30},"dur=5 recvbufgenfn=\"true\" recvbuflen=65536 sendchunklen=32768 type=\"buf\"":{"mean":7036.85361890475,"sqsum":186868.74056974813,"variance":6443.7496748189005,"size":30},"dur=5 recvbufgenfn=\"false\" recvbuflen=65536 sendchunklen=32768 type=\"buf\"":{"mean":7117.838237626779,"sqsum":79257.15059679077,"variance":2733.0051929927854,"size":30},"dur=5 recvbufgenfn=\"true\" recvbuflen=1048576 sendchunklen=32768 type=\"buf\"":{"mean":7037.855288770366,"sqsum":247556.58909661532,"variance":8536.434106779838,"size":30},"dur=5 recvbufgenfn=\"false\" recvbuflen=1048576 sendchunklen=32768 type=\"buf\"":{"mean":7126.3192527101155,"sqsum":185330.16227384744,"variance":6390.695250822326,"size":30},"dur=5 recvbufgenfn=\"true\" recvbuflen=0 sendchunklen=131072 type=\"buf\"":{"mean":6288.613699240436,"sqsum":76169.0011482302,"variance":2626.5172809734554,"size":30},"dur=5 recvbufgenfn=\"false\" recvbuflen=0 sendchunklen=131072 type=\"buf\"":{"mean":6280.1288570830875,"sqsum":72020.37960176893,"variance":2483.461365578239,"size":30},"dur=5 recvbufgenfn=\"true\" recvbuflen=65536 sendchunklen=131072 type=\"buf\"":{"mean":7779.215147130429,"sqsum":62860.598932715366,"variance":2167.6068597488056,"size":30},"dur=5 recvbufgenfn=\"false\" recvbuflen=65536 sendchunklen=131072 type=\"buf\"":{"mean":7858.654093118918,"sqsum":103947.08496594771,"variance":3584.3822402050932,"size":30},"dur=5 recvbufgenfn=\"true\" recvbuflen=1048576 sendchunklen=131072 type=\"buf\"":{"mean":7753.527128568958,"sqsum":83578.89836033917,"variance":2882.0309779427303,"size":30},"dur=5 recvbufgenfn=\"false\" recvbuflen=1048576 sendchunklen=131072 type=\"buf\"":{"mean":7861.546353198769,"sqsum":170449.45189825346,"variance":5877.567306836326,"size":30},"dur=5 recvbufgenfn=\"true\" recvbuflen=0 sendchunklen=16777216 type=\"buf\"":{"mean":5811.656346447195,"sqsum":42678.56728584349,"variance":1471.6747339946032,"size":30},"dur=5 recvbufgenfn=\"false\" recvbuflen=0 sendchunklen=16777216 type=\"buf\"":{"mean":5816.709852052966,"sqsum":39826.91235420173,"variance":1373.3418053173011,"size":30},"dur=5 recvbufgenfn=\"true\" recvbuflen=65536 sendchunklen=16777216 type=\"buf\"":{"mean":6946.461620295508,"sqsum":20699.608024289148,"variance":713.7795870444534,"size":30},"dur=5 recvbufgenfn=\"false\" recvbuflen=65536 sendchunklen=16777216 type=\"buf\"":{"mean":7005.40318503081,"sqsum":37419.70564930469,"variance":1290.3346775622308,"size":30},"dur=5 recvbufgenfn=\"true\" recvbuflen=1048576 sendchunklen=16777216 type=\"buf\"":{"mean":6948.468449998683,"sqsum":40480.765526562864,"variance":1395.8884664332022,"size":30},"dur=5 recvbufgenfn=\"false\" recvbuflen=1048576 sendchunklen=16777216 type=\"buf\"":{"mean":7010.287521194046,"sqsum":33960.39256535656,"variance":1171.0480194950537,"size":30},"dur=5 recvbufgenfn=\"true\" recvbuflen=0 sendchunklen=256 type=\"asc\"":{"mean":2043.8696584118272,"sqsum":13197.484403181421,"variance":455.0856690752214,"size":30},"dur=5 recvbufgenfn=\"false\" recvbuflen=0 sendchunklen=256 type=\"asc\"":{"mean":2047.2045527020543,"sqsum":5638.155609409238,"variance":194.41915894514617,"size":30},"dur=5 recvbufgenfn=\"true\" recvbuflen=65536 sendchunklen=256 type=\"asc\"":{"mean":2219.6268585830803,"sqsum":22370.108205750417,