{"array-vs-concat":{"chunks=1 dur=5 len=64 num=100 type=\"concat\"":{"mean":0.11972780921227191,"sqsum":0.00011089085987631344,"variance":0.00000382382275435564,"size":30},"chunks=1 dur=5 len=64 num=100 type=\"multi\"":{"mean":0.12381681985674797,"sqsum":0.00011197249028214349,"variance":0.00000386112035455667,"size":30},"chunks=2 dur=5 len=64 num=100 type=\"concat\"":{"mean":0.11623278594230162,"sqsum":0.00014001956815566346,"variance":0.00000482826097088495,"size":30},"chunks=2 dur=5 len=64 num=100 type=\"multi\"":{"mean":0.11648001474291071,"sqsum":0.00011634250451971582,"variance":0.00000401181050067986,"size":30},"chunks=4 dur=5 len=64 num=100 type=\"concat\"":{"mean":0.11029346640274598,"sqsum":0.00009797510786596443,"variance":0.00000337845199537808,"size":30},"chunks=4 dur=5 len=64 num=100 type=\"multi\"":{"mean":0.1040817281594878,"sqsum":0.0000785880793999656,"variance":0.00000270993377241261,"size":30},"chunks=8 dur=5 len=64 num=100 type=\"concat\"":{"mean":0.09999599675637559,"sqsum":0.00005646358503156461,"variance":0.00000194702017350223,"size":30},"chunks=8 dur=5 len=64 num=100 type=\"multi\"":{"mean":0.08664030331961935,"sqsum":0.00005778232922912452,"variance":0.00000199249411134912,"size":30},"chunks=1 dur=5 len=256 num=100 type=\"concat\"":{"mean":0.47759274387461714,"sqsum":0.0014083782055147904,"variance":0.00004856476570740656,"size":30},"chunks=1 dur=5 len=256 num=100 type=\"multi\"":{"mean":0.4896449315928832,"sqsum":0.0014282742440630753,"variance":0.00004925083600217501,"size":30},"chunks=2 dur=5 len=256 num=100 type=\"concat\"":{"mean":0.4607490271042361,"sqsum":0.0018036737003016801,"variance":0.00006219564483798896,"size":30},"chunks=2 dur=5 len=256 num=100 type=\"multi\"":{"mean":0.4638448521887362,"sqsum":0.001277732377423656,"variance":0.00004405973715253987,"size":30},"chunks=4 dur=5 len=256 num=100 type=\"concat\"":{"mean":0.43502001294227727,"sqsum":0.0029375299502471613,"variance":0.00010129413621541935,"size":30},"chunks=4 dur=5 len=256 num=100 type=\"multi\"":{"mean":0.4122083864551648,"sqsum":0.002277081743944983,"variance":0.0000785200601360339,"size":30},"chunks=8 dur=5 len=256 num=100 type=\"concat\"":{"mean":0.3960030876949683,"sqsum":0.0008771828791425525,"variance":0.00003024768548767422,"size":30},"chunks=8 dur=5 len=256 num=100 type=\"multi\"":{"mean":0.34330055290121564,"sqsum":0.0012732796710371937,"variance":0.00004390619555300668,"size":30},"chunks=1 dur=5 len=512 num=100 type=\"concat\"":{"mean":0.9396156462877796,"sqsum":0.0074746183220871605,"variance":0.00025774545938231586,"size":30},"chunks=1 dur=5 len=512 num=100 type=\"multi\"":{"mean":0.9772361323916928,"sqsum":0.008377928201206078,"variance":0.0002888940759036578,"size":30},"chunks=2 dur=5 len=512 num=100 type=\"concat\"":{"mean":0.9035153040366749,"sqsum":0.005822733679004281,"variance":0.00020078391996566488,"size":30},"chunks=2 dur=5 len=512 num=100 type=\"multi\"":{"mean":0.9206625913092732,"sqsum":0.011072731673352001,"variance":0.00038181833356386216,"size":30},"chunks=4 dur=5 len=512 num=100 type=\"concat\"":{"mean":0.8565485588083248,"sqsum":0.006508359053500553,"variance":0.00022442617425863973,"size":30},"chunks=4 dur=5 len=512 num=100 type=\"multi\"":{"mean":0.8250755571972895,"sqsum":0.006575380458500259,"variance":0.0002267372571896641,"size":30},"chunks=8 dur=5 len=512 num=100 type=\"concat\"":{"mean":0.7796242147953669,"sqsum":0.00299123118176299,"variance":0.00010314590281941346,"size":30},"chunks=8 dur=5 len=512 num=100 type=\"multi\"":{"mean":0.6800410855214547,"sqsum":0.007112040078831684,"variance":0.00024524276133902357,"size":30},"chunks=1 dur=5 len=1024 num=100 type=\"concat\"":{"mean":1.7865024934666385,"sqsum":0.026612823852551367,"variance":0.0009176835811224609,"size":30},"chunks=1 dur=5 len=1024 num=100 type=\"multi\"":{"mean":1.9430074673379598,"sqsum":0.03209054980588709,"variance":0.0011065706829616237,"size":30},"chunks=2 dur=5 len=1024 num=100 type=\"concat\"":{"mean":1.72811559053164,"sqsum":0.04110619824169561,"variance":0.0014174551117826072,"size":30},"chunks=2 dur=5 len=1024 num=100 type=\"multi\"":{"mean":1.826859824656535,"sqsum":0.04398107887743378,"variance":0.0015165889268080612,"size":30},"chunks=4 dur=5 len=1024 num=100 type=\"concat\"":{"mean":1.6547054000451304,"sqsum":0.012658752401143546,"variance":0.00043650870348770846,"size":30},"chunks=4 dur=5 len=1024 num=100 type=\"multi\"":{"mean":1.642902695768239,"sqsum":0.023683321368045736,"variance":0.0008166662540705427,"size":30},"chunks=8 dur=5 len=1024 num=100 type=\"concat\"":{"mean":1.510167943122853,"sqsum":0.011306255345588148,"variance":0.0003898708739857982,"size":30},"chunks=8 dur=5 len=1024 num=100 type=\"multi\"":{"mean":1.356218532236113,"sqsum":0.011060728161068232,"variance":0.0003814044193471804,"size":30}},"bind-params":{"address=\"true\" n=10000 port=\"true\"":{"mean":278885.875687765,"sqsum":192736979.96554923,"variance":6646102.757432732,"size":30},"address=\"false\" n=10000 port=\"true\"":{"mean":277719.63112367736,"sqsum":240423672.64917377,"variance":8290471.470661164,"size":30},"address=\"false\" n=10000 port=\"false\"":{"mean":276631.47430208855,"sqsum":344216420.78405815,"variance":11869531.751174418,"size":30}},"multi-buffer":{"chunks=1 dur=5 len=64 num=100 type=\"send\"":{"mean":0.1232176565286286,"sqsum":0.00014510832115750843,"variance":0.00000500373521232788,"size":30},"chunks=1 dur=5 len=64 num=100 type=\"recv\"":{"mean":0.03948496495757697,"sqsum":0.000026781482005885465,"variance":9.2349937951329e-7,"size":30},"chunks=2 dur=5 len=64 num=100 type=\"send\"":{"mean":0.11673779559299308,"sqsum":0.00014736912697476607,"variance":0.00000508169403361262,"size":30},"chunks=2 dur=5 len=64 num=100 type=\"recv\"":{"mean":0.037357805979634076,"sqsum":0.00001320775281801931,"variance":4.5543975234549e-7,"size":30},"chunks=4 dur=5 len=64 num=100 type=\"send\"":{"mean":0.10472431381742445,"sqsum":0.00006270515631226854,"variance":0.00000216224676938857,"size":30},"chunks=4 dur=5 len=64 num=100 type=\"recv\"":{"mean":0.03345906787266983,"sqsum":0.000003821299049646792,"variance":1.3176893274644e-7,"size":30},"chunks=8 dur=5 len=64 num=100 type=\"send\"":{"mean":0.0858719932615421,"sqsum":0.00006986667717178692,"variance":0.00000240919576454438,"size":30},"chunks=8 dur=5 len=64 num=100 type=\"recv\"":{"mean":0.02748419291497936,"sqsum":0.000007585579074443723,"variance":2.615716922222e-7,"size":30},"chunks=1 dur=5 len=256 num=100 type=\"send\"":{"mean":0.49137619784524306,"sqsum":0.0022257249287689677,"variance":0.000076749135474792,"size":30},"chunks=1 dur=5 len=256 num=100 type=\"recv\"":{"mean":0.1569207757415921,"sqsum":0.00021070460015031492,"variance":0.00000726567586725224,"size":30},"chunks=2 dur=5 len=256 num=100 type=\"send\"":{"mean":0.4603091454828802,"sqsum":0.0010538849137955127,"variance":0.00003634085909639699,"size":30},"chunks=2 dur=5 len=256 num=100 type=\"recv\"":{"mean":0.1481736987290499,"sqsum":0.00014978325455569798,"variance":0.00000516493981226545,"size":30},"chunks=4 dur=5 len=256 num=100 type=\"send\"":{"mean":0.4148858476629657,"sqsum":0.0013365886642206528,"variance":0.00004608926428347078,"size":30},"chunks=4 dur=5 len=256 num=100 type=\"recv\"":{"mean":0.13344759997984168,"sqsum":0.00007541546690092292,"variance":0.00000260053334141114,"size":30},"chunks=8 dur=5 len=256 num=100 type=\"send\"":{"mean":0.341476454179607,"sqsum":0.0008127507146422997,"variance":0.00002802588671180344,"size":30},"chunks=8 dur=5 len=256 num=100 type=\"recv\"":{"mean":0.10972974212065613,"sqsum":0.00010160234096940311,"variance":0.00000350352899894493,"size":30},"chunks=1 dur=5 len=1024 num=100 type=\"send\"":{"mean":1.9490004765534645,"sqsum":0.03837552939679096,"variance":0.001323294117130723,"size":30},"chunks=1 dur=5 len=1024 num=100 type=\"recv\"":{"mean":0.6222661148555568,"sqsum":0.003593614501911098,"variance":0.00012391774144521027,"size":30},