{"async-resource-vs-destroy":{"asyncMethod=\"callbacks\" benchmarker=\"test-double-http\" connections=500 duration=5 n=1000000 path=\"/\" type=\"async-resource\"":{"mean":420.1,"sqsum":194.7,"variance":6.713793103448276,"size":30},"asyncMethod=\"async\" benchmarker=\"test-double-http\" connections=500 duration=5 n=1000000 path=\"/\" type=\"async-resource\"":{"mean":419.7,"sqsum":172.29999999999998,"variance":5.941379310344828,"size":30},"asyncMethod=\"callbacks\" benchmarker=\"test-double-http\" connections=500 duration=5 n=1000000 path=\"/\" type=\"destroy\"":{"mean":419.96666666666664,"sqsum":170.96666666666667,"variance":5.895402298850575,"size":30},"asyncMethod=\"async\" benchmarker=\"test-double-http\" connections=500 duration=5 n=1000000 path=\"/\" type=\"destroy\"":{"mean":418.03333333333336,"sqsum":164.96666666666667,"variance":5.688505747126436,"size":30},"asyncMethod=\"callbacks\" benchmarker=\"test-double-http\" connections=500 duration=5 n=1000000 path=\"/\" type=\"async-local-storage\"":{"mean":420.6333333333333,"sqsum":176.96666666666667,"variance":6.102298850574713,"size":30},"asyncMethod=\"async\" benchmarker=\"test-double-http\" connections=500 duration=5 n=1000000 path=\"/\" type=\"async-local-storage\"":{"mean":418.56666666666666,"sqsum":141.36666666666667,"variance":4.874712643678161,"size":30}},"gc-tracking":{"method=\"trackingEnabled\" n=1000000":{"mean":45129563.317186505,"sqsum":28121222937615.434,"variance":969697342676.3942,"size":30},"method=\"trackingEnabledWithDestroyHook\" n=1000000":{"mean":1195011.7517243314,"sqsum":1394505570.4290295,"variance":48086398.98031136,"size":30},"method=\"trackingDisabled\" n=1000000":{"mean":50353381.026978225,"sqsum":23961657345336.74,"variance":826264046390.922,"size":30}},"http-server":{"asyncHooks=\"init\" benchmarker=\"test-double-http\" connections=50 duration=5":{"mean":13178.9,"sqsum":172826.7,"variance":5959.541379310344,"size":30},"asyncHooks=\"init\" benchmarker=\"test-double-http\" connections=500 duration=5":{"mean":13101.4,"sqsum":83023.2,"variance":2862.8689655172416,"size":30},"asyncHooks=\"before\" benchmarker=\"test-double-http\" connections=50 duration=5":{"mean":13212.833333333334,"sqsum":160466.16666666666,"variance":5533.316091954023,"size":30},"asyncHooks=\"before\" benchmarker=\"test-double-http\" connections=500 duration=5":{"mean":13208.333333333334,"sqsum":205764.66666666666,"variance":7095.333333333333,"size":30},"asyncHooks=\"after\" benchmarker=\"test-double-http\" connections=50 duration=5":{"mean":13256.566666666668,"sqsum":158125.36666666667,"variance":5452.598850574713,"size":30},"asyncHooks=\"after\" benchmarker=\"test-double-http\" connections=500 duration=5":{"mean":13244.333333333334,"sqsum":204434.66666666666,"variance":7049.471264367816,"size":30},"asyncHooks=\"all\" benchmarker=\"test-double-http\" connections=50 duration=5":{"mean":13205.266666666666,"sqsum":140755.86666666667,"variance":4853.650574712644,"size":30},"asyncHooks=\"all\" benchmarker=\"test-double-http\" connections=500 duration=5":{"mean":13220.966666666667,"sqsum":116616.96666666666,"variance":4021.274712643678,"size":30},"asyncHooks=\"disabled\" benchmarker=\"test-double-http\" connections=50 duration=5":{"mean":13238.4,"sqsum":210839.2,"variance":7270.31724137931,"size":30},"asyncHooks=\"disabled\" benchmarker=\"test-double-http\" connections=500 duration=5":{"mean":13220.666666666666,"sqsum":197446.66666666666,"variance":6808.505747126437,"size":30},"asyncHooks=\"none\" benchmarker=\"test-double-http\" connections=50 duration=5":{"mean":13212.066666666668,"sqsum":206407.86666666667,"variance":7117.512643678161,"size":30},"asyncHooks=\"none\" benchmarker=\"test-double-http\" connections=500 duration=5":{"mean":13194.866666666667,"sqsum":207111.46666666667,"variance":7141.774712643678,"size":30}},"promises":{"asyncHooks=\"enabled\" n=1000000":{"mean":84628.12542365583,"sqsum":36740626.286201164,"variance":1266918.1478000402,"size":30},"asyncHooks=\"enabledWithDestroy\" n=1000000":{"mean":60937.64489490614,"sqsum":17852620.83994331,"variance":615607.6151704589,"size":30},"asyncHooks=\"disabled\" n=1000000":{"mean":185217.86454131306,"sqsum":464157551.0112524,"variance":16005432.793491462,"size":30}}}