{"bench-env":{"n=1000000 operation=\"get\"":{"mean":2666363.829033458,"sqsum":615366247286.0995,"variance":21219525768.48619,"size":30},"n=1000000 operation=\"set\"":{"mean":1908675.574393098,"sqsum":1000020998471.8148,"variance":34483482705.924644,"size":30},"n=1000000 operation=\"enumerate\"":{"mean":21375.71329072943,"sqsum":7886823.680256094,"variance":271959.43725021015,"size":30},"n=1000000 operation=\"query\"":{"mean":3043606.1572072776,"sqsum":577613622052.6265,"variance":19917711105.26298,"size":30},"n=1000000 operation=\"delete\"":{"mean":2325982.732901284,"sqsum":1183356851935.12,"variance":40805408687.41793,"size":30}},"bench-hrtime":{"n=1000000 type=\"raw\"":{"mean":16870199.97095389,"sqsum":2875788019199.992,"variance":99165104110.34456,"size":30},"n=1000000 type=\"diff\"":{"mean":15510797.220180238,"sqsum":8485175605273.342,"variance":292592262250.80493,"size":30},"n=1000000 type=\"bigint\"":{"mean":17304578.374556918,"sqsum":3433956166150.018,"variance":118412281591.37994,"size":30}},"memoryUsage":{"n=100000":{"mean":104600.70470975869,"sqsum":115256884.53053239,"variance":3974375.328639048,"size":30}},"next-tick-breadth-args":{"n=10000000":{"mean":2539101.2539979485,"sqsum":21899940862.653725,"variance":755170374.5742664,"size":30}},"next-tick-breadth":{"n=10000000":{"mean":3787786.5467547425,"sqsum":36892040926.60505,"variance":1272139342.2967257,"size":30}},"next-tick-depth-args":{"n=7000000":{"mean":6276817.896854563,"sqsum":1589861403565.124,"variance":54822807019.48703,"size":30}},"next-tick-depth":{"n=7000000":{"mean":8559151.336827038,"sqsum":1419109535339.76,"variance":48934811563.439995,"size":30}},"next-tick-exec-args":{"n=4000000":{"mean":26310800.254746865,"sqsum":35840796776072.39,"variance":1235889544002.4963,"size":30}},"next-tick-exec":{"n=4000000":{"mean":29745778.582067374,"sqsum":430374627999.8529,"variance":14840504413.78803,"size":30}},"queue-microtask-breadth":{"n=400000":{"mean":1671199.4629537105,"sqsum":3275066307.094329,"variance":112933320.93428719,"size":30}},"queue-microtask-depth":{"n=1200000":{"mean":4154765.862154847,"sqsum":137859486384.22842,"variance":4753775392.559601,"size":30}}}