{"querystring-parse":{"n=1000000 type=\"noencode\"":{"mean":1356687.2080900695,"sqsum":45790948118.53117,"variance":1578998210.9838336,"size":30},"n=1000000 type=\"multicharsep\"":{"mean":1020645.459896876,"sqsum":15800970923.286633,"variance":544861066.3202287,"size":30},"n=1000000 type=\"encodefake\"":{"mean":1317742.1998744484,"sqsum":35250434240.21182,"variance":1215532215.179718,"size":30},"n=1000000 type=\"encodemany\"":{"mean":552406.6626263242,"sqsum":7476661220.169787,"variance":257815904.14378574,"size":30},"n=1000000 type=\"encodelast\"":{"mean":1066023.8534271312,"sqsum":38817448975.85301,"variance":1338532723.3052762,"size":30},"n=1000000 type=\"multivalue\"":{"mean":1016918.0012081026,"sqsum":8503474754.091117,"variance":293223267.3824523,"size":30},"n=1000000 type=\"multivaluemany\"":{"mean":394322.2559039725,"sqsum":1129220046.7187872,"variance":38938622.30064784,"size":30},"n=1000000 type=\"manypairs\"":{"mean":270274.5944604,"sqsum":1728518966.4712973,"variance":59604102.2921137,"size":30},"n=1000000 type=\"manyblankpairs\"":{"mean":5864669.051421327,"sqsum":440713991115.81433,"variance":15197034176.40739,"size":30},"n=1000000 type=\"altspaces\"":{"mean":782092.3359441757,"sqsum":4766442929.930773,"variance":164360101.0320956,"size":30}},"querystring-stringify":{"n=1000000 type=\"noencode\"":{"mean":2042307.1463419455,"sqsum":45613859708.79804,"variance":1572891714.0964842,"size":30},"n=1000000 type=\"encodemany\"":{"mean":1289593.7472966446,"sqsum":25454346254.841118,"variance":877736077.753142,"size":30},"n=1000000 type=\"encodelast\"":{"mean":1849858.5450386002,"sqsum":24259022390.228848,"variance":836518013.4561671,"size":30},"n=1000000 type=\"array\"":{"mean":1761737.9641596978,"sqsum":7446520850.088778,"variance":256776581.03754407,"size":30}},"querystring-unescapebuffer":{"input=\"there is nothing to unescape here\" n=10000000":{"mean":3733978.454975582,"sqsum":3330486460.34409,"variance":114844360.70152034,"size":30},"input=\"there%20are%20several%20spaces%20that%20need%20to%20be%20unescaped\" n=10000000":{"mean":1657033.930603779,"sqsum":654688906.5360408,"variance":22575479.535725545,"size":30},"input=\"there%2Qare%0-fake%escaped values in%%%%this%9Hstring\" n=10000000":{"mean":2169766.4595201695,"sqsum":700710036.547871,"variance":24162415.053374864,"size":30},"input=\"%20%21%22%23%24%25%26%27%28%29%2A%2B%2C%2D%2E%2F%30%31%32%33%34%35%36%37\" n=10000000":{"mean":1828429.3460831419,"sqsum":9878974169.155365,"variance":340654281.69501257,"size":30}}}