{"atomics-wait":{"n=10000000":{"mean":10725239.006872267,"sqsum":287993859938.72974,"variance":9930822756.507921,"size":30}},"bench-eventlooputil":{"method=\"ELU_simple\" n=1000000":{"mean":6086467.877526417,"sqsum":93247188878.6429,"variance":3215420306.1601,"size":30},"method=\"ELU_passed\" n=1000000":{"mean":5602396.185545485,"sqsum":133308076502.39742,"variance":4596830224.2206,"size":30}},"echo":{"n=100000 payload=\"string\" sendsPerBroadcast=1 workers=1":{"mean":87551.72722435022,"sqsum":1482410592.418224,"variance":51117606.635111175,"size":30},"n=100000 payload=\"string\" sendsPerBroadcast=10 workers=1":{"mean":49636.57467165835,"sqsum":52220862.392330825,"variance":1800719.392838994,"size":30},"n=100000 payload=\"object\" sendsPerBroadcast=1 workers=1":{"mean":65513.6631110282,"sqsum":260397090.20473105,"variance":8979210.007059691,"size":30},"n=100000 payload=\"object\" sendsPerBroadcast=10 workers=1":{"mean":31221.73108658421,"sqsum":17184355.81420477,"variance":592563.993593268,"size":30}},"messageport":{"n=1000000 payload=\"string\" style=\"eventtarget\"":{"mean":654626.7607256051,"sqsum":8552378338.292271,"variance":294909597.87214726,"size":30},"n=1000000 payload=\"string\" style=\"eventemitter\"":{"mean":1105269.4398870098,"sqsum":8894129542.944397,"variance":306694122.17049646,"size":30},"n=1000000 payload=\"object\" style=\"eventtarget\"":{"mean":369613.32476339466,"sqsum":2161498891.421992,"variance":74534444.53179282,"size":30},"n=1000000 payload=\"object\" style=\"eventemitter\"":{"mean":522194.8572273356,"sqsum":3927508538.4434147,"variance":135431328.9118419,"size":30}}}