{"async-resource-vs-destroy":{"asyncMethod=\"callbacks\" benchmarker=\"test-double-http\" connections=500 duration=5 n=1000000 path=\"/\" type=\"async-resource\"":{"mean":419.06666666666666,"sqsum":209.86666666666667,"variance":7.236781609195402,"size":30},"asyncMethod=\"async\" benchmarker=\"test-double-http\" connections=500 duration=5 n=1000000 path=\"/\" type=\"async-resource\"":{"mean":417.1,"sqsum":122.7,"variance":4.231034482758621,"size":30},"asyncMethod=\"callbacks\" benchmarker=\"test-double-http\" connections=500 duration=5 n=1000000 path=\"/\" type=\"destroy\"":{"mean":421.03333333333336,"sqsum":154.96666666666667,"variance":5.3436781609195405,"size":30},"asyncMethod=\"async\" benchmarker=\"test-double-http\" connections=500 duration=5 n=1000000 path=\"/\" type=\"destroy\"":{"mean":419.03333333333336,"sqsum":192.96666666666667,"variance":6.654022988505747,"size":30},"asyncMethod=\"callbacks\" benchmarker=\"test-double-http\" connections=500 duration=5 n=1000000 path=\"/\" type=\"async-local-storage\"":{"mean":419.03333333333336,"sqsum":162.96666666666667,"variance":5.619540229885057,"size":30},"asyncMethod=\"async\" benchmarker=\"test-double-http\" connections=500 duration=5 n=1000000 path=\"/\" type=\"async-local-storage\"":{"mean":418.1,"sqsum":226.70000000000002,"variance":7.817241379310345,"size":30}},"gc-tracking":{"method=\"trackingEnabled\" n=1000000":{"mean":43113876.40099826,"sqsum":7778655576472.294,"variance":268229502636.97565,"size":30},"method=\"trackingEnabledWithDestroyHook\" n=1000000":{"mean":1217553.2211088152,"sqsum":7511678170.9522085,"variance":259023385.20524856,"size":30},"method=\"trackingDisabled\" n=1000000":{"mean":46424765.28129214,"sqsum":6625882683122.518,"variance":228478713211.12128,"size":30}},"http-server":{"asyncHooks=\"init\" benchmarker=\"test-double-http\" connections=50 duration=5":{"mean":12556.766666666666,"sqsum":278305.36666666664,"variance":9596.736781609196,"size":30},"asyncHooks=\"init\" benchmarker=\"test-double-http\" connections=500 duration=5":{"mean":12533.2,"sqsum":223186.8,"variance":7696.0965517241375,"size":30},"asyncHooks=\"before\" benchmarker=\"test-double-http\" connections=50 duration=5":{"mean":12562.966666666667,"sqsum":164918.96666666667,"variance":5686.86091954023,"size":30},"asyncHooks=\"before\" benchmarker=\"test-double-http\" connections=500 duration=5":{"mean":12554.633333333333,"sqsum":109004.96666666667,"variance":3758.7919540229886,"size":30},"asyncHooks=\"after\" benchmarker=\"test-double-http\" connections=50 duration=5":{"mean":12572.366666666667,"sqsum":167870.96666666667,"variance":5788.654022988506,"size":30},"asyncHooks=\"after\" benchmarker=\"test-double-http\" connections=500 duration=5":{"mean":12547.8,"sqsum":197452.8,"variance":6808.7172413793105,"size":30},"asyncHooks=\"all\" benchmarker=\"test-double-http\" connections=50 duration=5":{"mean":12559,"sqsum":179440,"variance":6187.586206896552,"size":30},"asyncHooks=\"all\" benchmarker=\"test-double-http\" connections=500 duration=5":{"mean":12547.433333333332,"sqsum":135993.36666666667,"variance":4689.4264367816095,"size":30},"asyncHooks=\"disabled\" benchmarker=\"test-double-http\" connections=50 duration=5":{"mean":12572.3,"sqsum":115710.3,"variance":3990.0103448275863,"size":30},"asyncHooks=\"disabled\" benchmarker=\"test-double-http\" connections=500 duration=5":{"mean":12557,"sqsum":211684,"variance":7299.448275862069,"size":30},"asyncHooks=\"none\" benchmarker=\"test-double-http\" connections=50 duration=5":{"mean":12547.166666666666,"sqsum":151902.16666666666,"variance":5238.005747126437,"size":30},"asyncHooks=\"none\" benchmarker=\"test-double-http\" connections=500 duration=5":{"mean":12533.366666666667,"sqsum":162986.96666666667,"variance":5620.2402298850575,"size":30}},"promises":{"asyncHooks=\"enabled\" n=1000000":{"mean":153491.9476693535,"sqsum":175562900.50999004,"variance":6053893.121034139,"size":30},"asyncHooks=\"enabledWithDestroy\" n=1000000":{"mean":97963.31737158651,"sqsum":46477916.78378442,"variance":1602686.7856477385,"size":30},"asyncHooks=\"enabledWithInitOnly\" n=1000000":{"mean":179013.7159304954,"sqsum":167236715.8356683,"variance":5766783.3046782175,"size":30},"asyncHooks=\"disabled\" n=1000000":{"mean":929101.5594422186,"sqsum":7412697236.301463,"variance":255610249.52763665,"size":30}}}