{"echo":{"n=100000 payload=\"string\" sendsPerBroadcast=1 serialization=\"json\" workers=1":{"mean":17142.86734794314,"sqsum":3700260.3396028387,"variance":127595.18412423582,"size":30},"n=100000 payload=\"string\" sendsPerBroadcast=1 serialization=\"advanced\" workers=1":{"mean":12505.554031686357,"sqsum":4006787.0311256004,"variance":138165.0700388138,"size":30},"n=100000 payload=\"string\" sendsPerBroadcast=10 serialization=\"json\" workers=1":{"mean":7492.111274839681,"sqsum":1045903.7759289285,"variance":36065.647445825125,"size":30},"n=100000 payload=\"string\" sendsPerBroadcast=10 serialization=\"advanced\" workers=1":{"mean":3797.032436060773,"sqsum":85580.39658119595,"variance":2951.048157972274,"size":30},"n=100000 payload=\"object\" sendsPerBroadcast=1 serialization=\"json\" workers=1":{"mean":14722.104673870925,"sqsum":4189038.202363657,"variance":144449.59318495367,"size":30},"n=100000 payload=\"object\" sendsPerBroadcast=1 serialization=\"advanced\" workers=1":{"mean":9927.41808884092,"sqsum":3957319.6902994523,"variance":136459.29966549834,"size":30},"n=100000 payload=\"object\" sendsPerBroadcast=10 serialization=\"json\" workers=1":{"mean":5165.5894840273995,"sqsum":56444.97542846109,"variance":1946.3784630503824,"size":30},"n=100000 payload=\"object\" sendsPerBroadcast=10 serialization=\"advanced\" workers=1":{"mean":2839.6998237572493,"sqsum":33069.025119980506,"variance":1140.3112110338104,"size":30}}}