{"array-vs-concat":{"chunks=1 dur=5 len=64 num=100 type=\"concat\"":{"mean":0.121755388796675,"sqsum":0.00010876278124214114,"variance":0.00000375044073248763,"size":30},"chunks=1 dur=5 len=64 num=100 type=\"multi\"":{"mean":0.12457745567322202,"sqsum":0.00011349792356761899,"variance":0.00000391372150233169,"size":30},"chunks=2 dur=5 len=64 num=100 type=\"concat\"":{"mean":0.11819376739118378,"sqsum":0.00009959500487499755,"variance":0.00000343431051293095,"size":30},"chunks=2 dur=5 len=64 num=100 type=\"multi\"":{"mean":0.11718832931679268,"sqsum":0.00008366664004806004,"variance":0.00000288505655338138,"size":30},"chunks=4 dur=5 len=64 num=100 type=\"concat\"":{"mean":0.11123543694976183,"sqsum":0.00016242868414309788,"variance":0.00000560098910838269,"size":30},"chunks=4 dur=5 len=64 num=100 type=\"multi\"":{"mean":0.10456846505387343,"sqsum":0.00006805716370419895,"variance":0.00000234679874842065,"size":30},"chunks=8 dur=5 len=64 num=100 type=\"concat\"":{"mean":0.10112618007989913,"sqsum":0.00003651206045124803,"variance":0.00000125903656728441,"size":30},"chunks=8 dur=5 len=64 num=100 type=\"multi\"":{"mean":0.08596720986935526,"sqsum":0.00010122009741495636,"variance":0.00000349034818672263,"size":30},"chunks=1 dur=5 len=256 num=100 type=\"concat\"":{"mean":0.4783239598110023,"sqsum":0.002911969952718781,"variance":0.00010041275699030278,"size":30},"chunks=1 dur=5 len=256 num=100 type=\"multi\"":{"mean":0.4979217457318555,"sqsum":0.001574998610413937,"variance":0.00005431029691082542,"size":30},"chunks=2 dur=5 len=256 num=100 type=\"concat\"":{"mean":0.46226471636227523,"sqsum":0.0016325860263157947,"variance":0.00005629606987295844,"size":30},"chunks=2 dur=5 len=256 num=100 type=\"multi\"":{"mean":0.46389691603743755,"sqsum":0.0019240447823975781,"variance":0.00006634637180681304,"size":30},"chunks=4 dur=5 len=256 num=100 type=\"concat\"":{"mean":0.43815373940255076,"sqsum":0.0009149977727544692,"variance":0.00003155164733636101,"size":30},"chunks=4 dur=5 len=256 num=100 type=\"multi\"":{"mean":0.41409709908229464,"sqsum":0.001016485586162307,"variance":0.00003505122710904507,"size":30},"chunks=8 dur=5 len=256 num=100 type=\"concat\"":{"mean":0.3979129571581832,"sqsum":0.0010479629878815597,"variance":0.00003613665475453654,"size":30},"chunks=8 dur=5 len=256 num=100 type=\"multi\"":{"mean":0.3406689616016668,"sqsum":0.0013602497462625526,"variance":0.00004690516366422595,"size":30},"chunks=1 dur=5 len=512 num=100 type=\"concat\"":{"mean":0.9330585686980867,"sqsum":0.008689916287581116,"variance":0.00029965228577865917,"size":30},"chunks=1 dur=5 len=512 num=100 type=\"multi\"":{"mean":0.985143931866154,"sqsum":0.010396416273514395,"variance":0.00035849711287980673,"size":30},"chunks=2 dur=5 len=512 num=100 type=\"concat\"":{"mean":0.8990788387828744,"sqsum":0.0055394222553044,"variance":0.0001910145605277379,"size":30},"chunks=2 dur=5 len=512 num=100 type=\"multi\"":{"mean":0.9246406553427209,"sqsum":0.006788758170217312,"variance":0.00023409510931783834,"size":30},"chunks=4 dur=5 len=512 num=100 type=\"concat\"":{"mean":0.8500720950762978,"sqsum":0.004269905192274704,"variance":0.00014723811007843807,"size":30},"chunks=4 dur=5 len=512 num=100 type=\"multi\"":{"mean":0.8246475255709023,"sqsum":0.006291112856669519,"variance":0.00021693492609205236,"size":30},"chunks=8 dur=5 len=512 num=100 type=\"concat\"":{"mean":0.7811896699271906,"sqsum":0.0016935719488246157,"variance":0.0000583990327180902,"size":30},"chunks=8 dur=5 len=512 num=100 type=\"multi\"":{"mean":0.6791870849170288,"sqsum":0.005791664336848473,"variance":0.0001997125633396025,"size":30},"chunks=1 dur=5 len=1024 num=100 type=\"concat\"":{"mean":1.7790282350781452,"sqsum":0.02490265146586008,"variance":0.0008587121195124166,"size":30},"chunks=1 dur=5 len=1024 num=100 type=\"multi\"":{"mean":1.956099936836487,"sqsum":0.02771840705185071,"variance":0.00095580713971899,"size":30},"chunks=2 dur=5 len=1024 num=100 type=\"concat\"":{"mean":1.7308547780417443,"sqsum":0.03277853419383304,"variance":0.0011302942825459669,"size":30},"chunks=2 dur=5 len=1024 num=100 type=\"multi\"":{"mean":1.840323622131649,"sqsum":0.03014481609803125,"variance":0.0010394764171734914,"size":30},"chunks=4 dur=5 len=1024 num=100 type=\"concat\"":{"mean":1.6386516061699785,"sqsum":0.018596850591400777,"variance":0.0006412707100483027,"size":30},"chunks=4 dur=5 len=1024 num=100 type=\"multi\"":{"mean":1.6384422941931227,"sqsum":0.01603184063309044,"variance":0.000552822090796222,"size":30},"chunks=8 dur=5 len=1024 num=100 type=\"concat\"":{"mean":1.5022174516554465,"sqsum":0.00950088664738068,"variance":0.0003276167809441614,"size":30},"chunks=8 dur=5 len=1024 num=100 type=\"multi\"":{"mean":1.3369408732628698,"sqsum":0.016174404622736324,"variance":0.0005577380904391836,"size":30}},"bind-params":{"address=\"true\" n=10000 port=\"true\"":{"mean":281602.19416741445,"sqsum":421928524.96227765,"variance":14549259.48145785,"size":30},"address=\"false\" n=10000 port=\"true\"":{"mean":280132.19987322105,"sqsum":302820203.16307867,"variance":10442075.971140644,"size":30},"address=\"false\" n=10000 port=\"false\"":{"mean":280258.8008896987,"sqsum":224524639.0830751,"variance":7742228.933899142,"size":30}},"multi-buffer":{"chunks=1 dur=5 len=64 num=100 type=\"send\"":{"mean":0.12451311722034884,"sqsum":0.00008881847935931556,"variance":0.00000306270618480398,"size":30},"chunks=1 dur=5 len=64 num=100 type=\"recv\"":{"mean":0.03990798930153019,"sqsum":0.000013938488738710521,"variance":4.8063754271416e-7,"size":30},"chunks=2 dur=5 len=64 num=100 type=\"send\"":{"mean":0.1162141781083089,"sqsum":0.00016033957561176882,"variance":0.00000552895088316444,"size":30},"chunks=2 dur=5 len=64 num=100 type=\"recv\"":{"mean":0.03730510362532438,"sqsum":0.000014017842524391892,"variance":4.8337388015144e-7,"size":30},"chunks=4 dur=5 len=64 num=100 type=\"send\"":{"mean":0.10421388836919919,"sqsum":0.00008179832734132654,"variance":0.00000282063197728712,"size":30},"chunks=4 dur=5 len=64 num=100 type=\"recv\"":{"mean":0.033489937587853374,"sqsum":0.000007633457284434709,"variance":2.6322266498051e-7,"size":30},"chunks=8 dur=5 len=64 num=100 type=\"send\"":{"mean":0.08658782776297992,"sqsum":0.00006957936343924659,"variance":0.00000239928839445678,"size":30},"chunks=8 dur=5 len=64 num=100 type=\"recv\"":{"mean":0.027543062054264104,"sqsum":0.000007028594168286844,"variance":2.4236531614782e-7,"size":30},"chunks=1 dur=5 len=256 num=100 type=\"send\"":{"mean":0.500671596287484,"sqsum":0.002319261633427246,"variance":0.00007997453908369814,"size":30},"chunks=1 dur=5 len=256 num=100 type=\"recv\"":{"mean":0.15984263670232976,"sqsum":0.00019412103193565598,"variance":0.00000669382868743641,"size":30},"chunks=2 dur=5 len=256 num=100 type=\"send\"":{"mean":0.464297564948132,"sqsum":0.002151010478331389,"variance":0.00007417277511487548,"size":30},"chunks=2 dur=5 len=256 num=100 type=\"recv\"":{"mean":0.14759485614661086,"sqsum":0.0004330230175562163,"variance":0.00001493182819159367,"size":30},"chunks=4 dur=5 len=256 num=100 type=\"send\"":{"mean":0.4154629185702944,"sqsum":0.0009213735054350053,"variance":0.00003177150018741398,"size":30},"chunks=4 dur=5 len=256 num=100 type=\"recv\"":{"mean":0.13205304231432397,"sqsum":0.0001257347432779226,"variance":0.00000433568080268699,"size":30},"chunks=8 dur=5 len=256 num=100 type=\"send\"":{"mean":0.3422427247728575,"sqsum":0.0012859842919671026,"variance":0.00004434428592990009,"size":30},"chunks=8 dur=5 len=256 num=100 type=\"recv\"":{"mean":0.10945351066272589,"sqsum":0.00014237563847408546,"variance":0.00000490950477496846,"size":30},"chunks=1 dur=5 len=1024 num=100 type=\"send\"":{"mean":1.9635876641298085,"sqsum":0.025248177947806146,"variance":0.0008706268257864188,"size":30},"chunks=1 dur=5 len=1024 num=100 type=\"recv\"":{"mean":0.6335407029813733,"sqsum":0.0022670338863317414,"variance":0.00007817358228730142,"size":30},