{"array-vs-concat":{"chunks=1 dur=5 len=64 num=100 type=\"concat\"":{"mean":0.12294945418151236,"sqsum":0.00007962931815625532,"variance":0.00000274583855711225,"size":30},"chunks=1 dur=5 len=64 num=100 type=\"multi\"":{"mean":0.12278670758763291,"sqsum":0.00011623125176350068,"variance":0.0000040079741987414,"size":30},"chunks=2 dur=5 len=64 num=100 type=\"concat\"":{"mean":0.12211804224522825,"sqsum":0.00012084903612032664,"variance":0.00000416720814208023,"size":30},"chunks=2 dur=5 len=64 num=100 type=\"multi\"":{"mean":0.11639853534043489,"sqsum":0.00006238242794108162,"variance":0.00000215111820486488,"size":30},"chunks=4 dur=5 len=64 num=100 type=\"concat\"":{"mean":0.12049512647537179,"sqsum":0.0000937280044006227,"variance":0.00000323200015174561,"size":30},"chunks=4 dur=5 len=64 num=100 type=\"multi\"":{"mean":0.10679451834045185,"sqsum":0.0000828843578198393,"variance":0.00000285808130413239,"size":30},"chunks=8 dur=5 len=64 num=100 type=\"concat\"":{"mean":0.11725554444442486,"sqsum":0.00010862464619174858,"variance":0.00000374567745488788,"size":30},"chunks=8 dur=5 len=64 num=100 type=\"multi\"":{"mean":0.09207151274616916,"sqsum":0.000056673989886535796,"variance":0.00000195427551332882,"size":30},"chunks=1 dur=5 len=256 num=100 type=\"concat\"":{"mean":0.4770461682767086,"sqsum":0.0015112424317330678,"variance":0.00005211180799079544,"size":30},"chunks=1 dur=5 len=256 num=100 type=\"multi\"":{"mean":0.4856322902824267,"sqsum":0.0009697565736854121,"variance":0.00003343988185122111,"size":30},"chunks=2 dur=5 len=256 num=100 type=\"concat\"":{"mean":0.4749690576482205,"sqsum":0.003465675116326635,"variance":0.00011950603849402188,"size":30},"chunks=2 dur=5 len=256 num=100 type=\"multi\"":{"mean":0.4664329140934019,"sqsum":0.0010702969696112707,"variance":0.00003690679205556106,"size":30},"chunks=4 dur=5 len=256 num=100 type=\"concat\"":{"mean":0.47160031712348144,"sqsum":0.00142847030246189,"variance":0.0000492575966366169,"size":30},"chunks=4 dur=5 len=256 num=100 type=\"multi\"":{"mean":0.4259762766669118,"sqsum":0.0015033128143733996,"variance":0.00005183837290942757,"size":30},"chunks=8 dur=5 len=256 num=100 type=\"concat\"":{"mean":0.4594611289459351,"sqsum":0.0011359733627471034,"variance":0.0000391714952671415,"size":30},"chunks=8 dur=5 len=256 num=100 type=\"multi\"":{"mean":0.3639771061457767,"sqsum":0.0012263128143930706,"variance":0.00004228664877217485,"size":30},"chunks=1 dur=5 len=512 num=100 type=\"concat\"":{"mean":0.9282096269347174,"sqsum":0.006596413761320538,"variance":0.00022746254349381164,"size":30},"chunks=1 dur=5 len=512 num=100 type=\"multi\"":{"mean":0.9636723773934815,"sqsum":0.008297644307319678,"variance":0.0002861256657696441,"size":30},"chunks=2 dur=5 len=512 num=100 type=\"concat\"":{"mean":0.9273845173166838,"sqsum":0.00694878399854982,"variance":0.00023961324132930415,"size":30},"chunks=2 dur=5 len=512 num=100 type=\"multi\"":{"mean":0.9260248926532291,"sqsum":0.007655459338607099,"variance":0.00026398135650369304,"size":30},"chunks=4 dur=5 len=512 num=100 type=\"concat\"":{"mean":0.9226513193366301,"sqsum":0.00826173550741177,"variance":0.00028488743129006106,"size":30},"chunks=4 dur=5 len=512 num=100 type=\"multi\"":{"mean":0.8437483444031183,"sqsum":0.006835969517510164,"variance":0.0002357230868106953,"size":30},"chunks=8 dur=5 len=512 num=100 type=\"concat\"":{"mean":0.9056548766741659,"sqsum":0.0035390808427424566,"variance":0.00012203727043939505,"size":30},"chunks=8 dur=5 len=512 num=100 type=\"multi\"":{"mean":0.7216662526495844,"sqsum":0.002067433650086323,"variance":0.00007129081552021802,"size":30},"chunks=1 dur=5 len=1024 num=100 type=\"concat\"":{"mean":1.795826357338521,"sqsum":0.02018810289547333,"variance":0.0006961414791542528,"size":30},"chunks=1 dur=5 len=1024 num=100 type=\"multi\"":{"mean":1.9329785276832754,"sqsum":0.030982446584299505,"variance":0.0010683602270448104,"size":30},"chunks=2 dur=5 len=1024 num=100 type=\"concat\"":{"mean":1.7805897405218067,"sqsum":0.026650963462257662,"variance":0.0009189987400778504,"size":30},"chunks=2 dur=5 len=1024 num=100 type=\"multi\"":{"mean":1.8421974436735966,"sqsum":0.031642724915504766,"variance":0.0010911284453622332,"size":30},"chunks=4 dur=5 len=1024 num=100 type=\"concat\"":{"mean":1.770366911632581,"sqsum":0.024625561824858342,"variance":0.0008491573043054601,"size":30},"chunks=4 dur=5 len=1024 num=100 type=\"multi\"":{"mean":1.686740574164879,"sqsum":0.014273053219316694,"variance":0.0004921742489419549,"size":30},"chunks=8 dur=5 len=1024 num=100 type=\"concat\"":{"mean":1.7375841948727084,"sqsum":0.01325219271141619,"variance":0.0004569721624626272,"size":30},"chunks=8 dur=5 len=1024 num=100 type=\"multi\"":{"mean":1.4388588477012119,"sqsum":0.016104654952051583,"variance":0.0005553329293810891,"size":30}},"bind-params":{"address=\"true\" n=10000 port=\"true\"":{"mean":238348.7356687381,"sqsum":187377583.55273283,"variance":6461295.984576995,"size":30},"address=\"false\" n=10000 port=\"true\"":{"mean":238304.78102457355,"sqsum":248290933.44441715,"variance":8561756.325669557,"size":30},"address=\"false\" n=10000 port=\"false\"":{"mean":237963.52383120562,"sqsum":135284719.1882018,"variance":4664990.316834545,"size":30}},"multi-buffer":{"chunks=1 dur=5 len=64 num=100 type=\"send\"":{"mean":0.12296986519242653,"sqsum":0.00007437638240939666,"variance":0.00000256470284170333,"size":30},"chunks=1 dur=5 len=64 num=100 type=\"recv\"":{"mean":0.03934809445448157,"sqsum":0.0000055369345973347766,"variance":1.9092877921844e-7,"size":30},"chunks=2 dur=5 len=64 num=100 type=\"send\"":{"mean":0.11691701487552751,"sqsum":0.00010337970776528684,"variance":0.00000356481750914782,"size":30},"chunks=2 dur=5 len=64 num=100 type=\"recv\"":{"mean":0.037424440497355445,"sqsum":0.000016806946251241156,"variance":5.7954987073245e-7,"size":30},"chunks=4 dur=5 len=64 num=100 type=\"send\"":{"mean":0.10719804316893715,"sqsum":0.00009025858305406556,"variance":0.00000311236493289881,"size":30},"chunks=4 dur=5 len=64 num=100 type=\"recv\"":{"mean":0.03425380846866606,"sqsum":0.000011030246103204169,"variance":3.8035331390359e-7,"size":30},"chunks=8 dur=5 len=64 num=100 type=\"send\"":{"mean":0.09218793449467852,"sqsum":0.00006808176839932816,"variance":0.00000234764718618373,"size":30},"chunks=8 dur=5 len=64 num=100 type=\"recv\"":{"mean":0.02950047673783982,"sqsum":0.00000785118376324655,"variance":2.7073047459471e-7,"size":30},"chunks=1 dur=5 len=256 num=100 type=\"send\"":{"mean":0.4852653333468158,"sqsum":0.0014627485883077463,"variance":0.00005043960649337056,"size":30},"chunks=1 dur=5 len=256 num=100 type=\"recv\"":{"mean":0.15565766687522248,"sqsum":0.0001207906450532878,"variance":0.00000416519465700992,"size":30},"chunks=2 dur=5 len=256 num=100 type=\"send\"":{"mean":0.46561453596091096,"sqsum":0.00213194053185957,"variance":0.00007351519075377827,"size":30},"chunks=2 dur=5 len=256 num=100 type=\"recv\"":{"mean":0.14913768432263022,"sqsum":0.00017140246679200183,"variance":0.00000591042988937937,"size":30},"chunks=4 dur=5 len=256 num=100 type=\"send\"":{"mean":0.42491428739709824,"sqsum":0.0011215495784826538,"variance":0.00003867412339595358,"size":30},"chunks=4 dur=5 len=256 num=100 type=\"recv\"":{"mean":0.13586352359204412,"sqsum":0.00019619765369020665,"variance":0.00000676543633414506,"size":30},"chunks=8 dur=5 len=256 num=100 type=\"send\"":{"mean":0.36301186024415294,"sqsum":0.001207921812858866,"variance":0.00004165247630547814,"size":30},"chunks=8 dur=5 len=256 num=100 type=\"recv\"":{"mean":0.11635548825449374,"sqsum":0.00007219468600428207,"variance":0.00000248947193118214,"size":30},"chunks=1 dur=5 len=1024 num=100 type=\"send\"":{"mean":1.9353221657472899,"sqsum":0.025500030844807998,"variance":0.0008793114084416551,"size":30},"chunks=1 dur=5 len=1024 num=100 type=\"recv\"":{"mean":0.6181430211845986,"sqsum":0.0038730883195189267,"variance":0.0001335547696385837,"size":30},