{"bench-env":{"n=1000000 operation=\"get\"":{"mean":4169037.5973614436,"sqsum":199666718455.91086,"variance":6885059257.100374,"size":30},"n=1000000 operation=\"set\"":{"mean":3231577.6140602203,"sqsum":152937757736.43292,"variance":5273715784.014928,"size":30},"n=1000000 operation=\"enumerate\"":{"mean":31168.037491250187,"sqsum":10131032.049894348,"variance":349345.9327549775,"size":30},"n=1000000 operation=\"query\"":{"mean":4625633.551466018,"sqsum":224217849872.92798,"variance":7731649995.618207,"size":30},"n=1000000 operation=\"delete\"":{"mean":3910363.02358421,"sqsum":344327520594.9509,"variance":11873362779.13624,"size":30}},"bench-hrtime":{"n=1000000 type=\"raw\"":{"mean":22847432.074867945,"sqsum":8348925568801.618,"variance":287893985131.0903,"size":30},"n=1000000 type=\"diff\"":{"mean":20196890.656057183,"sqsum":6728294894104.198,"variance":232010168762.2137,"size":30},"n=1000000 type=\"bigint\"":{"mean":22023599.53177721,"sqsum":8609508721042.72,"variance":296879611070.4386,"size":30}},"coverage":{"n=100000":{"mean":486790.05190775014,"sqsum":3685919279.921117,"variance":127100664.8248661,"size":30}},"memoryUsage":{"n=100000":{"mean":192475.12008221206,"sqsum":347179905.9663845,"variance":11971720.895392567,"size":30}},"next-tick-breadth-args":{"n=10000000":{"mean":2569441.92362311,"sqsum":60668737824.327034,"variance":2092025442.2181735,"size":30}},"next-tick-breadth":{"n=10000000":{"mean":5218994.943007494,"sqsum":85161798168.51859,"variance":2936613729.948917,"size":30}},"next-tick-depth-args":{"n=7000000":{"mean":10126123.193801124,"sqsum":1208467764078.0276,"variance":41671302209.58716,"size":30}},"next-tick-depth":{"n=7000000":{"mean":11991594.30084999,"sqsum":571889562542.7303,"variance":19720329742.852768,"size":30}},"next-tick-exec-args":{"n=4000000":{"mean":32190367.28934917,"sqsum":30231714365129.152,"variance":1042472909142.3845,"size":30}},"next-tick-exec":{"n=4000000":{"mean":34723157.90198476,"sqsum":707352093664.3253,"variance":24391451505.66639,"size":30}},"queue-microtask-breadth":{"n=400000":{"mean":3062375.130667527,"sqsum":29101703020.76128,"variance":1003507000.7159061,"size":30}},"queue-microtask-depth":{"n=1200000":{"mean":6323352.372995696,"sqsum":215323160403.58524,"variance":7424936565.640871,"size":30}},"resourceUsage":{"n=100000":{"mean":1246963.7234086415,"sqsum":2258791442.844098,"variance":77889360.09807235,"size":30}}}