{"create-context":{"n=100":{"mean":1844.4205596572215,"sqsum":13268.268449993793,"variance":457.526498275648,"size":30}},"run-in-context":{"breakOnSigint=0 n=1 withSigintListener=0":{"mean":3222.880329722719,"sqsum":828827.6050224236,"variance":28580.262242152538,"size":30},"breakOnSigint=0 n=1 withSigintListener=1":{"mean":3257.890430963357,"sqsum":573682.7892305658,"variance":19782.165145881576,"size":30},"breakOnSigint=1 n=1 withSigintListener=0":{"mean":2224.708403383001,"sqsum":1324943.6916415787,"variance":45687.71350488203,"size":30},"breakOnSigint=1 n=1 withSigintListener=1":{"mean":1518.634960806303,"sqsum":364650.171290302,"variance":12574.14383759662,"size":30}},"run-in-this-context":{"breakOnSigint=0 n=1 withSigintListener=0":{"mean":3445.1389561519272,"sqsum":211065.4211223304,"variance":7278.11796973553,"size":30},"breakOnSigint=0 n=1 withSigintListener=1":{"mean":3436.0683059507173,"sqsum":501265.3482602605,"variance":17285.0120089745,"size":30},"breakOnSigint=1 n=1 withSigintListener=0":{"mean":2284.330994596148,"sqsum":905199.3284006955,"variance":31213.769944851567,"size":30},"breakOnSigint=1 n=1 withSigintListener=1":{"mean":1589.4356901302444,"sqsum":271053.18452947884,"variance":9346.66153549927,"size":30}}}