{"querystring-parse":{"n=1000000 type=\"noencode\"":{"mean":2168574.144545714,"sqsum":114426696978.58705,"variance":3945748171.6754155,"size":30},"n=1000000 type=\"multicharsep\"":{"mean":1576920.2669101718,"sqsum":11579589292.221592,"variance":399296182.4903997,"size":30},"n=1000000 type=\"encodefake\"":{"mean":2108555.486853706,"sqsum":17024655572.80168,"variance":587057088.7172992,"size":30},"n=1000000 type=\"encodemany\"":{"mean":841549.6684162847,"sqsum":3866807050.3426056,"variance":133338174.14974502,"size":30},"n=1000000 type=\"encodelast\"":{"mean":1676609.1047940378,"sqsum":18934418255.73002,"variance":652910974.3355179,"size":30},"n=1000000 type=\"multivalue\"":{"mean":1568685.7677127044,"sqsum":12298485021.514929,"variance":424085690.39706653,"size":30},"n=1000000 type=\"multivaluemany\"":{"mean":599809.7046628203,"sqsum":1534939390.1495,"variance":52928944.48791379,"size":30},"n=1000000 type=\"manypairs\"":{"mean":436269.540221497,"sqsum":518980005.1925484,"variance":17895862.24801891,"size":30},"n=1000000 type=\"manyblankpairs\"":{"mean":8805048.288844906,"sqsum":30165549797.821148,"variance":1040191372.3386602,"size":30},"n=1000000 type=\"altspaces\"":{"mean":1141936.143540029,"sqsum":2341185938.562013,"variance":80730549.60558666,"size":30}},"querystring-stringify":{"n=1000000 type=\"noencode\"":{"mean":3417577.187243938,"sqsum":16857042503.104185,"variance":581277327.6932478,"size":30},"n=1000000 type=\"encodemany\"":{"mean":2115575.3452033037,"sqsum":2399020682.6861944,"variance":82724851.12711015,"size":30},"n=1000000 type=\"encodelast\"":{"mean":2942743.5515811243,"sqsum":10536614821.428846,"variance":363331545.5665119,"size":30},"n=1000000 type=\"array\"":{"mean":2941869.177472389,"sqsum":259535302.76247427,"variance":8949493.198706008,"size":30},"n=1000000 type=\"multiprimitives\"":{"mean":4366144.745129432,"sqsum":10200040940.963709,"variance":351725549.6884038,"size":30}},"querystring-unescapebuffer":{"input=\"there is nothing to unescape here\" n=10000000":{"mean":5510956.139219018,"sqsum":419913004.57377857,"variance":14479758.778406158,"size":30},"input=\"there%20are%20several%20spaces%20that%20need%20to%20be%20unescaped\" n=10000000":{"mean":2418544.7354694535,"sqsum":474661945.53700674,"variance":16367653.294379542,"size":30},"input=\"there%2Qare%0-fake%escaped values in%%%%this%9Hstring\" n=10000000":{"mean":3213534.811453179,"sqsum":198433724466.3294,"variance":6842542222.976875,"size":30},"input=\"%20%21%22%23%24%25%26%27%28%29%2A%2B%2C%2D%2E%2F%30%31%32%33%34%35%36%37\" n=10000000":{"mean":2528458.65208259,"sqsum":110537004.58690605,"variance":3811620.8478243463,"size":30}}}