{"ee-add-remove":{"n=1000000 newListener=0 removeListener=0":{"mean":1123888.1771031513,"sqsum":613220416.6002092,"variance":21145531.606903765,"size":30},"n=1000000 newListener=0 removeListener=1":{"mean":778295.758959902,"sqsum":22686047833.17259,"variance":782277511.4887099,"size":30},"n=1000000 newListener=1 removeListener=0":{"mean":900691.26068049,"sqsum":2595977789.317563,"variance":89516475.49370907,"size":30},"n=1000000 newListener=1 removeListener=1":{"mean":660469.3900901264,"sqsum":2187406239.331301,"variance":75427801.35625176,"size":30}},"ee-emit":{"argc=0 listeners=1 n=2000000":{"mean":65285873.9783438,"sqsum":9532882616004.09,"variance":328720090207.0376,"size":30},"argc=0 listeners=5 n=2000000":{"mean":17234628.924245942,"sqsum":5869240603641.417,"variance":202387607022.11783,"size":30},"argc=0 listeners=10 n=2000000":{"mean":9717503.042875929,"sqsum":108524197420.18977,"variance":3742213704.144475,"size":30},"argc=2 listeners=1 n=2000000":{"mean":65889030.83442492,"sqsum":13302018742835.568,"variance":458690301477.08856,"size":30},"argc=2 listeners=5 n=2000000":{"mean":16592892.120514361,"sqsum":153723614025.56775,"variance":5300814276.743715,"size":30},"argc=2 listeners=10 n=2000000":{"mean":8043063.024532338,"sqsum":113426237666.79482,"variance":3911249574.7170625,"size":30},"argc=4 listeners=1 n=2000000":{"mean":66014931.67561419,"sqsum":7550172967355.75,"variance":260350791977.7845,"size":30},"argc=4 listeners=5 n=2000000":{"mean":16502799.011327226,"sqsum":161605255888.3684,"variance":5572595030.633393,"size":30},"argc=4 listeners=10 n=2000000":{"mean":7730597.309878262,"sqsum":49101852235.25295,"variance":1693167318.4569983,"size":30},"argc=10 listeners=1 n=2000000":{"mean":64821028.075210676,"sqsum":9074518442040.193,"variance":312914429035.8688,"size":30},"argc=10 listeners=5 n=2000000":{"mean":14742322.39724678,"sqsum":164885041886.21274,"variance":5685691099.524577,"size":30},"argc=10 listeners=10 n=2000000":{"mean":7140139.732702613,"sqsum":349435673815.74976,"variance":12049505993.646544,"size":30}},"ee-listener-count-on-prototype":{"n=50000000":{"mean":69753327.50512917,"sqsum":67227124235900.26,"variance":2318176697789.664,"size":30}},"ee-listeners":{"listeners=5 n=5000000 raw=\"true\"":{"mean":47629120.78256674,"sqsum":22818130750830.21,"variance":786832094856.2142,"size":30},"listeners=5 n=5000000 raw=\"false\"":{"mean":26674923.808643423,"sqsum":1709010615988.494,"variance":58931400551.32737,"size":30},"listeners=50 n=5000000 raw=\"true\"":{"mean":18264127.464167077,"sqsum":468563682067.06586,"variance":16157368347.140202,"size":30},"listeners=50 n=5000000 raw=\"false\"":{"mean":5696680.884159838,"sqsum":7535809394.722481,"variance":259855496.3697407,"size":30}},"ee-once":{"argc=0 n=20000000":{"mean":7391413.113426194,"sqsum":16200585236.09497,"variance":558640870.2101715,"size":30},"argc=1 n=20000000":{"mean":7198478.003132095,"sqsum":144225966990.97153,"variance":4973309206.585225,"size":30},"argc=4 n=20000000":{"mean":7079839.49629268,"sqsum":2579155701.271806,"variance":88936403.49213123,"size":30},"argc=5 n=20000000":{"mean":7002281.013310645,"sqsum":5514139279.078693,"variance":190142733.76133424,"size":30}},"eventtarget":{"listeners=1 n=1000000":{"mean":2831566.744582252,"sqsum":181692059785.45206,"variance":6265243440.877657,"size":30},"listeners=5 n=1000000":{"mean":2439495.332350083,"sqsum":55377184927.35297,"variance":1909558100.9432058,"size":30},"listeners=10 n=1000000":{"mean":2076129.5399824337,"sqsum":59347845001.6791,"variance":2046477413.8510036,"size":30}}}