{"cpus":{"n=30000":{"mean":7354.594957096011,"sqsum":18848.866910169836,"variance":649.9609279368908,"size":30}},"loadavg":{"n=5000000":{"mean":280492.77483439,"sqsum":191882101.79407474,"variance":6616624.19979568,"size":30}},"networkInterfaces":{"n=10000":{"mean":7584.398252902626,"sqsum":11202.691141369782,"variance":386.29969452999245,"size":30}}}