{"format":{"n=100000 type=\"string\"":{"mean":5432694.564049826,"sqsum":105770715369.45901,"variance":3647266047.2227244,"size":30},"n=100000 type=\"string-2\"":{"mean":4204398.9118875535,"sqsum":28480209566.67602,"variance":982076191.9543456,"size":30},"n=100000 type=\"number\"":{"mean":5607079.782611903,"sqsum":29397279826.882244,"variance":1013699304.3752497,"size":30},"n=100000 type=\"replace-object\"":{"mean":2317519.5791103677,"sqsum":117191117165.61746,"variance":4041073005.710947,"size":30},"n=100000 type=\"unknown\"":{"mean":7999843.313820635,"sqsum":290730190699.07434,"variance":10025178989.623253,"size":30},"n=100000 type=\"no-replace\"":{"mean":4572608.024483354,"sqsum":13503134050.485197,"variance":465625312.08569646,"size":30},"n=100000 type=\"no-replace-2\"":{"mean":8445022.499029899,"sqsum":119377118867.78076,"variance":4116452374.751061,"size":30},"n=100000 type=\"only-objects\"":{"mean":498106.94000118575,"sqsum":2301348775.782477,"variance":79356854.3373268,"size":30},"n=100000 type=\"many-%\"":{"mean":3078978.79917636,"sqsum":10179922873.604406,"variance":351031823.22773814,"size":30},"n=100000 type=\"object-to-string\"":{"mean":3832382.0910357344,"sqsum":9211074396.797565,"variance":317623255.061985,"size":30},"n=100000 type=\"object-%s\"":{"mean":626445.2671885919,"sqsum":2869487408.739491,"variance":98947841.68067211,"size":30}},"inspect-array":{"len=100 n=500 type=\"denseArray\"":{"mean":16020.113972687746,"sqsum":775425.1421900715,"variance":26738.798006554192,"size":30},"len=100 n=500 type=\"sparseArray\"":{"mean":119960.0926898802,"sqsum":218850801.950054,"variance":7546579.377588069,"size":30},"len=100 n=500 type=\"mixedArray\"":{"mean":16638.083694459172,"sqsum":597032.883395494,"variance":20587.340806741173,"size":30},"len=100 n=500 type=\"denseArray_showHidden\"":{"mean":15469.444099377934,"sqsum":309901.66309888294,"variance":10686.264244789067,"size":30},"len=100000 n=500 type=\"denseArray\"":{"mean":15598.04858664244,"sqsum":633944.1890079599,"variance":21860.14444855034,"size":30},"len=100000 n=500 type=\"sparseArray\"":{"mean":3073.7910826948255,"sqsum":8985.087397000823,"variance":309.8305998965801,"size":30},"len=100000 n=500 type=\"mixedArray\"":{"mean":2667.5778283916293,"sqsum":9798.043196716651,"variance":337.8635585074707,"size":30},"len=100000 n=500 type=\"denseArray_showHidden\"":{"mean":14823.101727302736,"sqsum":379348.0740486337,"variance":13080.96807064254,"size":30}},"inspect-proxy":{"isProxy=0 n=100000 showProxy=0":{"mean":435785.7386043749,"sqsum":1255061669.3260233,"variance":43277988.59744909,"size":30},"isProxy=1 n=100000 showProxy=0":{"mean":429603.35920065484,"sqsum":1386487674.8623216,"variance":47809919.82283868,"size":30},"isProxy=0 n=100000 showProxy=1":{"mean":434256.59534592356,"sqsum":2754035193.2135315,"variance":94966730.8004666,"size":30},"isProxy=1 n=100000 showProxy=1":{"mean":222579.38748326048,"sqsum":218896680.26427075,"variance":7548161.388423129,"size":30}},"inspect":{"method=\"Object\" n=20000 option=\"showHidden\"":{"mean":376097.40573133115,"sqsum":254056636.94860506,"variance":8760573.687882934,"size":30},"method=\"Object\" n=20000 option=\"colors\"":{"mean":208467.3271722724,"sqsum":319070916.30028003,"variance":11002445.389664829,"size":30},"method=\"Object\" n=20000 option=\"none\"":{"mean":398153.6121975094,"sqsum":443207475.6122743,"variance":15283016.400423253,"size":30},"method=\"Object_empty\" n=20000 option=\"showHidden\"":{"mean":899313.4167223793,"sqsum":1748370716.2567914,"variance":60288645.38816522,"size":30},"method=\"Object_empty\" n=20000 option=\"colors\"":{"mean":985716.7250499892,"sqsum":2219990623.0761237,"variance":76551400.79572842,"size":30},"method=\"Object_empty\" n=20000 option=\"none\"":{"mean":1087970.486849896,"sqsum":4275595727.65428,"variance":147434335.4363545,"size":30},"method=\"Object_deep_ln\" n=20000 option=\"showHidden\"":{"mean":178805.94269971186,"sqsum":187228774.88578722,"variance":6456164.651234042,"size":30},"method=\"Object_deep_ln\" n=20000 option=\"colors\"":{"mean":88128.07199286247,"sqsum":44354199.27043996,"variance":1529455.1472565504,"size":30},"method=\"Object_deep_ln\" n=20000 option=\"none\"":{"mean":189058.93457932904,"sqsum":102291934.45393021,"variance":3527308.084618283,"size":30},"method=\"String\" n=20000 option=\"showHidden\"":{"mean":1463905.8735616934,"sqsum":3918838711.9433093,"variance":135132369.3773555,"size":30},"method=\"String\" n=20000 option=\"colors\"":{"mean":1201068.2514410557,"sqsum":3404118028.6566734,"variance":117383380.29850598,"size":30},"method=\"String\" n=20000 option=\"none\"":{"mean":1690315.3244654017,"sqsum":6096253294.857714,"variance":210215630.85716254,"size":30},"method=\"String_complex\" n=20000 option=\"showHidden\"":{"mean":1039137.223209465,"sqsum":1428580209.084584,"variance":49261386.52015807,"size":30},"method=\"String_complex\" n=20000 option=\"colors\"":{"mean":926188.390677004,"sqsum":651323994.5301087,"variance":22459448.087245125,"size":30},"method=\"String_complex\" n=20000 option=\"none\"":{"mean":1151285.117490717,"sqsum":1655774469.8221622,"variance":57095671.373178005,"size":30},"method=\"String_boxed\" n=20000 option=\"showHidden\"":{"mean":266925.74936727807,"sqsum":1207952513.837578,"variance":41653534.95991649,"size":30},"method=\"String_boxed\" n=20000 option=\"colors\"":{"mean":410009.2301118626,"sqsum":684430096.671547,"variance":23601037.816260245,"size":30},"method=\"String_boxed\" n=20000 option=\"none\"":{"mean":473942.4493597659,"sqsum":935977564.1786778,"variance":32275088.419954408,"size":30},"method=\"Date\" n=20000 option=\"showHidden\"":{"mean":615062.6449808421,"sqsum":2380335328.2049327,"variance":82080528.55879079,"size":30},"method=\"Date\" n=20000 option=\"colors\"":{"mean":608224.1255908041,"sqsum":1814953643.23155,"variance":62584608.38729483,"size":30},"method=\"Date\" n=20000 option=\"none\"":{"mean":706911.077738862,"sqsum":3201910628.5063825,"variance":110410711.32780628,"size":30},"method=\"Set\" n=20000 option=\"showHidden\"":{"mean":505520.8832488811,"sqsum":3352837884.2736216,"variance":115615099.4577111,"size":30},"method=\"Set\" n=20000 option=\"colors\"":{"mean":394751.58055179624,"sqsum":964812965.9733194,"variance":33269412.619769633,"size":30},"method=\"Set\" n=20000 option=\"none\"":{"mean":553985.6740557149,"sqsum":4484667367.788775,"variance":154643702.337544,"size":30},"method=\"Error\" n=20000 option=\"showHidden\"":{"mean":132929.86874960788,"sqsum":99369837.8388978,"variance":3426546.132375786,"size":30},"method=\"Error\" n=20000 option=\"colors\"":{"mean":330348.94061601773,"sqsum":1121151196.1698625,"variance":38660386.07482284,"size":30},"method=\"Error\" n=20000 option=\"none\"":{"mean":622724.9307686911,"sqsum":3836718089.6559653,"variance":132300623.78124018,"size":30},"method=\"Array\" n=20000 option=\"showHidden\"":{"mean":70914.30081043363,"sqsum":2030394.959324295,"variance":70013.61928704465,"size":30},"method=\"Array\" n=20000 option=\"colors\"":{"mean":34479.49212444513,"sqsum":4553074.084367812,"variance":157002.5546333728,"size":30},"method=\"Array\" n=20000 option=\"none\"":{"mean":81313.3714133573,"sqsum":29665243.13531243,"variance":1022939.4184590493,"size":30},"method=\"TypedArray\" n=20000 option=\"showHidden\"":{"mean":156145.27891602693,"sqsum":130715388.01749694,"variance":4507427.173017136,"size":30},"method=\"TypedArray\" n=20000 option=\"colors\"":{"mean":46609.58091277546,"sqsum":2068320.5680121372,"variance":71321.39889697025,"size":30},"method=\"TypedArray\" n=20000 option=\"none\"":{"mean":196825.20861250357,"sqsum":143944118.32898518,"variance":4963590.287206385,"size":30},"method=\"TypedArray_extra\" n=20000 option=\"showHidden\"":{"mean":116425.38627897993,"sqsum":69636309.06928986,"variance":2401252.036872064,"size":30},"method=\"TypedArray_extra\" n=20000 option=\"colors\"":{"mean":37632.4747959233,"sqsum":4315893.52573489,"variance":148823.91468051347,"size":30},