{"array-vs-concat":{"chunks=1 dur=5 len=64 num=100 type=\"concat\"":{"mean":0.04721916892310124,"sqsum":0.0000067227061949264925,"variance":2.3181745499747e-7,"size":30},"chunks=1 dur=5 len=64 num=100 type=\"multi\"":{"mean":0.04786311840732764,"sqsum":0.000009878967011089053,"variance":3.4065403486514e-7,"size":30},"chunks=2 dur=5 len=64 num=100 type=\"concat\"":{"mean":0.04724242308773367,"sqsum":0.000006223598747248261,"variance":2.1460685335339e-7,"size":30},"chunks=2 dur=5 len=64 num=100 type=\"multi\"":{"mean":0.046409931218145434,"sqsum":0.000008696969711056678,"variance":2.9989550727782e-7,"size":30},"chunks=4 dur=5 len=64 num=100 type=\"concat\"":{"mean":0.047197078924057896,"sqsum":0.000008124256316152423,"variance":2.801467695225e-7,"size":30},"chunks=4 dur=5 len=64 num=100 type=\"multi\"":{"mean":0.043408601979511546,"sqsum":0.000007689598273989323,"variance":2.6515856117205e-7,"size":30},"chunks=8 dur=5 len=64 num=100 type=\"concat\"":{"mean":0.04675775097023398,"sqsum":0.00000814239838783909,"variance":2.8077235820135e-7,"size":30},"chunks=8 dur=5 len=64 num=100 type=\"multi\"":{"mean":0.0389445127085669,"sqsum":0.000004947191068306246,"variance":1.7059279545884e-7,"size":30},"chunks=1 dur=5 len=256 num=100 type=\"concat\"":{"mean":0.18639935747537845,"sqsum":0.00016536816951046084,"variance":0.00000570235067277451,"size":30},"chunks=1 dur=5 len=256 num=100 type=\"multi\"":{"mean":0.19099615194001623,"sqsum":0.00008788204254848483,"variance":0.00000303041526029258,"size":30},"chunks=2 dur=5 len=256 num=100 type=\"concat\"":{"mean":0.1864908138936597,"sqsum":0.00007366758049338239,"variance":0.00000254026139632353,"size":30},"chunks=2 dur=5 len=256 num=100 type=\"multi\"":{"mean":0.18508377118905395,"sqsum":0.00021792856223386465,"variance":0.0000075147780080643,"size":30},"chunks=4 dur=5 len=256 num=100 type=\"concat\"":{"mean":0.1857361399051767,"sqsum":0.00010944631368075984,"variance":0.00000377401081657793,"size":30},"chunks=4 dur=5 len=256 num=100 type=\"multi\"":{"mean":0.17365080476470174,"sqsum":0.00007415551213078207,"variance":0.00000255708662519938,"size":30},"chunks=8 dur=5 len=256 num=100 type=\"concat\"":{"mean":0.18329882649951892,"sqsum":0.00012738923422828984,"variance":0.00000439273221476862,"size":30},"chunks=8 dur=5 len=256 num=100 type=\"multi\"":{"mean":0.15516646349848143,"sqsum":0.00011829060635661171,"variance":0.00000407898642609006,"size":30},"chunks=1 dur=5 len=512 num=100 type=\"concat\"":{"mean":0.365362368328871,"sqsum":0.0006503963970530083,"variance":0.00002242746196734512,"size":30},"chunks=1 dur=5 len=512 num=100 type=\"multi\"":{"mean":0.3765414545892133,"sqsum":0.0006648488208912132,"variance":0.00002292582141004183,"size":30},"chunks=2 dur=5 len=512 num=100 type=\"concat\"":{"mean":0.36726749739912534,"sqsum":0.0004998155049905662,"variance":0.0000172350174134678,"size":30},"chunks=2 dur=5 len=512 num=100 type=\"multi\"":{"mean":0.36644801246625097,"sqsum":0.0005490004464998485,"variance":0.00001893104987930512,"size":30},"chunks=4 dur=5 len=512 num=100 type=\"concat\"":{"mean":0.36533271307512016,"sqsum":0.0004359878047371319,"variance":0.00001503406223231489,"size":30},"chunks=4 dur=5 len=512 num=100 type=\"multi\"":{"mean":0.3458990426993729,"sqsum":0.0006348016873160136,"variance":0.00002188971335572461,"size":30},"chunks=8 dur=5 len=512 num=100 type=\"concat\"":{"mean":0.3589021620714041,"sqsum":0.00037728678158765956,"variance":0.00001300988902026412,"size":30},"chunks=8 dur=5 len=512 num=100 type=\"multi\"":{"mean":0.3089659691236888,"sqsum":0.0004488563660716384,"variance":0.00001547780572660822,"size":30},"chunks=1 dur=5 len=1024 num=100 type=\"concat\"":{"mean":0.7056328101797444,"sqsum":0.0030613909060955495,"variance":0.00010556520365846722,"size":30},"chunks=1 dur=5 len=1024 num=100 type=\"multi\"":{"mean":0.7527205607690085,"sqsum":0.0014222684590146485,"variance":0.00004904373996602236,"size":30},"chunks=2 dur=5 len=1024 num=100 type=\"concat\"":{"mean":0.7090404518907482,"sqsum":0.0025950574057525965,"variance":0.00008948473812939989,"size":30},"chunks=2 dur=5 len=1024 num=100 type=\"multi\"":{"mean":0.7277469334681819,"sqsum":0.001972550296414088,"variance":0.00006801897573841683,"size":30},"chunks=4 dur=5 len=1024 num=100 type=\"concat\"":{"mean":0.7046027490898429,"sqsum":0.0022384660686219347,"variance":0.0000771884851248943,"size":30},"chunks=4 dur=5 len=1024 num=100 type=\"multi\"":{"mean":0.6822679191607918,"sqsum":0.0019628684443065737,"variance":0.0000676851187691922,"size":30},"chunks=8 dur=5 len=1024 num=100 type=\"concat\"":{"mean":0.6961734926707167,"sqsum":0.0024187560299603434,"variance":0.00008340538034346011,"size":30},"chunks=8 dur=5 len=1024 num=100 type=\"multi\"":{"mean":0.6140831608032321,"sqsum":0.0012037997183342824,"variance":0.00004151033511497526,"size":30}},"bind-params":{"address=\"true\" n=10000 port=\"true\"":{"mean":113942.72283840275,"sqsum":86210293.37502794,"variance":2972768.737069929,"size":30},"address=\"false\" n=10000 port=\"true\"":{"mean":114605.02995356408,"sqsum":74220289.70598997,"variance":2559320.3346893094,"size":30},"address=\"false\" n=10000 port=\"false\"":{"mean":114800.39353562941,"sqsum":65086747.020625606,"variance":2244370.5869181245,"size":30}},"multi-buffer":{"chunks=1 dur=5 len=64 num=100 type=\"send\"":{"mean":0.04793924754618476,"sqsum":0.000005707185598098728,"variance":1.9679950338271e-7,"size":30},"chunks=1 dur=5 len=64 num=100 type=\"recv\"":{"mean":0.015318037319356692,"sqsum":6.505295321616339e-7,"variance":2.243205283316e-8,"size":30},"chunks=2 dur=5 len=64 num=100 type=\"send\"":{"mean":0.0459990092305571,"sqsum":0.000006896321394105314,"variance":2.3780418600363e-7,"size":30},"chunks=2 dur=5 len=64 num=100 type=\"recv\"":{"mean":0.014663210256094078,"sqsum":8.662950895620581e-7,"variance":2.987224446766e-8,"size":30},"chunks=4 dur=5 len=64 num=100 type=\"send\"":{"mean":0.04348789107168774,"sqsum":0.000005283489656700609,"variance":1.8218929850692e-7,"size":30},"chunks=4 dur=5 len=64 num=100 type=\"recv\"":{"mean":0.013859083023815971,"sqsum":6.635283502700087e-7,"variance":2.288028794035e-8,"size":30},"chunks=8 dur=5 len=64 num=100 type=\"send\"":{"mean":0.03856323958587694,"sqsum":0.000006273267745515334,"variance":2.1631957743156e-7,"size":30},"chunks=8 dur=5 len=64 num=100 type=\"recv\"":{"mean":0.012368420430238643,"sqsum":5.534134545844965e-7,"variance":1.908322257188e-8,"size":30},"chunks=1 dur=5 len=256 num=100 type=\"send\"":{"mean":0.19058120676105025,"sqsum":0.00013627557894055957,"variance":0.00000469915789450205,"size":30},"chunks=1 dur=5 len=256 num=100 type=\"recv\"":{"mean":0.0608717578751835,"sqsum":0.000011990834590105356,"variance":4.1347705483122e-7,"size":30},"chunks=2 dur=5 len=256 num=100 type=\"send\"":{"mean":0.1835826428866274,"sqsum":0.00015149180950564198,"variance":0.00000522385550019455,"size":30},"chunks=2 dur=5 len=256 num=100 type=\"recv\"":{"mean":0.058991191384582475,"sqsum":0.000013529040576729216,"variance":4.6651864057687e-7,"size":30},"chunks=4 dur=5 len=256 num=100 type=\"send\"":{"mean":0.1731396867446397,"sqsum":0.00010766618449750246,"variance":0.00000371262705163802,"size":30},"chunks=4 dur=5 len=256 num=100 type=\"recv\"":{"mean":0.05546859112239425,"sqsum":0.000010718266480080659,"variance":3.6959539586485e-7,"size":30},"chunks=8 dur=5 len=256 num=100 type=\"send\"":{"mean":0.15459774706657256,"sqsum":0.00014020900620790238,"variance":0.00000483479331751387,"size":30},"chunks=8 dur=5 len=256 num=100 type=\"recv\"":{"mean":0.04937736231184701,"sqsum":0.000005865763842266095,"variance":2.0226771869883e-7,"size":30},"chunks=1 dur=5 len=1024 num=100 type=\"send\"":{"mean":0.7545027495420105,"sqsum":0.005028139426020079,"variance":0.0001733841181386234,"size":30},"chunks=1 dur=5 len=1024 num=100 type=\"recv\"":{"mean":0.2416454160055224,"sqsum":0.0001491820800160774,"variance":0.00000514420965572681,"size":30},