{"format":{"n=100000 type=\"string\"":{"mean":4044020.327140276,"sqsum":278315629263.9216,"variance":9597090664.273157,"size":30},"n=100000 type=\"string-2\"":{"mean":3128343.8458920713,"sqsum":115105610082.85109,"variance":3969158968.3741755,"size":30},"n=100000 type=\"number\"":{"mean":4060437.2530499836,"sqsum":254939931260.5515,"variance":8791032112.432812,"size":30},"n=100000 type=\"replace-object\"":{"mean":1592276.22587176,"sqsum":47151744254.94238,"variance":1625922215.6876683,"size":30},"n=100000 type=\"unknown\"":{"mean":5572376.484099877,"sqsum":594149695012.0046,"variance":20487920517.655334,"size":30},"n=100000 type=\"no-replace\"":{"mean":3050803.518387541,"sqsum":55537461978.178314,"variance":1915084895.7992523,"size":30},"n=100000 type=\"no-replace-2\"":{"mean":6164253.024502587,"sqsum":305345484471.75916,"variance":10529154636.957212,"size":30},"n=100000 type=\"only-objects\"":{"mean":267413.81797125546,"sqsum":2108269374.8853934,"variance":72698943.96156529,"size":30},"n=100000 type=\"many-%\"":{"mean":1988387.1177632003,"sqsum":61008488682.53604,"variance":2103740989.0529668,"size":30},"n=100000 type=\"object-to-string\"":{"mean":2509253.679681344,"sqsum":252662192085.06564,"variance":8712489382.243643,"size":30},"n=100000 type=\"object-%s\"":{"mean":330481.24233407155,"sqsum":1191123054.5690913,"variance":41073208.778244525,"size":30}},"inspect-array":{"len=100 n=500 type=\"denseArray\"":{"mean":9225.963527755788,"sqsum":948748.737734122,"variance":32715.473714969725,"size":30},"len=100 n=500 type=\"sparseArray\"":{"mean":50726.32404151047,"sqsum":18565557.44827193,"variance":640191.6361473079,"size":30},"len=100 n=500 type=\"mixedArray\"":{"mean":9739.844658181062,"sqsum":846128.1920117754,"variance":29176.8342073026,"size":30},"len=100 n=500 type=\"denseArray_showHidden\"":{"mean":8596.957192810392,"sqsum":334453.4585201313,"variance":11532.877880004527,"size":30},"len=100000 n=500 type=\"denseArray\"":{"mean":8935.657213402972,"sqsum":428230.3880432272,"variance":14766.565104938869,"size":30},"len=100000 n=500 type=\"sparseArray\"":{"mean":2538.118742703784,"sqsum":12215.659094718781,"variance":421.22962395582005,"size":30},"len=100000 n=500 type=\"mixedArray\"":{"mean":2090.077394431273,"sqsum":4638.3855034098515,"variance":159.944327703788,"size":30},"len=100000 n=500 type=\"denseArray_showHidden\"":{"mean":8217.008280005723,"sqsum":614524.599046653,"variance":21190.503415401825,"size":30}},"inspect-proxy":{"isProxy=0 n=100000 showProxy=0":{"mean":241785.02196425427,"sqsum":1117468786.9979153,"variance":38533406.44820397,"size":30},"isProxy=1 n=100000 showProxy=0":{"mean":238514.0833262569,"sqsum":917535336.0736169,"variance":31639149.51977989,"size":30},"isProxy=0 n=100000 showProxy=1":{"mean":242510.01559648442,"sqsum":2258626527.571384,"variance":77883673.36453049,"size":30},"isProxy=1 n=100000 showProxy=1":{"mean":130133.87787659581,"sqsum":159359345.63072684,"variance":5495149.849335408,"size":30}},"inspect":{"method=\"Object\" n=20000 option=\"showHidden\"":{"mean":218232.46369302308,"sqsum":531409062.87307215,"variance":18324450.44389904,"size":30},"method=\"Object\" n=20000 option=\"colors\"":{"mean":117825.87509576016,"sqsum":156389593.9410928,"variance":5392744.618658372,"size":30},"method=\"Object\" n=20000 option=\"none\"":{"mean":232275.5682432869,"sqsum":790628305.4442778,"variance":27263045.015319925,"size":30},"method=\"Object_empty\" n=20000 option=\"showHidden\"":{"mean":514770.9420935011,"sqsum":3708224287.5768976,"variance":127869803.01989302,"size":30},"method=\"Object_empty\" n=20000 option=\"colors\"":{"mean":578983.8523582938,"sqsum":2568331206.4691224,"variance":88563145.0506594,"size":30},"method=\"Object_empty\" n=20000 option=\"none\"":{"mean":638560.4688248092,"sqsum":3083902249.921988,"variance":106341456.89386165,"size":30},"method=\"Object_deep_ln\" n=20000 option=\"showHidden\"":{"mean":110096.64985890595,"sqsum":89468522.7928139,"variance":3085121.4756142725,"size":30},"method=\"Object_deep_ln\" n=20000 option=\"colors\"":{"mean":54345.770462077395,"sqsum":18440359.759030957,"variance":635874.4744493433,"size":30},"method=\"Object_deep_ln\" n=20000 option=\"none\"":{"mean":120210.9256959005,"sqsum":49578330.64450809,"variance":1709597.6084313134,"size":30},"method=\"String\" n=20000 option=\"showHidden\"":{"mean":923853.0997674766,"sqsum":3080321743.825239,"variance":106217991.16638756,"size":30},"method=\"String\" n=20000 option=\"colors\"":{"mean":761799.3062423704,"sqsum":2991956775.5030193,"variance":103170923.29320757,"size":30},"method=\"String\" n=20000 option=\"none\"":{"mean":1073300.577389658,"sqsum":5519984248.38905,"variance":190344284.4272086,"size":30},"method=\"String_complex\" n=20000 option=\"showHidden\"":{"mean":679009.0058143266,"sqsum":3405340870.212986,"variance":117425547.24872366,"size":30},"method=\"String_complex\" n=20000 option=\"colors\"":{"mean":596759.1705768224,"sqsum":2118010834.1219187,"variance":73034856.34903169,"size":30},"method=\"String_complex\" n=20000 option=\"none\"":{"mean":737940.5064494904,"sqsum":6403594662.737064,"variance":220813609.05989876,"size":30},"method=\"String_boxed\" n=20000 option=\"showHidden\"":{"mean":121050.73218282219,"sqsum":69090437.84974365,"variance":2382428.8913704706,"size":30},"method=\"String_boxed\" n=20000 option=\"colors\"":{"mean":204468.35277605348,"sqsum":528572203.2842951,"variance":18226627.699458454,"size":30},"method=\"String_boxed\" n=20000 option=\"none\"":{"mean":246838.41963269748,"sqsum":186808803.99553233,"variance":6441682.896397667,"size":30},"method=\"Date\" n=20000 option=\"showHidden\"":{"mean":344932.13253053586,"sqsum":1266353540.910529,"variance":43667363.479673415,"size":30},"method=\"Date\" n=20000 option=\"colors\"":{"mean":348381.09710524377,"sqsum":1241693068.6938968,"variance":42817002.368755065,"size":30},"method=\"Date\" n=20000 option=\"none\"":{"mean":413252.03319965646,"sqsum":958845719.5853453,"variance":33063645.50294294,"size":30},"method=\"Set\" n=20000 option=\"showHidden\"":{"mean":264436.941620603,"sqsum":475369740.44093263,"variance":16392060.015204573,"size":30},"method=\"Set\" n=20000 option=\"colors\"":{"mean":212114.11390877873,"sqsum":231147937.95503545,"variance":7970618.550173636,"size":30},"method=\"Set\" n=20000 option=\"none\"":{"mean":290969.26250246365,"sqsum":283193202.451395,"variance":9765282.84315155,"size":30},"method=\"Error\" n=20000 option=\"showHidden\"":{"mean":71464.13658731146,"sqsum":38030559.67335714,"variance":1311398.6094261082,"size":30},"method=\"Error\" n=20000 option=\"colors\"":{"mean":175813.62051614939,"sqsum":287761153.9202204,"variance":9922798.411042081,"size":30},"method=\"Error\" n=20000 option=\"none\"":{"mean":396927.0270613716,"sqsum":894171099.8792883,"variance":30833486.20273408,"size":30},"method=\"Array\" n=20000 option=\"showHidden\"":{"mean":46082.281483587154,"sqsum":59369284.2910488,"variance":2047216.699691338,"size":30},"method=\"Array\" n=20000 option=\"colors\"":{"mean":23062.411925777844,"sqsum":13006778.00004247,"variance":448509.586208361,"size":30},"method=\"Array\" n=20000 option=\"none\"":{"mean":53402.206399512266,"sqsum":314765830.3352384,"variance":10853994.149490979,"size":30},"method=\"TypedArray\" n=20000 option=\"showHidden\"":{"mean":91640.00038910969,"sqsum":62938045.15312832,"variance":2170277.4190733903,"size":30},"method=\"TypedArray\" n=20000 option=\"colors\"":{"mean":30791.232066282184,"sqsum":1558659.182891819,"variance":53746.868375579965,"size":30},"method=\"TypedArray\" n=20000 option=\"none\"":{"mean":120159.87675133474,"sqsum":91201709.6371118,"variance":3144886.5392107517,"size":30},"method=\"TypedArray_extra\" n=20000 option=\"showHidden\"":{"mean":64291.070005606554,"sqsum":17428758.436587904,"variance":600991.6702271691,"size":30},"method=\"TypedArray_extra\" n=20000 option=\"colors\"":{"mean":23538.165637699272,"sqsum":5689365.2701710565,"variance":196185.00931624332,"size":30},