{"basename-posix":{"n=100000 pathext=\"\"":{"mean":7875750.105375357,"sqsum":379563886647.1087,"variance":13088409884.383059,"size":30},"n=100000 pathext=\"/\"":{"mean":6596226.576808054,"sqsum":859606736105.5466,"variance":29641611589.846436,"size":30},"n=100000 pathext=\"/foo\"":{"mean":5686302.732512679,"sqsum":245005817877.26465,"variance":8448476478.526367,"size":30},"n=100000 pathext=\"/foo/.bar.baz\"":{"mean":4148607.447392529,"sqsum":228380065612.19293,"variance":7875174676.282515,"size":30},"n=100000 pathext=\"/foo/.bar.baz|.baz\"":{"mean":3143018.490053269,"sqsum":124142166147.28333,"variance":4280764349.9063215,"size":30},"n=100000 pathext=\"foo\"":{"mean":6239099.654176536,"sqsum":458939604303.21765,"variance":15825503596.662678,"size":30},"n=100000 pathext=\"foo/bar.\"":{"mean":4948101.26395122,"sqsum":214582591174.43082,"variance":7399399695.670029,"size":30},"n=100000 pathext=\"foo/bar.|.\"":{"mean":3574565.644575265,"sqsum":260169664297.3988,"variance":8971367734.393063,"size":30},"n=100000 pathext=\"/foo/bar/baz/asdf/quux.html\"":{"mean":4054397.163512767,"sqsum":442216651419.49536,"variance":15248850048.948116,"size":30},"n=100000 pathext=\"/foo/bar/baz/asdf/quux.html|.html\"":{"mean":3074577.2751872027,"sqsum":143039244168.21713,"variance":4932387729.938522,"size":30}},"basename-win32":{"n=100000 pathext=\"\"":{"mean":7205356.554446022,"sqsum":1042905623887.305,"variance":35962262892.665695,"size":30},"n=100000 pathext=\"C:\\\\\"":{"mean":5258182.097305161,"sqsum":472440141207.3106,"variance":16291039351.976229,"size":30},"n=100000 pathext=\"C:\\\\foo\"":{"mean":4683673.371657248,"sqsum":228355553837.78043,"variance":7874329442.682083,"size":30},"n=100000 pathext=\"D:\\\\foo\\\\.bar.baz\"":{"mean":3556762.442230958,"sqsum":81506743997.79388,"variance":2810577379.234272,"size":30},"n=100000 pathext=\"E:\\\\foo\\\\.bar.baz|.baz\"":{"mean":2997900.9258994777,"sqsum":133261607726.33253,"variance":4595227852.632156,"size":30},"n=100000 pathext=\"foo\"":{"mean":5271251.00921327,"sqsum":173659748265.60635,"variance":5988267181.572633,"size":30},"n=100000 pathext=\"foo\\\\bar.\"":{"mean":4141412.54001535,"sqsum":243946595314.8343,"variance":8411951562.580493,"size":30},"n=100000 pathext=\"foo\\\\bar.|.\"":{"mean":3467154.150123158,"sqsum":82503541107.25821,"variance":2844949693.353731,"size":30},"n=100000 pathext=\"\\\\foo\\\\bar\\\\baz\\\\asdf\\\\quux.html\"":{"mean":3534339.0679058055,"sqsum":199502265834.8365,"variance":6879388477.063327,"size":30},"n=100000 pathext=\"\\\\foo\\\\bar\\\\baz\\\\asdf\\\\quux.html|.html\"":{"mean":3029557.226022014,"sqsum":44853071497.40379,"variance":1546657637.84151,"size":30}},"dirname-posix":{"n=100000 path=\"\"":{"mean":7771099.695749564,"sqsum":496006675498.1595,"variance":17103678465.453775,"size":30},"n=100000 path=\"/\"":{"mean":6570488.605706354,"sqsum":1056713301397.984,"variance":36438389703.37875,"size":30},"n=100000 path=\"/foo\"":{"mean":6014638.106338784,"sqsum":543789906628.6472,"variance":18751376090.64301,"size":30},"n=100000 path=\"/foo/bar\"":{"mean":4845227.32728868,"sqsum":497551913353.3911,"variance":17156962529.42728,"size":30},"n=100000 path=\"foo\"":{"mean":6203816.161591,"sqsum":570605798442.3505,"variance":19676062015.253464,"size":30},"n=100000 path=\"foo/bar\"":{"mean":5478328.490908996,"sqsum":385450351928.2575,"variance":13291391445.801983,"size":30},"n=100000 path=\"/foo/bar/baz/asdf/quux\"":{"mean":4521748.196072171,"sqsum":153238836916.31662,"variance":5284097824.700573,"size":30}},"dirname-win32":{"n=100000 path=\"\"":{"mean":6837312.720104441,"sqsum":1115202558096.8,"variance":38455260624.02759,"size":30},"n=100000 path=\"\\\\\"":{"mean":5576847.854986225,"sqsum":593650060818.1051,"variance":20470691752.34845,"size":30},"n=100000 path=\"\\\\foo\"":{"mean":5127595.056539647,"sqsum":244316447989.65134,"variance":8424705103.091425,"size":30},"n=100000 path=\"C:\\\\foo\\\\bar\"":{"mean":3909095.6277715904,"sqsum":296550236723.6939,"variance":10225870231.851515,"size":30},"n=100000 path=\"foo\"":{"mean":5126788.3264163565,"sqsum":418084669660.6218,"variance":14416712746.917995,"size":30},"n=100000 path=\"foo\\\\bar\"":{"mean":4668195.166258791,"sqsum":171499469743.20035,"variance":5913774818.731047,"size":30},"n=100000 path=\"D:\\\\foo\\\\bar\\\\baz\\\\asdf\\\\quux\"":{"mean":3693415.2497665365,"sqsum":109940964475.54178,"variance":3791067740.5359235,"size":30}},"extname-posix":{"n=100000 path=\"\"":{"mean":8630630.156073278,"sqsum":714305948612.0823,"variance":24631239607.313183,"size":30},"n=100000 path=\"/\"":{"mean":7212709.156248894,"sqsum":639672698013.2822,"variance":22057679241.83732,"size":30},"n=100000 path=\"/foo\"":{"mean":6588237.828655634,"sqsum":434689266596.5318,"variance":14989285055.052822,"size":30},"n=100000 path=\"foo/.bar.baz\"":{"mean":3700933.3728635707,"sqsum":123369529311.72832,"variance":4254121700.4044247,"size":30},"n=100000 path=\"index.html\"":{"mean":4005330.7679673666,"sqsum":78995779216.22096,"variance":2723992386.76624,"size":30},"n=100000 path=\"index\"":{"mean":6145591.5869622,"sqsum":576692394144.1421,"variance":19885944625.660072,"size":30},"n=100000 path=\"foo/bar/..baz.quux\"":{"mean":3277095.47305859,"sqsum":128688193675.63168,"variance":4437523919.849368,"size":30},"n=100000 path=\"foo/bar/...baz.quux\"":{"mean":3148610.8093916127,"sqsum":106573893245.73868,"variance":3674961836.0599546,"size":30},"n=100000 path=\"/foo/bar/baz/asdf/quux\"":{"mean":4914430.811643041,"sqsum":256495413541.22873,"variance":8844669432.456163,"size":30},"n=100000 path=\"/foo/bar/baz/asdf/quux.foobarbazasdfquux\"":{"mean":2812005.4412856065,"sqsum":56761628433.4244,"variance":1957297532.1870482,"size":30}},"extname-win32":{"n=100000 path=\"\"":{"mean":7523326.3206180725,"sqsum":920426667969.1094,"variance":31738850619.62446,"size":30},"n=100000 path=\"\\\\\"":{"mean":6290167.283617724,"sqsum":432879417521.5085,"variance":14926876466.258913,"size":30},"n=100000 path=\"C:\\\\foo\"":{"mean":5197715.761008882,"sqsum":397462932115.74634,"variance":13705618348.81884,"size":30},"n=100000 path=\"foo\\\\.bar.baz\"":{"mean":3434469.840179448,"sqsum":118334031211.3931,"variance":4080483834.875624,"size":30},"n=100000 path=\"index.html\"":{"mean":3544966.5791557254,"sqsum":65062324960.429405,"variance":2243528446.911359,"size":30},"n=100000 path=\"index\"":{"mean":5399352.524710286,"sqsum":510584762490.99677,"variance":17606371120.3792,"size":30},"n=100000 path=\"foo\\\\bar\\\\..baz.quux\"":{"mean":3067609.619923162,"sqsum":62272755297.78399,"variance":2147336389.5787582,"size":30},"n=100000 path=\"foo\\\\bar\\\\...baz.quux\"":{"mean":2904845.9549699193,"sqsum":99140239840.99191,"variance":3418628960.034204,"size":30},"n=100000 path=\"D:\\\\foo\\\\bar\\\\baz\\\\asdf\\\\quux\"":{"mean":4147590.669881778,"sqsum":47131949302.04459,"variance":1625239631.104986,"size":30},"n=100000 path=\"\\\\foo\\\\bar\\\\baz\\\\asdf\\\\quux.foobarbazasdfquux\"":{"mean":2648468.5980150006,"sqsum":40343413922.0567,"variance":1391152204.2088518,"size":30}},"format-posix":{"n=1000000 props=\"/|/home/user/dir|index.html|.html|index\"":{"mean":4010016.8827400906,"sqsum":742214088588.1259,"variance":25593589261.659515,"size":30}},"format-win32":{"n=1000000 props=\"C:\\\\|C:\\\\path\\\\dir|index.html|.html|index\"":{"mean":3778210.895780321,"sqsum":1623092537769.3972,"variance":55968708198.94473,"size":30}},"isAbsolute-posix":{"n=100000 path=\"\"":{"mean":11494638.992095234,"sqsum":1022774901472.4666,"variance":35268100050.77471,"size":30},"n=100000 path=\".\"":{"mean":9474144.443288678,"sqsum":533786512715.8817,"variance":18406431472.961437,"size":30},"n=100000 path=\"/foo/bar\"":{"mean":7530940.52981951,"sqsum":1108788006950.4802,"variance":38234069205.18897,"size":30},"n=100000 path=\"/baz/..\"":{"mean":9058288.746131985,"sqsum":3105343190540.582,"variance":107080799673.81319,"size":30},"n=100000 path=\"bar/baz\"":{"mean":8812326.379995216,"sqsum":5153708535253.94,