{"atomics-wait":{"n=10000000":{"mean":9849661.933137903,"sqsum":1448140629718.7712,"variance":49935883783.40591,"size":30}},"echo":{"n=100000 payload=\"string\" sendsPerBroadcast=1 workers=1":{"mean":54175.85837443438,"sqsum":15909911.846162556,"variance":548617.6498676743,"size":30},"n=100000 payload=\"string\" sendsPerBroadcast=10 workers=1":{"mean":20469.118193861283,"sqsum":3459507.362044267,"variance":119293.35731187127,"size":30},"n=100000 payload=\"object\" sendsPerBroadcast=1 workers=1":{"mean":34804.98619191754,"sqsum":5414006.512275806,"variance":186689.87973364847,"size":30},"n=100000 payload=\"object\" sendsPerBroadcast=10 workers=1":{"mean":13147.816861207999,"sqsum":2001757.8642596512,"variance":69026.1332503328,"size":30}},"messageport":{"n=1000000 payload=\"string\" style=\"eventtarget\"":{"mean":278691.2970639027,"sqsum":789750338.1824133,"variance":27232770.282152183,"size":30},"n=1000000 payload=\"string\" style=\"eventemitter\"":{"mean":506002.8519828807,"sqsum":4058685452.663109,"variance":139954670.7814865,"size":30},"n=1000000 payload=\"object\" style=\"eventtarget\"":{"mean":146817.22410013917,"sqsum":181848407.99148804,"variance":6270634.758327173,"size":30},"n=1000000 payload=\"object\" style=\"eventemitter\"":{"mean":209222.45448663412,"sqsum":397749647.1081136,"variance":13715505.072693571,"size":30}}}