{"echo":{"n=100000 payload=\"string\" sendsPerBroadcast=1 serialization=\"json\" workers=1":{"mean":17238.460290485553,"sqsum":4038636.5590049895,"variance":139263.3296208617,"size":30},"n=100000 payload=\"string\" sendsPerBroadcast=1 serialization=\"advanced\" workers=1":{"mean":12420.588304216753,"sqsum":3130248.9270499996,"variance":107939.61817413791,"size":30},"n=100000 payload=\"string\" sendsPerBroadcast=10 serialization=\"json\" workers=1":{"mean":7408.200138647853,"sqsum":653830.7424289007,"variance":22545.887669962092,"size":30},"n=100000 payload=\"string\" sendsPerBroadcast=10 serialization=\"advanced\" workers=1":{"mean":3759.164928252546,"sqsum":103289.99512155233,"variance":3561.723969708701,"size":30},"n=100000 payload=\"object\" sendsPerBroadcast=1 serialization=\"json\" workers=1":{"mean":14665.020448473226,"sqsum":8211391.598842099,"variance":283151.434442831,"size":30},"n=100000 payload=\"object\" sendsPerBroadcast=1 serialization=\"advanced\" workers=1":{"mean":10011.92254428201,"sqsum":1899032.21106314,"variance":65483.86934700483,"size":30},"n=100000 payload=\"object\" sendsPerBroadcast=10 serialization=\"json\" workers=1":{"mean":5132.397316929926,"sqsum":63287.17014825974,"variance":2182.3162120089564,"size":30},"n=100000 payload=\"object\" sendsPerBroadcast=10 serialization=\"advanced\" workers=1":{"mean":2866.275373444083,"sqsum":40521.97468067578,"variance":1397.3094717474407,"size":30}}}