{"module-loader-circular":{"n=10000":{"mean":6207.786164710276,"sqsum":88085.75414626327,"variance":3037.4397981470092,"size":30}},"module-loader-deep":{"cache=\"true\" ext=\"\" files=1000":{"mean":770312.1247235193,"sqsum":24611713189.937916,"variance":848679765.170273,"size":30},"cache=\"false\" ext=\"\" files=1000":{"mean":5314.762236822524,"sqsum":130861.81717249479,"variance":4512.476454223958,"size":30},"cache=\"true\" ext=\".js\" files=1000":{"mean":767304.9375367616,"sqsum":36213029755.77677,"variance":1248725163.9923024,"size":30},"cache=\"false\" ext=\".js\" files=1000":{"mean":5333.3145815423095,"sqsum":135242.68126163163,"variance":4663.540733159712,"size":30}},"module-loader":{"cache=\"true\" dir=\"rel\" files=500 n=1 name=\"\"":{"mean":17249.70865656405,"sqsum":466198.6085317198,"variance":16075.814087300681,"size":30},"cache=\"false\" dir=\"rel\" files=500 n=1 name=\"\"":{"mean":4188.149544122087,"sqsum":31014.152598521952,"variance":1069.4535378800674,"size":30},"cache=\"true\" dir=\"rel\" files=500 n=1000 name=\"\"":{"mean":1848770.8087183484,"sqsum":33022831218.750954,"variance":1138718317.887964,"size":30},"cache=\"false\" dir=\"rel\" files=500 n=1000 name=\"\"":{"mean":1369013.0194952118,"sqsum":8015589705.918632,"variance":276399645.03167695,"size":30},"cache=\"true\" dir=\"abs\" files=500 n=1 name=\"\"":{"mean":17224.6395496533,"sqsum":209204.32057829044,"variance":7213.942088906567,"size":30},"cache=\"false\" dir=\"abs\" files=500 n=1 name=\"\"":{"mean":4234.175137686724,"sqsum":58396.61466355306,"variance":2013.6763677087263,"size":30},"cache=\"true\" dir=\"abs\" files=500 n=1000 name=\"\"":{"mean":1853916.7819474842,"sqsum":21576233094.41142,"variance":744008037.7383248,"size":30},"cache=\"false\" dir=\"abs\" files=500 n=1000 name=\"\"":{"mean":1372532.2196637932,"sqsum":10325792964.327095,"variance":356061826.3561067,"size":30},"cache=\"true\" dir=\"rel\" files=500 n=1 name=\"/\"":{"mean":17232.923734510565,"sqsum":296789.6886087068,"variance":10234.127193403683,"size":30},"cache=\"false\" dir=\"rel\" files=500 n=1 name=\"/\"":{"mean":4325.995946623825,"sqsum":42566.2559742089,"variance":1467.8019301451345,"size":30},"cache=\"true\" dir=\"rel\" files=500 n=1000 name=\"/\"":{"mean":1810037.4866690498,"sqsum":29532992276.512,"variance":1018379044.0176551,"size":30},"cache=\"false\" dir=\"rel\" files=500 n=1000 name=\"/\"":{"mean":1361163.593641545,"sqsum":5515119904.052559,"variance":190176548.4156055,"size":30},"cache=\"true\" dir=\"abs\" files=500 n=1 name=\"/\"":{"mean":17225.872327537694,"sqsum":226771.88899950794,"variance":7819.72031032786,"size":30},"cache=\"false\" dir=\"abs\" files=500 n=1 name=\"/\"":{"mean":4402.773692759418,"sqsum":56869.423054163504,"variance":1961.0145880746038,"size":30},"cache=\"true\" dir=\"abs\" files=500 n=1000 name=\"/\"":{"mean":1812754.9346693696,"sqsum":18232335605.240818,"variance":628701227.7669247,"size":30},"cache=\"false\" dir=\"abs\" files=500 n=1000 name=\"/\"":{"mean":1362017.6942110953,"sqsum":9954812771.169477,"variance":343269405.9023958,"size":30},"cache=\"true\" dir=\"rel\" files=500 n=1 name=\"/index.js\"":{"mean":17245.555706425752,"sqsum":364179.5339942217,"variance":12557.91496531799,"size":30},"cache=\"false\" dir=\"rel\" files=500 n=1 name=\"/index.js\"":{"mean":4521.249465382411,"sqsum":49680.912374927044,"variance":1713.1349094802429,"size":30},"cache=\"true\" dir=\"rel\" files=500 n=1000 name=\"/index.js\"":{"mean":1769999.3483958936,"sqsum":25696899266.75965,"variance":886099974.71585,"size":30},"cache=\"false\" dir=\"rel\" files=500 n=1000 name=\"/index.js\"":{"mean":1346575.4786246947,"sqsum":9116920090.757196,"variance":314376554.8536964,"size":30},"cache=\"true\" dir=\"abs\" files=500 n=1 name=\"/index.js\"":{"mean":17598.56255213152,"sqsum":886620.4024794641,"variance":30573.11732687807,"size":30},"cache=\"false\" dir=\"abs\" files=500 n=1 name=\"/index.js\"":{"mean":4595.964037555971,"sqsum":40966.34879191059,"variance":1412.632716962434,"size":30},"cache=\"true\" dir=\"abs\" files=500 n=1000 name=\"/index.js\"":{"mean":1766238.2420606974,"sqsum":23586677248.262894,"variance":813333698.2159618,"size":30},"cache=\"false\" dir=\"abs\" files=500 n=1000 name=\"/index.js\"":{"mean":1350228.242432856,"sqsum":8999360187.6217,"variance":310322765.09040344,"size":30}},"module-require":{"n=10000 type=\".js\"":{"mean":10307.689261875557,"sqsum":604089.1412162087,"variance":20830.66004193823,"size":30},"n=10000 type=\".json\"":{"mean":20640.075343633467,"sqsum":2615163.6275919112,"variance":90178.05612385902,"size":30},"n=10000 type=\"dir\"":{"mean":8552.818245446866,"sqsum":176994.17513929785,"variance":6103.2474185964775,"size":30}}}