{"convertprotocols":{"n=1":{"mean":2530.1972693002836,"sqsum":1481675.1051676346,"variance":51092.2450057805,"size":30},"n=50000":{"mean":584329.034697265,"sqsum":1407988093.7000232,"variance":48551313.57586287,"size":30}},"secure-pair":{"dur=5 securing=\"SecurePair\" size=2":{"mean":39.133948946256375,"sqsum":102.75186994721258,"variance":3.543167929214227,"size":30},"dur=5 securing=\"SecurePair\" size=100":{"mean":333.79552047189355,"sqsum":200.40878527786896,"variance":6.910647768202378,"size":30},"dur=5 securing=\"SecurePair\" size=1024":{"mean":369.4744968824332,"sqsum":51.28476742513287,"variance":1.7684402560390644,"size":30},"dur=5 securing=\"SecurePair\" size=1048576":{"mean":439.88893767516794,"sqsum":112.10950637638005,"variance":3.8658450474613812,"size":30},"dur=5 securing=\"TLSSocket\" size=2":{"mean":41.043241845535114,"sqsum":132.38991051422244,"variance":4.565169328076635,"size":30},"dur=5 securing=\"TLSSocket\" size=100":{"mean":334.5510298103904,"sqsum":128.74051858777057,"variance":4.439328227164502,"size":30},"dur=5 securing=\"TLSSocket\" size=1024":{"mean":377.732323610937,"sqsum":36.03874236678981,"variance":1.2427152540272348,"size":30},"dur=5 securing=\"TLSSocket\" size=1048576":{"mean":448.16707544869445,"sqsum":15.25013161279814,"variance":0.5258666073378669,"size":30},"dur=5 securing=\"clear\" size=2":{"mean":1.5892340488563856,"sqsum":0.10106171186069843,"variance":0.003484886615886153,"size":30},"dur=5 securing=\"clear\" size=100":{"mean":240.04099856695666,"sqsum":485.8573446359077,"variance":16.75370153916923,"size":30},"dur=5 securing=\"clear\" size=1024":{"mean":1865.722420785876,"sqsum":38125.948355151806,"variance":1314.6878743155796,"size":30},"dur=5 securing=\"clear\" size=1048576":{"mean":5808.748941931628,"sqsum":30678.334006719964,"variance":1057.8735864386194,"size":30}},"throughput":{"dur=5 size=2 type=\"buf\"":{"mean":38.219624218132005,"sqsum":122.155566097695,"variance":4.212260899920517,"size":30},"dur=5 size=1024 type=\"buf\"":{"mean":426.5648134461248,"sqsum":60.04327088350372,"variance":2.070457616672542,"size":30},"dur=5 size=1048576 type=\"buf\"":{"mean":498.18766442422844,"sqsum":119.42793511590715,"variance":4.118204659169212,"size":30},"dur=5 size=4194304 type=\"buf\"":{"mean":492.43797408594486,"sqsum":16.066318313132847,"variance":0.5540109763149258,"size":30},"dur=5 size=16777216 type=\"buf\"":{"mean":492.1883022421692,"sqsum":83.0351466443574,"variance":2.8632809187709447,"size":30},"dur=5 size=2 type=\"asc\"":{"mean":6.383835194848554,"sqsum":30.689050576590965,"variance":1.058243123330723,"size":30},"dur=5 size=1024 type=\"asc\"":{"mean":411.37803634755943,"sqsum":94.26034749158588,"variance":3.2503568100546856,"size":30},"dur=5 size=1048576 type=\"asc\"":{"mean":495.22695652923426,"sqsum":24.692810903620448,"variance":0.8514762380558775,"size":30},"dur=5 size=4194304 type=\"asc\"":{"mean":489.524612755639,"sqsum":48.25744916855158,"variance":1.664049971329365,"size":30},"dur=5 size=16777216 type=\"asc\"":{"mean":482.66660218747467,"sqsum":89.35790912988045,"variance":3.081307211375188,"size":30},"dur=5 size=2 type=\"utf\"":{"mean":8.967929962673976,"sqsum":75.91432394142747,"variance":2.617735308325085,"size":30},"dur=5 size=1024 type=\"utf\"":{"mean":412.25495919348066,"sqsum":46.03044342268212,"variance":1.5872566697476593,"size":30},"dur=5 size=1048576 type=\"utf\"":{"mean":463.41486501618556,"sqsum":38.20383881722392,"variance":1.3173737523180662,"size":30},"dur=5 size=4194304 type=\"utf\"":{"mean":458.7339411050129,"sqsum":123.86498244881064,"variance":4.271206291338298,"size":30},"dur=5 size=16777216 type=\"utf\"":{"mean":446.09895362382036,"sqsum":51.568529683063765,"variance":1.7782251614849574,"size":30}},"tls-connect":{"concurrency=1 dur=5":{"mean":298.6865367649908,"sqsum":20.595101666721256,"variance":0.7101759195421123,"size":30},"concurrency=10 dur=5":{"mean":306.83991764632697,"sqsum":52.32375705107363,"variance":1.8042674845197801,"size":30}}}