{"convertprotocols":{"n=1":{"mean":4021.0889354736837,"sqsum":206489.10295540906,"variance":7120.313895014106,"size":30},"n=50000":{"mean":1028965.0955193037,"sqsum":4593571273.543046,"variance":158399009.4325188,"size":30}},"secure-pair":{"dur=5 securing=\"SecurePair\" size=100":{"mean":1894.1627646529237,"sqsum":21357.391489470363,"variance":736.461775498978,"size":30},"dur=5 securing=\"SecurePair\" size=1024":{"mean":2663.1024593219395,"sqsum":49038.78753802469,"variance":1690.9926737249893,"size":30},"dur=5 securing=\"SecurePair\" size=1048576":{"mean":3908.414026891377,"sqsum":66477.05157262394,"variance":2292.3121231939285,"size":30},"dur=5 securing=\"TLSSocket\" size=100":{"mean":1908.1234509060355,"sqsum":20763.0281625249,"variance":715.9664883629276,"size":30},"dur=5 securing=\"TLSSocket\" size=1024":{"mean":2754.707138651586,"sqsum":58172.48311301023,"variance":2005.947693552077,"size":30},"dur=5 securing=\"TLSSocket\" size=1048576":{"mean":4285.751087047671,"sqsum":87888.51478130887,"variance":3030.6384407347887,"size":30},"dur=5 securing=\"clear\" size=100":{"mean":648.0263116669477,"sqsum":9334.512673277653,"variance":321.87974735440184,"size":30},"dur=5 securing=\"clear\" size=1024":{"mean":4141.378307741862,"sqsum":2597440.1271969443,"variance":89566.90093782567,"size":30},"dur=5 securing=\"clear\" size=1048576":{"mean":8315.843976593827,"sqsum":1006678.38462221,"variance":34713.04774559345,"size":30}},"throughput-c2s":{"dur=5 size=100 type=\"buf\"":{"mean":2244.362056425452,"sqsum":15594.591790443586,"variance":537.7445444980547,"size":30},"dur=5 size=1024 type=\"buf\"":{"mean":3694.4632870933747,"sqsum":58530.67049459201,"variance":2018.2989825721381,"size":30},"dur=5 size=1048576 type=\"buf\"":{"mean":6422.194153957982,"sqsum":43069.93600183482,"variance":1485.1702069598214,"size":30},"dur=5 size=4194304 type=\"buf\"":{"mean":6003.378946188761,"sqsum":70627.84219424293,"variance":2435.442834284239,"size":30},"dur=5 size=16777216 type=\"buf\"":{"mean":5850.58410971122,"sqsum":36020.259355647904,"variance":1242.077908815445,"size":30},"dur=5 size=100 type=\"asc\"":{"mean":1178.8209471456662,"sqsum":1142.40923545245,"variance":39.39342191215345,"size":30},"dur=5 size=1024 type=\"asc\"":{"mean":3145.9409272350226,"sqsum":53708.899139324705,"variance":1852.0310048043002,"size":30},"dur=5 size=1048576 type=\"asc\"":{"mean":6020.8708179397445,"sqsum":95982.10255591286,"variance":3309.727674341823,"size":30},"dur=5 size=4194304 type=\"asc\"":{"mean":5296.740956796558,"sqsum":32839.96379065791,"variance":1132.412544505445,"size":30},"dur=5 size=16777216 type=\"asc\"":{"mean":5409.971635031108,"sqsum":24234.455781367444,"variance":835.6708890126705,"size":30},"dur=5 size=100 type=\"utf\"":{"mean":1224.6107927294668,"sqsum":564.4538511299287,"variance":19.463925901032024,"size":30},"dur=5 size=1024 type=\"utf\"":{"mean":3075.350259564898,"sqsum":16986.50808855693,"variance":585.741658226101,"size":30},"dur=5 size=1048576 type=\"utf\"":{"mean":4436.334751415036,"sqsum":15118.159723589852,"variance":521.3158525375811,"size":30},"dur=5 size=4194304 type=\"utf\"":{"mean":4235.343430458075,"sqsum":18510.861507470716,"variance":638.3055692231281,"size":30},"dur=5 size=16777216 type=\"utf\"":{"mean":4149.449234499416,"sqsum":12342.432407042405,"variance":425.6011174842208,"size":30}},"throughput-s2c":{"dur=5 recvbufgenfn=\"true\" recvbuflen=0 sendchunklen=256 type=\"buf\"":{"mean":3122.8552746948167,"sqsum":41152.28375448018,"variance":1419.0442673958685,"size":30},"dur=5 recvbufgenfn=\"false\" recvbuflen=0 sendchunklen=256 type=\"buf\"":{"mean":3120.38958598562,"sqsum":27123.818518992073,"variance":935.3040868617956,"size":30},"dur=5 recvbufgenfn=\"true\" recvbuflen=65536 sendchunklen=256 type=\"buf\"":{"mean":3563.26286505225,"sqsum":63614.5749079488,"variance":2193.6060313085795,"size":30},"dur=5 recvbufgenfn=\"false\" recvbuflen=65536 sendchunklen=256 type=\"buf\"":{"mean":3560.0582001658836,"sqsum":35887.68058102087,"variance":1237.506226931754,"size":30},"dur=5 recvbufgenfn=\"true\" recvbuflen=1048576 sendchunklen=256 type=\"buf\"":{"mean":3532.313696386801,"sqsum":89770.42151409488,"variance":3095.5317763480994,"size":30},"dur=5 recvbufgenfn=\"false\" recvbuflen=1048576 sendchunklen=256 type=\"buf\"":{"mean":3574.8509005828305,"sqsum":59705.38897587934,"variance":2058.8065164096324,"size":30},"dur=5 recvbufgenfn=\"true\" recvbuflen=0 sendchunklen=32768 type=\"buf\"":{"mean":5860.776915982759,"sqsum":67240.66952665744,"variance":2318.643776781291,"size":30},"dur=5 recvbufgenfn=\"false\" recvbuflen=0 sendchunklen=32768 type=\"buf\"":{"mean":5895.395917918932,"sqsum":82472.2582843803,"variance":2843.8709753234584,"size":30},"dur=5 recvbufgenfn=\"true\" recvbuflen=65536 sendchunklen=32768 type=\"buf\"":{"mean":7116.754563771632,"sqsum":105932.15513548387,"variance":3652.8329357063403,"size":30},"dur=5 recvbufgenfn=\"false\" recvbuflen=65536 sendchunklen=32768 type=\"buf\"":{"mean":7173.11596972802,"sqsum":115964.62969104547,"variance":3998.780334173982,"size":30},"dur=5 recvbufgenfn=\"true\" recvbuflen=1048576 sendchunklen=32768 type=\"buf\"":{"mean":7119.181480003911,"sqsum":95807.87427161734,"variance":3303.7198024695635,"size":30},"dur=5 recvbufgenfn=\"false\" recvbuflen=1048576 sendchunklen=32768 type=\"buf\"":{"mean":7192.2478686533295,"sqsum":115934.72726979427,"variance":3997.7492161998025,"size":30},"dur=5 recvbufgenfn=\"true\" recvbuflen=0 sendchunklen=131072 type=\"buf\"":{"mean":6319.903546176972,"sqsum":54774.26149617528,"variance":1888.7676377991475,"size":30},"dur=5 recvbufgenfn=\"false\" recvbuflen=0 sendchunklen=131072 type=\"buf\"":{"mean":6324.990280071943,"sqsum":62613.90029322093,"variance":2159.1000101110667,"size":30},"dur=5 recvbufgenfn=\"true\" recvbuflen=65536 sendchunklen=131072 type=\"buf\"":{"mean":7815.083608433251,"sqsum":112794.12897328039,"variance":3889.452723216565,"size":30},"dur=5 recvbufgenfn=\"false\" recvbuflen=65536 sendchunklen=131072 type=\"buf\"":{"mean":7914.637683797638,"sqsum":342755.9459442867,"variance":11819.17054980299,"size":30},"dur=5 recvbufgenfn=\"true\" recvbuflen=1048576 sendchunklen=131072 type=\"buf\"":{"mean":7841.785632256463,"sqsum":87437.83561296081,"variance":3015.097779757269,"size":30},"dur=5 recvbufgenfn=\"false\" recvbuflen=1048576 sendchunklen=131072 type=\"buf\"":{"mean":7924.767896489455,"sqsum":172904.5325683857,"variance":5962.2252609788175,"size":30},"dur=5 recvbufgenfn=\"true\" recvbuflen=0 sendchunklen=16777216 type=\"buf\"":{"mean":5840.977767887171,"sqsum":25192.04269814668,"variance":868.6911275222993,"size":30},"dur=5 recvbufgenfn=\"false\" recvbuflen=0 sendchunklen=16777216 type=\"buf\"":{"mean":5840.019628060635,"sqsum":27687.092648852402,"variance":954.7273327190483,"size":30},"dur=5 recvbufgenfn=\"true\" recvbuflen=65536 sendchunklen=16777216 type=\"buf\"":{"mean":6978.625287004871,"sqsum":36061.25868801518,"variance":1243.4916788970752,"size":30},"dur=5 recvbufgenfn=\"false\" recvbuflen=65536 sendchunklen=16777216 type=\"buf\"":{"mean":7033.182677627432,"sqsum":26837.876431890927,"variance":925.4440148927905,"size":30},"dur=5 recvbufgenfn=\"true\" recvbuflen=1048576 sendchunklen=16777216 type=\"buf\"":{"mean":6975.294616343239,"sqsum":20536.581384177323,"variance":708.1579787647353,"size":30},"dur=5 recvbufgenfn=\"false\" recvbuflen=1048576 sendchunklen=16777216 type=\"buf\"":{"mean":7035.570356839211,"sqsum":33428.65811349288,"variance":1152.7123487411338,"size":30},"dur=5 recvbufgenfn=\"true\" recvbuflen=0 sendchunklen=256 type=\"asc\"":{"mean":2072.5669707344896,"sqsum":5625.421482039453,"variance":193.98005110480872,"size":30},"dur=5 recvbufgenfn=\"false\" recvbuflen=0 sendchunklen=256 type=\"asc\"":{"mean":2071.7638698309843,"sqsum":9296.3169384967,"variance":320.5626530516103,"size":30},"dur=5 recvbufgenfn=\"true\" recvbuflen=65536 sendchunklen=256 type=\"asc\"":{"mean":2253.876869200679,"sqsum":6763.928655779782,"variance":233.23891916482006,"size":30},