{"createInflate":{"chunkLen=1024 inputLen=16777216 n=100":{"mean":68.83267022174418,"sqsum":257.20297968119354,"variance":8.869068264868742,"size":30}},"creation":{"n=500000 options=\"true\" type=\"Deflate\"":{"mean":321737.9638697389,"sqsum":1817430381.2782278,"variance":62670013.147525094,"size":30},"n=500000 options=\"false\" type=\"Deflate\"":{"mean":323944.74818620825,"sqsum":1502512226.6425376,"variance":51810766.43594957,"size":30},"n=500000 options=\"true\" type=\"DeflateRaw\"":{"mean":330252.1453681408,"sqsum":2831149527.101284,"variance":97625845.76211324,"size":30},"n=500000 options=\"false\" type=\"DeflateRaw\"":{"mean":322735.12737235887,"sqsum":483645454.22597104,"variance":16677429.456067966,"size":30},"n=500000 options=\"true\" type=\"Inflate\"":{"mean":322292.8027275029,"sqsum":2183480009.398235,"variance":75292414.11718051,"size":30},"n=500000 options=\"false\" type=\"Inflate\"":{"mean":321258.8726170372,"sqsum":2514055542.7939615,"variance":86691570.4411711,"size":30},"n=500000 options=\"true\" type=\"InflateRaw\"":{"mean":321513.70190257573,"sqsum":2838816292.476704,"variance":97890216.9819553,"size":30},"n=500000 options=\"false\" type=\"InflateRaw\"":{"mean":323846.44427012093,"sqsum":1600724773.235415,"variance":55197405.973635,"size":30},"n=500000 options=\"true\" type=\"Gzip\"":{"mean":320739.08931412565,"sqsum":982145690.3143928,"variance":33867092.76946182,"size":30},"n=500000 options=\"false\" type=\"Gzip\"":{"mean":322088.61299351003,"sqsum":966847177.5115429,"variance":33339557.845225617,"size":30},"n=500000 options=\"true\" type=\"Gunzip\"":{"mean":325663.4742812324,"sqsum":1834675477.4186912,"variance":63264671.635127276,"size":30},"n=500000 options=\"false\" type=\"Gunzip\"":{"mean":325124.0235085756,"sqsum":1145442307.0384524,"variance":39498010.58753284,"size":30},"n=500000 options=\"true\" type=\"Unzip\"":{"mean":323245.5586845265,"sqsum":1820800055.3477046,"variance":62786208.805093266,"size":30},"n=500000 options=\"false\" type=\"Unzip\"":{"mean":324923.891984694,"sqsum":1133864975.90021,"variance":39098792.27242103,"size":30},"n=500000 options=\"true\" type=\"BrotliCompress\"":{"mean":282689.9003815843,"sqsum":681165508.0906668,"variance":23488465.796229888,"size":30},"n=500000 options=\"false\" type=\"BrotliCompress\"":{"mean":284794.7520359858,"sqsum":870328286.6482754,"variance":30011320.229250874,"size":30},"n=500000 options=\"true\" type=\"BrotliDecompress\"":{"mean":290045.6462629207,"sqsum":703712637.6868249,"variance":24265953.02368362,"size":30},"n=500000 options=\"false\" type=\"BrotliDecompress\"":{"mean":282178.96499887726,"sqsum":1946017785.9757478,"variance":67104061.585370615,"size":30}},"deflate":{"inputLen=1024 method=\"createDeflate\" n=400000":{"mean":72422.23186600044,"sqsum":150743510.2099811,"variance":5198052.076206245,"size":30},"inputLen=1024 method=\"deflate\" n=400000":{"mean":28486.462213614454,"sqsum":9901132.893494053,"variance":341418.3756377259,"size":30},"inputLen=1024 method=\"deflateSync\" n=400000":{"mean":80174.02696995511,"sqsum":20139796.286495496,"variance":694475.7340170861,"size":30}},"inflate":{"inputLen=1024 method=\"inflate\" n=400000":{"mean":48336.297218098516,"sqsum":29846083.644984543,"variance":1029175.2981029153,"size":30},"inputLen=1024 method=\"inflateSync\" n=400000":{"mean":239097.51596469924,"sqsum":1590457085.3973007,"variance":54843347.77232071,"size":30}},"pipe":{"algorithm=\"gzip\" duration=5 inputLen=1024 type=\"string\"":{"mean":0.341076565530567,"sqsum":0.006781389075233025,"variance":0.00023384100259424224,"size":30},"algorithm=\"brotli\" duration=5 inputLen=1024 type=\"string\"":{"mean":0.27548815611294747,"sqsum":0.00039592582797279914,"variance":0.00001365261475768273,"size":30},"algorithm=\"gzip\" duration=5 inputLen=1024 type=\"buffer\"":{"mean":0.35356042553479505,"sqsum":0.007298048552706284,"variance":0.0002516568466450443,"size":30},"algorithm=\"brotli\" duration=5 inputLen=1024 type=\"buffer\"":{"mean":0.282624373342869,"sqsum":0.0009460613325249014,"variance":0.00003262280456982419,"size":30}}}