{"convertprotocols":{"n=1":{"mean":3785.9067757125854,"sqsum":1219590.4749799492,"variance":42054.843964825835,"size":30},"n=50000":{"mean":1019278.8744721098,"sqsum":2107415106.1426828,"variance":72669486.4187132,"size":30}},"secure-pair":{"dur=5 securing=\"SecurePair\" size=100":{"mean":1772.8400091650215,"sqsum":17469.059657890506,"variance":602.3813675134658,"size":30},"dur=5 securing=\"SecurePair\" size=1024":{"mean":2722.25585102579,"sqsum":40105.374628947815,"variance":1382.9439527223385,"size":30},"dur=5 securing=\"SecurePair\" size=1048576":{"mean":3855.2381248247916,"sqsum":68515.95297074366,"variance":2362.619067956678,"size":30},"dur=5 securing=\"TLSSocket\" size=100":{"mean":1741.7552807113973,"sqsum":10260.310065718668,"variance":353.80379536960925,"size":30},"dur=5 securing=\"TLSSocket\" size=1024":{"mean":2746.6333783010127,"sqsum":23123.705314131555,"variance":797.3691487631571,"size":30},"dur=5 securing=\"TLSSocket\" size=1048576":{"mean":4260.5699072266025,"sqsum":80443.66233201064,"variance":2773.9193907589874,"size":30},"dur=5 securing=\"clear\" size=100":{"mean":621.126475371471,"sqsum":4579.4248771320445,"variance":157.91120265972566,"size":30},"dur=5 securing=\"clear\" size=1024":{"mean":3977.0543652066244,"sqsum":1288679.4120218493,"variance":44437.2211042017,"size":30},"dur=5 securing=\"clear\" size=1048576":{"mean":9068.087951023947,"sqsum":38365199.674160905,"variance":1322937.919798652,"size":30}},"throughput-c2s":{"dur=5 size=100 type=\"buf\"":{"mean":2145.585818902015,"sqsum":15881.060601084879,"variance":547.6227793477544,"size":30},"dur=5 size=1024 type=\"buf\"":{"mean":3775.373327585672,"sqsum":66584.36208122011,"variance":2296.0124855593144,"size":30},"dur=5 size=1048576 type=\"buf\"":{"mean":6528.680374104478,"sqsum":84691.22939882624,"variance":2920.387220649181,"size":30},"dur=5 size=4194304 type=\"buf\"":{"mean":6083.19714735053,"sqsum":49977.898516032335,"variance":1723.3758108976667,"size":30},"dur=5 size=16777216 type=\"buf\"":{"mean":5929.337774835627,"sqsum":28630.131385989134,"variance":987.2459098616944,"size":30},"dur=5 size=100 type=\"asc\"":{"mean":1176.7773718677115,"sqsum":1722.5762800153805,"variance":59.39918206949588,"size":30},"dur=5 size=1024 type=\"asc\"":{"mean":3243.5233489645407,"sqsum":31067.955718105917,"variance":1071.3088178657213,"size":30},"dur=5 size=1048576 type=\"asc\"":{"mean":5982.047265290569,"sqsum":226758.21361592863,"variance":7819.248745376849,"size":30},"dur=5 size=4194304 type=\"asc\"":{"mean":5487.864864629024,"sqsum":59457.5121722472,"variance":2050.2590404223174,"size":30},"dur=5 size=16777216 type=\"asc\"":{"mean":5247.653459244129,"sqsum":21997.962436256144,"variance":758.5504288364187,"size":30},"dur=5 size=100 type=\"utf\"":{"mean":1170.6313005336165,"sqsum":7980.345340790501,"variance":275.18432209622415,"size":30},"dur=5 size=1024 type=\"utf\"":{"mean":2800.648683380025,"sqsum":7017.397505291794,"variance":241.9792243204067,"size":30},"dur=5 size=1048576 type=\"utf\"":{"mean":3803.275292997405,"sqsum":41242.50616471129,"variance":1422.1553849900445,"size":30},"dur=5 size=4194304 type=\"utf\"":{"mean":3686.678513497096,"sqsum":8977.325757427303,"variance":309.5629571526656,"size":30},"dur=5 size=16777216 type=\"utf\"":{"mean":3518.0097727829207,"sqsum":5727.262971614586,"variance":197.4918266073995,"size":30}},"throughput-s2c":{"dur=5 recvbufgenfn=\"true\" recvbuflen=0 sendchunklen=256 type=\"buf\"":{"mean":3087.2360524677533,"sqsum":48880.19621453196,"variance":1685.5240073976538,"size":30},"dur=5 recvbufgenfn=\"false\" recvbuflen=0 sendchunklen=256 type=\"buf\"":{"mean":3088.1949167148036,"sqsum":32596.48864186647,"variance":1124.0168497195334,"size":30},"dur=5 recvbufgenfn=\"true\" recvbuflen=65536 sendchunklen=256 type=\"buf\"":{"mean":3475.9582830862287,"sqsum":24989.556704588143,"variance":861.7088518823498,"size":30},"dur=5 recvbufgenfn=\"false\" recvbuflen=65536 sendchunklen=256 type=\"buf\"":{"mean":3498.697853069447,"sqsum":39280.8544187598,"variance":1354.5122213365448,"size":30},"dur=5 recvbufgenfn=\"true\" recvbuflen=1048576 sendchunklen=256 type=\"buf\"":{"mean":3480.0360633919026,"sqsum":38033.96051679843,"variance":1311.515879889601,"size":30},"dur=5 recvbufgenfn=\"false\" recvbuflen=1048576 sendchunklen=256 type=\"buf\"":{"mean":3518.442412320097,"sqsum":45057.29925840792,"variance":1553.6999744278592,"size":30},"dur=5 recvbufgenfn=\"true\" recvbuflen=0 sendchunklen=32768 type=\"buf\"":{"mean":6002.3054482375455,"sqsum":99186.02695578705,"variance":3420.207826061622,"size":30},"dur=5 recvbufgenfn=\"false\" recvbuflen=0 sendchunklen=32768 type=\"buf\"":{"mean":6008.610784983588,"sqsum":108170.89455247323,"variance":3730.0308466370075,"size":30},"dur=5 recvbufgenfn=\"true\" recvbuflen=65536 sendchunklen=32768 type=\"buf\"":{"mean":7245.503345444602,"sqsum":125075.4214572938,"variance":4312.94556749289,"size":30},"dur=5 recvbufgenfn=\"false\" recvbuflen=65536 sendchunklen=32768 type=\"buf\"":{"mean":7348.102885032333,"sqsum":115816.24755099736,"variance":3993.6637086550813,"size":30},"dur=5 recvbufgenfn=\"true\" recvbuflen=1048576 sendchunklen=32768 type=\"buf\"":{"mean":7234.60957875769,"sqsum":115779.33529737392,"variance":3992.3908723232385,"size":30},"dur=5 recvbufgenfn=\"false\" recvbuflen=1048576 sendchunklen=32768 type=\"buf\"":{"mean":7345.899994609368,"sqsum":78923.91763659203,"variance":2721.5144012617943,"size":30},"dur=5 recvbufgenfn=\"true\" recvbuflen=0 sendchunklen=131072 type=\"buf\"":{"mean":6465.832426924462,"sqsum":84305.1755243052,"variance":2907.07501807949,"size":30},"dur=5 recvbufgenfn=\"false\" recvbuflen=0 sendchunklen=131072 type=\"buf\"":{"mean":6464.969802335824,"sqsum":64347.99672283366,"variance":2218.896438718402,"size":30},"dur=5 recvbufgenfn=\"true\" recvbuflen=65536 sendchunklen=131072 type=\"buf\"":{"mean":7928.10582355939,"sqsum":83681.02590557528,"variance":2885.55261743363,"size":30},"dur=5 recvbufgenfn=\"false\" recvbuflen=65536 sendchunklen=131072 type=\"buf\"":{"mean":8046.743553957983,"sqsum":134493.6386412016,"variance":4637.711677282814,"size":30},"dur=5 recvbufgenfn=\"true\" recvbuflen=1048576 sendchunklen=131072 type=\"buf\"":{"mean":7941.870292372563,"sqsum":51617.86513568754,"variance":1779.9263839892255,"size":30},"dur=5 recvbufgenfn=\"false\" recvbuflen=1048576 sendchunklen=131072 type=\"buf\"":{"mean":8050.250275368942,"sqsum":87444.79510474688,"variance":3015.337762232651,"size":30},"dur=5 recvbufgenfn=\"true\" recvbuflen=0 sendchunklen=16777216 type=\"buf\"":{"mean":5954.848042803428,"sqsum":33076.626105849486,"variance":1140.57331399481,"size":30},"dur=5 recvbufgenfn=\"false\" recvbuflen=0 sendchunklen=16777216 type=\"buf\"":{"mean":5944.869285767086,"sqsum":44718.91640805134,"variance":1542.0316002776324,"size":30},"dur=5 recvbufgenfn=\"true\" recvbuflen=65536 sendchunklen=16777216 type=\"buf\"":{"mean":7063.7193564071185,"sqsum":31871.788908683808,"variance":1099.0272037477175,"size":30},"dur=5 recvbufgenfn=\"false\" recvbuflen=65536 sendchunklen=16777216 type=\"buf\"":{"mean":7133.829230059473,"sqsum":17287.7767765439,"variance":596.1302336739276,"size":30},"dur=5 recvbufgenfn=\"true\" recvbuflen=1048576 sendchunklen=16777216 type=\"buf\"":{"mean":7059.957052245689,"sqsum":31050.373087231506,"variance":1070.7025202493624,"size":30},"dur=5 recvbufgenfn=\"false\" recvbuflen=1048576 sendchunklen=16777216 type=\"buf\"":{"mean":7144.698005512551,"sqsum":37304.13701967048,"variance":1286.3495524024304,"size":30},"dur=5 recvbufgenfn=\"true\" recvbuflen=0 sendchunklen=256 type=\"asc\"":{"mean":2119.2131389081273,"sqsum":11562.25120285963,"variance":398.6983173399872,"size":30},"dur=5 recvbufgenfn=\"false\" recvbuflen=0 sendchunklen=256 type=\"asc\"":{"mean":2117.022586630535,"sqsum":8964.76183530214,"variance":309.1297184586945,"size":30},"dur=5 recvbufgenfn=\"true\" recvbuflen=65536 sendchunklen=256 type=\"asc\"":{"mean":2296.3459615141196,"sqsum":7607.875303369916,"variance":262.3405277024109,