{"arguments":{"method=\"restAndSpread\" n=1000000":{"mean":4990586.517923991,"sqsum":133130948108.14886,"variance":4590722348.556857,"size":30},"method=\"argumentsAndApply\" n=1000000":{"mean":4976972.880770767,"sqsum":7089666518.582348,"variance":244471259.26146027,"size":30},"method=\"restAndApply\" n=1000000":{"mean":4972738.943026897,"sqsum":6525084360.400879,"variance":225002908.97934064,"size":30},"method=\"predefined\" n=1000000":{"mean":4997913.630505833,"sqsum":27732357454.679966,"variance":956288188.0924126,"size":30}},"freelist":{"n=100000":{"mean":179677.8694889065,"sqsum":11104404.018886887,"variance":382910.48340989265,"size":30}},"getstringwidth":{"n=100000 type=\"ascii\"":{"mean":295124.0216132458,"sqsum":31094162.03698223,"variance":1072212.48403387,"size":30},"n=100000 type=\"mixed\"":{"mean":172250.97441118982,"sqsum":6158096.589413933,"variance":212348.15825565287,"size":30},"n=100000 type=\"emojiseq\"":{"mean":222318.27483525645,"sqsum":20878010.332931936,"variance":719931.3907907564,"size":30},"n=100000 type=\"fullwidth\"":{"mean":315884.0584187253,"sqsum":56654290.81742733,"variance":1953596.235083701,"size":30}},"hidestackframes":{"n=100000 type=\"hide-stackframes-throw\"":{"mean":54260.0157461411,"sqsum":19167825.913632095,"variance":660959.5142631757,"size":30},"n=100000 type=\"direct-call-throw\"":{"mean":49961.14183584273,"sqsum":17861914.863132417,"variance":615928.0987287041,"size":30},"n=100000 type=\"hide-stackframes-noerr\"":{"mean":47695847.01375345,"sqsum":14683047838485.379,"variance":506311994430.53033,"size":30},"n=100000 type=\"direct-call-noerr\"":{"mean":47319190.567794204,"sqsum":9846758381128.281,"variance":339543392452.69934,"size":30}},"object-property-bench":{"method=\"property\" n=1000000000":{"mean":1156064874.9614558,"sqsum":35290885208174.61,"variance":1216927076143.9521,"size":30},"method=\"string\" n=1000000000":{"mean":1158786409.9691057,"sqsum":84881116183136.86,"variance":2926935040797.8228,"size":30},"method=\"variable\" n=1000000000":{"mean":1732811824.7877479,"sqsum":466847298677983.06,"variance":16098182713033.9,"size":30},"method=\"symbol\" n=1000000000":{"mean":1734128738.539046,"sqsum":353118493100962.8,"variance":12176499762102.166,"size":30}},"print":{"code=\"1\" dur=1":{"mean":35.33834925513006,"sqsum":1.4988911981113904,"variance":0.0516859033831514,"size":30},"code=\"\\\"string\\\"\" dur=1":{"mean":35.34315105382386,"sqsum":1.7072538603116978,"variance":0.058870822769368884,"size":30},"code=\"process.versions\" dur=1":{"mean":35.33298587540985,"sqsum":1.3985796185893387,"variance":0.04822688339963237,"size":30},"code=\"process\" dur=1":{"mean":35.21429640690373,"sqsum":1.856240503266688,"variance":0.0640082932160927,"size":30}},"punycode":{"method=\"punycode\" n=1024 val=\"افغانستا.icom.museum\"":{"mean":160306.18800201017,"sqsum":363228150.6927785,"variance":12525108.64457857,"size":30},"method=\"punycode\" n=1024 val=\"الجزائر.icom.museum\"":{"mean":169265.68159218255,"sqsum":389750940.90451705,"variance":13439687.617397139,"size":30},"method=\"punycode\" n=1024 val=\"österreich.icom.museum\"":{"mean":183964.65726190087,"sqsum":275748646.7131541,"variance":9508574.024591519,"size":30},"method=\"punycode\" n=1024 val=\"বাংলাদেশ.icom.museum\"":{"mean":161164.95950052651,"sqsum":200983783.3262967,"variance":6930475.287113679,"size":30},"method=\"punycode\" n=1024 val=\"беларусь.icom.museum\"":{"mean":157375.501355665,"sqsum":206350448.95044434,"variance":7115532.722429114,"size":30},"method=\"punycode\" n=1024 val=\"belgië.icom.museum\"":{"mean":164733.05957355112,"sqsum":120379259.54732946,"variance":4151008.949907912,"size":30},"method=\"punycode\" n=1024 val=\"българия.icom.museum\"":{"mean":158205.11649165503,"sqsum":141346187.86319607,"variance":4874006.478041244,"size":30},"method=\"punycode\" n=1024 val=\"تشادر.icom.museum\"":{"mean":175961.20718193817,"sqsum":273414196.1046062,"variance":9428075.727745041,"size":30},"method=\"punycode\" n=1024 val=\"中国.icom.museum\"":{"mean":166854.29029317337,"sqsum":93661633.02251185,"variance":3229711.4835348916,"size":30},"method=\"punycode\" n=1024 val=\"القمر.icom.museum\"":{"mean":176122.25168567643,"sqsum":171802660.16133666,"variance":5924229.660735747,"size":30},"method=\"punycode\" n=1024 val=\"κυπρος.icom.museum\"":{"mean":174057.77499386598,"sqsum":273720703.53380585,"variance":9438644.949441582,"size":30},"method=\"punycode\" n=1024 val=\"českárepublika.icom.museum\"":{"mean":174234.0957117264,"sqsum":256484159.6691913,"variance":8844281.367903149,"size":30},"method=\"punycode\" n=1024 val=\"مصر.icom.museum\"":{"mean":192455.8303757942,"sqsum":377085066.63777125,"variance":13002933.33233694,"size":30},"method=\"punycode\" n=1024 val=\"ελλάδα.icom.museum\"":{"mean":172836.08396613714,"sqsum":205681534.50132033,"variance":7092466.7069420805,"size":30},"method=\"punycode\" n=1024 val=\"magyarország.icom.museum\"":{"mean":193226.26176711437,"sqsum":284693259.5946448,"variance":9817008.951539475,"size":30},"method=\"punycode\" n=1024 val=\"ísland.icom.museum\"":{"mean":160571.5775621453,"sqsum":158969196.159807,"variance":5481696.41930369,"size":30},"method=\"punycode\" n=1024 val=\"भारत.icom.museum\"":{"mean":184831.17122149045,"sqsum":296593588.2043642,"variance":10227365.110495316,"size":30},"method=\"punycode\" n=1024 val=\"ايران.icom.museum\"":{"mean":174365.554826058,"sqsum":344862459.1113756,"variance":11891808.934875019,"size":30},"method=\"punycode\" n=1024 val=\"éire.icom.museum\"":{"mean":162649.72525302687,"sqsum":187315497.92968407,"variance":6459155.101023589,"size":30},"method=\"punycode\" n=1024 val=\"איקו״ם.ישראל.museum\"":{"mean":137952.4159250433,"sqsum":148082251.23157436,"variance":5106284.525226702,"size":30},"method=\"punycode\" n=1024 val=\"日本.icom.museum\"":{"mean":167624.59552443086,"sqsum":214744460.71964198,"variance":7404981.404125585,"size":30},"method=\"punycode\" n=1024 val=\"الأردن.icom.museum\"":{"mean":172268.21325837728,"sqsum":163118756.27337757,"variance":5624784.699081984,"size":30},"method=\"icu\" n=1024 val=\"افغانستا.icom.museum\"":{"mean":390857.75742887234,"sqsum":1076376265.6962154,"variance":37116422.95504191,"size":30},"method=\"icu\" n=1024 val=\"الجزائر.icom.museum\"":{"mean":424883.8119223047,"sqsum":1816761292.0480187,"variance":62646941.105104096,"size":30},"method=\"icu\" n=1024 val=\"österreich.icom.museum\"":{"mean":475193.5472842905,"sqsum":1833745147.3004668,"variance":63232591.28622299,"size":30},"method=\"icu\" n=1024 val=\"বাংলাদেশ.icom.museum\"":{"mean":349933.3818143246,"sqsum":1264390150.172367,"variance":43599660.35077128,"size":30},"method=\"icu\" n=1024 val=\"беларусь.icom.museum\"":{"mean":388031.63834178157,"sqsum":1764869568.9955404,"variance":60857571.344673805,"size":30},"method=\"icu\" n=1024 val=\"belgië.icom.museum\"":{"mean":511770.7856591008,"sqsum":3138404336.553635,"variance":108220839.19150466,"size":30},"method=\"icu\" n=1024 val=\"българия.icom.museum\"":{"mean":385655.73360617907,"sqsum":2704914804.3587275,"variance":93272924.28823198,"size":30},"method=\"icu\" n=1024 val=\"تشادر.icom.museum\"":{"mean":468452.04457211215,"sqsum":4887013740.002933,"variance":168517715.17251495,"size":30},"method=\"icu\" n=1024 val=\"中国.icom.museum\"":{"mean":525724.3950332203,"sqsum":6858808559.9544935,"variance":236510639.99843082,"size":30},"method=\"icu\" n=1024 val=\"القمر.icom.museum\"":{"mean":463547.27636810736,"sqsum":4372129695.657513,"variance":150763092.95370734,"size":30},"method=\"icu\" n=1024 val=\"κυπρος.icom.museum\"":{"mean":447509.6094631067,"sqsum":3762819421.0846925,"variance":129752393.83050664,"size":30},"method=\"icu\" n=1024 val=\"českárepublika.icom.museum\"":{"mean":416174.76983612037,"sqsum":2439622406.158944,"variance":84124910.55720498,"size":30},"method=\"icu\" n=1024 val=\"مصر.icom.museum\"":{"mean":508706.3696117126,"sqsum":3302126761.5892544,"variance":113866440.05480188,"size":30},