{"lookup-promises":{"all=\"true\" n=5000000 name=\"127.0.0.1\"":{"mean":12282600458.47861,"sqsum":2054033651477254400,"variance":70828746602663944,"size":30},"all=\"false\" n=5000000 name=\"127.0.0.1\"":{"mean":13246230290.92761,"sqsum":1475068179054905600,"variance":50864419967410536,"size":30},"all=\"true\" n=5000000 name=\"::1\"":{"mean":3732171199.3610315,"sqsum":429623526710007230,"variance":14814604369310594,"size":30},"all=\"false\" n=5000000 name=\"::1\"":{"mean":3802564231.2208257,"sqsum":607830362314617100,"variance":20959667666021280,"size":30}},"lookup":{"all=\"true\" n=5000000 name=\"127.0.0.1\"":{"mean":4765338.525410323,"sqsum":319930401029.5578,"variance":11032082794.122684,"size":30},"all=\"false\" n=5000000 name=\"127.0.0.1\"":{"mean":5348415.449816067,"sqsum":494811381358.41705,"variance":17062461426.152311,"size":30},"all=\"true\" n=5000000 name=\"::1\"":{"mean":2715428.93280742,"sqsum":955739210365.8977,"variance":32956524495.375782,"size":30},"all=\"false\" n=5000000 name=\"::1\"":{"mean":2904570.5227097454,"sqsum":36623191326.56952,"variance":1262868666.4334319,"size":30}}}