{"ee-add-remove":{"n=1000000":{"mean":838511.8958535222,"sqsum":13682194535.468147,"variance":471799811.56786716,"size":30}},"ee-emit":{"argc=0 listeners=1 n=2000000":{"mean":34739114.15304159,"sqsum":9290868391746.955,"variance":320374772129.2053,"size":30},"argc=0 listeners=5 n=2000000":{"mean":10591093.76102298,"sqsum":2988149285353.444,"variance":103039630529.4291,"size":30},"argc=0 listeners=10 n=2000000":{"mean":6334721.219123721,"sqsum":836282788146.966,"variance":28837337522.309174,"size":30},"argc=2 listeners=1 n=2000000":{"mean":32637436.99477783,"sqsum":26172545049257.33,"variance":902501553422.6664,"size":30},"argc=2 listeners=5 n=2000000":{"mean":9716106.976775452,"sqsum":222473050663.05646,"variance":7671484505.622637,"size":30},"argc=2 listeners=10 n=2000000":{"mean":5664526.194846808,"sqsum":726662920575.4224,"variance":25057342088.807667,"size":30},"argc=4 listeners=1 n=2000000":{"mean":32598837.33050304,"sqsum":13738029823874.176,"variance":473725166340.48883,"size":30},"argc=4 listeners=5 n=2000000":{"mean":9439836.345445922,"sqsum":921876583497.9166,"variance":31788847706.82471,"size":30},"argc=4 listeners=10 n=2000000":{"mean":5503259.381430664,"sqsum":345051062690.1737,"variance":11898312506.557714,"size":30},"argc=10 listeners=1 n=2000000":{"mean":31605205.792408917,"sqsum":18535163554185.68,"variance":639143570833.9889,"size":30},"argc=10 listeners=5 n=2000000":{"mean":8981253.056469567,"sqsum":193285980437.07785,"variance":6665033808.175098,"size":30},"argc=10 listeners=10 n=2000000":{"mean":5189812.244197251,"sqsum":163123828299.48163,"variance":5624959596.533849,"size":30}},"ee-listener-count-on-prototype":{"n=50000000":{"mean":61213825.123433776,"sqsum":82201862774138.47,"variance":2834546992211.6714,"size":30}},"ee-listeners-many":{"n=5000000":{"mean":5700914.450030365,"sqsum":76802467114.14622,"variance":2648360934.9705596,"size":30}},"ee-listeners":{"n=5000000":{"mean":23873178.65734951,"sqsum":23171801650169.35,"variance":799027643109.288,"size":30}},"ee-once":{"argc=0 n=20000000":{"mean":4754827.6476358045,"sqsum":826605543701.4059,"variance":28503639437.97951,"size":30},"argc=1 n=20000000":{"mean":4531196.84976627,"sqsum":73326170253.88167,"variance":2528488629.4441957,"size":30},"argc=4 n=20000000":{"mean":4449192.513044973,"sqsum":246136319962.23343,"variance":8487459309.042533,"size":30},"argc=5 n=20000000":{"mean":4455570.777301658,"sqsum":149706424099.9411,"variance":5162290486.204865,"size":30}}}