{"module-loader-circular":{"n=10000":{"mean":3400.4759850905352,"sqsum":26696.96592320762,"variance":920.5850318347455,"size":30}},"module-loader-deep":{"cache=\"true\" ext=\"\" files=1000":{"mean":426801.1632997425,"sqsum":6984132650.31657,"variance":240832160.35574383,"size":30},"cache=\"false\" ext=\"\" files=1000":{"mean":3144.529957737686,"sqsum":23844.455646839535,"variance":822.2226085117081,"size":30},"cache=\"true\" ext=\".js\" files=1000":{"mean":430796.0661701659,"sqsum":3066559598.632494,"variance":105743434.43560323,"size":30},"cache=\"false\" ext=\".js\" files=1000":{"mean":3180.743394040321,"sqsum":36501.494421174895,"variance":1258.672221419824,"size":30}},"module-loader":{"cache=\"true\" dir=\"rel\" files=500 n=1 name=\"\"":{"mean":12621.875028433351,"sqsum":863869.5467468549,"variance":29788.605060236376,"size":30},"cache=\"false\" dir=\"rel\" files=500 n=1 name=\"\"":{"mean":2640.245938219258,"sqsum":28002.09727023856,"variance":965.5895610427089,"size":30},"cache=\"true\" dir=\"rel\" files=500 n=1000 name=\"\"":{"mean":1335307.2829218176,"sqsum":7251548558.80542,"variance":250053398.57949725,"size":30},"cache=\"false\" dir=\"rel\" files=500 n=1000 name=\"\"":{"mean":941267.9564319929,"sqsum":6392057113.380016,"variance":220415762.53034538,"size":30},"cache=\"true\" dir=\"abs\" files=500 n=1 name=\"\"":{"mean":12473.96699739136,"sqsum":938632.6497617852,"variance":32366.643095233972,"size":30},"cache=\"false\" dir=\"abs\" files=500 n=1 name=\"\"":{"mean":2689.2182883685255,"sqsum":13304.703051624823,"variance":458.78286384913184,"size":30},"cache=\"true\" dir=\"abs\" files=500 n=1000 name=\"\"":{"mean":1322178.586702891,"sqsum":18179554278.685925,"variance":626881182.0236526,"size":30},"cache=\"false\" dir=\"abs\" files=500 n=1000 name=\"\"":{"mean":931705.5081599867,"sqsum":28881197185.745644,"variance":995903351.2326084,"size":30},"cache=\"true\" dir=\"rel\" files=500 n=1 name=\"/\"":{"mean":12384.495523054962,"sqsum":608557.3175907946,"variance":20984.735089337744,"size":30},"cache=\"false\" dir=\"rel\" files=500 n=1 name=\"/\"":{"mean":2746.376153457515,"sqsum":31497.447428755677,"variance":1086.118876853644,"size":30},"cache=\"true\" dir=\"rel\" files=500 n=1000 name=\"/\"":{"mean":1270413.7529101311,"sqsum":7185304759.907919,"variance":247769129.65199718,"size":30},"cache=\"false\" dir=\"rel\" files=500 n=1000 name=\"/\"":{"mean":917654.7614761257,"sqsum":4655838757.857553,"variance":160546164.06405354,"size":30},"cache=\"true\" dir=\"abs\" files=500 n=1 name=\"/\"":{"mean":12359.121730420604,"sqsum":624562.9004631924,"variance":21536.651740110083,"size":30},"cache=\"false\" dir=\"abs\" files=500 n=1 name=\"/\"":{"mean":2776.0377812150946,"sqsum":26338.70027705072,"variance":908.2310440362318,"size":30},"cache=\"true\" dir=\"abs\" files=500 n=1000 name=\"/\"":{"mean":1252367.554833104,"sqsum":7655178265.439344,"variance":263971664.32549465,"size":30},"cache=\"false\" dir=\"abs\" files=500 n=1000 name=\"/\"":{"mean":920317.9440146133,"sqsum":3535969065.0854554,"variance":121929967.76156744,"size":30},"cache=\"true\" dir=\"rel\" files=500 n=1 name=\"/index.js\"":{"mean":12390.69775942803,"sqsum":672555.6228145502,"variance":23191.57320050173,"size":30},"cache=\"false\" dir=\"rel\" files=500 n=1 name=\"/index.js\"":{"mean":2833.4797402419117,"sqsum":28944.61488949925,"variance":998.0901686034225,"size":30},"cache=\"true\" dir=\"rel\" files=500 n=1000 name=\"/index.js\"":{"mean":1261720.2371800733,"sqsum":9007770527.787054,"variance":310612776.82024324,"size":30},"cache=\"false\" dir=\"rel\" files=500 n=1000 name=\"/index.js\"":{"mean":927261.9941337263,"sqsum":9726788798.56052,"variance":335406510.29519033,"size":30},"cache=\"true\" dir=\"abs\" files=500 n=1 name=\"/index.js\"":{"mean":12677.111584521715,"sqsum":717630.6160500244,"variance":24745.883312069807,"size":30},"cache=\"false\" dir=\"abs\" files=500 n=1 name=\"/index.js\"":{"mean":2877.7246584499653,"sqsum":25840.154101798496,"variance":891.0397966137413,"size":30},"cache=\"true\" dir=\"abs\" files=500 n=1000 name=\"/index.js\"":{"mean":1253281.7505651056,"sqsum":9076492044.172834,"variance":312982484.28182185,"size":30},"cache=\"false\" dir=\"abs\" files=500 n=1000 name=\"/index.js\"":{"mean":932731.5852359518,"sqsum":2134796948.12077,"variance":73613687.86623345,"size":30}}}