{"bench-env":{"n=1000000 operation=\"get\"":{"mean":2578826.0120297214,"sqsum":1470296018776.7466,"variance":50699862716.43954,"size":30},"n=1000000 operation=\"set\"":{"mean":1857774.6043490043,"sqsum":765627204653.15,"variance":26400938091.48793,"size":30},"n=1000000 operation=\"enumerate\"":{"mean":20831.57998722983,"sqsum":15268922.154924206,"variance":526514.557066352,"size":30},"n=1000000 operation=\"query\"":{"mean":2910800.981067991,"sqsum":880428509214.8832,"variance":30359603766.030457,"size":30},"n=1000000 operation=\"delete\"":{"mean":2425089.123698251,"sqsum":1826683149505.0457,"variance":62989074120.86365,"size":30}},"bench-hrtime":{"n=1000000 type=\"raw\"":{"mean":17171835.35582097,"sqsum":3013409182613.233,"variance":103910661469.42183,"size":30},"n=1000000 type=\"diff\"":{"mean":15765144.345543742,"sqsum":13993320595035.775,"variance":482528296380.54395,"size":30},"n=1000000 type=\"bigint\"":{"mean":17637044.514510635,"sqsum":8640905986897.737,"variance":297962275410.2668,"size":30}},"memoryUsage":{"n=100000":{"mean":107836.51456238455,"sqsum":73959155.41375217,"variance":2550315.7039224887,"size":30}},"next-tick-breadth-args":{"n=10000000":{"mean":2561934.822266064,"sqsum":53230320939.23428,"variance":1835528308.2494578,"size":30}},"next-tick-breadth":{"n=10000000":{"mean":3837232.5145134777,"sqsum":39506578874.31545,"variance":1362295823.252257,"size":30}},"next-tick-depth-args":{"n=7000000":{"mean":6511327.042322955,"sqsum":1393979905234.9255,"variance":48068272594.30778,"size":30}},"next-tick-depth":{"n=7000000":{"mean":9167868.141005032,"sqsum":2239854177264.8237,"variance":77236350940.16634,"size":30}},"next-tick-exec-args":{"n=4000000":{"mean":26889946.677468356,"sqsum":8321711301505.113,"variance":286955562120.86597,"size":30}},"next-tick-exec":{"n=4000000":{"mean":30128097.507314216,"sqsum":998568305617.1896,"variance":34433389848.86861,"size":30}},"queue-microtask-breadth":{"n=400000":{"mean":1578169.6835807639,"sqsum":3615829002.4803934,"variance":124683758.70622046,"size":30}},"queue-microtask-depth":{"n=1200000":{"mean":4202169.301623271,"sqsum":2329274555216.413,"variance":80319812248.84183,"size":30}},"resourceUsage":{"n=100000":{"mean":709326.6165503281,"sqsum":4720270344.959089,"variance":162767942.92962378,"size":30}}}