{"immediate":{"n=5000000 type=\"depth\"":{"mean":275050.3687324853,"sqsum":667529439.533535,"variance":23018256.53563914,"size":30},"n=5000000 type=\"depth1\"":{"mean":284078.7398096826,"sqsum":348156808.8258917,"variance":12005407.200892817,"size":30},"n=5000000 type=\"breadth\"":{"mean":2289486.922654059,"sqsum":14655818137.366146,"variance":505373039.21952224,"size":30},"n=5000000 type=\"breadth1\"":{"mean":1532817.982451747,"sqsum":80699879534.59097,"variance":2782754466.710034,"size":30},"n=5000000 type=\"breadth4\"":{"mean":1170331.0038296157,"sqsum":58483655045.23828,"variance":2016677760.1806304,"size":30},"n=5000000 type=\"clear\"":{"mean":6015308.96712568,"sqsum":7865916798092.62,"variance":271238510279.05588,"size":30}},"set-immediate-breadth-args":{"n=5000000":{"mean":1482681.1033890764,"sqsum":93471820878.09354,"variance":3223166237.1756396,"size":30}},"set-immediate-breadth":{"n=10000000":{"mean":2121275.5943749635,"sqsum":4494821166.777645,"variance":154993833.33716017,"size":30}},"set-immediate-depth-args":{"n=5000000":{"mean":273638.31590367574,"sqsum":166408262.418372,"variance":5738215.945461104,"size":30}},"timers-breadth-args":{"n=1000000":{"mean":1135497.455467428,"sqsum":27117765655.418793,"variance":935095367.4282342,"size":30}},"timers-breadth":{"n=5000000":{"mean":1343208.6723300847,"sqsum":447206342629.6748,"variance":15420908366.54051,"size":30}},"timers-cancel-pooled":{"n=5000000":{"mean":20291277.354363482,"sqsum":356918788968326.94,"variance":12307544447183.688,"size":30}},"timers-cancel-unpooled":{"direction=\"start\" n=1000000":{"mean":1594170.7134081072,"sqsum":7041081094.920026,"variance":242795899.82482848,"size":30},"direction=\"end\" n=1000000":{"mean":6558931.6824407475,"sqsum":49088779899.01477,"variance":1692716548.2418885,"size":30}},"timers-depth":{"n=1000":{"mean":854.5835843226536,"sqsum":795.7983271694972,"variance":27.441321626534386,"size":30}},"timers-insert-pooled":{"n=5000000":{"mean":1214718.4435788349,"sqsum":209648416936.6318,"variance":7229255756.435579,"size":30}},"timers-insert-unpooled":{"direction=\"start\" n=1000000":{"mean":1437263.5492810446,"sqsum":4048417559.585933,"variance":139600605.50296322,"size":30},"direction=\"end\" n=1000000":{"mean":943304.9231181528,"sqsum":5113459876.4493,"variance":176326202.63618276,"size":30}},"timers-timeout-nexttick":{"n=50000":{"mean":789880.5602108677,"sqsum":6343628617.233377,"variance":218745814.38735783,"size":30},"n=5000000":{"mean":3890000.642707669,"sqsum":18319896119769.22,"variance":631720555854.111,"size":30}},"timers-timeout-pooled":{"n=10000000":{"mean":10306412.271817077,"sqsum":599014447706.45,"variance":20655670610.567238,"size":30}},"timers-timeout-unpooled":{"n=1000000":{"mean":7884425.11445181,"sqsum":977199299861.2716,"variance":33696527581.42316,"size":30}}}