{"creation":{"kind=\"duplex\" n=50000000":{"mean":3764997.781272808,"sqsum":68860741357.13058,"variance":2374508322.659675,"size":30},"kind=\"readable\" n=50000000":{"mean":7602107.718056933,"sqsum":335785122650.1555,"variance":11578797332.763983,"size":30},"kind=\"transform\" n=50000000":{"mean":3626998.504385839,"sqsum":642982380702.6301,"variance":22171806231.125175,"size":30},"kind=\"writable\" n=50000000":{"mean":7083112.20756925,"sqsum":114372827692.38715,"variance":3943890610.0823154,"size":30}},"pipe-object-mode":{"n=5000000":{"mean":9952973.031175826,"sqsum":724012311936.7179,"variance":24965941790.921307,"size":30}},"pipe":{"n=5000000":{"mean":8757758.536737084,"sqsum":65460088644.61806,"variance":2257244436.021312,"size":30}},"readable-async-iterator":{"n=100000 sync=\"yes\"":{"mean":2184421.281083109,"sqsum":64919451637.62434,"variance":2238601780.6077356,"size":30},"n=100000 sync=\"no\"":{"mean":923400.799842056,"sqsum":5203357900.691319,"variance":179426134.50659722,"size":30}},"readable-bigread":{"n=1000":{"mean":1252.1562287934753,"sqsum":363.95532766399987,"variance":12.55018371255172,"size":30}},"readable-bigunevenread":{"n=1000":{"mean":828.9395650200663,"sqsum":93.65583023150282,"variance":3.2295113872932006,"size":30}},"readable-boundaryread":{"n=2000 type=\"string\"":{"mean":262.0751470647167,"sqsum":1056.3900107312238,"variance":36.42724174935255,"size":30},"n=2000 type=\"buffer\"":{"mean":1296.3165199062169,"sqsum":2471.772319738885,"variance":85.2335282668581,"size":30}},"readable-from":{"n=10000000":{"mean":8301302.885576766,"sqsum":15635896456.818085,"variance":539168843.3385546,"size":30}},"readable-readall":{"n=5000":{"mean":1848.7788231358297,"sqsum":181451.53303324967,"variance":6256.949414939644,"size":30}},"readable-unevenread":{"n=1000":{"mean":248.94021907599614,"sqsum":544.1933872622201,"variance":18.765289215938623,"size":30}},"writable-manywrites":{"callback=\"yes\" len=1024 n=2000000 sync=\"yes\" writev=\"yes\"":{"mean":24168772.999837298,"sqsum":528731723868.0302,"variance":18232128409.24242,"size":30},"callback=\"yes\" len=32768 n=2000000 sync=\"yes\" writev=\"yes\"":{"mean":6352630.538626172,"sqsum":1333775200551.126,"variance":45992248294.86642,"size":30},"callback=\"no\" len=1024 n=2000000 sync=\"yes\" writev=\"yes\"":{"mean":23928318.732847843,"sqsum":304005146982.27466,"variance":10482936102.837057,"size":30},"callback=\"no\" len=32768 n=2000000 sync=\"yes\" writev=\"yes\"":{"mean":5956896.6461260365,"sqsum":55959011622.595314,"variance":1929621090.4343212,"size":30},"callback=\"yes\" len=1024 n=2000000 sync=\"yes\" writev=\"no\"":{"mean":26143618.48091111,"sqsum":1369389953506.5403,"variance":47220343224.36346,"size":30},"callback=\"yes\" len=32768 n=2000000 sync=\"yes\" writev=\"no\"":{"mean":6373309.923382465,"sqsum":87307210326.07074,"variance":3010593459.5196805,"size":30},"callback=\"no\" len=1024 n=2000000 sync=\"yes\" writev=\"no\"":{"mean":25685768.45703041,"sqsum":1139063840259.2058,"variance":39278063457.214,"size":30},"callback=\"no\" len=32768 n=2000000 sync=\"yes\" writev=\"no\"":{"mean":6121266.567053613,"sqsum":55419182494.14852,"variance":1911006292.901673,"size":30},"callback=\"yes\" len=1024 n=2000000 sync=\"no\" writev=\"yes\"":{"mean":17881820.376828797,"sqsum":2066393329054.8372,"variance":71254942381.20128,"size":30},"callback=\"yes\" len=32768 n=2000000 sync=\"no\" writev=\"yes\"":{"mean":7161676.154885177,"sqsum":79565991230.458,"variance":2743654870.015793,"size":30},"callback=\"no\" len=1024 n=2000000 sync=\"no\" writev=\"yes\"":{"mean":21471248.448958952,"sqsum":228554773393.79282,"variance":7881199082.5445795,"size":30},"callback=\"no\" len=32768 n=2000000 sync=\"no\" writev=\"yes\"":{"mean":7061969.767616127,"sqsum":131378616132.92294,"variance":4530297108.031826,"size":30},"callback=\"yes\" len=1024 n=2000000 sync=\"no\" writev=\"no\"":{"mean":6619121.937140034,"sqsum":100480080389.46692,"variance":3464830358.2574797,"size":30},"callback=\"yes\" len=32768 n=2000000 sync=\"no\" writev=\"no\"":{"mean":7094775.139553293,"sqsum":66490788886.92603,"variance":2292785823.6871047,"size":30},"callback=\"no\" len=1024 n=2000000 sync=\"no\" writev=\"no\"":{"mean":6611366.746146845,"sqsum":27980655460.199253,"variance":964850188.282733,"size":30},"callback=\"no\" len=32768 n=2000000 sync=\"no\" writev=\"no\"":{"mean":7102846.181581282,"sqsum":101193464466.56268,"variance":3489429809.191817,"size":30}}}