{"convertprotocols":{"n=1":{"mean":2564.1247448262675,"sqsum":832603.168076007,"variance":28710.45407158645,"size":30},"n=50000":{"mean":573543.8816243402,"sqsum":11602581857.33892,"variance":400089029.56341106,"size":30}},"secure-pair":{"dur=5 securing=\"SecurePair\" size=100":{"mean":335.38531586174275,"sqsum":112.44663772855812,"variance":3.8774702665020038,"size":30},"dur=5 securing=\"SecurePair\" size=1024":{"mean":368.0932539530925,"sqsum":32.41273216886564,"variance":1.1176804196160564,"size":30},"dur=5 securing=\"SecurePair\" size=1048576":{"mean":439.5814739004768,"sqsum":139.90855267365794,"variance":4.824432850815791,"size":30},"dur=5 securing=\"TLSSocket\" size=100":{"mean":334.30849066403425,"sqsum":62.07070353691482,"variance":2.1403690874798214,"size":30},"dur=5 securing=\"TLSSocket\" size=1024":{"mean":377.40869756233093,"sqsum":34.94957856127163,"variance":1.2051578814231596,"size":30},"dur=5 securing=\"TLSSocket\" size=1048576":{"mean":447.34658256967845,"sqsum":25.24633129511507,"variance":0.8705631481074162,"size":30},"dur=5 securing=\"clear\" size=100":{"mean":239.4094361615161,"sqsum":337.3783342752885,"variance":11.633735664665123,"size":30},"dur=5 securing=\"clear\" size=1024":{"mean":1876.5258475011135,"sqsum":32958.29266930101,"variance":1136.492850665552,"size":30},"dur=5 securing=\"clear\" size=1048576":{"mean":5807.699095118346,"sqsum":28980.957838518032,"variance":999.3433737420011,"size":30}},"throughput":{"dur=5 size=100 type=\"buf\"":{"mean":371.08701819975414,"sqsum":70.80567923696191,"variance":2.4415751461021347,"size":30},"dur=5 size=1024 type=\"buf\"":{"mean":426.6137378285363,"sqsum":34.81557612341879,"variance":1.2005371077040963,"size":30},"dur=5 size=1048576 type=\"buf\"":{"mean":498.22404104437203,"sqsum":30.017795717243565,"variance":1.0350964040428816,"size":30},"dur=5 size=4194304 type=\"buf\"":{"mean":491.82712232358165,"sqsum":17.956630858363763,"variance":0.6191941675297848,"size":30},"dur=5 size=16777216 type=\"buf\"":{"mean":491.29956596353736,"sqsum":147.12718279689182,"variance":5.073351130927304,"size":30},"dur=5 size=100 type=\"asc\"":{"mean":304.9386370205835,"sqsum":197.2230995896259,"variance":6.800796537573306,"size":30},"dur=5 size=1024 type=\"asc\"":{"mean":414.84418466358454,"sqsum":67.49711850151206,"variance":2.3274868448797266,"size":30},"dur=5 size=1048576 type=\"asc\"":{"mean":494.7890420711223,"sqsum":23.697141368886637,"variance":0.8171428058236772,"size":30},"dur=5 size=4194304 type=\"asc\"":{"mean":488.5144341246114,"sqsum":70.83662922839288,"variance":2.4426423871859613,"size":30},"dur=5 size=16777216 type=\"asc\"":{"mean":482.7950948544058,"sqsum":82.8358702939769,"variance":2.856409320481962,"size":30},"dur=5 size=100 type=\"utf\"":{"mean":312.4021672218165,"sqsum":38.57234829106394,"variance":1.330080975553929,"size":30},"dur=5 size=1024 type=\"utf\"":{"mean":414.9123282233233,"sqsum":29.64652519151225,"variance":1.0222939721211122,"size":30},"dur=5 size=1048576 type=\"utf\"":{"mean":463.0503758807924,"sqsum":29.57619271449382,"variance":1.0198687142928904,"size":30},"dur=5 size=4194304 type=\"utf\"":{"mean":459.0687649166485,"sqsum":64.79339633406045,"variance":2.234255046002084,"size":30},"dur=5 size=16777216 type=\"utf\"":{"mean":445.9298288026738,"sqsum":30.921974596119483,"variance":1.0662749860730856,"size":30}},"tls-connect":{"concurrency=1 dur=5":{"mean":298.2998693776361,"sqsum":25.884751974447997,"variance":0.8925776542913103,"size":30},"concurrency=10 dur=5":{"mean":305.6044643053804,"sqsum":51.621000270464435,"variance":1.7800344920849807,"size":30}}}