{"echo":{"n=100000 payload=\"string\" sendsPerBroadcast=1 serialization=\"json\" workers=1":{"mean":17552.697381747632,"sqsum":6116471.978766816,"variance":210912.82685402813,"size":30},"n=100000 payload=\"string\" sendsPerBroadcast=1 serialization=\"advanced\" workers=1":{"mean":12410.777813297,"sqsum":5471262.941082643,"variance":188664.23934767736,"size":30},"n=100000 payload=\"string\" sendsPerBroadcast=10 serialization=\"json\" workers=1":{"mean":7689.089417316689,"sqsum":1346296.3968762583,"variance":46424.01368538822,"size":30},"n=100000 payload=\"string\" sendsPerBroadcast=10 serialization=\"advanced\" workers=1":{"mean":3675.764130304424,"sqsum":165579.27066607037,"variance":5709.630022967944,"size":30},"n=100000 payload=\"object\" sendsPerBroadcast=1 serialization=\"json\" workers=1":{"mean":14920.622019818762,"sqsum":19342054.551727325,"variance":666967.398335425,"size":30},"n=100000 payload=\"object\" sendsPerBroadcast=1 serialization=\"advanced\" workers=1":{"mean":6701.838922350901,"sqsum":1065658.634031267,"variance":36746.84944935403,"size":30},"n=100000 payload=\"object\" sendsPerBroadcast=10 serialization=\"json\" workers=1":{"mean":5230.23951315892,"sqsum":132411.41164635672,"variance":4565.910746426094,"size":30},"n=100000 payload=\"object\" sendsPerBroadcast=10 serialization=\"advanced\" workers=1":{"mean":801.0946349861598,"sqsum":5484.481469381449,"variance":189.12005066832583,"size":30}}}