{"echo":{"n=100000 payload=\"string\" sendsPerBroadcast=1 workers=1":{"mean":57859.77096642637,"sqsum":15041746.99888184,"variance":518680.9309959255,"size":30},"n=100000 payload=\"string\" sendsPerBroadcast=10 workers=1":{"mean":21573.697818802735,"sqsum":8653073.52156189,"variance":298381.84557109966,"size":30},"n=100000 payload=\"object\" sendsPerBroadcast=1 workers=1":{"mean":35369.26684296689,"sqsum":57971371.75906036,"variance":1999012.8192779436,"size":30},"n=100000 payload=\"object\" sendsPerBroadcast=10 workers=1":{"mean":10166.461462481117,"sqsum":2264594.0713131446,"variance":78089.45073493602,"size":30}},"messageport":{"n=1000000 payload=\"string\"":{"mean":519257.9863244646,"sqsum":3480052240.526419,"variance":120001801.39746273,"size":30},"n=1000000 payload=\"object\"":{"mean":210838.6221764183,"sqsum":498006003.6158826,"variance":17172620.814340778,"size":30}}}