{"creation":{"kind=\"duplex\" n=50000000":{"mean":2793795.8297321247,"sqsum":59655607158.686806,"variance":2057089902.0236828,"size":30},"kind=\"readable\" n=50000000":{"mean":7411240.720789181,"sqsum":39370001009.28541,"variance":1357586241.6994967,"size":30},"kind=\"transform\" n=50000000":{"mean":3281672.412316612,"sqsum":4181278719195.8843,"variance":144182024799.85806,"size":30},"kind=\"writable\" n=50000000":{"mean":7085399.025328872,"sqsum":53836478942.36613,"variance":1856430308.3574526,"size":30}},"pipe-object-mode":{"n=5000000":{"mean":9205775.02194483,"sqsum":322697050636.3797,"variance":11127484504.70275,"size":30}},"pipe":{"n=5000000":{"mean":4658134.145529144,"sqsum":61285641565.275085,"variance":2113297985.0094857,"size":30}},"readable-async-iterator":{"n=100000 sync=\"yes\"":{"mean":2380442.015649025,"sqsum":136018521372.81413,"variance":4690293840.441867,"size":30},"n=100000 sync=\"no\"":{"mean":1071061.590722019,"sqsum":10840861473.708023,"variance":373822809.4382077,"size":30}},"readable-bigread":{"n=1000":{"mean":693.5707171209676,"sqsum":83.81982749739478,"variance":2.8903388792205096,"size":30}},"readable-bigunevenread":{"n=1000":{"mean":374.6866700519141,"sqsum":2650.088774424943,"variance":91.38237153189458,"size":30}},"readable-boundaryread":{"n=2000 type=\"string\"":{"mean":234.39036016220672,"sqsum":600.5281533414586,"variance":20.70786735660202,"size":30},"n=2000 type=\"buffer\"":{"mean":769.1027557646698,"sqsum":164.15691717908808,"variance":5.660583351003038,"size":30}},"readable-from":{"n=10000000":{"mean":8930489.70380249,"sqsum":1774015212941.9688,"variance":61172938377.309265,"size":30}},"readable-readall":{"n=5000":{"mean":982.505195369603,"sqsum":79114.13174717574,"variance":2728.0735085233014,"size":30}},"readable-unevenread":{"n=1000":{"mean":127.4659233508217,"sqsum":23.971204669795238,"variance":0.8265932644756978,"size":30}},"writable-manywrites":{"callback=\"yes\" len=1024 n=2000000 sync=\"yes\" writev=\"yes\"":{"mean":25773735.140782822,"sqsum":77351181061989.56,"variance":2667282105585.847,"size":30},"callback=\"yes\" len=32768 n=2000000 sync=\"yes\" writev=\"yes\"":{"mean":5913721.542605106,"sqsum":798651480636.3851,"variance":27539706228.840866,"size":30},"callback=\"no\" len=1024 n=2000000 sync=\"yes\" writev=\"yes\"":{"mean":24514550.067612156,"sqsum":66988148378791.664,"variance":2309936150992.816,"size":30},"callback=\"no\" len=32768 n=2000000 sync=\"yes\" writev=\"yes\"":{"mean":5831550.6504993485,"sqsum":764274930838.014,"variance":26354307959.93152,"size":30},"callback=\"yes\" len=1024 n=2000000 sync=\"yes\" writev=\"no\"":{"mean":23762925.823493075,"sqsum":180006978078147.84,"variance":6207137175108.547,"size":30},"callback=\"yes\" len=32768 n=2000000 sync=\"yes\" writev=\"no\"":{"mean":5532095.722420899,"sqsum":249078583753.8672,"variance":8588916681.167834,"size":30},"callback=\"no\" len=1024 n=2000000 sync=\"yes\" writev=\"no\"":{"mean":22943172.094077572,"sqsum":152138515611776.03,"variance":5246155710750.897,"size":30},"callback=\"no\" len=32768 n=2000000 sync=\"yes\" writev=\"no\"":{"mean":5440867.3985605985,"sqsum":49670515990.48999,"variance":1712776413.465172,"size":30},"callback=\"yes\" len=1024 n=2000000 sync=\"no\" writev=\"yes\"":{"mean":14886289.55900113,"sqsum":840117968701.4141,"variance":28969585127.634968,"size":30},"callback=\"yes\" len=32768 n=2000000 sync=\"no\" writev=\"yes\"":{"mean":5690595.698083517,"sqsum":171068452370.13794,"variance":5898912150.694411,"size":30},"callback=\"no\" len=1024 n=2000000 sync=\"no\" writev=\"yes\"":{"mean":17335009.27677673,"sqsum":2441701309390.6035,"variance":84196596875.53806,"size":30},"callback=\"no\" len=32768 n=2000000 sync=\"no\" writev=\"yes\"":{"mean":5634671.970568442,"sqsum":582551580126.3303,"variance":20087985521.5976,"size":30},"callback=\"yes\" len=1024 n=2000000 sync=\"no\" writev=\"no\"":{"mean":5155034.740826377,"sqsum":88677646420.29176,"variance":3057849876.5617847,"size":30},"callback=\"yes\" len=32768 n=2000000 sync=\"no\" writev=\"no\"":{"mean":5808627.556662956,"sqsum":27796411766.90372,"variance":958496957.4794387,"size":30},"callback=\"no\" len=1024 n=2000000 sync=\"no\" writev=\"no\"":{"mean":5143212.763762895,"sqsum":960007231208.9526,"variance":33103697627.89492,"size":30},"callback=\"no\" len=32768 n=2000000 sync=\"no\" writev=\"no\"":{"mean":5768599.806835488,"sqsum":1354387122777.7212,"variance":46703004233.71452,"size":30}}}