{"bench-env":{"n=1000000 operation=\"get\"":{"mean":4372488.308281139,"sqsum":111424156291.98001,"variance":3842212285.930345,"size":30},"n=1000000 operation=\"set\"":{"mean":3387818.512401904,"sqsum":169880615373.92487,"variance":5857952254.273272,"size":30},"n=1000000 operation=\"enumerate\"":{"mean":31285.93491346682,"sqsum":10543106.130472925,"variance":363555.3838094112,"size":30},"n=1000000 operation=\"query\"":{"mean":4781629.925279449,"sqsum":478440905684.3819,"variance":16497962264.978687,"size":30},"n=1000000 operation=\"delete\"":{"mean":4013690.659227454,"sqsum":212298231854.98026,"variance":7320628684.654492,"size":30}},"bench-hrtime":{"n=1000000 type=\"raw\"":{"mean":17693217.572232936,"sqsum":414296782457.59894,"variance":14286095946.813755,"size":30},"n=1000000 type=\"diff\"":{"mean":16212126.96297108,"sqsum":1912280801031.508,"variance":65940717276.948555,"size":30},"n=1000000 type=\"bigint\"":{"mean":18333401.642946105,"sqsum":23188143070596.38,"variance":799591140365.3923,"size":30}},"coverage":{"n=100000":{"mean":474699.9964220728,"sqsum":2336014933.4896045,"variance":80552239.08584842,"size":30}},"memoryUsage":{"n=100000":{"mean":186936.3001999036,"sqsum":324732031.3602158,"variance":11197656.253800545,"size":30}},"next-tick-breadth-args":{"n=10000000":{"mean":3350658.523352351,"sqsum":17635282938.91282,"variance":608113204.7900971,"size":30}},"next-tick-breadth":{"n=10000000":{"mean":4726298.364237805,"sqsum":43700662243.50001,"variance":1506919387.706897,"size":30}},"next-tick-depth-args":{"n=7000000":{"mean":10236825.542476872,"sqsum":332073865802.8828,"variance":11450822958.720098,"size":30}},"next-tick-depth":{"n=7000000":{"mean":11874915.768516786,"sqsum":642557083958.5721,"variance":22157140826.15766,"size":30}},"next-tick-exec-args":{"n=4000000":{"mean":32727907.215750284,"sqsum":14229314162280.314,"variance":490666005595.8729,"size":30}},"next-tick-exec":{"n=4000000":{"mean":38525059.087367386,"sqsum":117811828501.62566,"variance":4062476844.883643,"size":30}},"queue-microtask-breadth":{"n=400000":{"mean":2953563.801171759,"sqsum":1130976421073.6707,"variance":38999186933.57485,"size":30}},"queue-microtask-depth":{"n=1200000":{"mean":5872508.336068747,"sqsum":100131141967.00215,"variance":3452797998.862143,"size":30}},"resourceUsage":{"n=100000":{"mean":1263668.9248349403,"sqsum":3133565616.2383604,"variance":108053986.76684001,"size":30}}}