{"ee-add-remove":{"n=1000000":{"mean":850664.1636235717,"sqsum":16353872269.969488,"variance":563926629.9989479,"size":30}},"ee-emit":{"argc=0 listeners=1 n=2000000":{"mean":34122225.07619217,"sqsum":20434856071912.86,"variance":704650209376.3054,"size":30},"argc=0 listeners=5 n=2000000":{"mean":11587042.458145823,"sqsum":1372223322250.1592,"variance":47318045594.83308,"size":30},"argc=0 listeners=10 n=2000000":{"mean":6252187.978275572,"sqsum":898133680219.8527,"variance":30970126904.13285,"size":30},"argc=2 listeners=1 n=2000000":{"mean":31843180.93697078,"sqsum":15731221295062.727,"variance":542455906726.3009,"size":30},"argc=2 listeners=5 n=2000000":{"mean":10490086.862424105,"sqsum":1539219676682.2002,"variance":53076540575.24828,"size":30},"argc=2 listeners=10 n=2000000":{"mean":5390575.506310675,"sqsum":157437011727.4735,"variance":5428862473.3611555,"size":30},"argc=4 listeners=1 n=2000000":{"mean":31736408.72251571,"sqsum":7695411465493.211,"variance":265359016051.49002,"size":30},"argc=4 listeners=5 n=2000000":{"mean":10142277.27633477,"sqsum":1106376386432.1724,"variance":38150909876.97146,"size":30},"argc=4 listeners=10 n=2000000":{"mean":5372696.899284702,"sqsum":378338434482.63055,"variance":13046152913.194159,"size":30},"argc=10 listeners=1 n=2000000":{"mean":30926981.06900591,"sqsum":7537689097467.462,"variance":259920313705.77454,"size":30},"argc=10 listeners=5 n=2000000":{"mean":9667289.008341938,"sqsum":1257968456309.8904,"variance":43378222631.375534,"size":30},"argc=10 listeners=10 n=2000000":{"mean":5045794.588417564,"sqsum":109695039405.81294,"variance":3782587565.717688,"size":30}},"ee-listener-count-on-prototype":{"n=50000000":{"mean":60707763.663507156,"sqsum":112711079697533.48,"variance":3886588955087.362,"size":30}},"ee-listeners":{"listeners=5 n=5000000 raw=\"true\"":{"mean":45305801.46202186,"sqsum":28835454795129.645,"variance":994326027418.2635,"size":30},"listeners=5 n=5000000 raw=\"false\"":{"mean":23269495.29709686,"sqsum":3808898977931.5493,"variance":131341344066.60515,"size":30},"listeners=50 n=5000000 raw=\"true\"":{"mean":12232788.167020475,"sqsum":4414714749861.36,"variance":152231543098.6676,"size":30},"listeners=50 n=5000000 raw=\"false\"":{"mean":4373999.29132874,"sqsum":248633739411.7319,"variance":8573577221.094203,"size":30}},"ee-once":{"argc=0 n=20000000":{"mean":4798311.963909751,"sqsum":102776741514.7174,"variance":3544025569.473014,"size":30},"argc=1 n=20000000":{"mean":4411774.356519007,"sqsum":177088389634.4126,"variance":6106496194.29009,"size":30},"argc=4 n=20000000":{"mean":4406722.081987326,"sqsum":177671019952.1474,"variance":6126586894.901635,"size":30},"argc=5 n=20000000":{"mean":4416940.645885247,"sqsum":94998659338.71988,"variance":3275815839.2662024,"size":30}},"eventtarget":{"listeners=1 n=1000000":{"mean":298111.0289258187,"sqsum":1761412024.5376434,"variance":60738345.673711844,"size":30},"listeners=5 n=1000000":{"mean":287855.44508090324,"sqsum":1091449347.1873589,"variance":37636184.38577099,"size":30},"listeners=10 n=1000000":{"mean":274986.1114153018,"sqsum":965014091.2054449,"variance":33276347.972601548,"size":30}}}