{"basename-posix":{"n=100000 pathext=\"\"":{"mean":7649307.974330345,"sqsum":222760991490.6666,"variance":7681413499.678159,"size":30},"n=100000 pathext=\"/\"":{"mean":6437139.119917838,"sqsum":1934953441775.661,"variance":66722532475.02279,"size":30},"n=100000 pathext=\"/foo\"":{"mean":5600933.074232026,"sqsum":734790569419.6826,"variance":25337605842.05802,"size":30},"n=100000 pathext=\"/foo/.bar.baz\"":{"mean":4027273.9953237344,"sqsum":313345229127.9095,"variance":10805007900.962395,"size":30},"n=100000 pathext=\"/foo/.bar.baz|.baz\"":{"mean":3037442.5363743934,"sqsum":96487280452.37686,"variance":3327147601.8060985,"size":30},"n=100000 pathext=\"foo\"":{"mean":6121583.372449586,"sqsum":295531159102.5732,"variance":10190729624.22666,"size":30},"n=100000 pathext=\"foo/bar.\"":{"mean":4667007.242373579,"sqsum":699006735406.0931,"variance":24103680531.24459,"size":30},"n=100000 pathext=\"foo/bar.|.\"":{"mean":3552590.8647266314,"sqsum":238127627322.0086,"variance":8211297493.862366,"size":30},"n=100000 pathext=\"/foo/bar/baz/asdf/quux.html\"":{"mean":3874226.3264090586,"sqsum":219775165887.60556,"variance":7578453996.12433,"size":30},"n=100000 pathext=\"/foo/bar/baz/asdf/quux.html|.html\"":{"mean":2981397.384821384,"sqsum":63162860306.05227,"variance":2178029665.72594,"size":30}},"basename-win32":{"n=100000 pathext=\"\"":{"mean":7168541.027639849,"sqsum":166557234778.6058,"variance":5743352923.400201,"size":30},"n=100000 pathext=\"C:\\\\\"":{"mean":5203220.673545366,"sqsum":1449251743822.9158,"variance":49974198062.85916,"size":30},"n=100000 pathext=\"C:\\\\foo\"":{"mean":4636734.669864817,"sqsum":517966576110.50397,"variance":17860916417.603584,"size":30},"n=100000 pathext=\"D:\\\\foo\\\\.bar.baz\"":{"mean":3464010.948756655,"sqsum":472930355698.66693,"variance":16307943299.954033,"size":30},"n=100000 pathext=\"E:\\\\foo\\\\.bar.baz|.baz\"":{"mean":2977706.4280006615,"sqsum":36833956490.0149,"variance":1270136430.6901689,"size":30},"n=100000 pathext=\"foo\"":{"mean":5034016.8677753825,"sqsum":548360565459.62695,"variance":18908985015.849205,"size":30},"n=100000 pathext=\"foo\\\\bar.\"":{"mean":4071409.4899415122,"sqsum":295999943273.31067,"variance":10206894595.631403,"size":30},"n=100000 pathext=\"foo\\\\bar.|.\"":{"mean":3431366.448323875,"sqsum":324293366775.79584,"variance":11182529888.820547,"size":30},"n=100000 pathext=\"\\\\foo\\\\bar\\\\baz\\\\asdf\\\\quux.html\"":{"mean":3465806.0846548327,"sqsum":229643750917.12057,"variance":7918750031.624847,"size":30},"n=100000 pathext=\"\\\\foo\\\\bar\\\\baz\\\\asdf\\\\quux.html|.html\"":{"mean":2972360.764827339,"sqsum":195826245958.12427,"variance":6752629170.969803,"size":30}},"dirname-posix":{"n=100000 path=\"\"":{"mean":7640899.219240415,"sqsum":217799583637.55832,"variance":7510330470.260632,"size":30},"n=100000 path=\"/\"":{"mean":6742719.404284947,"sqsum":434285276809.3017,"variance":14975354372.73454,"size":30},"n=100000 path=\"/foo\"":{"mean":5723823.396952509,"sqsum":987968517070.4302,"variance":34067879898.98035,"size":30},"n=100000 path=\"/foo/bar\"":{"mean":4739400.833997801,"sqsum":507251425020.62274,"variance":17491428448.98699,"size":30},"n=100000 path=\"foo\"":{"mean":6175349.757697198,"sqsum":486658109800.05,"variance":16781314131.036207,"size":30},"n=100000 path=\"foo/bar\"":{"mean":5367674.206225177,"sqsum":443342608800.3334,"variance":15287676165.528736,"size":30},"n=100000 path=\"/foo/bar/baz/asdf/quux\"":{"mean":4268543.275235555,"sqsum":106745932504.27696,"variance":3680894224.2854123,"size":30}},"dirname-win32":{"n=100000 path=\"\"":{"mean":6519989.124686605,"sqsum":1556496083882.313,"variance":53672278754.56252,"size":30},"n=100000 path=\"\\\\\"":{"mean":5565568.074337171,"sqsum":504094287300.9398,"variance":17382561631.06689,"size":30},"n=100000 path=\"\\\\foo\"":{"mean":4744792.943900898,"sqsum":572408112852.5397,"variance":19738210788.01861,"size":30},"n=100000 path=\"C:\\\\foo\\\\bar\"":{"mean":3883457.2299795942,"sqsum":247190150822.93842,"variance":8523798304.239256,"size":30},"n=100000 path=\"foo\"":{"mean":4857120.141572648,"sqsum":348274662622.0142,"variance":12009471124.897041,"size":30},"n=100000 path=\"foo\\\\bar\"":{"mean":4600789.851046999,"sqsum":388577813913.00183,"variance":13399234962.517305,"size":30},"n=100000 path=\"D:\\\\foo\\\\bar\\\\baz\\\\asdf\\\\quux\"":{"mean":3578512.2838928234,"sqsum":35112966206.88747,"variance":1210791938.1685333,"size":30}},"extname-posix":{"n=100000 path=\"\"":{"mean":8677463.316381034,"sqsum":204094777872.17642,"variance":7037750961.109531,"size":30},"n=100000 path=\"/\"":{"mean":7175286.208787487,"sqsum":1174326143500.482,"variance":40494004948.29248,"size":30},"n=100000 path=\"/foo\"":{"mean":6135925.541424478,"sqsum":167420841060.9743,"variance":5773132450.378425,"size":30},"n=100000 path=\"foo/.bar.baz\"":{"mean":3658310.513349695,"sqsum":162020848551.19452,"variance":5586925812.110156,"size":30},"n=100000 path=\"index.html\"":{"mean":3741206.720045272,"sqsum":68360311754.08091,"variance":2357252129.451066,"size":30},"n=100000 path=\"index\"":{"mean":5724559.3554236945,"sqsum":117796674909.29224,"variance":4061954307.216974,"size":30},"n=100000 path=\"foo/bar/..baz.quux\"":{"mean":3224784.3483334533,"sqsum":39137849780.0602,"variance":1349581026.8986278,"size":30},"n=100000 path=\"foo/bar/...baz.quux\"":{"mean":3069163.243021083,"sqsum":26835170792.194855,"variance":925350716.9722364,"size":30},"n=100000 path=\"/foo/bar/baz/asdf/quux\"":{"mean":4821974.27486187,"sqsum":418707215391.2874,"variance":14438179841.078876,"size":30},"n=100000 path=\"/foo/bar/baz/asdf/quux.foobarbazasdfquux\"":{"mean":2681279.160514071,"sqsum":57940983555.79695,"variance":1997964950.1998947,"size":30}},"extname-win32":{"n=100000 path=\"\"":{"mean":7513195.659115976,"sqsum":168328679390.63046,"variance":5804437220.366569,"size":30},"n=100000 path=\"\\\\\"":{"mean":6333706.931159326,"sqsum":667962627516.0308,"variance":23033194052.276924,"size":30},"n=100000 path=\"C:\\\\foo\"":{"mean":5048443.27901363,"sqsum":83592660767.04997,"variance":2882505543.6913786,"size":30},"n=100000 path=\"foo\\\\.bar.baz\"":{"mean":3356407.254433825,"sqsum":13585026664.368158,"variance":468449195.3230399,"size":30},"n=100000 path=\"index.html\"":{"mean":3406636.220346047,"sqsum":180296923210.5527,"variance":6217135283.122507,"size":30},"n=100000 path=\"index\"":{"mean":5324991.256068398,"sqsum":148528560457.23758,"variance":5121674498.5254345,"size":30},"n=100000 path=\"foo\\\\bar\\\\..baz.quux\"":{"mean":2932536.4817747436,"sqsum":74029377216.69234,"variance":2552737145.403184,"size":30},"n=100000 path=\"foo\\\\bar\\\\...baz.quux\"":{"mean":2822120.3237718344,"sqsum":65515221744.884544,"variance":2259145577.409812,"size":30},"n=100000 path=\"D:\\\\foo\\\\bar\\\\baz\\\\asdf\\\\quux\"":{"mean":4133452.139069289,"sqsum":180845387921.78333,"variance":6236047859.371839,"size":30},"n=100000 path=\"\\\\foo\\\\bar\\\\baz\\\\asdf\\\\quux.foobarbazasdfquux\"":{"mean":2507491.4710793067,"sqsum":34258619079.109085,"variance":1181331692.383072,"size":30}},"format-posix":{"n=1000000 props=\"/|/home/user/dir|index.html|.html|index\"":{"mean":3967761.2604308547,"sqsum":33237165580.662117,"variance":1146109157.9538662,"size":30}},"format-win32":{"n=1000000 props=\"C:\\\\|C:\\\\path\\\\dir|index.html|.html|index\"":{"mean":3753194.93545095,"sqsum":160416119608.14047,"variance":5531590331.315189,"size":30}},"isAbsolute-posix":{"n=100000 path=\"\"":{"mean":11301323.219317349,"sqsum":536435272942.3362,"variance":18497768032.49435,"size":30},"n=100000 path=\".\"":{"mean":9320722.8497077,"sqsum":790229962936.5259,"variance":27249309066.776752,"size":30},"n=100000 path=\"/foo/bar\"":{"mean":7259369.043077655,"sqsum":1363691501554.4746,"variance":47023844881.18878,"size":30},"n=100000 path=\"/baz/..\"":{"mean":8671216.913310938,"sqsum":2020771421413.7825,"variance":69681773152.1994,"size":30},"n=100000 path=\"bar/baz\"":{"mean":8689389.759212393,"sqsum":1923082372933.997,