{"echo":{"n=100000 payload=\"string\" sendsPerBroadcast=1 serialization=\"json\" workers=1":{"mean":39837.77800824042,"sqsum":35904998.82657138,"variance":1238103.4078128063,"size":30},"n=100000 payload=\"string\" sendsPerBroadcast=1 serialization=\"advanced\" workers=1":{"mean":28690.66195111447,"sqsum":10629505.920733446,"variance":366534.686921843,"size":30},"n=100000 payload=\"string\" sendsPerBroadcast=10 serialization=\"json\" workers=1":{"mean":17701.88678066623,"sqsum":1790415.783802975,"variance":61738.47530355086,"size":30},"n=100000 payload=\"string\" sendsPerBroadcast=10 serialization=\"advanced\" workers=1":{"mean":8375.978949568047,"sqsum":907492.874157096,"variance":31292.85772955504,"size":30},"n=100000 payload=\"object\" sendsPerBroadcast=1 serialization=\"json\" workers=1":{"mean":34157.66814567058,"sqsum":8751215.048971666,"variance":301766.0361714367,"size":30},"n=100000 payload=\"object\" sendsPerBroadcast=1 serialization=\"advanced\" workers=1":{"mean":23270.818653529397,"sqsum":3874587.891044396,"variance":133606.4790015309,"size":30},"n=100000 payload=\"object\" sendsPerBroadcast=10 serialization=\"json\" workers=1":{"mean":14222.045051099216,"sqsum":1572093.395759847,"variance":54210.117095167145,"size":30},"n=100000 payload=\"object\" sendsPerBroadcast=10 serialization=\"advanced\" workers=1":{"mean":6226.0147348239525,"sqsum":217933.46949711262,"variance":7514.947224038367,"size":30}}}