{"lookup-promises":{"all=\"true\" n=5000000 name=\"127.0.0.1\"":{"mean":15875280233.68048,"sqsum":12036399583894368000,"variance":415048261513598900,"size":30},"all=\"false\" n=5000000 name=\"127.0.0.1\"":{"mean":16504291348.220577,"sqsum":6591553863609784000,"variance":227294960814130500,"size":30},"all=\"true\" n=5000000 name=\"::1\"":{"mean":4633456477.284623,"sqsum":247192521726854500,"variance":8523880059546707,"size":30},"all=\"false\" n=5000000 name=\"::1\"":{"mean":4715311413.268433,"sqsum":143136234057509860,"variance":4935732208879650,"size":30}},"lookup":{"all=\"true\" n=5000000 name=\"127.0.0.1\"":{"mean":6225016.425941182,"sqsum":145374624955.03238,"variance":5012918101.897669,"size":30},"all=\"false\" n=5000000 name=\"127.0.0.1\"":{"mean":6622702.850660081,"sqsum":3505850160031.924,"variance":120891384828.68703,"size":30},"all=\"true\" n=5000000 name=\"::1\"":{"mean":3705313.791388914,"sqsum":87424589064.91087,"variance":3014641002.238306,"size":30},"all=\"false\" n=5000000 name=\"::1\"":{"mean":3864925.2911139796,"sqsum":119704213877.28778,"variance":4127731513.0099235,"size":30}}}