{"bench-env":{"n=1000000 operation=\"get\"":{"mean":2568533.43265597,"sqsum":1285625945585.5122,"variance":44331929158.12111,"size":30},"n=1000000 operation=\"set\"":{"mean":1966671.9870591045,"sqsum":1328907278258.4116,"variance":45824388905.46246,"size":30},"n=1000000 operation=\"enumerate\"":{"mean":20372.502208691312,"sqsum":17540190.57138416,"variance":604834.1576339366,"size":30},"n=1000000 operation=\"query\"":{"mean":2924648.328587731,"sqsum":2009283293780.2344,"variance":69285630820.00807,"size":30},"n=1000000 operation=\"delete\"":{"mean":2234162.2770298473,"sqsum":997545086523.6322,"variance":34398106431.84939,"size":30}},"bench-hrtime":{"n=1000000 type=\"raw\"":{"mean":17187325.41988737,"sqsum":6973765656118.324,"variance":240474677797.1836,"size":30},"n=1000000 type=\"diff\"":{"mean":15941403.050854757,"sqsum":5575138975107.53,"variance":192246171555.4321,"size":30},"n=1000000 type=\"bigint\"":{"mean":17840120.385534316,"sqsum":5398322043140.171,"variance":186149035970.35074,"size":30}},"memoryUsage":{"n=100000":{"mean":107787.8028084769,"sqsum":57828745.16076139,"variance":1994094.6607159101,"size":30}},"next-tick-breadth-args":{"n=10000000":{"mean":1738780.6709408436,"sqsum":13522741501.36783,"variance":466301431.0816493,"size":30}},"next-tick-breadth":{"n=10000000":{"mean":4162418.7465870343,"sqsum":40692841153.62489,"variance":1403201419.0905137,"size":30}},"next-tick-depth-args":{"n=7000000":{"mean":6519134.140392864,"sqsum":2611069322438.5156,"variance":90036873187.53503,"size":30}},"next-tick-depth":{"n=7000000":{"mean":8963335.756426916,"sqsum":1685303679554.8572,"variance":58113919984.650246,"size":30}},"next-tick-exec-args":{"n=4000000":{"mean":27238911.481738575,"sqsum":216660260052.07132,"variance":7471043450.0714245,"size":30}},"next-tick-exec":{"n=4000000":{"mean":30260840.633025195,"sqsum":227466139149.1658,"variance":7843659970.66089,"size":30}},"queue-microtask-breadth":{"n=400000":{"mean":1974563.9163427847,"sqsum":28467131081.628582,"variance":981625209.7113304,"size":30}},"queue-microtask-depth":{"n=1200000":{"mean":4018353.6759026125,"sqsum":58609824876.945206,"variance":2021028444.0325935,"size":30}},"resourceUsage":{"n=100000":{"mean":724103.4225185575,"sqsum":3662272001.7801003,"variance":126285241.44069313,"size":30}}}