{"echo":{"n=100000 payload=\"string\" sendsPerBroadcast=1 serialization=\"json\" workers=1":{"mean":39984.858561828754,"sqsum":17172842.86193619,"variance":592166.9952391789,"size":30},"n=100000 payload=\"string\" sendsPerBroadcast=1 serialization=\"advanced\" workers=1":{"mean":29241.666215923284,"sqsum":5591637.184935542,"variance":192815.0753426049,"size":30},"n=100000 payload=\"string\" sendsPerBroadcast=10 serialization=\"json\" workers=1":{"mean":18114.166278489545,"sqsum":2852819.5185264433,"variance":98373.08684573942,"size":30},"n=100000 payload=\"string\" sendsPerBroadcast=10 serialization=\"advanced\" workers=1":{"mean":8940.270526612265,"sqsum":792570.6984404423,"variance":27330.024084153185,"size":30},"n=100000 payload=\"object\" sendsPerBroadcast=1 serialization=\"json\" workers=1":{"mean":34163.98513138686,"sqsum":12370014.49678551,"variance":426552.2240270865,"size":30},"n=100000 payload=\"object\" sendsPerBroadcast=1 serialization=\"advanced\" workers=1":{"mean":23298.823463296136,"sqsum":5228590.877255843,"variance":180296.2371467532,"size":30},"n=100000 payload=\"object\" sendsPerBroadcast=10 serialization=\"json\" workers=1":{"mean":14742.335043360043,"sqsum":1480957.2666687989,"variance":51067.49195409651,"size":30},"n=100000 payload=\"object\" sendsPerBroadcast=10 serialization=\"advanced\" workers=1":{"mean":6357.604767200504,"sqsum":184057.89350799122,"variance":6346.823914068662,"size":30}}}