{"ee-add-remove":{"n=1000000 newListener=0 removeListener=0":{"mean":1266596.6598268307,"sqsum":546995884.9057155,"variance":18861927.065714326,"size":30},"n=1000000 newListener=0 removeListener=1":{"mean":892916.7881223729,"sqsum":4571712847.018027,"variance":157645270.5868285,"size":30},"n=1000000 newListener=1 removeListener=0":{"mean":952003.6830125287,"sqsum":8853569417.24017,"variance":305295497.14621276,"size":30},"n=1000000 newListener=1 removeListener=1":{"mean":697611.270683872,"sqsum":2373869056.720639,"variance":81857553.68002205,"size":30}},"ee-emit":{"argc=0 listeners=1 n=2000000":{"mean":59628731.9932609,"sqsum":13278775643255.395,"variance":457888815284.6688,"size":30},"argc=0 listeners=5 n=2000000":{"mean":15768998.578756152,"sqsum":4187195177993.2515,"variance":144386040620.45694,"size":30},"argc=0 listeners=10 n=2000000":{"mean":8666711.414638828,"sqsum":2838500221897.3413,"variance":97879317996.46005,"size":30},"argc=2 listeners=1 n=2000000":{"mean":59139865.492322326,"sqsum":12507828523734.785,"variance":431304431852.92365,"size":30},"argc=2 listeners=5 n=2000000":{"mean":16149256.087287832,"sqsum":1510465329556.8604,"variance":52085011364.02967,"size":30},"argc=2 listeners=10 n=2000000":{"mean":8083028.718007992,"sqsum":79210971788.45808,"variance":2731412820.291658,"size":30},"argc=4 listeners=1 n=2000000":{"mean":59014193.0048932,"sqsum":9519857977095.82,"variance":328270964727.44214,"size":30},"argc=4 listeners=5 n=2000000":{"mean":14964291.97952214,"sqsum":642674288158.7351,"variance":22161182350.301212,"size":30},"argc=4 listeners=10 n=2000000":{"mean":7454044.1683590235,"sqsum":49549288297.671745,"variance":1708596148.1955774,"size":30},"argc=10 listeners=1 n=2000000":{"mean":59018661.774071075,"sqsum":11937862289772.244,"variance":411650423785.2498,"size":30},"argc=10 listeners=5 n=2000000":{"mean":14494405.443509271,"sqsum":338499521294.3841,"variance":11672397286.013245,"size":30},"argc=10 listeners=10 n=2000000":{"mean":7318537.167089062,"sqsum":41064779377.77464,"variance":1416026875.0956774,"size":30}},"ee-listener-count-on-prototype":{"n=50000000":{"mean":77555510.47119774,"sqsum":83483513564382.81,"variance":2878741847047.683,"size":30}},"ee-listeners":{"listeners=5 n=5000000 raw=\"true\"":{"mean":57868733.90976116,"sqsum":62899738469412.8,"variance":2168956498945.2688,"size":30},"listeners=5 n=5000000 raw=\"false\"":{"mean":29285952.188645925,"sqsum":3255719839278.2495,"variance":112266201354.4224,"size":30},"listeners=50 n=5000000 raw=\"true\"":{"mean":20427951.837814335,"sqsum":846677228571.9415,"variance":29195766502.480743,"size":30},"listeners=50 n=5000000 raw=\"false\"":{"mean":5380807.256108606,"sqsum":8084400749.199967,"variance":278772439.62758505,"size":30}},"ee-once":{"argc=0 n=20000000":{"mean":7657156.295084457,"sqsum":5549264537734.312,"variance":191353949577.04523,"size":30},"argc=1 n=20000000":{"mean":7535320.284600846,"sqsum":1111266155217.9797,"variance":38319522593.723434,"size":30},"argc=4 n=20000000":{"mean":7461494.097424206,"sqsum":26470015304.951134,"variance":912759148.4465908,"size":30},"argc=5 n=20000000":{"mean":7443664.501771999,"sqsum":29581068519.526756,"variance":1020036845.5009227,"size":30}},"eventtarget":{"listeners=1 n=1000000":{"mean":2719960.9834465054,"sqsum":158703757713.5759,"variance":5472543369.433651,"size":30},"listeners=5 n=1000000":{"mean":2367935.4356247047,"sqsum":217523966082.19812,"variance":7500826416.6275215,"size":30},"listeners=10 n=1000000":{"mean":2037006.4164215727,"sqsum":60878150699.08112,"variance":2099246575.8303835,"size":30}}}