{"bench-env":{"n=1000000 operation=\"get\"":{"mean":4166468.0382120796,"sqsum":335323487197.30096,"variance":11562878868.872446,"size":30},"n=1000000 operation=\"set\"":{"mean":3263103.7886394435,"sqsum":99563295826.70409,"variance":3433217097.4725547,"size":30},"n=1000000 operation=\"enumerate\"":{"mean":30533.485518811518,"sqsum":4981026.2841191115,"variance":171759.52703859005,"size":30},"n=1000000 operation=\"query\"":{"mean":4667278.675315776,"sqsum":602985291178.105,"variance":20792596247.52086,"size":30},"n=1000000 operation=\"delete\"":{"mean":3828137.467961803,"sqsum":240689624157.1796,"variance":8299642212.316538,"size":30}},"bench-hrtime":{"n=1000000 type=\"raw\"":{"mean":21631136.395508267,"sqsum":40723124544791.2,"variance":1404245673958.3174,"size":30},"n=1000000 type=\"diff\"":{"mean":19598606.97173596,"sqsum":10626975280688.77,"variance":366447423472.02655,"size":30},"n=1000000 type=\"bigint\"":{"mean":21845146.16026604,"sqsum":15409322804872.3,"variance":531355958788.7,"size":30}},"coverage":{"n=100000":{"mean":481651.8191905312,"sqsum":2386765683.594342,"variance":82302264.95152904,"size":30}},"memoryUsage":{"n=100000":{"mean":192505.64828245548,"sqsum":181418470.52686328,"variance":6255809.328512527,"size":30}},"next-tick-breadth-args":{"n=10000000":{"mean":2538229.543370223,"sqsum":35167359109.09923,"variance":1212667555.4861803,"size":30}},"next-tick-breadth":{"n=10000000":{"mean":5294657.253168391,"sqsum":192332836134.8108,"variance":6632166763.269338,"size":30}},"next-tick-depth-args":{"n=7000000":{"mean":10115876.162007144,"sqsum":290055320476.22833,"variance":10001907602.628563,"size":30}},"next-tick-depth":{"n=7000000":{"mean":11920643.98866774,"sqsum":2486438297204.1626,"variance":85739251627.72975,"size":30}},"next-tick-exec-args":{"n=4000000":{"mean":31989825.68641501,"sqsum":25970455391392.38,"variance":895532944530.7717,"size":30}},"next-tick-exec":{"n=4000000":{"mean":34756291.13791595,"sqsum":225487228127.18005,"variance":7775421659.557933,"size":30}},"queue-microtask-breadth":{"n=400000":{"mean":3030497.31865428,"sqsum":19534538174.533802,"variance":673604764.6390966,"size":30}},"queue-microtask-depth":{"n=1200000":{"mean":6297414.560874216,"sqsum":246637176852.9616,"variance":8504730236.309021,"size":30}},"resourceUsage":{"n=100000":{"mean":1189352.457540555,"sqsum":1286150341.708307,"variance":44350011.78304507,"size":30}}}