{"atomics-wait":{"n=10000000":{"mean":10143169.123180062,"sqsum":747550814784.2554,"variance":25777614302.905357,"size":30}},"echo":{"n=100000 payload=\"string\" sendsPerBroadcast=1 workers=1":{"mean":55666.25499063887,"sqsum":14873845.558699708,"variance":512891.2261620589,"size":30},"n=100000 payload=\"string\" sendsPerBroadcast=10 workers=1":{"mean":20173.733439239397,"sqsum":9942558.141547082,"variance":342846.83246714075,"size":30},"n=100000 payload=\"object\" sendsPerBroadcast=1 workers=1":{"mean":35845.470142566555,"sqsum":8081269.567786901,"variance":278664.4678547207,"size":30},"n=100000 payload=\"object\" sendsPerBroadcast=10 workers=1":{"mean":9939.669130082444,"sqsum":903730.7254606069,"variance":31163.128464158857,"size":30}},"messageport":{"n=1000000 payload=\"string\"":{"mean":484767.6289403999,"sqsum":6337187874.509903,"variance":218523719.8106863,"size":30},"n=1000000 payload=\"object\"":{"mean":198533.89284636747,"sqsum":168588753.84766102,"variance":5813405.305091759,"size":30}}}