{"arguments":{"method=\"restAndSpread\" n=1000000":{"mean":3215226.807319591,"sqsum":53829938455.18195,"variance":1856204774.3166192,"size":30},"method=\"argumentsAndApply\" n=1000000":{"mean":3218835.7197809243,"sqsum":46779326026.530495,"variance":1613080207.8113964,"size":30},"method=\"restAndApply\" n=1000000":{"mean":3223607.857707463,"sqsum":28636840293.833004,"variance":987477251.5114828,"size":30},"method=\"predefined\" n=1000000":{"mean":3232994.1449072245,"sqsum":58343341391.51462,"variance":2011839358.3280902,"size":30}},"freelist":{"n=100000":{"mean":148060.43767186784,"sqsum":2036689.6223914525,"variance":70230.67663418803,"size":30}},"getstringwidth":{"n=100000 type=\"ascii\"":{"mean":240705.61029929586,"sqsum":8986599.48870961,"variance":309882.7409899866,"size":30},"n=100000 type=\"mixed\"":{"mean":111571.44307017828,"sqsum":1527762.0725995973,"variance":52681.45077929646,"size":30},"n=100000 type=\"emojiseq\"":{"mean":148613.42339361747,"sqsum":9471712.348329427,"variance":326610.7706320492,"size":30},"n=100000 type=\"fullwidth\"":{"mean":235781.94849113855,"sqsum":40569070.14405934,"variance":1398933.4532434253,"size":30}},"object-property-bench":{"method=\"property\" n=1000000000":{"mean":1146398563.7326741,"sqsum":42267935949319.484,"variance":1457515032735.1548,"size":30},"method=\"string\" n=1000000000":{"mean":1146854048.9215996,"sqsum":29804555590350.336,"variance":1027743296218.9772,"size":30},"method=\"variable\" n=1000000000":{"mean":1145377756.9636219,"sqsum":44354622120059.76,"variance":1529469728277.9226,"size":30},"method=\"symbol\" n=1000000000":{"mean":1145574245.755663,"sqsum":45575999914443.59,"variance":1571586203946.3308,"size":30}},"print":{"code=\"1\" dur=1":{"mean":28.147935090364328,"sqsum":1.4289737719196351,"variance":0.04927495765240121,"size":30},"code=\"\\\"string\\\"\" dur=1":{"mean":28.07615995683003,"sqsum":1.4662122041549572,"variance":0.05055904152258473,"size":30},"code=\"process.versions\" dur=1":{"mean":28.15417374485882,"sqsum":1.7088403250160185,"variance":0.05892552844882822,"size":30},"code=\"process\" dur=1":{"mean":28.013492230187577,"sqsum":1.5408874475814205,"variance":0.05313404991660071,"size":30}},"punycode":{"method=\"punycode\" n=1024 val=\"افغانستا.icom.museum\"":{"mean":84513.87143500987,"sqsum":117302836.21811695,"variance":4044925.386831619,"size":30},"method=\"punycode\" n=1024 val=\"الجزائر.icom.museum\"":{"mean":87498.12062512296,"sqsum":85260641.78821595,"variance":2940022.130628136,"size":30},"method=\"punycode\" n=1024 val=\"österreich.icom.museum\"":{"mean":101807.7143358709,"sqsum":69215583.58247127,"variance":2386744.2614645264,"size":30},"method=\"punycode\" n=1024 val=\"বাংলাদেশ.icom.museum\"":{"mean":83470.98408575146,"sqsum":120909411.45047563,"variance":4169290.0500164013,"size":30},"method=\"punycode\" n=1024 val=\"беларусь.icom.museum\"":{"mean":84373.00589642578,"sqsum":100422505.87357134,"variance":3462845.0301231495,"size":30},"method=\"punycode\" n=1024 val=\"belgië.icom.museum\"":{"mean":107032.31444846562,"sqsum":196281636.8130388,"variance":6768332.30389789,"size":30},"method=\"punycode\" n=1024 val=\"българия.icom.museum\"":{"mean":83515.43986638622,"sqsum":122249482.7137591,"variance":4215499.403922727,"size":30},"method=\"punycode\" n=1024 val=\"تشادر.icom.museum\"":{"mean":93131.13989458836,"sqsum":126102640.69453226,"variance":4348366.920501112,"size":30},"method=\"punycode\" n=1024 val=\"中国.icom.museum\"":{"mean":96975.2543284865,"sqsum":89516801.09972349,"variance":3086786.244818051,"size":30},"method=\"punycode\" n=1024 val=\"القمر.icom.museum\"":{"mean":93525.23180045777,"sqsum":78281958.88985215,"variance":2699377.8927535224,"size":30},"method=\"punycode\" n=1024 val=\"κυπρος.icom.museum\"":{"mean":89652.75270242254,"sqsum":173354672.10452878,"variance":5977747.313949268,"size":30},"method=\"punycode\" n=1024 val=\"českárepublika.icom.museum\"":{"mean":91259.15216262697,"sqsum":135651671.36179385,"variance":4677643.840061857,"size":30},"method=\"punycode\" n=1024 val=\"مصر.icom.museum\"":{"mean":96924.53601188124,"sqsum":202283203.09288326,"variance":6975282.8652718365,"size":30},"method=\"punycode\" n=1024 val=\"ελλάδα.icom.museum\"":{"mean":89765.21020781243,"sqsum":151440338.6812639,"variance":5222080.644181513,"size":30},"method=\"punycode\" n=1024 val=\"magyarország.icom.museum\"":{"mean":100580.3491264457,"sqsum":115958605.9248032,"variance":3998572.618096662,"size":30},"method=\"punycode\" n=1024 val=\"ísland.icom.museum\"":{"mean":107581.42201556596,"sqsum":171682310.50107816,"variance":5920079.672450971,"size":30},"method=\"punycode\" n=1024 val=\"भारत.icom.museum\"":{"mean":95775.08519785383,"sqsum":99727476.74607229,"variance":3438878.5084852516,"size":30},"method=\"punycode\" n=1024 val=\"ايران.icom.museum\"":{"mean":92733.93886120124,"sqsum":148989318.1456691,"variance":5137562.694678245,"size":30},"method=\"punycode\" n=1024 val=\"éire.icom.museum\"":{"mean":107266.79257004644,"sqsum":811132161.7969296,"variance":27970074.544721708,"size":30},"method=\"punycode\" n=1024 val=\"איקו״ם.ישראל.museum\"":{"mean":71725.03820819646,"sqsum":49101428.20146064,"variance":1693152.696602091,"size":30},"method=\"punycode\" n=1024 val=\"日本.icom.museum\"":{"mean":97609.62833547303,"sqsum":112697956.70845002,"variance":3886136.4382224143,"size":30},"method=\"punycode\" n=1024 val=\"الأردن.icom.museum\"":{"mean":89667.88895862464,"sqsum":84680597.41936369,"variance":2920020.6006677137,"size":30},"method=\"icu\" n=1024 val=\"افغانستا.icom.museum\"":{"mean":229310.59658112514,"sqsum":364932187.60229397,"variance":12583868.538010137,"size":30},"method=\"icu\" n=1024 val=\"الجزائر.icom.museum\"":{"mean":246069.3660566109,"sqsum":424174327.159137,"variance":14626700.936521966,"size":30},"method=\"icu\" n=1024 val=\"österreich.icom.museum\"":{"mean":265682.92528497736,"sqsum":752862455.0867583,"variance":25960774.31333649,"size":30},"method=\"icu\" n=1024 val=\"বাংলাদেশ.icom.museum\"":{"mean":200404.1353122683,"sqsum":218650139.4287716,"variance":7539659.980302468,"size":30},"method=\"icu\" n=1024 val=\"беларусь.icom.museum\"":{"mean":228624.745718406,"sqsum":569108819.7929144,"variance":19624442.061824635,"size":30},"method=\"icu\" n=1024 val=\"belgië.icom.museum\"":{"mean":282076.3629583294,"sqsum":549992300.4165668,"variance":18965251.738502305,"size":30},"method=\"icu\" n=1024 val=\"българия.icom.museum\"":{"mean":229218.51156048462,"sqsum":422883782.55355376,"variance":14582199.398398405,"size":30},"method=\"icu\" n=1024 val=\"تشادر.icom.museum\"":{"mean":266783.79248343833,"sqsum":651995099.6561503,"variance":22482589.64331553,"size":30},"method=\"icu\" n=1024 val=\"中国.icom.museum\"":{"mean":294586.0588238012,"sqsum":516192032.05696213,"variance":17799725.24334352,"size":30},"method=\"icu\" n=1024 val=\"القمر.icom.museum\"":{"mean":262304.09285371215,"sqsum":932895650.9215412,"variance":32168815.549018662,"size":30},"method=\"icu\" n=1024 val=\"κυπρος.icom.museum\"":{"mean":259060.8402105897,"sqsum":459825494.48514766,"variance":15856051.53397061,"size":30},"method=\"icu\" n=1024 val=\"českárepublika.icom.museum\"":{"mean":249275.6141284433,"sqsum":699180650.2625881,"variance":24109677.59526166,"size":30},"method=\"icu\" n=1024 val=\"مصر.icom.museum\"":{"mean":285595.06808706524,"sqsum":1199918482.6800666,"variance":41376499.402760915,"size":30},"method=\"icu\" n=1024 val=\"ελλάδα.icom.museum\"":{"mean":262094.2082365101,"sqsum":995121460.5332487,"variance":34314533.12183616,"size":30},"method=\"icu\" n=1024 val=\"magyarország.icom.museum\"":{"mean":254497.6761260764,"sqsum":477696870.65100586,"variance":16472305.884517444,"size":30},"method=\"icu\" n=1024 val=\"ísland.icom.museum\"":{"mean":290864.0286251833,"sqsum":1281407211.5436854,"variance":44186455.57047191,"size":30},"method=\"icu\" n=1024 val=\"भारत.icom.museum\"":{"mean":274197.51651247224,"sqsum":709107033.3526003,"variance":24451966.667331047,"size":30},