{"querystring-parse":{"n=1000000 type=\"noencode\"":{"mean":1337475.022107755,"sqsum":24957458444.494396,"variance":860602015.3273929,"size":30},"n=1000000 type=\"multicharsep\"":{"mean":1050519.6936542653,"sqsum":17401414276.6765,"variance":600048768.1612585,"size":30},"n=1000000 type=\"encodefake\"":{"mean":1313505.1588491802,"sqsum":16277510525.5354,"variance":561293466.3977724,"size":30},"n=1000000 type=\"encodemany\"":{"mean":545247.916083157,"sqsum":2590207498.7976727,"variance":89317499.95854044,"size":30},"n=1000000 type=\"encodelast\"":{"mean":1084652.2455190278,"sqsum":13823025735.211155,"variance":476656059.8348674,"size":30},"n=1000000 type=\"multivalue\"":{"mean":962866.4635635723,"sqsum":18481729269.06683,"variance":637301009.2781665,"size":30},"n=1000000 type=\"multivaluemany\"":{"mean":391792.4089317734,"sqsum":792561160.8998384,"variance":27329695.203442704,"size":30},"n=1000000 type=\"manypairs\"":{"mean":234862.20833479532,"sqsum":5724210403.394125,"variance":197386565.63428017,"size":30},"n=1000000 type=\"manyblankpairs\"":{"mean":4775868.952507677,"sqsum":648557505091.0054,"variance":22364051899.68984,"size":30},"n=1000000 type=\"altspaces\"":{"mean":743822.5532094616,"sqsum":3419897572.1784415,"variance":117927502.48891178,"size":30}},"querystring-stringify":{"n=1000000 type=\"noencode\"":{"mean":1794358.8550137468,"sqsum":43173068194.844864,"variance":1488726489.4774091,"size":30},"n=1000000 type=\"encodemany\"":{"mean":1106583.7137061595,"sqsum":28827358915.953995,"variance":994046859.1708274,"size":30},"n=1000000 type=\"encodelast\"":{"mean":1554945.254887376,"sqsum":17241395003.45494,"variance":594530862.1881014,"size":30},"n=1000000 type=\"array\"":{"mean":1512557.8139589245,"sqsum":9877603887.501425,"variance":340607030.6034974,"size":30}},"querystring-unescapebuffer":{"input=\"there is nothing to unescape here\" n=10000000":{"mean":3786842.141043576,"sqsum":4531548725.409695,"variance":156260300.87619635,"size":30},"input=\"there%20are%20several%20spaces%20that%20need%20to%20be%20unescaped\" n=10000000":{"mean":1671570.8620708555,"sqsum":1301512966.4332354,"variance":44879757.46321501,"size":30},"input=\"there%2Qare%0-fake%escaped values in%%%%this%9Hstring\" n=10000000":{"mean":2157212.6505965493,"sqsum":1393399041.880573,"variance":48048242.82346804,"size":30},"input=\"%20%21%22%23%24%25%26%27%28%29%2A%2B%2C%2D%2E%2F%30%31%32%33%34%35%36%37\" n=10000000":{"mean":1872048.568120197,"sqsum":1543247146.693851,"variance":53215418.851512104,"size":30}}}