{"defaultparams-bench":{"method=\"withoutdefaults\" n=100000000":{"mean":561980620.9911425,"sqsum":585930502337913,"variance":20204500080617.69,"size":30},"method=\"withdefaults\" n=100000000":{"mean":564325395.2211926,"sqsum":513094825051232.25,"variance":17692925001766.63,"size":30}},"destructuring-bench":{"method=\"swap\" n=100000000":{"mean":378255111.9912852,"sqsum":55661262785787.04,"variance":1919353889165.0703,"size":30},"method=\"destructure\" n=100000000":{"mean":264244509.69342646,"sqsum":22227426018544.81,"variance":766462966156.7175,"size":30}},"destructuring-object-bench":{"method=\"normal\" n=100000000":{"mean":1120490602.8179812,"sqsum":3300007147950631,"variance":113793349929332.11,"size":30},"method=\"destructureObject\" n=100000000":{"mean":1127508725.378489,"sqsum":3366024332883920.5,"variance":116069804582204.14,"size":30}},"foreach-bench":{"count=5 method=\"for\" n=5000000":{"mean":177950542.83576128,"sqsum":102947694991918.77,"variance":3549920516962.7163,"size":30},"count=10 method=\"for\" n=5000000":{"mean":115743316.05614315,"sqsum":4944325383639.394,"variance":170493978746.18597,"size":30},"count=20 method=\"for\" n=5000000":{"mean":68323216.45351273,"sqsum":191992773174192.9,"variance":6620440454282.515,"size":30},"count=100 method=\"for\" n=5000000":{"mean":14302641.226287091,"sqsum":166150646342.9718,"variance":5729332632.516269,"size":30},"count=5 method=\"for-of\" n=5000000":{"mean":124967666.15284674,"sqsum":28085746503198.152,"variance":968474017351.6604,"size":30},"count=10 method=\"for-of\" n=5000000":{"mean":84530607.01403512,"sqsum":10751360355496.166,"variance":370736563982.62646,"size":30},"count=20 method=\"for-of\" n=5000000":{"mean":30180824.953391064,"sqsum":5518315535604.345,"variance":190286742607.04636,"size":30},"count=100 method=\"for-of\" n=5000000":{"mean":12631908.430120654,"sqsum":48556222204.767105,"variance":1674352489.8195555,"size":30},"count=5 method=\"for-in\" n=5000000":{"mean":3891820.7556105363,"sqsum":87549845588.4597,"variance":3018960192.705507,"size":30},"count=10 method=\"for-in\" n=5000000":{"mean":2406641.875248112,"sqsum":15419158753.115309,"variance":531695129.41776925,"size":30},"count=20 method=\"for-in\" n=5000000":{"mean":1467292.698906765,"sqsum":1606127044.1153336,"variance":55383691.17639081,"size":30},"count=100 method=\"for-in\" n=5000000":{"mean":355506.6952895354,"sqsum":141369179.12343886,"variance":4874799.280118582,"size":30},"count=5 method=\"forEach\" n=5000000":{"mean":142583873.47660446,"sqsum":22429513735580.234,"variance":773431508123.4563,"size":30},"count=10 method=\"forEach\" n=5000000":{"mean":115142974.4453007,"sqsum":76001966994752.16,"variance":2620757482577.6606,"size":30},"count=20 method=\"forEach\" n=5000000":{"mean":76070744.09511797,"sqsum":10563568268423.47,"variance":364260974773.22314,"size":30},"count=100 method=\"forEach\" n=5000000":{"mean":22766005.83436618,"sqsum":692254995289.8479,"variance":23870861906.54648,"size":30}},"map-bench":{"method=\"object\" n=1000000":{"mean":465025.6098038697,"sqsum":659246214.0834057,"variance":22732628.07184158,"size":30},"method=\"nullProtoObject\" n=1000000":{"mean":482363.57544009463,"sqsum":577335389.3832732,"variance":19908116.875285283,"size":30},"method=\"nullProtoLiteralObject\" n=1000000":{"mean":480619.76653595374,"sqsum":956986999.6837573,"variance":32999551.713233013,"size":30},"method=\"storageObject\" n=1000000":{"mean":478589.2745492821,"sqsum":1069840093.7273625,"variance":36891037.71473664,"size":30},"method=\"fakeMap\" n=1000000":{"mean":427123.36045194964,"sqsum":769416484.6375039,"variance":26531602.918534614,"size":30},"method=\"map\" n=1000000":{"mean":900242.2959587586,"sqsum":495417141.2001879,"variance":17083349.696558204,"size":30}},"restparams-bench":{"method=\"copy\" n=100000000":{"mean":41978941.878253564,"sqsum":560081518519.7892,"variance":19313155811.027214,"size":30},"method=\"rest\" n=100000000":{"mean":172083139.2784042,"sqsum":25915654775059.17,"variance":893643268105.4886,"size":30},"method=\"arguments\" n=100000000":{"mean":171837945.4079706,"sqsum":4974985067663.994,"variance":171551209229.7929,"size":30}},"spread-assign":{"count=5 method=\"spread\" n=1000000":{"mean":31097011.98622363,"sqsum":2016450025594.4065,"variance":69532759503.2554,"size":30},"count=10 method=\"spread\" n=1000000":{"mean":26515963.90389993,"sqsum":3556271441261.733,"variance":122630049698.68045,"size":30},"count=20 method=\"spread\" n=1000000":{"mean":166729.96987566835,"sqsum":327230139.0621478,"variance":11283797.898694752,"size":30},"count=5 method=\"assign\" n=1000000":{"mean":8819660.001968509,"sqsum":346944380596.6656,"variance":11963599330.919502,"size":30},"count=10 method=\"assign\" n=1000000":{"mean":4817996.62312429,"sqsum":61680587333.261215,"variance":2126916804.5952141,"size":30},"count=20 method=\"assign\" n=1000000":{"mean":137869.7380021731,"sqsum":176789214.03759488,"variance":6096179.794399823,"size":30},"count=5 method=\"_extend\" n=1000000":{"mean":4806962.469242526,"sqsum":8257899066.424316,"variance":284755140.2215282,"size":30},"count=10 method=\"_extend\" n=1000000":{"mean":2492158.3386137276,"sqsum":1832722176.3487825,"variance":63197316.42582009,"size":30},"count=20 method=\"_extend\" n=1000000":{"mean":434280.718703435,"sqsum":1243223666.114713,"variance":42869781.590162516,"size":30}},"spread-bench":{"context=\"context\" count=5 method=\"apply\" n=5000000 rest=0":{"mean":46429475.356294766,"sqsum":13196963843934.055,"variance":455067718756.3467,"size":30},"context=\"context\" count=5 method=\"apply\" n=5000000 rest=1":{"mean":45245714.88312235,"sqsum":12652551150823.865,"variance":436294867269.78845,"size":30},"context=\"null\" count=5 method=\"apply\" n=5000000 rest=0":{"mean":46924383.74574207,"sqsum":20110845210051.402,"variance":693477421036.2552,"size":30},"context=\"null\" count=5 method=\"apply\" n=5000000 rest=1":{"mean":45386712.80769124,"sqsum":7079219478540.742,"variance":244111016501.4049,"size":30},"context=\"context\" count=10 method=\"apply\" n=5000000 rest=0":{"mean":38664009.07821681,"sqsum":5999836917444.938,"variance":206890928187.7565,"size":30},"context=\"context\" count=10 method=\"apply\" n=5000000 rest=1":{"mean":38016100.032927744,"sqsum":5494348805583.283,"variance":189460303640.80286,"size":30},"context=\"null\" count=10 method=\"apply\" n=5000000 rest=0":{"mean":38718936.82450122,"sqsum":5403599101600.108,"variance":186331003503.452,"size":30},"context=\"null\" count=10 method=\"apply\" n=5000000 rest=1":{"mean":38133896.6723931,"sqsum":5453081011861.519,"variance":188037276271.08685,"size":30},"context=\"context\" count=20 method=\"apply\" n=5000000 rest=0":{"mean":28342669.41849817,"sqsum":2826372024960.4487,"variance":97461104308.98099,"size":30},"context=\"context\" count=20 method=\"apply\" n=5000000 rest=1":{"mean":27970875.3831443,"sqsum":2574453829882.5254,"variance":88774269995.94914,"size":30},"context=\"null\" count=20 method=\"apply\" n=5000000 rest=0":{"mean":28233420.712378163,"sqsum":29398147654745.48,"variance":1013729229473.982,"size":30},"context=\"null\" count=20 method=\"apply\" n=5000000 rest=1":{"mean":27963038.289429452,"sqsum":1914804326965.6677,"variance":66027735412.60924,"size":30},"context=\"context\" count=5 method=\"spread\" n=5000000 rest=0":{"mean":51752940.34893953,"sqsum":8530186219148.05,"variance":294144352384.4155,"size":30},"context=\"context\" count=5 method=\"spread\" n=5000000 rest=1":{"mean":49250129.08235069,"sqsum":7978537409340.078,"variance":275121979632.4165,"size":30},"context=\"null\" count=5 method=\"spread\" n=5000000 rest=0":{"mean":56982292.99642879,"sqsum":7903193643773.235,"variance":272523918750.8012,"size":30},"context=\"null\" count=5 method=\"spread\" n=5000000 rest=1":{"mean":55749590.444628775,"sqsum":8718658682589.351,"variance":300643402847.9086,"size":30},"context=\"context\" count=10 method=\"spread\" n=5000000 rest=0":{"mean":39976485.582880504,"sqsum":288505434608393.5,