{"bench-env":{"n=1000000 operation=\"get\"":{"mean":4301296.150051775,"sqsum":362075087438.21173,"variance":12485347842.696957,"size":30},"n=1000000 operation=\"set\"":{"mean":3304373.5350744533,"sqsum":159408734822.19528,"variance":5496852924.903285,"size":30},"n=1000000 operation=\"enumerate\"":{"mean":31894.91001939759,"sqsum":4145140.700280238,"variance":142935.88621655994,"size":30},"n=1000000 operation=\"query\"":{"mean":4840462.651314722,"sqsum":148614317692.949,"variance":5124631644.584449,"size":30},"n=1000000 operation=\"delete\"":{"mean":3980747.518592231,"sqsum":160697434733.86572,"variance":5541290852.891921,"size":30}},"bench-hrtime":{"n=1000000 type=\"raw\"":{"mean":22673422.068815447,"sqsum":2457791377534.3154,"variance":84751426811.52812,"size":30},"n=1000000 type=\"diff\"":{"mean":20111017.786603946,"sqsum":974690494716.7411,"variance":33610017059.197968,"size":30},"n=1000000 type=\"bigint\"":{"mean":21866244.286938492,"sqsum":1035137626620.8832,"variance":35694400917.96149,"size":30}},"coverage":{"n=100000":{"mean":480366.3827995301,"sqsum":1181064648.3385084,"variance":40726367.184086494,"size":30}},"memoryUsage":{"n=100000":{"mean":190988.83862094715,"sqsum":184784391.59143454,"variance":6371875.572118433,"size":30}},"next-tick-breadth-args":{"n=10000000":{"mean":2548124.4200075627,"sqsum":57424440472.4217,"variance":1980153119.7386794,"size":30}},"next-tick-breadth":{"n=10000000":{"mean":5467240.621940609,"sqsum":36748760308.17391,"variance":1267198631.3163416,"size":30}},"next-tick-depth-args":{"n=7000000":{"mean":9551800.410743212,"sqsum":1644918281399.9263,"variance":56721320048.27332,"size":30}},"next-tick-depth":{"n=7000000":{"mean":11917875.635456521,"sqsum":971393172833.3004,"variance":33496316304.596565,"size":30}},"next-tick-exec-args":{"n=4000000":{"mean":32508016.78901763,"sqsum":27277998609037.363,"variance":940620641690.9436,"size":30}},"next-tick-exec":{"n=4000000":{"mean":34752343.25353189,"sqsum":84180277339.92227,"variance":2902768184.1352506,"size":30}},"queue-microtask-breadth":{"n=400000":{"mean":3028439.093026506,"sqsum":14775913639.914106,"variance":509514263.44531405,"size":30}},"queue-microtask-depth":{"n=1200000":{"mean":6159838.381324323,"sqsum":319854598773.2361,"variance":11029468923.215036,"size":30}},"resourceUsage":{"n=100000":{"mean":1250865.2168055873,"sqsum":1297002860.4188693,"variance":44724236.5661679,"size":30}}}