{"cpus":{"n=30000":{"mean":6211.322846544715,"sqsum":162203.40740327924,"variance":5593.220944940663,"size":30}},"loadavg":{"n=5000000":{"mean":173575.17819523622,"sqsum":574013473.1344635,"variance":19793568.039119434,"size":30}},"networkInterfaces":{"n=10000":{"mean":15349.551781386937,"sqsum":483926.7557629043,"variance":16687.129509065664,"size":30}}}