{"arguments":{"method=\"restAndSpread\" n=1000000":{"mean":3174045.4926096452,"sqsum":73221263050.63222,"variance":2524871139.676973,"size":30},"method=\"argumentsAndApply\" n=1000000":{"mean":3168594.317924144,"sqsum":60171644478.15118,"variance":2074884292.3500407,"size":30},"method=\"restAndApply\" n=1000000":{"mean":3157935.193453723,"sqsum":37293481350.96137,"variance":1285982115.5503922,"size":30},"method=\"predefined\" n=1000000":{"mean":3177291.7099256334,"sqsum":31488617741.57833,"variance":1085814404.8820114,"size":30}},"freelist":{"n=100000":{"mean":140979.136868389,"sqsum":2491052.2661978733,"variance":85898.35400682323,"size":30}},"getstringwidth":{"n=100000 type=\"ascii\"":{"mean":241040.88560555386,"sqsum":10783301.153357765,"variance":371837.97080544016,"size":30},"n=100000 type=\"mixed\"":{"mean":110961.23489337444,"sqsum":3041645.5321924523,"variance":104884.32869629146,"size":30},"n=100000 type=\"emojiseq\"":{"mean":146764.0875937373,"sqsum":24037959.96940726,"variance":828895.171358871,"size":30},"n=100000 type=\"fullwidth\"":{"mean":232397.56900135026,"sqsum":61353645.42421145,"variance":2115642.945662464,"size":30}},"object-property-bench":{"method=\"property\" n=1000000000":{"mean":1146895505.6838572,"sqsum":41430626434656.375,"variance":1428642290850.22,"size":30},"method=\"string\" n=1000000000":{"mean":1146944065.3166852,"sqsum":34800380919378.676,"variance":1200013135150.9888,"size":30},"method=\"variable\" n=1000000000":{"mean":1146256896.6974156,"sqsum":25248336338104.5,"variance":870632287520.8448,"size":30},"method=\"symbol\" n=1000000000":{"mean":1145981653.2810757,"sqsum":59061089926505.65,"variance":2036589307810.5396,"size":30}},"print":{"code=\"1\" dur=1":{"mean":27.29273092602743,"sqsum":1.710709523199661,"variance":0.058989983558609,"size":30},"code=\"\\\"string\\\"\" dur=1":{"mean":27.295491147874305,"sqsum":1.2386969640805932,"variance":0.04271368841657218,"size":30},"code=\"process.versions\" dur=1":{"mean":27.24958535907848,"sqsum":1.3080079208463058,"variance":0.0451037214084933,"size":30},"code=\"process\" dur=1":{"mean":27.125561802091326,"sqsum":1.6769504236232937,"variance":0.057825876676665305,"size":30}},"punycode":{"method=\"punycode\" n=1024 val=\"افغانستا.icom.museum\"":{"mean":77925.83793670085,"sqsum":66733167.07610291,"variance":2301143.6922794105,"size":30},"method=\"punycode\" n=1024 val=\"الجزائر.icom.museum\"":{"mean":80070.95860396983,"sqsum":133164000.26072471,"variance":4591862.077956025,"size":30},"method=\"punycode\" n=1024 val=\"österreich.icom.museum\"":{"mean":94650.70935608966,"sqsum":178857817.3162021,"variance":6167510.9419380035,"size":30},"method=\"punycode\" n=1024 val=\"বাংলাদেশ.icom.museum\"":{"mean":77070.10984766087,"sqsum":63513401.73516619,"variance":2190117.3012126274,"size":30},"method=\"punycode\" n=1024 val=\"беларусь.icom.museum\"":{"mean":77798.30314065889,"sqsum":128030783.60452764,"variance":4414854.607052677,"size":30},"method=\"punycode\" n=1024 val=\"belgië.icom.museum\"":{"mean":101051.89224819784,"sqsum":50765154.007893674,"variance":1750522.5519963335,"size":30},"method=\"punycode\" n=1024 val=\"българия.icom.museum\"":{"mean":77256.4602301782,"sqsum":78339389.8797606,"variance":2701358.2717158822,"size":30},"method=\"punycode\" n=1024 val=\"تشادر.icom.museum\"":{"mean":86214.43415088524,"sqsum":112527389.47072665,"variance":3880254.8093354017,"size":30},"method=\"punycode\" n=1024 val=\"中国.icom.museum\"":{"mean":89848.91791311331,"sqsum":84840504.27834679,"variance":2925534.6302878205,"size":30},"method=\"punycode\" n=1024 val=\"القمر.icom.museum\"":{"mean":86011.96576031897,"sqsum":46228510.61066957,"variance":1594086.5727817093,"size":30},"method=\"punycode\" n=1024 val=\"κυπρος.icom.museum\"":{"mean":83352.11777284514,"sqsum":44004752.7587244,"variance":1517405.2675422207,"size":30},"method=\"punycode\" n=1024 val=\"českárepublika.icom.museum\"":{"mean":83891.0342337445,"sqsum":39229541.3953466,"variance":1352742.8067360895,"size":30},"method=\"punycode\" n=1024 val=\"مصر.icom.museum\"":{"mean":87882.41900543691,"sqsum":109098301.1603103,"variance":3762010.384838286,"size":30},"method=\"punycode\" n=1024 val=\"ελλάδα.icom.museum\"":{"mean":83916.4024865626,"sqsum":44662462.38194289,"variance":1540084.9097221687,"size":30},"method=\"punycode\" n=1024 val=\"magyarország.icom.museum\"":{"mean":93077.38345305681,"sqsum":78089575.92412432,"variance":2692743.997383597,"size":30},"method=\"punycode\" n=1024 val=\"ísland.icom.museum\"":{"mean":100385.81102858346,"sqsum":148606813.56617782,"variance":5124372.881592339,"size":30},"method=\"punycode\" n=1024 val=\"भारत.icom.museum\"":{"mean":87629.05505951754,"sqsum":90169128.7409089,"variance":3109280.3014106518,"size":30},"method=\"punycode\" n=1024 val=\"ايران.icom.museum\"":{"mean":84618.87622950542,"sqsum":82049843.87103347,"variance":2829304.96107012,"size":30},"method=\"punycode\" n=1024 val=\"éire.icom.museum\"":{"mean":101906.36406616014,"sqsum":510334029.4879255,"variance":17597725.154756054,"size":30},"method=\"punycode\" n=1024 val=\"איקו״ם.ישראל.museum\"":{"mean":66709.19823794406,"sqsum":12573461.892842468,"variance":433567.65147732646,"size":30},"method=\"punycode\" n=1024 val=\"日本.icom.museum\"":{"mean":88498.36814387953,"sqsum":157985937.54572353,"variance":5447790.9498525355,"size":30},"method=\"punycode\" n=1024 val=\"الأردن.icom.museum\"":{"mean":81999.30013432831,"sqsum":50650059.71073358,"variance":1746553.7831287442,"size":30},"method=\"icu\" n=1024 val=\"افغانستا.icom.museum\"":{"mean":197806.15314398243,"sqsum":388804579.08374417,"variance":13407054.451163592,"size":30},"method=\"icu\" n=1024 val=\"الجزائر.icom.museum\"":{"mean":209126.07282959457,"sqsum":194550520.1737914,"variance":6708638.626682462,"size":30},"method=\"icu\" n=1024 val=\"österreich.icom.museum\"":{"mean":224211.76989961354,"sqsum":429764479.05187,"variance":14819464.794892069,"size":30},"method=\"icu\" n=1024 val=\"বাংলাদেশ.icom.museum\"":{"mean":176281.38250270745,"sqsum":268663340.7174344,"variance":9264253.128187394,"size":30},"method=\"icu\" n=1024 val=\"беларусь.icom.museum\"":{"mean":197722.15797964478,"sqsum":527378834.52473027,"variance":18185477.052576907,"size":30},"method=\"icu\" n=1024 val=\"belgië.icom.museum\"":{"mean":235349.61921451424,"sqsum":547292405.7493665,"variance":18872151.922391947,"size":30},"method=\"icu\" n=1024 val=\"българия.icom.museum\"":{"mean":196631.98292281848,"sqsum":451282314.1354659,"variance":15561459.108119516,"size":30},"method=\"icu\" n=1024 val=\"تشادر.icom.museum\"":{"mean":223980.12616794513,"sqsum":598331961.355723,"variance":20632136.59847321,"size":30},"method=\"icu\" n=1024 val=\"中国.icom.museum\"":{"mean":244961.1802775472,"sqsum":475036657.11177564,"variance":16380574.383164676,"size":30},"method=\"icu\" n=1024 val=\"القمر.icom.museum\"":{"mean":221966.48953037418,"sqsum":433146854.01131433,"variance":14936098.414183253,"size":30},"method=\"icu\" n=1024 val=\"κυπρος.icom.museum\"":{"mean":218801.21342416306,"sqsum":317412316.8232569,"variance":10945252.304250238,"size":30},"method=\"icu\" n=1024 val=\"českárepublika.icom.museum\"":{"mean":209584.18556428532,"sqsum":399872206.4387784,"variance":13788696.773750978,"size":30},"method=\"icu\" n=1024 val=\"مصر.icom.museum\"":{"mean":233445.68396650816,"sqsum":433431195.2209488,"variance":14945903.283480993,"size":30},"method=\"icu\" n=1024 val=\"ελλάδα.icom.museum\"":{"mean":221085.41304810054,"sqsum":387398657.79723203,"variance":13358574.406801105,"size":30},"method=\"icu\" n=1024 val=\"magyarország.icom.museum\"":{"mean":217602.26674528164,"sqsum":486028785.9818205,"variance":16759613.30971795,"size":30},"method=\"icu\" n=1024 val=\"ísland.icom.museum\"":{"mean":239179.58409914532,"sqsum":810097863.1088059,"variance":27934409.072717447,"size":30},"method=\"icu\" n=1024 val=\"भारत.icom.museum\"":{"mean":227971.36504436075,"sqsum":288548056.6557922,"variance":9949932.988130763,"size":30},