{"querystring-parse":{"n=1000000 type=\"noencode\"":{"mean":2220748.4470706186,"sqsum":26614651957.223324,"variance":917746619.2145973,"size":30},"n=1000000 type=\"multicharsep\"":{"mean":1618259.801644638,"sqsum":12508291403.869104,"variance":431320393.2368657,"size":30},"n=1000000 type=\"encodefake\"":{"mean":2108302.0901209298,"sqsum":24985695183.301323,"variance":861575695.9759078,"size":30},"n=1000000 type=\"encodemany\"":{"mean":831462.3961766091,"sqsum":3546327969.1565146,"variance":122287171.35022464,"size":30},"n=1000000 type=\"encodelast\"":{"mean":1653065.7511529557,"sqsum":22808174596.12102,"variance":786488779.1765869,"size":30},"n=1000000 type=\"multivalue\"":{"mean":1577774.3902239588,"sqsum":20058900825.320892,"variance":691686235.3558928,"size":30},"n=1000000 type=\"multivaluemany\"":{"mean":596210.9007833439,"sqsum":1382305925.376429,"variance":47665721.56470445,"size":30},"n=1000000 type=\"manypairs\"":{"mean":446678.64932196913,"sqsum":982175685.4783949,"variance":33868127.08546189,"size":30},"n=1000000 type=\"manyblankpairs\"":{"mean":7853805.0980006745,"sqsum":39922234802.37804,"variance":1376628786.2888978,"size":30},"n=1000000 type=\"altspaces\"":{"mean":1104641.9967132262,"sqsum":2407390002.4237876,"variance":83013448.35944094,"size":30}},"querystring-stringify":{"n=1000000 type=\"noencode\"":{"mean":3455050.2433112855,"sqsum":3823139230.743287,"variance":131832387.2670099,"size":30},"n=1000000 type=\"encodemany\"":{"mean":2126882.5555030196,"sqsum":115205638745.79109,"variance":3972608232.613486,"size":30},"n=1000000 type=\"encodelast\"":{"mean":2946321.643449822,"sqsum":1410996971994.2058,"variance":48655067999.8002,"size":30},"n=1000000 type=\"array\"":{"mean":2972045.1856306554,"sqsum":988342400206.7966,"variance":34080772420.92402,"size":30},"n=1000000 type=\"multiprimitives\"":{"mean":4401306.125295994,"sqsum":13907620408.674896,"variance":479573117.54051363,"size":30}},"querystring-unescapebuffer":{"input=\"there is nothing to unescape here\" n=10000000":{"mean":4938146.478494109,"sqsum":2811205778.3052154,"variance":96938130.28638673,"size":30},"input=\"there%20are%20several%20spaces%20that%20need%20to%20be%20unescaped\" n=10000000":{"mean":2042490.3195361588,"sqsum":209048490.14995655,"variance":7208568.625860571,"size":30},"input=\"there%2Qare%0-fake%escaped values in%%%%this%9Hstring\" n=10000000":{"mean":2711447.4024814065,"sqsum":656455112.8952954,"variance":22636383.203286048,"size":30},"input=\"%20%21%22%23%24%25%26%27%28%29%2A%2B%2C%2D%2E%2F%30%31%32%33%34%35%36%37\" n=10000000":{"mean":2125919.972191462,"sqsum":1528461366.2519832,"variance":52705564.35351666,"size":30}}}