{"convertprotocols":{"n=1":{"mean":4041.3422823492965,"sqsum":360078.5258656444,"variance":12416.500891918771,"size":30},"n=50000":{"mean":1032171.5005611917,"sqsum":3412457993.822986,"variance":117670965.3042409,"size":30}},"secure-pair":{"dur=5 securing=\"SecurePair\" size=100":{"mean":1884.1803842404524,"sqsum":31694.190071669414,"variance":1092.903105919635,"size":30},"dur=5 securing=\"SecurePair\" size=1024":{"mean":2682.8550292763716,"sqsum":79867.54114767317,"variance":2754.0531430232127,"size":30},"dur=5 securing=\"SecurePair\" size=1048576":{"mean":3721.2860373979306,"sqsum":51764.87710975264,"variance":1784.9957624052636,"size":30},"dur=5 securing=\"TLSSocket\" size=100":{"mean":1905.0717268036587,"sqsum":12754.952122330571,"variance":439.8259352527783,"size":30},"dur=5 securing=\"TLSSocket\" size=1024":{"mean":2748.4084120357265,"sqsum":56680.24293968749,"variance":1954.4911358512925,"size":30},"dur=5 securing=\"TLSSocket\" size=1048576":{"mean":4269.881405395082,"sqsum":79390.70712830866,"variance":2737.610590631333,"size":30},"dur=5 securing=\"clear\" size=100":{"mean":643.2590532561904,"sqsum":4178.174556520245,"variance":144.07498470759464,"size":30},"dur=5 securing=\"clear\" size=1024":{"mean":4152.855119840132,"sqsum":2828780.268770758,"variance":97544.14719899166,"size":30},"dur=5 securing=\"clear\" size=1048576":{"mean":8368.483466611642,"sqsum":3382723.774380381,"variance":116645.64739242694,"size":30}},"throughput-c2s":{"dur=5 size=100 type=\"buf\"":{"mean":2242.264484691987,"sqsum":12212.595157463802,"variance":421.12397094702766,"size":30},"dur=5 size=1024 type=\"buf\"":{"mean":3702.8360835267135,"sqsum":44918.90156113944,"variance":1548.9276400392912,"size":30},"dur=5 size=1048576 type=\"buf\"":{"mean":6395.69071260846,"sqsum":50944.33390472971,"variance":1756.7011691286107,"size":30},"dur=5 size=4194304 type=\"buf\"":{"mean":5957.590178586274,"sqsum":56642.39166538082,"variance":1953.1859194958902,"size":30},"dur=5 size=16777216 type=\"buf\"":{"mean":5811.4358853681015,"sqsum":49057.79851929651,"variance":1691.648224803328,"size":30},"dur=5 size=100 type=\"asc\"":{"mean":1176.6118237828337,"sqsum":1799.4836062588095,"variance":62.05115883651067,"size":30},"dur=5 size=1024 type=\"asc\"":{"mean":3149.825527537071,"sqsum":34886.60698413233,"variance":1202.986447728701,"size":30},"dur=5 size=1048576 type=\"asc\"":{"mean":6008.544271129254,"sqsum":54377.02906308295,"variance":1875.0699676925155,"size":30},"dur=5 size=4194304 type=\"asc\"":{"mean":5266.627401193744,"sqsum":41098.629458004434,"variance":1417.1941192415322,"size":30},"dur=5 size=16777216 type=\"asc\"":{"mean":5399.906763142684,"sqsum":30109.9418945497,"variance":1038.2738584327483,"size":30},"dur=5 size=100 type=\"utf\"":{"mean":1220.6286518030888,"sqsum":2091.262923899604,"variance":72.11251461722773,"size":30},"dur=5 size=1024 type=\"utf\"":{"mean":3056.4261236316784,"sqsum":14873.057326112907,"variance":512.8640457280312,"size":30},"dur=5 size=1048576 type=\"utf\"":{"mean":4433.521974423597,"sqsum":16607.147761733988,"variance":572.6602676459995,"size":30},"dur=5 size=4194304 type=\"utf\"":{"mean":4226.31307208846,"sqsum":12536.049028283052,"variance":432.2775526994156,"size":30},"dur=5 size=16777216 type=\"utf\"":{"mean":4135.805091813508,"sqsum":16732.320282476474,"variance":576.976561464706,"size":30}},"throughput-s2c":{"dur=5 recvbufgenfn=\"true\" recvbuflen=0 sendchunklen=256 type=\"buf\"":{"mean":3118.149976132158,"sqsum":27840.87070408965,"variance":960.0300242789534,"size":30},"dur=5 recvbufgenfn=\"false\" recvbuflen=0 sendchunklen=256 type=\"buf\"":{"mean":3121.8012547881563,"sqsum":39076.27921269384,"variance":1347.4579038859945,"size":30},"dur=5 recvbufgenfn=\"true\" recvbuflen=65536 sendchunklen=256 type=\"buf\"":{"mean":3535.106111325286,"sqsum":59783.96110531703,"variance":2061.515900183346,"size":30},"dur=5 recvbufgenfn=\"false\" recvbuflen=65536 sendchunklen=256 type=\"buf\"":{"mean":3565.245135164139,"sqsum":48485.862401272374,"variance":1671.9262896990474,"size":30},"dur=5 recvbufgenfn=\"true\" recvbuflen=1048576 sendchunklen=256 type=\"buf\"":{"mean":3551.077507108424,"sqsum":41072.25853010232,"variance":1416.28477690008,"size":30},"dur=5 recvbufgenfn=\"false\" recvbuflen=1048576 sendchunklen=256 type=\"buf\"":{"mean":3577.8561663586443,"sqsum":34143.526848008434,"variance":1177.3629947589116,"size":30},"dur=5 recvbufgenfn=\"true\" recvbuflen=0 sendchunklen=32768 type=\"buf\"":{"mean":5841.52252296236,"sqsum":112926.37857193791,"variance":3894.013054204755,"size":30},"dur=5 recvbufgenfn=\"false\" recvbuflen=0 sendchunklen=32768 type=\"buf\"":{"mean":5851.808625279141,"sqsum":89081.03778981067,"variance":3071.7599237865747,"size":30},"dur=5 recvbufgenfn=\"true\" recvbuflen=65536 sendchunklen=32768 type=\"buf\"":{"mean":7072.906014627903,"sqsum":117640.47006949286,"variance":4056.5679334307883,"size":30},"dur=5 recvbufgenfn=\"false\" recvbuflen=65536 sendchunklen=32768 type=\"buf\"":{"mean":7167.9212540569315,"sqsum":265647.1174437726,"variance":9160.245429095608,"size":30},"dur=5 recvbufgenfn=\"true\" recvbuflen=1048576 sendchunklen=32768 type=\"buf\"":{"mean":7102.181118612312,"sqsum":106687.10163166843,"variance":3678.865573505808,"size":30},"dur=5 recvbufgenfn=\"false\" recvbuflen=1048576 sendchunklen=32768 type=\"buf\"":{"mean":7161.11627512159,"sqsum":157142.47308134308,"variance":5418.705968322175,"size":30},"dur=5 recvbufgenfn=\"true\" recvbuflen=0 sendchunklen=131072 type=\"buf\"":{"mean":6296.887232460072,"sqsum":102259.06638867724,"variance":3526.174703057836,"size":30},"dur=5 recvbufgenfn=\"false\" recvbuflen=0 sendchunklen=131072 type=\"buf\"":{"mean":6289.080445401211,"sqsum":85550.41884472505,"variance":2950.0144429215534,"size":30},"dur=5 recvbufgenfn=\"true\" recvbuflen=65536 sendchunklen=131072 type=\"buf\"":{"mean":7797.332033361513,"sqsum":121523.69257689023,"variance":4190.4721578238,"size":30},"dur=5 recvbufgenfn=\"false\" recvbuflen=65536 sendchunklen=131072 type=\"buf\"":{"mean":7886.101891562818,"sqsum":134940.22814216602,"variance":4653.111315247104,"size":30},"dur=5 recvbufgenfn=\"true\" recvbuflen=1048576 sendchunklen=131072 type=\"buf\"":{"mean":7819.599161608475,"sqsum":75412.58646335384,"variance":2600.434015977719,"size":30},"dur=5 recvbufgenfn=\"false\" recvbuflen=1048576 sendchunklen=131072 type=\"buf\"":{"mean":7919.927058441047,"sqsum":59650.76870257842,"variance":2056.923058709601,"size":30},"dur=5 recvbufgenfn=\"true\" recvbuflen=0 sendchunklen=16777216 type=\"buf\"":{"mean":5826.758513699667,"sqsum":39808.86866805612,"variance":1372.7196092433146,"size":30},"dur=5 recvbufgenfn=\"false\" recvbuflen=0 sendchunklen=16777216 type=\"buf\"":{"mean":5816.117246376591,"sqsum":16407.560419595633,"variance":565.7779455032977,"size":30},"dur=5 recvbufgenfn=\"true\" recvbuflen=65536 sendchunklen=16777216 type=\"buf\"":{"mean":6953.628681899331,"sqsum":30323.69111532208,"variance":1045.6445212180026,"size":30},"dur=5 recvbufgenfn=\"false\" recvbuflen=65536 sendchunklen=16777216 type=\"buf\"":{"mean":7008.615753148195,"sqsum":56894.180750398344,"variance":1961.868301737874,"size":30},"dur=5 recvbufgenfn=\"true\" recvbuflen=1048576 sendchunklen=16777216 type=\"buf\"":{"mean":6908.099366732006,"sqsum":1678769.3400833271,"variance":57888.59793390783,"size":30},"dur=5 recvbufgenfn=\"false\" recvbuflen=1048576 sendchunklen=16777216 type=\"buf\"":{"mean":7011.042760184039,"sqsum":33605.24927825879,"variance":1158.801699250303,"size":30},"dur=5 recvbufgenfn=\"true\" recvbuflen=0 sendchunklen=256 type=\"asc\"":{"mean":2079.0478732723814,"sqsum":8378.067673207679,"variance":288.8988852830234,"size":30},"dur=5 recvbufgenfn=\"false\" recvbuflen=0 sendchunklen=256 type=\"asc\"":{"mean":2078.3524787927327,"sqsum":9275.121097919533,"variance":319.83176199722527,"size":30},"dur=5 recvbufgenfn=\"true\" recvbuflen=65536 sendchunklen=256 type=\"asc\"":{"mean":2249.8599852287743,"sqsum":11237.136677097418,"variance":387.4874716240489,