{"ee-add-remove":{"n=1000000 newListener=0 removeListener=0":{"mean":1196265.128282072,"sqsum":1651378475.8684084,"variance":56944085.374772705,"size":30},"n=1000000 newListener=0 removeListener=1":{"mean":821142.1164128094,"sqsum":1528943943.3584597,"variance":52722204.94339516,"size":30},"n=1000000 newListener=1 removeListener=0":{"mean":934355.3803240719,"sqsum":2689699109.3854356,"variance":92748245.15122192,"size":30},"n=1000000 newListener=1 removeListener=1":{"mean":701738.3479174989,"sqsum":2383844755.1881638,"variance":82201543.28235047,"size":30}},"ee-emit":{"argc=0 listeners=1 n=2000000":{"mean":62434209.8051022,"sqsum":23218999258134.395,"variance":800655146832.2206,"size":30},"argc=0 listeners=5 n=2000000":{"mean":15740988.58622193,"sqsum":320664706038.9544,"variance":11057403656.515669,"size":30},"argc=0 listeners=10 n=2000000":{"mean":8866149.207954556,"sqsum":894755300776.6278,"variance":30853631061.263027,"size":30},"argc=2 listeners=1 n=2000000":{"mean":63119998.65981874,"sqsum":9320373963483.83,"variance":321392205637.3735,"size":30},"argc=2 listeners=5 n=2000000":{"mean":15488659.85008461,"sqsum":125658716869.3096,"variance":4333059202.389986,"size":30},"argc=2 listeners=10 n=2000000":{"mean":7521422.326169855,"sqsum":57627849029.60262,"variance":1987167207.917332,"size":30},"argc=4 listeners=1 n=2000000":{"mean":62933602.78970919,"sqsum":20283125346571.62,"variance":699418115399.0214,"size":30},"argc=4 listeners=5 n=2000000":{"mean":15789517.141312866,"sqsum":353220902499.3663,"variance":12180031120.667803,"size":30},"argc=4 listeners=10 n=2000000":{"mean":7231637.556390729,"sqsum":864242674871.7928,"variance":29801471547.303204,"size":30},"argc=10 listeners=1 n=2000000":{"mean":62418336.79977691,"sqsum":12227850673210.002,"variance":421650023214.138,"size":30},"argc=10 listeners=5 n=2000000":{"mean":13838633.529166253,"sqsum":172088429271.20514,"variance":5934083767.972591,"size":30},"argc=10 listeners=10 n=2000000":{"mean":6694370.274637962,"sqsum":37552733033.539925,"variance":1294921828.7427561,"size":30}},"ee-listener-count-on-prototype":{"n=50000000":{"mean":78428728.3170027,"sqsum":16708426097459.756,"variance":576152624050.3364,"size":30}},"ee-listeners":{"listeners=5 n=5000000 raw=\"true\"":{"mean":54132534.74074039,"sqsum":19130050984878.855,"variance":659656930513.0641,"size":30},"listeners=5 n=5000000 raw=\"false\"":{"mean":28617269.522189755,"sqsum":3035484603234.1113,"variance":104671882870.14177,"size":30},"listeners=50 n=5000000 raw=\"true\"":{"mean":19004657.820564225,"sqsum":2855976782873.3857,"variance":98481958030.11676,"size":30},"listeners=50 n=5000000 raw=\"false\"":{"mean":5753517.0017058505,"sqsum":148785609037.797,"variance":5130538242.682655,"size":30}},"ee-once":{"argc=0 n=20000000":{"mean":7707414.141715521,"sqsum":6851017403169.458,"variance":236241979419.63647,"size":30},"argc=1 n=20000000":{"mean":7609987.994559605,"sqsum":3655624782121.356,"variance":126056026969.70192,"size":30},"argc=4 n=20000000":{"mean":7496064.758836728,"sqsum":210188165388.07962,"variance":7247867772.002746,"size":30},"argc=5 n=20000000":{"mean":7411529.47391671,"sqsum":960208942293.0837,"variance":33110653182.52013,"size":30}},"eventtarget":{"listeners=1 n=1000000":{"mean":2871961.3466674276,"sqsum":98819245799.94296,"variance":3407560199.998033,"size":30},"listeners=5 n=1000000":{"mean":2476123.9811168876,"sqsum":18245479317.306366,"variance":629154459.2174609,"size":30},"listeners=10 n=1000000":{"mean":2072361.8077859078,"sqsum":2768683589.064759,"variance":95471847.89878479,"size":30}}}