{"create-context":{"n=100":{"mean":1787.2602231312649,"sqsum":6678.973100536775,"variance":230.3094172598888,"size":30}},"run-in-context":{"breakOnSigint=0 n=1 withSigintListener=0":{"mean":3347.4132644024767,"sqsum":546738.5933086184,"variance":18853.0549416765,"size":30},"breakOnSigint=0 n=1 withSigintListener=1":{"mean":3319.5815211776953,"sqsum":185638.36770713344,"variance":6401.3230243839125,"size":30},"breakOnSigint=1 n=1 withSigintListener=0":{"mean":2183.7150723169757,"sqsum":1285765.873740649,"variance":44336.754266918935,"size":30},"breakOnSigint=1 n=1 withSigintListener=1":{"mean":1542.3808468719958,"sqsum":393906.7102757983,"variance":13582.990009510286,"size":30}},"run-in-this-context":{"breakOnSigint=0 n=1 withSigintListener=0":{"mean":3455.977255800905,"sqsum":302758.7485846616,"variance":10439.95684774695,"size":30},"breakOnSigint=0 n=1 withSigintListener=1":{"mean":3490.654037435365,"sqsum":96798.62130039092,"variance":3337.8834931169285,"size":30},"breakOnSigint=1 n=1 withSigintListener=0":{"mean":2200.3621460222716,"sqsum":1854074.6948565522,"variance":63933.61016746731,"size":30},"breakOnSigint=1 n=1 withSigintListener=1":{"mean":1578.120479708536,"sqsum":284771.698154831,"variance":9819.713729476933,"size":30}}}