{"arguments":{"method=\"restAndSpread\" n=1000000":{"mean":4201513.506239279,"sqsum":89701024093.64606,"variance":3093138761.849864,"size":30},"method=\"argumentsAndApply\" n=1000000":{"mean":4218672.19431183,"sqsum":14474553950.176815,"variance":499122550.006097,"size":30},"method=\"restAndApply\" n=1000000":{"mean":4219228.938903824,"sqsum":5075583230.718803,"variance":175020111.40409666,"size":30},"method=\"predefined\" n=1000000":{"mean":4270383.463018645,"sqsum":11675221245.098259,"variance":402593836.037871,"size":30}},"freelist":{"n=100000":{"mean":138742.778033473,"sqsum":18355746.845755458,"variance":632956.787784671,"size":30}},"getstringwidth":{"n=100000 type=\"ascii\"":{"mean":259270.20814090417,"sqsum":475110502.99062747,"variance":16383120.792780258,"size":30},"n=100000 type=\"mixed\"":{"mean":146428.3908191061,"sqsum":5888191.59995255,"variance":203041.0896535362,"size":30},"n=100000 type=\"emojiseq\"":{"mean":216252.07586661875,"sqsum":10656283.29306796,"variance":367458.04458855034,"size":30},"n=100000 type=\"fullwidth\"":{"mean":336685.56520429056,"sqsum":52616816.16889574,"variance":1814372.9713412323,"size":30}},"hidestackframes":{"n=100000 type=\"hide-stackframes-throw\"":{"mean":102367.60578070687,"sqsum":97611101.55550142,"variance":3365900.0536379796,"size":30},"n=100000 type=\"direct-call-throw\"":{"mean":102412.36017898394,"sqsum":71604963.17220002,"variance":2469136.6611103457,"size":30},"n=100000 type=\"hide-stackframes-noerr\"":{"mean":55892882.54667937,"sqsum":25685413083871.56,"variance":885703899443.8469,"size":30},"n=100000 type=\"direct-call-noerr\"":{"mean":55850173.33904629,"sqsum":23475956752833.37,"variance":809515750097.7025,"size":30}},"object-property-bench":{"method=\"property\" n=1000000000":{"mean":695668499.5752399,"sqsum":4754686413496.393,"variance":163954703913.6687,"size":30},"method=\"string\" n=1000000000":{"mean":696166541.676587,"sqsum":12230495189600.469,"variance":421741213434.4989,"size":30},"method=\"variable\" n=1000000000":{"mean":695691219.6329428,"sqsum":12148341877804.45,"variance":418908340613.94653,"size":30},"method=\"symbol\" n=1000000000":{"mean":696063146.4184399,"sqsum":12183974068348.14,"variance":420137036839.59106,"size":30}},"print":{"code=\"1\" dur=1":{"mean":25.813210319476557,"sqsum":0.3314897090045307,"variance":0.011430679620845886,"size":30},"code=\"\\\"string\\\"\" dur=1":{"mean":25.811470658034434,"sqsum":0.2514417013442092,"variance":0.008670403494627903,"size":30},"code=\"process.versions\" dur=1":{"mean":25.802465762890364,"sqsum":0.25688050105667054,"variance":0.008857948312298984,"size":30},"code=\"process\" dur=1":{"mean":25.704155494889662,"sqsum":0.25677166751588665,"variance":0.0088541954315823,"size":30}},"punycode":{"method=\"punycode\" n=1024 val=\"افغانستا.icom.museum\"":{"mean":172301.6607916447,"sqsum":115851300.2087832,"variance":3994872.420992524,"size":30},"method=\"punycode\" n=1024 val=\"الجزائر.icom.museum\"":{"mean":182663.66766733603,"sqsum":384971703.82992804,"variance":13274886.338963035,"size":30},"method=\"punycode\" n=1024 val=\"österreich.icom.museum\"":{"mean":152194.77770255087,"sqsum":128626195.15830532,"variance":4435386.039941562,"size":30},"method=\"punycode\" n=1024 val=\"বাংলাদেশ.icom.museum\"":{"mean":171670.7298650502,"sqsum":138714876.51920334,"variance":4783271.60411046,"size":30},"method=\"punycode\" n=1024 val=\"беларусь.icom.museum\"":{"mean":169725.41419922758,"sqsum":69893556.2650787,"variance":2410122.6298303,"size":30},"method=\"punycode\" n=1024 val=\"belgië.icom.museum\"":{"mean":147935.27678461137,"sqsum":370478562.121259,"variance":12775122.831767552,"size":30},"method=\"punycode\" n=1024 val=\"българия.icom.museum\"":{"mean":171487.88487417062,"sqsum":100905789.65318136,"variance":3479509.988040737,"size":30},"method=\"punycode\" n=1024 val=\"تشادر.icom.museum\"":{"mean":172955.2636720778,"sqsum":97263001.7598324,"variance":3353896.612408014,"size":30},"method=\"punycode\" n=1024 val=\"中国.icom.museum\"":{"mean":156381.27089666837,"sqsum":58812366.962163225,"variance":2028012.6538676973,"size":30},"method=\"punycode\" n=1024 val=\"القمر.icom.museum\"":{"mean":174780.84700343024,"sqsum":178434807.21639717,"variance":6152924.386772317,"size":30},"method=\"punycode\" n=1024 val=\"κυπρος.icom.museum\"":{"mean":190500.16140834274,"sqsum":386395926.0545073,"variance":13323997.450155426,"size":30},"method=\"punycode\" n=1024 val=\"českárepublika.icom.museum\"":{"mean":161866.83607743992,"sqsum":98838186.07725097,"variance":3408213.3130086544,"size":30},"method=\"punycode\" n=1024 val=\"مصر.icom.museum\"":{"mean":161951.8786435205,"sqsum":125811405.99852093,"variance":4338324.344776584,"size":30},"method=\"punycode\" n=1024 val=\"ελλάδα.icom.museum\"":{"mean":180937.62066433096,"sqsum":447287950.90070814,"variance":15423722.444852006,"size":30},"method=\"punycode\" n=1024 val=\"magyarország.icom.museum\"":{"mean":154392.3366815476,"sqsum":94462897.55285867,"variance":3257341.294926161,"size":30},"method=\"punycode\" n=1024 val=\"ísland.icom.museum\"":{"mean":151663.05066347308,"sqsum":90805430.65629603,"variance":3131221.7467688285,"size":30},"method=\"punycode\" n=1024 val=\"भारत.icom.museum\"":{"mean":168219.25062582403,"sqsum":236487404.28568608,"variance":8154738.078816761,"size":30},"method=\"punycode\" n=1024 val=\"ايران.icom.museum\"":{"mean":165816.93105187741,"sqsum":180903701.68294126,"variance":6238058.678722112,"size":30},"method=\"punycode\" n=1024 val=\"éire.icom.museum\"":{"mean":157149.03694297507,"sqsum":48549823.30246034,"variance":1674131.838015874,"size":30},"method=\"punycode\" n=1024 val=\"איקו״ם.ישראל.museum\"":{"mean":142225.9274297798,"sqsum":94100784.157099,"variance":3244854.626106862,"size":30},"method=\"punycode\" n=1024 val=\"日本.icom.museum\"":{"mean":157842.1907111131,"sqsum":49538596.278715566,"variance":1708227.4578867436,"size":30},"method=\"punycode\" n=1024 val=\"الأردن.icom.museum\"":{"mean":186109.56014632495,"sqsum":483664131.0420462,"variance":16678073.484208489,"size":30},"method=\"icu\" n=1024 val=\"افغانستا.icom.museum\"":{"mean":385117.0096883398,"sqsum":3507528085.6362233,"variance":120949244.33228357,"size":30},"method=\"icu\" n=1024 val=\"الجزائر.icom.museum\"":{"mean":423638.2845787343,"sqsum":2706184116.3584795,"variance":93316693.66753379,"size":30},"method=\"icu\" n=1024 val=\"österreich.icom.museum\"":{"mean":480866.66199500044,"sqsum":4002068679.364735,"variance":138002368.25395638,"size":30},"method=\"icu\" n=1024 val=\"বাংলাদেশ.icom.museum\"":{"mean":349751.31207554525,"sqsum":1639159995.2486143,"variance":56522758.45684877,"size":30},"method=\"icu\" n=1024 val=\"беларусь.icom.museum\"":{"mean":388174.1764769735,"sqsum":2685304715.1702886,"variance":92596714.31621686,"size":30},"method=\"icu\" n=1024 val=\"belgië.icom.museum\"":{"mean":522325.5721445914,"sqsum":11288658209.36131,"variance":389264076.1848727,"size":30},"method=\"icu\" n=1024 val=\"българия.icom.museum\"":{"mean":385608.3210555653,"sqsum":1890176517.1396337,"variance":65178500.59102185,"size":30},"method=\"icu\" n=1024 val=\"تشادر.icom.museum\"":{"mean":469969.9326837181,"sqsum":5517968750.690096,"variance":190274784.50655505,"size":30},"method=\"icu\" n=1024 val=\"中国.icom.museum\"":{"mean":526369.8846652999,"sqsum":4681312051.2227955,"variance":161424553.49044123,"size":30},"method=\"icu\" n=1024 val=\"القمر.icom.museum\"":{"mean":461445.2879753745,"sqsum":2837099041.1261373,"variance":97831001.41814266,"size":30},"method=\"icu\" n=1024 val=\"κυπρος.icom.museum\"":{"mean":452667.74178877677,"sqsum":2764529358.209667,"variance":95328598.55895403,"size":30},"method=\"icu\" n=1024 val=\"českárepublika.icom.museum\"":{"mean":420995.42624853813,"sqsum":2364474558.385859,"variance":81533605.46158133,"size":30},"method=\"icu\" n=1024 val=\"مصر.icom.museum\"":{"mean":509866.2754226518,"sqsum":1992171640.38884,"variance":68695573.80651172,"size":30},