{"cpus":{"n=30000":{"mean":7346.731202573635,"sqsum":15021.680796025707,"variance":517.9889929664037,"size":30}},"loadavg":{"n=5000000":{"mean":282508.4466733326,"sqsum":213574851.24987635,"variance":7364650.0430991845,"size":30}},"networkInterfaces":{"n=10000":{"mean":7606.196018053653,"sqsum":11417.51205370492,"variance":393.7073121967214,"size":30}}}