{"ee-add-remove":{"n=1000000":{"mean":871135.110235833,"sqsum":19408362208.51971,"variance":669253869.2593004,"size":30}},"ee-emit":{"argc=0 listeners=1 n=2000000":{"mean":35659448.44970136,"sqsum":17140379667340.55,"variance":591047574735.8811,"size":30},"argc=0 listeners=5 n=2000000":{"mean":11782253.38187428,"sqsum":1093053883063.6412,"variance":37691513209.09108,"size":30},"argc=0 listeners=10 n=2000000":{"mean":6132430.978160538,"sqsum":1592628969408.6858,"variance":54918240324.43744,"size":30},"argc=2 listeners=1 n=2000000":{"mean":32893493.09208825,"sqsum":20681482716017.754,"variance":713154576414.4053,"size":30},"argc=2 listeners=5 n=2000000":{"mean":10565257.053060375,"sqsum":3165077645991.876,"variance":109140608482.47849,"size":30},"argc=2 listeners=10 n=2000000":{"mean":5388055.302605605,"sqsum":741225131345.6847,"variance":25559487287.78223,"size":30},"argc=4 listeners=1 n=2000000":{"mean":32141212.783062227,"sqsum":19298635041895.9,"variance":665470173858.4794,"size":30},"argc=4 listeners=5 n=2000000":{"mean":10491833.308063753,"sqsum":1264245887683.2722,"variance":43594685782.1818,"size":30},"argc=4 listeners=10 n=2000000":{"mean":5302928.370743752,"sqsum":327311614775.2817,"variance":11286607406.044195,"size":30},"argc=10 listeners=1 n=2000000":{"mean":31494110.756152857,"sqsum":10439783972428.871,"variance":359992550773.4093,"size":30},"argc=10 listeners=5 n=2000000":{"mean":9599945.138868313,"sqsum":4422481601423.649,"variance":152499365566.33273,"size":30},"argc=10 listeners=10 n=2000000":{"mean":4955870.726119512,"sqsum":53165044913.02901,"variance":1833277410.7941036,"size":30}},"ee-listener-count-on-prototype":{"n=50000000":{"mean":60278996.38332296,"sqsum":21754220258523.625,"variance":750145526155.987,"size":30}},"ee-listeners":{"listeners=5 n=5000000 raw=\"true\"":{"mean":45570911.07047314,"sqsum":40317449226859.77,"variance":1390256869891.7163,"size":30},"listeners=5 n=5000000 raw=\"false\"":{"mean":23069432.633615028,"sqsum":2270516690607.4316,"variance":78293678986.46317,"size":30},"listeners=50 n=5000000 raw=\"true\"":{"mean":11547652.949178884,"sqsum":2035172833134.8303,"variance":70178373556.37346,"size":30},"listeners=50 n=5000000 raw=\"false\"":{"mean":4272391.680965999,"sqsum":30800213525.58451,"variance":1062076328.4684314,"size":30}},"ee-once":{"argc=0 n=20000000":{"mean":5576063.018219871,"sqsum":328896527380.6028,"variance":11341259564.848372,"size":30},"argc=1 n=20000000":{"mean":5304674.849912361,"sqsum":219026456580.48032,"variance":7552636433.809667,"size":30},"argc=4 n=20000000":{"mean":5216304.408979922,"sqsum":2314802911993.0317,"variance":79820790068.72523,"size":30},"argc=5 n=20000000":{"mean":5203516.780184176,"sqsum":266415240390.68277,"variance":9186732427.264923,"size":30}},"eventtarget":{"listeners=1 n=1000000":{"mean":1621817.279478071,"sqsum":71583765994.41382,"variance":2468405723.945304,"size":30},"listeners=5 n=1000000":{"mean":1511444.6175328444,"sqsum":33834123370.420334,"variance":1166693909.324839,"size":30},"listeners=10 n=1000000":{"mean":1344924.5397229192,"sqsum":33610269848.891716,"variance":1158974822.3755765,"size":30}}}