{"convertprotocols":{"n=1":{"mean":2367.4984639840372,"sqsum":1250149.0551173524,"variance":43108.58810749491,"size":30},"n=50000":{"mean":722013.818768559,"sqsum":6622535948.978999,"variance":228363308.58548275,"size":30}},"secure-pair":{"dur=5 securing=\"SecurePair\" size=100":{"mean":345.13940504492314,"sqsum":130.20812029269524,"variance":4.489935182506732,"size":30},"dur=5 securing=\"SecurePair\" size=1024":{"mean":378.9556289978515,"sqsum":110.49411256959418,"variance":3.810141812744627,"size":30},"dur=5 securing=\"SecurePair\" size=1048576":{"mean":447.66883385288537,"sqsum":77.82021504273158,"variance":2.683455691128675,"size":30},"dur=5 securing=\"TLSSocket\" size=100":{"mean":343.89592329729686,"sqsum":53.829575374410005,"variance":1.85619225429,"size":30},"dur=5 securing=\"TLSSocket\" size=1024":{"mean":382.59852543387046,"sqsum":48.81179688178407,"variance":1.683165409716692,"size":30},"dur=5 securing=\"TLSSocket\" size=1048576":{"mean":451.90342536301023,"sqsum":38.01938089128597,"variance":1.3110131341822746,"size":30},"dur=5 securing=\"clear\" size=100":{"mean":248.6703910512038,"sqsum":727.2137647358744,"variance":25.076336715030152,"size":30},"dur=5 securing=\"clear\" size=1024":{"mean":1856.7577725522578,"sqsum":141545.71428429967,"variance":4880.88669945861,"size":30},"dur=5 securing=\"clear\" size=1048576":{"mean":6166.4821401522295,"sqsum":195930.10192047176,"variance":6756.21041105075,"size":30}},"throughput-c2s":{"dur=5 size=100 type=\"buf\"":{"mean":377.9761005381135,"sqsum":27.442734222995107,"variance":0.9463011801032796,"size":30},"dur=5 size=1024 type=\"buf\"":{"mean":432.928371722351,"sqsum":71.23509269019563,"variance":2.45638250655847,"size":30},"dur=5 size=1048576 type=\"buf\"":{"mean":500.32953979927805,"sqsum":25.69428923831311,"variance":0.8860099737349348,"size":30},"dur=5 size=4194304 type=\"buf\"":{"mean":494.96904519339415,"sqsum":91.63426126788183,"variance":3.1598021126855804,"size":30},"dur=5 size=16777216 type=\"buf\"":{"mean":495.1136239266027,"sqsum":443.9775469773294,"variance":15.309570585425151,"size":30},"dur=5 size=100 type=\"asc\"":{"mean":301.0304720401075,"sqsum":78.93236823408785,"variance":2.7218058011754427,"size":30},"dur=5 size=1024 type=\"asc\"":{"mean":414.8207643469386,"sqsum":98.74834461616643,"variance":3.4051153315919462,"size":30},"dur=5 size=1048576 type=\"asc\"":{"mean":496.2850343013376,"sqsum":21.841473915032722,"variance":0.7531542729321629,"size":30},"dur=5 size=4194304 type=\"asc\"":{"mean":488.43307346660214,"sqsum":44.71768586598342,"variance":1.5419891677925317,"size":30},"dur=5 size=16777216 type=\"asc\"":{"mean":479.9764582611025,"sqsum":116.88141055786356,"variance":4.030393467512536,"size":30},"dur=5 size=100 type=\"utf\"":{"mean":308.76717639717896,"sqsum":90.30656517000126,"variance":3.114019488620733,"size":30},"dur=5 size=1024 type=\"utf\"":{"mean":416.13418024562657,"sqsum":36.880088543693425,"variance":1.2717271911618422,"size":30},"dur=5 size=1048576 type=\"utf\"":{"mean":464.3631256917881,"sqsum":21.66457578095311,"variance":0.7470543372742452,"size":30},"dur=5 size=4194304 type=\"utf\"":{"mean":459.35549517065596,"sqsum":46.100029482200526,"variance":1.5896561890413974,"size":30},"dur=5 size=16777216 type=\"utf\"":{"mean":446.93748091048593,"sqsum":66.75814011703012,"variance":2.302004831621728,"size":30}},"throughput-s2c":{"dur=5 recvbufgenfn=\"true\" recvbuflen=0 sendchunklen=256 type=\"buf\"":{"mean":416.20070549257287,"sqsum":44.3000854534776,"variance":1.5275891535681931,"size":30},"dur=5 recvbufgenfn=\"false\" recvbuflen=0 sendchunklen=256 type=\"buf\"":{"mean":416.17272726871784,"sqsum":57.70877893399343,"variance":1.9899578942756353,"size":30},"dur=5 recvbufgenfn=\"true\" recvbuflen=65536 sendchunklen=256 type=\"buf\"":{"mean":434.9687002149017,"sqsum":41.7525282835046,"variance":1.439742354603607,"size":30},"dur=5 recvbufgenfn=\"false\" recvbuflen=65536 sendchunklen=256 type=\"buf\"":{"mean":438.0075327967897,"sqsum":87.50299213403686,"variance":3.0173445563460985,"size":30},"dur=5 recvbufgenfn=\"true\" recvbuflen=1048576 sendchunklen=256 type=\"buf\"":{"mean":435.0005512766964,"sqsum":13.474430647053751,"variance":0.4646355395535776,"size":30},"dur=5 recvbufgenfn=\"false\" recvbuflen=1048576 sendchunklen=256 type=\"buf\"":{"mean":437.5085270441189,"sqsum":87.7123914626264,"variance":3.024565222849186,"size":30},"dur=5 recvbufgenfn=\"true\" recvbuflen=0 sendchunklen=32768 type=\"buf\"":{"mean":483.46826919062,"sqsum":150.75195863442698,"variance":5.198343401187138,"size":30},"dur=5 recvbufgenfn=\"false\" recvbuflen=0 sendchunklen=32768 type=\"buf\"":{"mean":483.95912004662046,"sqsum":47.434189324448404,"variance":1.6356617008430485,"size":30},"dur=5 recvbufgenfn=\"true\" recvbuflen=65536 sendchunklen=32768 type=\"buf\"":{"mean":504.7408685574515,"sqsum":15.183010898031611,"variance":0.5235520999321245,"size":30},"dur=5 recvbufgenfn=\"false\" recvbuflen=65536 sendchunklen=32768 type=\"buf\"":{"mean":506.7654268774425,"sqsum":30.989920200458496,"variance":1.0686179379468446,"size":30},"dur=5 recvbufgenfn=\"true\" recvbuflen=1048576 sendchunklen=32768 type=\"buf\"":{"mean":504.61846508943734,"sqsum":17.999942615488145,"variance":0.6206876763961429,"size":30},"dur=5 recvbufgenfn=\"false\" recvbuflen=1048576 sendchunklen=32768 type=\"buf\"":{"mean":506.7135994074723,"sqsum":36.978239328137654,"variance":1.275111700970264,"size":30},"dur=5 recvbufgenfn=\"true\" recvbuflen=0 sendchunklen=131072 type=\"buf\"":{"mean":496.9033686494144,"sqsum":20.40034243674303,"variance":0.7034600840256217,"size":30},"dur=5 recvbufgenfn=\"false\" recvbuflen=0 sendchunklen=131072 type=\"buf\"":{"mean":497.059893679579,"sqsum":24.483196774345735,"variance":0.8442481646326115,"size":30},"dur=5 recvbufgenfn=\"true\" recvbuflen=65536 sendchunklen=131072 type=\"buf\"":{"mean":519.9562792184907,"sqsum":80.74252722443482,"variance":2.7842250767046495,"size":30},"dur=5 recvbufgenfn=\"false\" recvbuflen=65536 sendchunklen=131072 type=\"buf\"":{"mean":521.376293523054,"sqsum":46.10240232834393,"variance":1.5897380113222044,"size":30},"dur=5 recvbufgenfn=\"true\" recvbuflen=1048576 sendchunklen=131072 type=\"buf\"":{"mean":520.2039241965851,"sqsum":96.42723809412301,"variance":3.325077175659414,"size":30},"dur=5 recvbufgenfn=\"false\" recvbuflen=1048576 sendchunklen=131072 type=\"buf\"":{"mean":521.6286582623418,"sqsum":74.46192971868903,"variance":2.5676527489203114,"size":30},"dur=5 recvbufgenfn=\"true\" recvbuflen=0 sendchunklen=16777216 type=\"buf\"":{"mean":493.668795501099,"sqsum":788.8556006379199,"variance":27.201917263376547,"size":30},"dur=5 recvbufgenfn=\"false\" recvbuflen=0 sendchunklen=16777216 type=\"buf\"":{"mean":493.7102372166455,"sqsum":842.3338791237853,"variance":29.045995831854665,"size":30},"dur=5 recvbufgenfn=\"true\" recvbuflen=65536 sendchunklen=16777216 type=\"buf\"":{"mean":518.6975422768129,"sqsum":267.9630386362213,"variance":9.240104780559356,"size":30},"dur=5 recvbufgenfn=\"false\" recvbuflen=65536 sendchunklen=16777216 type=\"buf\"":{"mean":523.2362722152128,"sqsum":51.982441045967896,"variance":1.7924979671023413,"size":30},"dur=5 recvbufgenfn=\"true\" recvbuflen=1048576 sendchunklen=16777216 type=\"buf\"":{"mean":519.2248581731124,"sqsum":276.7492127190184,"variance":9.543076300655807,"size":30},"dur=5 recvbufgenfn=\"false\" recvbuflen=1048576 sendchunklen=16777216 type=\"buf\"":{"mean":522.7604628577774,"sqsum":177.90486163100445,"variance":6.134650401069119,"size":30},"dur=5 recvbufgenfn=\"true\" recvbuflen=0 sendchunklen=256 type=\"asc\"":{"mean":371.9071520290946,"sqsum":53.227696091559366,"variance":1.8354377962606676,"size":30},"dur=5 recvbufgenfn=\"false\" recvbuflen=0 sendchunklen=256 type=\"asc\"":{"mean":371.9068515746557,"sqsum":62.662743020893835,"variance":2.1607842420997874,"size":30},"dur=5 recvbufgenfn=\"true\" recvbuflen=65536 sendchunklen=256 type=\"asc\"":{"mean":387.6481759889645,"sqsum":17.100786815011794,