{"atomics-wait":{"n=10000000":{"mean":9914664.41049582,"sqsum":1991510299848.3728,"variance":68672768960.28872,"size":30}},"echo":{"n=100000 payload=\"string\" sendsPerBroadcast=1 workers=1":{"mean":54965.63541898326,"sqsum":20526908.75943959,"variance":707824.4399806756,"size":30},"n=100000 payload=\"string\" sendsPerBroadcast=10 workers=1":{"mean":21015.268308211616,"sqsum":3567648.390003758,"variance":123022.35827599166,"size":30},"n=100000 payload=\"object\" sendsPerBroadcast=1 workers=1":{"mean":35678.35960041747,"sqsum":8707224.718818795,"variance":300249.12823513086,"size":30},"n=100000 payload=\"object\" sendsPerBroadcast=10 workers=1":{"mean":13562.344931052567,"sqsum":2133613.5957318754,"variance":73572.88261144399,"size":30}},"messageport":{"n=1000000 payload=\"string\" style=\"eventtarget\"":{"mean":278105.9106828504,"sqsum":730979341.1777631,"variance":25206184.178543556,"size":30},"n=1000000 payload=\"string\" style=\"eventemitter\"":{"mean":527983.5294141708,"sqsum":4755128271.987179,"variance":163969940.413351,"size":30},"n=1000000 payload=\"object\" style=\"eventtarget\"":{"mean":149329.93501308723,"sqsum":110249991.59654325,"variance":3801723.848156664,"size":30},"n=1000000 payload=\"object\" style=\"eventemitter\"":{"mean":212926.06188369292,"sqsum":370199727.4718703,"variance":12765507.843857596,"size":30}}}