{"basename-posix":{"n=100000 pathext=\"\"":{"mean":11747914.917368306,"sqsum":533345349721.95215,"variance":18391218955.929382,"size":30},"n=100000 pathext=\"/\"":{"mean":10405590.78867929,"sqsum":2909219265389.167,"variance":100317905703.07472,"size":30},"n=100000 pathext=\"/foo\"":{"mean":8661011.993646657,"sqsum":211943319031.10275,"variance":7308390311.417336,"size":30},"n=100000 pathext=\"/foo/.bar.baz\"":{"mean":6030756.484393472,"sqsum":606637222167.6906,"variance":20918524902.334156,"size":30},"n=100000 pathext=\"/foo/.bar.baz|.baz\"":{"mean":5065130.517557899,"sqsum":100729413114.08496,"variance":3473428038.416723,"size":30},"n=100000 pathext=\"foo\"":{"mean":10058301.99469985,"sqsum":238417045729.89597,"variance":8221277438.961929,"size":30},"n=100000 pathext=\"foo/bar.\"":{"mean":7040291.370858899,"sqsum":787462590696.9606,"variance":27153882437.826225,"size":30},"n=100000 pathext=\"foo/bar.|.\"":{"mean":5898960.213201078,"sqsum":727271982432.4673,"variance":25078344221.809216,"size":30},"n=100000 pathext=\"/foo/bar/baz/asdf/quux.html\"":{"mean":5881551.933326817,"sqsum":694254308068.9647,"variance":23939803726.516026,"size":30},"n=100000 pathext=\"/foo/bar/baz/asdf/quux.html|.html\"":{"mean":4752830.571058546,"sqsum":778788704719.8003,"variance":26854782921.372425,"size":30}},"basename-win32":{"n=100000 pathext=\"\"":{"mean":10244940.011625329,"sqsum":226401831668.2081,"variance":7806959712.696832,"size":30},"n=100000 pathext=\"C:\\\\\"":{"mean":7880548.597096728,"sqsum":1714465024677.8567,"variance":59119483609.58126,"size":30},"n=100000 pathext=\"C:\\\\foo\"":{"mean":7062960.667557993,"sqsum":44271045398.26004,"variance":1526587772.3537946,"size":30},"n=100000 pathext=\"D:\\\\foo\\\\.bar.baz\"":{"mean":5053853.101449411,"sqsum":472808576435.74536,"variance":16303744015.025702,"size":30},"n=100000 pathext=\"E:\\\\foo\\\\.bar.baz|.baz\"":{"mean":4354197.6039665695,"sqsum":100420401871.23244,"variance":3462772478.31836,"size":30},"n=100000 pathext=\"foo\"":{"mean":8196328.458615689,"sqsum":181159775068.1275,"variance":6246888795.452672,"size":30},"n=100000 pathext=\"foo\\\\bar.\"":{"mean":5791891.435535161,"sqsum":746621254821.728,"variance":25745560511.09407,"size":30},"n=100000 pathext=\"foo\\\\bar.|.\"":{"mean":5119694.428508511,"sqsum":376045503414.43414,"variance":12967086324.63566,"size":30},"n=100000 pathext=\"\\\\foo\\\\bar\\\\baz\\\\asdf\\\\quux.html\"":{"mean":5358681.541099858,"sqsum":189446407352.14777,"variance":6532634736.280957,"size":30},"n=100000 pathext=\"\\\\foo\\\\bar\\\\baz\\\\asdf\\\\quux.html|.html\"":{"mean":4365069.2767490195,"sqsum":163630036230.9916,"variance":5642415042.447987,"size":30}},"dirname-posix":{"n=100000 path=\"\"":{"mean":11417601.892342763,"sqsum":284791062987.7622,"variance":9820381482.336628,"size":30},"n=100000 path=\"/\"":{"mean":10686153.47660297,"sqsum":172460969134.4206,"variance":5946929970.152434,"size":30},"n=100000 path=\"/foo\"":{"mean":8633425.447316274,"sqsum":95346234518.02975,"variance":3287801190.276888,"size":30},"n=100000 path=\"/foo/bar\"":{"mean":7033958.29537755,"sqsum":660127141019.2936,"variance":22763004862.73426,"size":30},"n=100000 path=\"foo\"":{"mean":9629515.956947494,"sqsum":133067999625.17677,"variance":4588551711.212993,"size":30},"n=100000 path=\"foo/bar\"":{"mean":8436787.986168306,"sqsum":105943713059.04433,"variance":3653231484.794632,"size":30},"n=100000 path=\"/foo/bar/baz/asdf/quux\"":{"mean":6541467.17265505,"sqsum":1438921101569.8215,"variance":49617969019.64902,"size":30}},"dirname-win32":{"n=100000 path=\"\"":{"mean":10444379.672279209,"sqsum":120709960691.33257,"variance":4162412437.6321573,"size":30},"n=100000 path=\"\\\\\"":{"mean":9504232.059930377,"sqsum":112587867818.00302,"variance":3882340269.5863113,"size":30},"n=100000 path=\"\\\\foo\"":{"mean":7603718.74423801,"sqsum":588590590650.3798,"variance":20296227263.8062,"size":30},"n=100000 path=\"C:\\\\foo\\\\bar\"":{"mean":5761361.7066981895,"sqsum":332652390502.28845,"variance":11470772086.285809,"size":30},"n=100000 path=\"foo\"":{"mean":8015434.436814715,"sqsum":106795081385.04968,"variance":3682589013.277575,"size":30},"n=100000 path=\"foo\\\\bar\"":{"mean":7212025.490712259,"sqsum":104404901480.55693,"variance":3600169016.5709286,"size":30},"n=100000 path=\"D:\\\\foo\\\\bar\\\\baz\\\\asdf\\\\quux\"":{"mean":5419670.962400191,"sqsum":634106160365.0858,"variance":21865729667.76158,"size":30}},"extname-posix":{"n=100000 path=\"\"":{"mean":11936086.586079907,"sqsum":254629253059.08463,"variance":8780319071.002918,"size":30},"n=100000 path=\"/\"":{"mean":11273593.808710294,"sqsum":326331480660.71893,"variance":11252809677.955826,"size":30},"n=100000 path=\"/foo\"":{"mean":9316491.371034652,"sqsum":179798132777.50684,"variance":6199935613.017477,"size":30},"n=100000 path=\"foo/.bar.baz\"":{"mean":5867338.879621872,"sqsum":491667724730.6023,"variance":16954059473.469044,"size":30},"n=100000 path=\"index.html\"":{"mean":5956332.936062005,"sqsum":182573134454.737,"variance":6295625326.0254135,"size":30},"n=100000 path=\"index\"":{"mean":8940003.995836457,"sqsum":145196576274.31775,"variance":5006778492.217854,"size":30},"n=100000 path=\"foo/bar/..baz.quux\"":{"mean":5250519.347417256,"sqsum":273377708992.59756,"variance":9426817551.468882,"size":30},"n=100000 path=\"foo/bar/...baz.quux\"":{"mean":5047372.563639057,"sqsum":89433699934.89134,"variance":3083920687.410046,"size":30},"n=100000 path=\"/foo/bar/baz/asdf/quux\"":{"mean":7227688.201324764,"sqsum":869154828530.3544,"variance":29970856156.219112,"size":30},"n=100000 path=\"/foo/bar/baz/asdf/quux.foobarbazasdfquux\"":{"mean":3932792.2775243507,"sqsum":75149006921.72508,"variance":2591345066.266382,"size":30}},"extname-win32":{"n=100000 path=\"\"":{"mean":10744316.717131503,"sqsum":228414299784.73834,"variance":7876355164.990977,"size":30},"n=100000 path=\"\\\\\"":{"mean":10214499.9278755,"sqsum":157514742685.49948,"variance":5431542851.22412,"size":30},"n=100000 path=\"C:\\\\foo\"":{"mean":8000048.467723166,"sqsum":74383579820.68913,"variance":2564951028.2996254,"size":30},"n=100000 path=\"foo\\\\.bar.baz\"":{"mean":5402319.107924698,"sqsum":521896835579.91437,"variance":17996442606.20394,"size":30},"n=100000 path=\"index.html\"":{"mean":5398077.5266617825,"sqsum":514338855897.61554,"variance":17735822617.159157,"size":30},"n=100000 path=\"index\"":{"mean":8056995.285646644,"sqsum":245112431996.06033,"variance":8452152827.4503565,"size":30},"n=100000 path=\"foo\\\\bar\\\\..baz.quux\"":{"mean":4789072.568240019,"sqsum":294563609486.82166,"variance":10157365844.37316,"size":30},"n=100000 path=\"foo\\\\bar\\\\...baz.quux\"":{"mean":4665577.886707728,"sqsum":295610807391.50366,"variance":10193476116.9484,"size":30},"n=100000 path=\"D:\\\\foo\\\\bar\\\\baz\\\\asdf\\\\quux\"":{"mean":6231286.725173294,"sqsum":613494343170.1132,"variance":21154977350.693558,"size":30},"n=100000 path=\"\\\\foo\\\\bar\\\\baz\\\\asdf\\\\quux.foobarbazasdfquux\"":{"mean":3674748.291645867,"sqsum":50941799186.269066,"variance":1756613765.043761,"size":30}},"format-posix":{"n=1000000 props=\"/|/home/user/dir|index.html|.html|index\"":{"mean":6486998.228914607,"sqsum":18235587445.44692,"variance":628813360.1878247,"size":30}},"format-win32":{"n=1000000 props=\"C:\\\\|C:\\\\path\\\\dir|index.html|.html|index\"":{"mean":6217298.772671983,"sqsum":8674536727.878517,"variance":299121956.133742,"size":30}},"isAbsolute-posix":{"n=100000 path=\"\"":{"mean":14795873.783264857,"sqsum":657025802584.733,"variance":22656062158.094242,"size":30},"n=100000 path=\".\"":{"mean":14357958.34233055,"sqsum":1127548393630.5425,"variance":38880979090.70837,"size":30},"n=100000 path=\"/foo/bar\"":{"mean":10941437.092735909,"sqsum":5567795905306.441,"variance":191992962251.94626,"size":30},"n=100000 path=\"/baz/..\"":{"mean":12791298.710597124,"sqsum":362315821562.1813,"variance":12493649019.385561,"size":30},"n=100000 path=\"bar/baz\"":{"mean":12820341.179627374,"sqsum":499158159566.2562,