{"defaultparams-bench":{"method=\"withoutdefaults\" n=100000000":{"mean":555769541.5335879,"sqsum":107931667211420.7,"variance":3721781627980.0244,"size":30},"method=\"withdefaults\" n=100000000":{"mean":555243967.4196082,"sqsum":151336112283401.97,"variance":5218486630462.137,"size":30}},"destructuring-bench":{"method=\"swap\" n=100000000":{"mean":373710797.29587805,"sqsum":39799120397979.77,"variance":1372383461999.3025,"size":30},"method=\"destructure\" n=100000000":{"mean":281312433.6634767,"sqsum":12584723966886.748,"variance":433955998858.16376,"size":30}},"destructuring-object-bench":{"method=\"normal\" n=100000000":{"mean":1108396036.1827004,"sqsum":1757597527486385,"variance":60606811292633.96,"size":30},"method=\"destructureObject\" n=100000000":{"mean":1108094711.9273818,"sqsum":843890080243420.6,"variance":29099657939428.297,"size":30}},"foreach-bench":{"count=5 method=\"for\" n=5000000":{"mean":126988451.77871066,"sqsum":20148123978822.67,"variance":694762895821.4716,"size":30},"count=10 method=\"for\" n=5000000":{"mean":81436040.25106658,"sqsum":15854850335941.504,"variance":546718977101.43115,"size":30},"count=20 method=\"for\" n=5000000":{"mean":47507093.455354914,"sqsum":1996191354164.1345,"variance":68834184626.34947,"size":30},"count=100 method=\"for\" n=5000000":{"mean":10385524.528928895,"sqsum":9355022614.893318,"variance":322586986.7204592,"size":30},"count=5 method=\"for-of\" n=5000000":{"mean":86055751.15020466,"sqsum":16213897591820.121,"variance":559099916959.3146,"size":30},"count=10 method=\"for-of\" n=5000000":{"mean":52900491.202787235,"sqsum":4244090209045.443,"variance":146347938242.94632,"size":30},"count=20 method=\"for-of\" n=5000000":{"mean":32715162.311783154,"sqsum":711389923246.1074,"variance":24530687008.48646,"size":30},"count=100 method=\"for-of\" n=5000000":{"mean":9882833.998810964,"sqsum":4670714366.1991825,"variance":161059116.0758339,"size":30},"count=5 method=\"for-in\" n=5000000":{"mean":2499368.654204738,"sqsum":89106992573.79689,"variance":3072654916.337824,"size":30},"count=10 method=\"for-in\" n=5000000":{"mean":1642845.434606737,"sqsum":29221123029.9431,"variance":1007624932.0670035,"size":30},"count=20 method=\"for-in\" n=5000000":{"mean":971502.4475341453,"sqsum":4915692104.512801,"variance":169506624.29354486,"size":30},"count=100 method=\"for-in\" n=5000000":{"mean":228036.94420167684,"sqsum":40190460.94050235,"variance":1385877.9634655984,"size":30},"count=5 method=\"forEach\" n=5000000":{"mean":98610139.39392596,"sqsum":16561138940950.607,"variance":571073756584.5037,"size":30},"count=10 method=\"forEach\" n=5000000":{"mean":64949482.717427894,"sqsum":16403826350210.424,"variance":565649184490.0146,"size":30},"count=20 method=\"forEach\" n=5000000":{"mean":46690609.21180003,"sqsum":3296921467791.944,"variance":113686947165.23944,"size":30},"count=100 method=\"forEach\" n=5000000":{"mean":13699843.062383601,"sqsum":201812205075.17773,"variance":6959041554.316474,"size":30}},"map-bench":{"method=\"object\" n=1000000":{"mean":315830.3235093023,"sqsum":374866023.7246728,"variance":12926414.611195613,"size":30},"method=\"nullProtoObject\" n=1000000":{"mean":326824.05396145274,"sqsum":605929964.04639,"variance":20894136.69125483,"size":30},"method=\"nullProtoLiteralObject\" n=1000000":{"mean":327033.8585474927,"sqsum":575215885.386544,"variance":19835030.53057048,"size":30},"method=\"storageObject\" n=1000000":{"mean":322727.8171300912,"sqsum":371639764.27609533,"variance":12815164.285382599,"size":30},"method=\"fakeMap\" n=1000000":{"mean":288190.90034183103,"sqsum":170971123.62486163,"variance":5895555.987064194,"size":30},"method=\"map\" n=1000000":{"mean":616129.4275998588,"sqsum":219508450.5490828,"variance":7569256.915485613,"size":30}},"restparams-bench":{"method=\"copy\" n=100000000":{"mean":30071164.479457274,"sqsum":3891788676792.968,"variance":134199609544.5851,"size":30},"method=\"rest\" n=100000000":{"mean":137006663.88995916,"sqsum":5905178839421775,"variance":203626856531785.34,"size":30},"method=\"arguments\" n=100000000":{"mean":140082701.01830655,"sqsum":2112894261172605.5,"variance":72858422799055.36,"size":30}},"spread-assign":{"count=5 method=\"spread\" n=1000000":{"mean":23637190.560485322,"sqsum":1243552561348.481,"variance":42881122805.120026,"size":30},"count=10 method=\"spread\" n=1000000":{"mean":19448097.21476836,"sqsum":2491296419183.484,"variance":85906773075.29254,"size":30},"count=20 method=\"spread\" n=1000000":{"mean":115214.95588720805,"sqsum":121267329.85558325,"variance":4181632.0639856295,"size":30},"count=5 method=\"assign\" n=1000000":{"mean":5659338.227962346,"sqsum":856193797354.395,"variance":29523924046.703274,"size":30},"count=10 method=\"assign\" n=1000000":{"mean":2781934.123384394,"sqsum":79782555716.36528,"variance":2751122610.9091477,"size":30},"count=20 method=\"assign\" n=1000000":{"mean":87102.22689757157,"sqsum":110672942.14827414,"variance":3816308.349940487,"size":30},"count=5 method=\"_extend\" n=1000000":{"mean":3329272.9846286643,"sqsum":97793282598.25201,"variance":3372182158.5604143,"size":30},"count=10 method=\"_extend\" n=1000000":{"mean":1547714.10556003,"sqsum":8743420427.385748,"variance":301497256.11674994,"size":30},"count=20 method=\"_extend\" n=1000000":{"mean":258191.49098340262,"sqsum":1104225548.8668745,"variance":38076743.06437498,"size":30}},"spread-bench":{"context=\"context\" count=5 method=\"apply\" n=5000000 rest=0":{"mean":31746293.04122281,"sqsum":9233624754384.264,"variance":318400853599.4574,"size":30},"context=\"context\" count=5 method=\"apply\" n=5000000 rest=1":{"mean":31592259.480294462,"sqsum":23540457846548.418,"variance":811739925743.049,"size":30},"context=\"null\" count=5 method=\"apply\" n=5000000 rest=0":{"mean":31727858.859542783,"sqsum":12802044768891.365,"variance":441449819616.9436,"size":30},"context=\"null\" count=5 method=\"apply\" n=5000000 rest=1":{"mean":31766732.71086185,"sqsum":2573460261469.211,"variance":88740009016.17969,"size":30},"context=\"context\" count=10 method=\"apply\" n=5000000 rest=0":{"mean":25613306.348255794,"sqsum":1514598989402.0933,"variance":52227551358.69287,"size":30},"context=\"context\" count=10 method=\"apply\" n=5000000 rest=1":{"mean":25501844.53676363,"sqsum":6495612537900.92,"variance":223986639237.96277,"size":30},"context=\"null\" count=10 method=\"apply\" n=5000000 rest=0":{"mean":25442636.486780208,"sqsum":9038713168452.684,"variance":311679764429.4029,"size":30},"context=\"null\" count=10 method=\"apply\" n=5000000 rest=1":{"mean":25224100.987629987,"sqsum":18882251065110.434,"variance":651112105693.4633,"size":30},"context=\"context\" count=20 method=\"apply\" n=5000000 rest=0":{"mean":18706758.471913267,"sqsum":2638422216137.6113,"variance":90980076418.53831,"size":30},"context=\"context\" count=20 method=\"apply\" n=5000000 rest=1":{"mean":18645528.911361475,"sqsum":4199286297996.828,"variance":144802975792.99408,"size":30},"context=\"null\" count=20 method=\"apply\" n=5000000 rest=0":{"mean":18695213.313078962,"sqsum":2536790531706.7666,"variance":87475535576.0954,"size":30},"context=\"null\" count=20 method=\"apply\" n=5000000 rest=1":{"mean":18739931.795541953,"sqsum":1817428668201.569,"variance":62669954075.916176,"size":30},"context=\"context\" count=5 method=\"spread\" n=5000000 rest=0":{"mean":31420155.31604563,"sqsum":482246351971.8943,"variance":16629184550.754976,"size":30},"context=\"context\" count=5 method=\"spread\" n=5000000 rest=1":{"mean":31240842.23268511,"sqsum":15007285746245.309,"variance":517492611939.49335,"size":30},"context=\"null\" count=5 method=\"spread\" n=5000000 rest=0":{"mean":35283332.15970596,"sqsum":891239582807.7748,"variance":30732399407.16465,"size":30},"context=\"null\" count=5 method=\"spread\" n=5000000 rest=1":{"mean":34727742.24082524,"sqsum":59139286884776.52,"variance":2039285754647.4663,"size":30},"context=\"context\" count=10 method=\"spread\" n=5000000 rest=0":{"mean":25109512.894638393,