{"array-vs-concat":{"chunks=1 dur=5 len=64 num=100 type=\"concat\"":{"mean":0.1247983455266136,"sqsum":0.00011422873954376086,"variance":0.00000393892205323313,"size":30},"chunks=1 dur=5 len=64 num=100 type=\"multi\"":{"mean":0.1242276292504086,"sqsum":0.0001255865119895709,"variance":0.00000433056937895072,"size":30},"chunks=2 dur=5 len=64 num=100 type=\"concat\"":{"mean":0.12302765234293099,"sqsum":0.00017171094826657021,"variance":0.00000592106718160587,"size":30},"chunks=2 dur=5 len=64 num=100 type=\"multi\"":{"mean":0.1158105707071618,"sqsum":0.0001278329777085176,"variance":0.00000440803371408681,"size":30},"chunks=4 dur=5 len=64 num=100 type=\"concat\"":{"mean":0.12230700583428063,"sqsum":0.000060009659117187825,"variance":0.00000206929859024786,"size":30},"chunks=4 dur=5 len=64 num=100 type=\"multi\"":{"mean":0.10417206743893043,"sqsum":0.00005390198638711593,"variance":0.00000185868918576262,"size":30},"chunks=8 dur=5 len=64 num=100 type=\"concat\"":{"mean":0.11846203112875055,"sqsum":0.00014966890341356045,"variance":0.00000516099666943312,"size":30},"chunks=8 dur=5 len=64 num=100 type=\"multi\"":{"mean":0.08755217191030472,"sqsum":0.000035859030667370875,"variance":0.00000123651829887486,"size":30},"chunks=1 dur=5 len=256 num=100 type=\"concat\"":{"mean":0.47955626112771604,"sqsum":0.0038342215545282923,"variance":0.00013221453636304457,"size":30},"chunks=1 dur=5 len=256 num=100 type=\"multi\"":{"mean":0.49453264548771203,"sqsum":0.002062587607574791,"variance":0.00007112371060602728,"size":30},"chunks=2 dur=5 len=256 num=100 type=\"concat\"":{"mean":0.4812734799002303,"sqsum":0.0015135329711276446,"variance":0.00005219079210784981,"size":30},"chunks=2 dur=5 len=256 num=100 type=\"multi\"":{"mean":0.46173219906805785,"sqsum":0.0021442198715227482,"variance":0.00007393861625940511,"size":30},"chunks=4 dur=5 len=256 num=100 type=\"concat\"":{"mean":0.47001892369915543,"sqsum":0.00236556633109269,"variance":0.00008157125279629966,"size":30},"chunks=4 dur=5 len=256 num=100 type=\"multi\"":{"mean":0.41538430998839504,"sqsum":0.0014611892384620304,"variance":0.00005038583580903553,"size":30},"chunks=8 dur=5 len=256 num=100 type=\"concat\"":{"mean":0.45986686402664123,"sqsum":0.0017200384397058717,"variance":0.00005931167033468523,"size":30},"chunks=8 dur=5 len=256 num=100 type=\"multi\"":{"mean":0.3489733349966135,"sqsum":0.0004826610501574867,"variance":0.0000166434844881892,"size":30},"chunks=1 dur=5 len=512 num=100 type=\"concat\"":{"mean":0.9291439600191029,"sqsum":0.008938604691418547,"variance":0.0003082277479799499,"size":30},"chunks=1 dur=5 len=512 num=100 type=\"multi\"":{"mean":0.9860738946668914,"sqsum":0.010133215582281464,"variance":0.00034942122697522284,"size":30},"chunks=2 dur=5 len=512 num=100 type=\"concat\"":{"mean":0.9280232627043314,"sqsum":0.0071610232595056165,"variance":0.0002469318365346764,"size":30},"chunks=2 dur=5 len=512 num=100 type=\"multi\"":{"mean":0.9247822022883642,"sqsum":0.004658956297067133,"variance":0.00016065366541610803,"size":30},"chunks=4 dur=5 len=512 num=100 type=\"concat\"":{"mean":0.9167823338922145,"sqsum":0.0071604418995241045,"variance":0.00024691178963876225,"size":30},"chunks=4 dur=5 len=512 num=100 type=\"multi\"":{"mean":0.8218206115726057,"sqsum":0.006530543701927237,"variance":0.00022519116213542197,"size":30},"chunks=8 dur=5 len=512 num=100 type=\"concat\"":{"mean":0.9024277826503196,"sqsum":0.003229921323557339,"variance":0.00011137659736404618,"size":30},"chunks=8 dur=5 len=512 num=100 type=\"multi\"":{"mean":0.6881600672630122,"sqsum":0.0030821023614270404,"variance":0.00010627939177334623,"size":30},"chunks=1 dur=5 len=1024 num=100 type=\"concat\"":{"mean":1.7799759037442917,"sqsum":0.0454001771210579,"variance":0.0015655233490019964,"size":30},"chunks=1 dur=5 len=1024 num=100 type=\"multi\"":{"mean":1.9594711162143172,"sqsum":0.028424161934056072,"variance":0.0009801435149674508,"size":30},"chunks=2 dur=5 len=1024 num=100 type=\"concat\"":{"mean":1.7789753938635573,"sqsum":0.02463491225463933,"variance":0.0008494797329185975,"size":30},"chunks=2 dur=5 len=1024 num=100 type=\"multi\"":{"mean":1.8576526344542938,"sqsum":0.025129290323867775,"variance":0.0008665272525471647,"size":30},"chunks=4 dur=5 len=1024 num=100 type=\"concat\"":{"mean":1.7690624758873899,"sqsum":0.035012531636191495,"variance":0.0012073286771100515,"size":30},"chunks=4 dur=5 len=1024 num=100 type=\"multi\"":{"mean":1.6358717771933058,"sqsum":0.016682572659346213,"variance":0.0005752611261843522,"size":30},"chunks=8 dur=5 len=1024 num=100 type=\"concat\"":{"mean":1.7186842385853311,"sqsum":0.042668830769876945,"variance":0.0014713389920647222,"size":30},"chunks=8 dur=5 len=1024 num=100 type=\"multi\"":{"mean":1.3702881211911528,"sqsum":0.013451903749243582,"variance":0.0004638587499739166,"size":30}},"bind-params":{"address=\"true\" n=10000 port=\"true\"":{"mean":235926.57418882422,"sqsum":234087923.06640053,"variance":8071997.347117259,"size":30},"address=\"false\" n=10000 port=\"true\"":{"mean":234198.38007862924,"sqsum":269154554.3090926,"variance":9281191.527899746,"size":30},"address=\"false\" n=10000 port=\"false\"":{"mean":235722.9571443728,"sqsum":121810108.7091728,"variance":4200348.576178373,"size":30}},"multi-buffer":{"chunks=1 dur=5 len=64 num=100 type=\"send\"":{"mean":0.12380394651915173,"sqsum":0.00010334592800625097,"variance":0.00000356365268987072,"size":30},"chunks=1 dur=5 len=64 num=100 type=\"recv\"":{"mean":0.03965021564784362,"sqsum":0.000013164007521898553,"variance":4.5393129385857e-7,"size":30},"chunks=2 dur=5 len=64 num=100 type=\"send\"":{"mean":0.11691381889511043,"sqsum":0.00016034633440123455,"variance":0.00000552918394487016,"size":30},"chunks=2 dur=5 len=64 num=100 type=\"recv\"":{"mean":0.03723235633297358,"sqsum":0.000014037930277751643,"variance":4.8406656130178e-7,"size":30},"chunks=4 dur=5 len=64 num=100 type=\"send\"":{"mean":0.10486274770706704,"sqsum":0.00008239234145895847,"variance":0.00000284111522272271,"size":30},"chunks=4 dur=5 len=64 num=100 type=\"recv\"":{"mean":0.03367647855589645,"sqsum":0.000004029143377065972,"variance":1.3893597851952e-7,"size":30},"chunks=8 dur=5 len=64 num=100 type=\"send\"":{"mean":0.08730312528671816,"sqsum":0.000050760656579580834,"variance":0.00000175036746826141,"size":30},"chunks=8 dur=5 len=64 num=100 type=\"recv\"":{"mean":0.028032985982903318,"sqsum":0.0000033761499345308824,"variance":1.1641896325969e-7,"size":30},"chunks=1 dur=5 len=256 num=100 type=\"send\"":{"mean":0.49589419892611514,"sqsum":0.0024354746700524102,"variance":0.00008398188517422104,"size":30},"chunks=1 dur=5 len=256 num=100 type=\"recv\"":{"mean":0.15814684253604822,"sqsum":0.00023502217567179375,"variance":0.00000810421295419978,"size":30},"chunks=2 dur=5 len=256 num=100 type=\"send\"":{"mean":0.4622121140543678,"sqsum":0.0019020764385376163,"variance":0.00006558884270819367,"size":30},"chunks=2 dur=5 len=256 num=100 type=\"recv\"":{"mean":0.14810628599099473,"sqsum":0.00024087208657865158,"variance":0.0000083059340199535,"size":30},"chunks=4 dur=5 len=256 num=100 type=\"send\"":{"mean":0.4177743982422563,"sqsum":0.0007976145804929177,"variance":0.00002750395105147992,"size":30},"chunks=4 dur=5 len=256 num=100 type=\"recv\"":{"mean":0.13326329389227695,"sqsum":0.000060996996123581756,"variance":0.00000210334469391661,"size":30},"chunks=8 dur=5 len=256 num=100 type=\"send\"":{"mean":0.3469458575877769,"sqsum":0.00039604241999521085,"variance":0.00001365663517224865,"size":30},"chunks=8 dur=5 len=256 num=100 type=\"recv\"":{"mean":0.11120892772836899,"sqsum":0.000045137188528176765,"variance":0.00000155645477683368,"size":30},"chunks=1 dur=5 len=1024 num=100 type=\"send\"":{"mean":1.9556305317757576,"sqsum":0.051948446378959734,"variance":0.001791325737205508,"size":30},"chunks=1 dur=5 len=1024 num=100 type=\"recv\"":{"mean":0.6288159341369743,"sqsum":0.0020486291093951307,"variance":0.0000706423830825907,"size":30},