{"immediate":{"n=5000000 type=\"depth\"":{"mean":693281.1503390938,"sqsum":5419044213.102056,"variance":186863593.55524328,"size":30},"n=5000000 type=\"depth1\"":{"mean":686523.3123357627,"sqsum":4196713549.5602474,"variance":144714260.3296637,"size":30},"n=5000000 type=\"breadth\"":{"mean":2807359.6047064182,"sqsum":52426350970.51311,"variance":1807805205.8797622,"size":30},"n=5000000 type=\"breadth1\"":{"mean":2384130.348147843,"sqsum":11217750184.071907,"variance":386818971.8645485,"size":30},"n=5000000 type=\"breadth4\"":{"mean":1794440.9665687566,"sqsum":7929426313.475365,"variance":273428493.568116,"size":30},"n=5000000 type=\"clear\"":{"mean":12748986.808804974,"sqsum":3169546196708.579,"variance":109294696438.22687,"size":30}},"set-immediate-breadth-args":{"n=5000000":{"mean":1472863.6093656672,"sqsum":6888940261.075507,"variance":237549664.1750175,"size":30}},"set-immediate-breadth":{"n=10000000":{"mean":2030858.716861093,"sqsum":22523791663.78829,"variance":776682471.1651134,"size":30}},"set-immediate-depth-args":{"n=5000000":{"mean":654275.7220127475,"sqsum":4152337571.8935065,"variance":143184054.20322436,"size":30}},"timers-breadth-args":{"n=1000000":{"mean":1388884.1893907855,"sqsum":8147857247.634042,"variance":280960594.7460014,"size":30}},"timers-breadth":{"n=5000000":{"mean":2237418.958218583,"sqsum":17002593208.63965,"variance":586296317.5392983,"size":30}},"timers-cancel-pooled":{"n=5000000":{"mean":29138900.0261907,"sqsum":1159901896691.7979,"variance":39996617127.303375,"size":30}},"timers-cancel-unpooled":{"direction=\"start\" n=1000000":{"mean":2359958.3536847183,"sqsum":4969787265.412127,"variance":171371974.66938367,"size":30},"direction=\"end\" n=1000000":{"mean":9121542.962376902,"sqsum":2685335845228.813,"variance":92597787766.51079,"size":30}},"timers-depth":{"n=1000":{"mean":838.5722532089328,"sqsum":942.6329550162592,"variance":32.504584655733076,"size":30}},"timers-insert-pooled":{"n=5000000":{"mean":2023400.6810732605,"sqsum":7243869350.588872,"variance":249788598.296168,"size":30}},"timers-insert-unpooled":{"direction=\"start\" n=1000000":{"mean":1256276.1032848696,"sqsum":1486894305.6106248,"variance":51272217.434849136,"size":30},"direction=\"end\" n=1000000":{"mean":870198.0248031704,"sqsum":594334635.4515206,"variance":20494297.774190366,"size":30}},"timers-timeout-nexttick":{"n=50000":{"mean":1259589.7139135539,"sqsum":35475105152.72456,"variance":1223279488.0249848,"size":30},"n=5000000":{"mean":4968835.89295353,"sqsum":45281869269.556694,"variance":1561443767.915748,"size":30}},"timers-timeout-pooled":{"n=10000000":{"mean":10654418.882347856,"sqsum":2661499670311.6978,"variance":91775850700.40337,"size":30}},"timers-timeout-unpooled":{"n=1000000":{"mean":9046334.11447392,"sqsum":2579275439975.433,"variance":88940532412.94597,"size":30}}}