{"create-context":{"n=100":{"mean":1910.3459092513303,"sqsum":8329.208103344856,"variance":287.214072529133,"size":30}},"run-in-context":{"breakOnSigint=0 n=1 withSigintListener=0":{"mean":3344.1665882546786,"sqsum":199487.98323255416,"variance":6878.8959735363505,"size":30},"breakOnSigint=0 n=1 withSigintListener=1":{"mean":3347.457155789731,"sqsum":548217.2776100653,"variance":18904.04405551949,"size":30},"breakOnSigint=1 n=1 withSigintListener=0":{"mean":2154.2684700611976,"sqsum":1167986.8040025083,"variance":40275.40703456925,"size":30},"breakOnSigint=1 n=1 withSigintListener=1":{"mean":1528.2503305493824,"sqsum":347800.18037032994,"variance":11993.10966794241,"size":30}},"run-in-this-context":{"breakOnSigint=0 n=1 withSigintListener=0":{"mean":3411.7879936558966,"sqsum":225888.31613144738,"variance":7789.252280394737,"size":30},"breakOnSigint=0 n=1 withSigintListener=1":{"mean":3437.734393670069,"sqsum":143576.1148525828,"variance":4950.900512158028,"size":30},"breakOnSigint=1 n=1 withSigintListener=0":{"mean":2140.40907807865,"sqsum":1839936.1604899673,"variance":63446.074499654045,"size":30},"breakOnSigint=1 n=1 withSigintListener=1":{"mean":1532.1418382637344,"sqsum":496036.3635166586,"variance":17104.702190229607,"size":30}}}