{"atomics-wait":{"n=10000000":{"mean":10563987.366480172,"sqsum":3265884659246.7256,"variance":112616712387.81812,"size":30}},"bench-eventlooputil":{"method=\"ELU_simple\" n=1000000":{"mean":6476127.660564782,"sqsum":232161365134.54596,"variance":8005564314.984344,"size":30},"method=\"ELU_passed\" n=1000000":{"mean":5973927.537784924,"sqsum":205637743180.63632,"variance":7090956661.401252,"size":30}},"echo":{"n=100000 payload=\"string\" sendsPerBroadcast=1 workers=1":{"mean":84419.9971214359,"sqsum":343666295.7759564,"variance":11850561.923308842,"size":30},"n=100000 payload=\"string\" sendsPerBroadcast=10 workers=1":{"mean":47357.53021144506,"sqsum":10840901.79711396,"variance":373824.1999004814,"size":30},"n=100000 payload=\"object\" sendsPerBroadcast=1 workers=1":{"mean":64200.035789141366,"sqsum":51384917.5510093,"variance":1771893.7086554929,"size":30},"n=100000 payload=\"object\" sendsPerBroadcast=10 workers=1":{"mean":29429.173641867557,"sqsum":12860283.356112963,"variance":443458.04676251597,"size":30}},"messageport":{"n=1000000 payload=\"string\" style=\"eventtarget\"":{"mean":645286.0685333221,"sqsum":5201847404.912913,"variance":179374048.4452729,"size":30},"n=1000000 payload=\"string\" style=\"eventemitter\"":{"mean":1100272.2291368665,"sqsum":12734804808.953726,"variance":439131200.30874914,"size":30},"n=1000000 payload=\"object\" style=\"eventtarget\"":{"mean":364578.2572773138,"sqsum":1922938708.790689,"variance":66308231.33760997,"size":30},"n=1000000 payload=\"object\" style=\"eventemitter\"":{"mean":512913.7749984283,"sqsum":2292863187.0592647,"variance":79064247.82962982,"size":30}}}