{"echo":{"n=100000 payload=\"string\" sendsPerBroadcast=1 serialization=\"json\" workers=1":{"mean":17217.967583627764,"sqsum":22975909.97596454,"variance":792272.7577918806,"size":30},"n=100000 payload=\"string\" sendsPerBroadcast=1 serialization=\"advanced\" workers=1":{"mean":12238.415877229281,"sqsum":6862185.200025674,"variance":236627.07586295428,"size":30},"n=100000 payload=\"string\" sendsPerBroadcast=10 serialization=\"json\" workers=1":{"mean":7696.604406434594,"sqsum":368033.3969736195,"variance":12690.806792193776,"size":30},"n=100000 payload=\"string\" sendsPerBroadcast=10 serialization=\"advanced\" workers=1":{"mean":3688.4653137061787,"sqsum":142077.51377408745,"variance":4899.224612899568,"size":30},"n=100000 payload=\"object\" sendsPerBroadcast=1 serialization=\"json\" workers=1":{"mean":14436.842680268936,"sqsum":20338190.871604763,"variance":701316.9266070608,"size":30},"n=100000 payload=\"object\" sendsPerBroadcast=1 serialization=\"advanced\" workers=1":{"mean":6139.16278324255,"sqsum":2654078.9406127967,"variance":91519.96346940678,"size":30},"n=100000 payload=\"object\" sendsPerBroadcast=10 serialization=\"json\" workers=1":{"mean":5259.320378731318,"sqsum":103456.42196564775,"variance":3567.4628264016465,"size":30},"n=100000 payload=\"object\" sendsPerBroadcast=10 serialization=\"advanced\" workers=1":{"mean":791.1921065320608,"sqsum":11556.281234940967,"variance":398.4924563772747,"size":30}}}