{"lookup-promises":{"all=\"true\" n=5000000 name=\"127.0.0.1\"":{"mean":11495074561.415295,"sqsum":28872016020950110000,"variance":995586759343107200,"size":30},"all=\"false\" n=5000000 name=\"127.0.0.1\"":{"mean":12436682806.424482,"sqsum":26282703303226000000,"variance":906300113904344700,"size":30},"all=\"true\" n=5000000 name=\"::1\"":{"mean":3640360942.042406,"sqsum":507904152575817700,"variance":17513936295717854,"size":30},"all=\"false\" n=5000000 name=\"::1\"":{"mean":3726659388.868544,"sqsum":507351215637504400,"variance":17494869504741530,"size":30}},"lookup":{"all=\"true\" n=5000000 name=\"127.0.0.1\"":{"mean":4498465.338840464,"sqsum":466650390854.2901,"variance":16091392788.07897,"size":30},"all=\"false\" n=5000000 name=\"127.0.0.1\"":{"mean":5244775.28394109,"sqsum":333575293655.7645,"variance":11502596332.957397,"size":30},"all=\"true\" n=5000000 name=\"::1\"":{"mean":2774519.1984691573,"sqsum":305362258129.62836,"variance":10529733038.952702,"size":30},"all=\"false\" n=5000000 name=\"::1\"":{"mean":3095462.422235629,"sqsum":634796645151.6809,"variance":21889539487.989,"size":30}}}